mode: set
github.com/JailtonJunior94/ai-spec-harness/internal/adapters/adapters.go:19.75,21.2 1 1
github.com/JailtonJunior94/ai-spec-harness/internal/adapters/adapters.go:86.66,91.41 4 1
github.com/JailtonJunior94/ai-spec-harness/internal/adapters/adapters.go:91.41,93.10 2 1
github.com/JailtonJunior94/ai-spec-harness/internal/adapters/adapters.go:93.10,94.12 1 0
github.com/JailtonJunior94/ai-spec-harness/internal/adapters/adapters.go:97.3,98.30 2 1
github.com/JailtonJunior94/ai-spec-harness/internal/adapters/adapters.go:98.30,99.12 1 1
github.com/JailtonJunior94/ai-spec-harness/internal/adapters/adapters.go:102.3,103.17 2 1
github.com/JailtonJunior94/ai-spec-harness/internal/adapters/adapters.go:103.17,104.12 1 0
github.com/JailtonJunior94/ai-spec-harness/internal/adapters/adapters.go:107.3,108.27 2 1
github.com/JailtonJunior94/ai-spec-harness/internal/adapters/adapters.go:108.27,109.12 1 0
github.com/JailtonJunior94/ai-spec-harness/internal/adapters/adapters.go:112.3,124.30 3 1
github.com/JailtonJunior94/ai-spec-harness/internal/adapters/adapters.go:124.30,126.4 1 1
github.com/JailtonJunior94/ai-spec-harness/internal/adapters/adapters.go:128.3,129.10 2 1
github.com/JailtonJunior94/ai-spec-harness/internal/adapters/adapters.go:131.2,131.58 1 1
github.com/JailtonJunior94/ai-spec-harness/internal/adapters/adapters.go:134.66,139.41 4 1
github.com/JailtonJunior94/ai-spec-harness/internal/adapters/adapters.go:139.41,141.10 2 1
github.com/JailtonJunior94/ai-spec-harness/internal/adapters/adapters.go:141.10,142.12 1 0
github.com/JailtonJunior94/ai-spec-harness/internal/adapters/adapters.go:145.3,146.30 2 1
github.com/JailtonJunior94/ai-spec-harness/internal/adapters/adapters.go:146.30,147.12 1 1
github.com/JailtonJunior94/ai-spec-harness/internal/adapters/adapters.go:150.3,151.17 2 1
github.com/JailtonJunior94/ai-spec-harness/internal/adapters/adapters.go:151.17,152.12 1 0
github.com/JailtonJunior94/ai-spec-harness/internal/adapters/adapters.go:155.3,156.27 2 1
github.com/JailtonJunior94/ai-spec-harness/internal/adapters/adapters.go:156.27,157.12 1 0
github.com/JailtonJunior94/ai-spec-harness/internal/adapters/adapters.go:160.3,170.30 3 1
github.com/JailtonJunior94/ai-spec-harness/internal/adapters/adapters.go:170.30,172.4 1 1
github.com/JailtonJunior94/ai-spec-harness/internal/adapters/adapters.go:174.3,175.10 2 1
github.com/JailtonJunior94/ai-spec-harness/internal/adapters/adapters.go:177.2,177.58 1 1
github.com/JailtonJunior94/ai-spec-harness/internal/adapters/adapters.go:182.72,187.41 4 1
github.com/JailtonJunior94/ai-spec-harness/internal/adapters/adapters.go:187.41,189.10 2 1
github.com/JailtonJunior94/ai-spec-harness/internal/adapters/adapters.go:189.10,190.12 1 0
github.com/JailtonJunior94/ai-spec-harness/internal/adapters/adapters.go:193.3,194.30 2 1
github.com/JailtonJunior94/ai-spec-harness/internal/adapters/adapters.go:194.30,195.12 1 1
github.com/JailtonJunior94/ai-spec-harness/internal/adapters/adapters.go:198.3,199.17 2 1
github.com/JailtonJunior94/ai-spec-harness/internal/adapters/adapters.go:199.17,200.12 1 0
github.com/JailtonJunior94/ai-spec-harness/internal/adapters/adapters.go:203.3,204.27 2 1
github.com/JailtonJunior94/ai-spec-harness/internal/adapters/adapters.go:204.27,205.12 1 0
github.com/JailtonJunior94/ai-spec-harness/internal/adapters/adapters.go:208.3,218.30 3 1
github.com/JailtonJunior94/ai-spec-harness/internal/adapters/adapters.go:218.30,220.4 1 1
github.com/JailtonJunior94/ai-spec-harness/internal/adapters/adapters.go:222.3,223.10 2 1
github.com/JailtonJunior94/ai-spec-harness/internal/adapters/adapters.go:225.2,225.65 1 1
github.com/JailtonJunior94/ai-spec-harness/internal/adapters/adapters.go:230.71,235.41 4 1
github.com/JailtonJunior94/ai-spec-harness/internal/adapters/adapters.go:235.41,237.10 2 1
github.com/JailtonJunior94/ai-spec-harness/internal/adapters/adapters.go:237.10,238.12 1 0
github.com/JailtonJunior94/ai-spec-harness/internal/adapters/adapters.go:241.3,242.30 2 1
github.com/JailtonJunior94/ai-spec-harness/internal/adapters/adapters.go:242.30,243.12 1 1
github.com/JailtonJunior94/ai-spec-harness/internal/adapters/adapters.go:246.3,247.17 2 1
github.com/JailtonJunior94/ai-spec-harness/internal/adapters/adapters.go:247.17,248.12 1 0
github.com/JailtonJunior94/ai-spec-harness/internal/adapters/adapters.go:251.3,252.27 2 1
github.com/JailtonJunior94/ai-spec-harness/internal/adapters/adapters.go:252.27,253.12 1 0
github.com/JailtonJunior94/ai-spec-harness/internal/adapters/adapters.go:256.3,260.30 3 1
github.com/JailtonJunior94/ai-spec-harness/internal/adapters/adapters.go:260.30,262.4 1 1
github.com/JailtonJunior94/ai-spec-harness/internal/adapters/adapters.go:264.3,277.10 3 1
github.com/JailtonJunior94/ai-spec-harness/internal/adapters/adapters.go:279.2,279.64 1 1
github.com/JailtonJunior94/ai-spec-harness/internal/adapters/adapters.go:288.66,295.16 6 1
github.com/JailtonJunior94/ai-spec-harness/internal/adapters/adapters.go:295.16,297.3 1 0
github.com/JailtonJunior94/ai-spec-harness/internal/adapters/adapters.go:299.2,299.32 1 1
github.com/JailtonJunior94/ai-spec-harness/internal/adapters/adapters.go:299.32,300.21 1 1
github.com/JailtonJunior94/ai-spec-harness/internal/adapters/adapters.go:300.21,301.12 1 0
github.com/JailtonJunior94/ai-spec-harness/internal/adapters/adapters.go:303.3,304.38 2 1
github.com/JailtonJunior94/ai-spec-harness/internal/adapters/adapters.go:304.38,305.12 1 1
github.com/JailtonJunior94/ai-spec-harness/internal/adapters/adapters.go:308.3,309.30 2 1
github.com/JailtonJunior94/ai-spec-harness/internal/adapters/adapters.go:309.30,310.12 1 0
github.com/JailtonJunior94/ai-spec-harness/internal/adapters/adapters.go:313.3,314.17 2 1
github.com/JailtonJunior94/ai-spec-harness/internal/adapters/adapters.go:314.17,315.12 1 0
github.com/JailtonJunior94/ai-spec-harness/internal/adapters/adapters.go:318.3,319.27 2 1
github.com/JailtonJunior94/ai-spec-harness/internal/adapters/adapters.go:319.27,320.12 1 0
github.com/JailtonJunior94/ai-spec-harness/internal/adapters/adapters.go:323.3,327.30 5 1
github.com/JailtonJunior94/ai-spec-harness/internal/adapters/adapters.go:327.30,329.4 1 1
github.com/JailtonJunior94/ai-spec-harness/internal/adapters/adapters.go:330.3,331.10 2 1
github.com/JailtonJunior94/ai-spec-harness/internal/adapters/adapters.go:333.2,333.55 1 1
github.com/JailtonJunior94/ai-spec-harness/internal/adapters/adapters.go:336.66,338.2 1 1
github.com/JailtonJunior94/ai-spec-harness/internal/adapters/adapters.go:340.75,344.63 3 1
github.com/JailtonJunior94/ai-spec-harness/internal/adapters/adapters.go:344.63,346.3 1 1
github.com/JailtonJunior94/ai-spec-harness/internal/adapters/adapters.go:348.2,351.34 3 1
github.com/JailtonJunior94/ai-spec-harness/internal/adapters/adapters.go:351.34,353.3 1 1
github.com/JailtonJunior94/ai-spec-harness/internal/adapters/adapters.go:355.2,356.20 2 1
github.com/JailtonJunior94/ai-spec-harness/internal/adapters/adapters.go:359.78,362.16 3 1
github.com/JailtonJunior94/ai-spec-harness/internal/adapters/adapters.go:362.16,364.3 1 0
github.com/JailtonJunior94/ai-spec-harness/internal/adapters/adapters.go:365.2,366.28 2 1
github.com/JailtonJunior94/ai-spec-harness/internal/adapters/adapters.go:366.28,367.55 1 1
github.com/JailtonJunior94/ai-spec-harness/internal/adapters/adapters.go:367.55,369.4 1 1
github.com/JailtonJunior94/ai-spec-harness/internal/adapters/adapters.go:371.2,371.14 1 1
github.com/JailtonJunior94/ai-spec-harness/internal/adapters/adapters.go:375.65,377.34 2 1
github.com/JailtonJunior94/ai-spec-harness/internal/adapters/adapters.go:377.34,379.3 1 1
github.com/JailtonJunior94/ai-spec-harness/internal/adapters/adapters.go:380.2,380.19 1 1
github.com/JailtonJunior94/ai-spec-harness/internal/adapters/adapters.go:383.67,384.61 1 1
github.com/JailtonJunior94/ai-spec-harness/internal/adapters/adapters.go:384.61,386.3 1 0
github.com/JailtonJunior94/ai-spec-harness/internal/adapters/adapters.go:387.2,387.21 1 1
github.com/JailtonJunior94/ai-spec-harness/internal/adapters/adapters.go:387.21,389.3 1 0
github.com/JailtonJunior94/ai-spec-harness/internal/adapters/adapters.go:390.2,390.10 1 1
github.com/JailtonJunior94/ai-spec-harness/internal/adapters/r1_receiver.go:6.26,6.46 1 1
github.com/JailtonJunior94/ai-spec-harness/internal/changelog/changelog.go:15.32,17.2 1 1
github.com/JailtonJunior94/ai-spec-harness/internal/changelog/changelog.go:45.86,47.28 2 1
github.com/JailtonJunior94/ai-spec-harness/internal/changelog/changelog.go:47.28,48.19 1 1
github.com/JailtonJunior94/ai-spec-harness/internal/changelog/changelog.go:48.19,49.12 1 1
github.com/JailtonJunior94/ai-spec-harness/internal/changelog/changelog.go:52.3,55.15 4 1
github.com/JailtonJunior94/ai-spec-harness/internal/changelog/changelog.go:55.15,57.55 2 1
github.com/JailtonJunior94/ai-spec-harness/internal/changelog/changelog.go:57.55,59.20 2 1
github.com/JailtonJunior94/ai-spec-harness/internal/changelog/changelog.go:59.20,61.6 1 1
github.com/JailtonJunior94/ai-spec-harness/internal/changelog/changelog.go:64.3,71.49 2 1
github.com/JailtonJunior94/ai-spec-harness/internal/changelog/changelog.go:73.2,73.15 1 1
github.com/JailtonJunior94/ai-spec-harness/internal/changelog/changelog.go:76.51,77.20 1 1
github.com/JailtonJunior94/ai-spec-harness/internal/changelog/changelog.go:77.20,79.3 1 1
github.com/JailtonJunior94/ai-spec-harness/internal/changelog/changelog.go:80.2,80.13 1 0
github.com/JailtonJunior94/ai-spec-harness/internal/changelog/changelog.go:84.100,91.33 4 1
github.com/JailtonJunior94/ai-spec-harness/internal/changelog/changelog.go:91.33,92.29 1 1
github.com/JailtonJunior94/ai-spec-harness/internal/changelog/changelog.go:92.29,93.18 1 1
github.com/JailtonJunior94/ai-spec-harness/internal/changelog/changelog.go:93.18,95.5 1 1
github.com/JailtonJunior94/ai-spec-harness/internal/changelog/changelog.go:100.2,100.31 1 1
github.com/JailtonJunior94/ai-spec-harness/internal/changelog/changelog.go:100.31,102.31 2 1
github.com/JailtonJunior94/ai-spec-harness/internal/changelog/changelog.go:102.31,103.12 1 1
github.com/JailtonJunior94/ai-spec-harness/internal/changelog/changelog.go:105.3,106.10 2 1
github.com/JailtonJunior94/ai-spec-harness/internal/changelog/changelog.go:106.10,108.4 1 0
github.com/JailtonJunior94/ai-spec-harness/internal/changelog/changelog.go:109.3,110.29 2 1
github.com/JailtonJunior94/ai-spec-harness/internal/changelog/changelog.go:110.29,111.18 1 1
github.com/JailtonJunior94/ai-spec-harness/internal/changelog/changelog.go:111.18,112.13 1 1
github.com/JailtonJunior94/ai-spec-harness/internal/changelog/changelog.go:114.4,114.35 1 1
github.com/JailtonJunior94/ai-spec-harness/internal/changelog/changelog.go:118.2,118.23 1 1
github.com/JailtonJunior94/ai-spec-harness/internal/changelog/changelog.go:118.23,120.30 2 1
github.com/JailtonJunior94/ai-spec-harness/internal/changelog/changelog.go:120.30,122.4 1 1
github.com/JailtonJunior94/ai-spec-harness/internal/changelog/changelog.go:125.2,126.20 2 1
github.com/JailtonJunior94/ai-spec-harness/internal/changelog/changelog.go:129.57,130.19 1 1
github.com/JailtonJunior94/ai-spec-harness/internal/changelog/changelog.go:130.19,132.3 1 1
github.com/JailtonJunior94/ai-spec-harness/internal/changelog/changelog.go:133.2,133.58 1 1
github.com/JailtonJunior94/ai-spec-harness/internal/changelog/changelog.go:140.72,143.16 3 1
github.com/JailtonJunior94/ai-spec-harness/internal/changelog/changelog.go:143.16,145.3 1 1
github.com/JailtonJunior94/ai-spec-harness/internal/changelog/changelog.go:147.2,148.20 2 1
github.com/JailtonJunior94/ai-spec-harness/internal/changelog/changelog.go:148.20,150.3 1 1
github.com/JailtonJunior94/ai-spec-harness/internal/changelog/changelog.go:150.8,150.58 1 1
github.com/JailtonJunior94/ai-spec-harness/internal/changelog/changelog.go:150.58,153.3 2 1
github.com/JailtonJunior94/ai-spec-harness/internal/changelog/changelog.go:153.8,156.3 1 0
github.com/JailtonJunior94/ai-spec-harness/internal/changelog/changelog.go:158.2,158.53 1 1
github.com/JailtonJunior94/ai-spec-harness/internal/changelog/changelog.go:162.97,165.16 3 0
github.com/JailtonJunior94/ai-spec-harness/internal/changelog/changelog.go:165.16,167.3 1 0
github.com/JailtonJunior94/ai-spec-harness/internal/changelog/changelog.go:169.2,170.16 2 0
github.com/JailtonJunior94/ai-spec-harness/internal/changelog/changelog.go:170.16,172.3 1 0
github.com/JailtonJunior94/ai-spec-harness/internal/changelog/changelog.go:174.2,176.21 3 0
github.com/JailtonJunior94/ai-spec-harness/internal/bugschema/validator.go:16.32,18.2 1 1
github.com/JailtonJunior94/ai-spec-harness/internal/bugschema/validator.go:24.65,26.16 2 1
github.com/JailtonJunior94/ai-spec-harness/internal/bugschema/validator.go:26.16,28.3 1 1
github.com/JailtonJunior94/ai-spec-harness/internal/bugschema/validator.go:30.2,31.16 2 1
github.com/JailtonJunior94/ai-spec-harness/internal/bugschema/validator.go:31.16,33.3 1 1
github.com/JailtonJunior94/ai-spec-harness/internal/bugschema/validator.go:35.2,36.68 2 1
github.com/JailtonJunior94/ai-spec-harness/internal/bugschema/validator.go:36.68,38.3 1 0
github.com/JailtonJunior94/ai-spec-harness/internal/bugschema/validator.go:40.2,41.16 2 1
github.com/JailtonJunior94/ai-spec-harness/internal/bugschema/validator.go:41.16,43.3 1 1
github.com/JailtonJunior94/ai-spec-harness/internal/bugschema/validator.go:45.2,46.16 2 1
github.com/JailtonJunior94/ai-spec-harness/internal/bugschema/validator.go:46.16,48.3 1 1
github.com/JailtonJunior94/ai-spec-harness/internal/bugschema/validator.go:50.2,51.16 2 1
github.com/JailtonJunior94/ai-spec-harness/internal/bugschema/validator.go:51.16,53.3 1 0
github.com/JailtonJunior94/ai-spec-harness/internal/bugschema/validator.go:55.2,55.49 1 1
github.com/JailtonJunior94/ai-spec-harness/internal/bugschema/validator.go:55.49,57.3 1 1
github.com/JailtonJunior94/ai-spec-harness/internal/bugschema/validator.go:59.2,59.12 1 1
github.com/JailtonJunior94/ai-spec-harness/internal/bugschema/validator.go:62.61,64.45 2 1
github.com/JailtonJunior94/ai-spec-harness/internal/bugschema/validator.go:64.45,66.3 1 1
github.com/JailtonJunior94/ai-spec-harness/internal/bugschema/validator.go:67.2,68.56 2 0
github.com/JailtonJunior94/ai-spec-harness/internal/bugschema/validator.go:68.56,70.17 2 0
github.com/JailtonJunior94/ai-spec-harness/internal/bugschema/validator.go:70.17,72.4 1 0
github.com/JailtonJunior94/ai-spec-harness/internal/bugschema/validator.go:74.2,74.33 1 0
github.com/JailtonJunior94/ai-spec-harness/internal/bugschema/validator.go:77.92,78.53 1 1
github.com/JailtonJunior94/ai-spec-harness/internal/bugschema/validator.go:78.53,81.3 2 1
github.com/JailtonJunior94/ai-spec-harness/internal/bugschema/validator.go:82.2,82.14 1 0
github.com/JailtonJunior94/ai-spec-harness/internal/agents/agent.go:14.32,15.11 1 1
github.com/JailtonJunior94/ai-spec-harness/internal/agents/agent.go:16.22,17.21 1 1
github.com/JailtonJunior94/ai-spec-harness/internal/agents/agent.go:18.10,19.18 1 1
github.com/JailtonJunior94/ai-spec-harness/internal/agents/discovery.go:24.105,26.29 2 1
github.com/JailtonJunior94/ai-spec-harness/internal/agents/discovery.go:26.29,28.3 1 1
github.com/JailtonJunior94/ai-spec-harness/internal/agents/discovery.go:30.2,31.16 2 1
github.com/JailtonJunior94/ai-spec-harness/internal/agents/discovery.go:31.16,33.3 1 0
github.com/JailtonJunior94/ai-spec-harness/internal/agents/discovery.go:35.2,38.32 3 1
github.com/JailtonJunior94/ai-spec-harness/internal/agents/discovery.go:38.32,39.21 1 1
github.com/JailtonJunior94/ai-spec-harness/internal/agents/discovery.go:39.21,40.12 1 0
github.com/JailtonJunior94/ai-spec-harness/internal/agents/discovery.go:43.3,46.30 3 1
github.com/JailtonJunior94/ai-spec-harness/internal/agents/discovery.go:46.30,47.12 1 0
github.com/JailtonJunior94/ai-spec-harness/internal/agents/discovery.go:50.3,51.17 2 1
github.com/JailtonJunior94/ai-spec-harness/internal/agents/discovery.go:51.17,55.12 3 0
github.com/JailtonJunior94/ai-spec-harness/internal/agents/discovery.go:58.3,59.17 2 1
github.com/JailtonJunior94/ai-spec-harness/internal/agents/discovery.go:59.17,63.12 3 1
github.com/JailtonJunior94/ai-spec-harness/internal/agents/discovery.go:66.3,68.33 3 1
github.com/JailtonJunior94/ai-spec-harness/internal/agents/discovery.go:72.2,72.41 1 1
github.com/JailtonJunior94/ai-spec-harness/internal/agents/discovery.go:72.41,74.3 1 1
github.com/JailtonJunior94/ai-spec-harness/internal/agents/discovery.go:77.2,77.19 1 1
github.com/JailtonJunior94/ai-spec-harness/internal/agents/discovery.go:77.19,81.3 1 1
github.com/JailtonJunior94/ai-spec-harness/internal/agents/discovery.go:83.2,83.20 1 1
github.com/JailtonJunior94/ai-spec-harness/internal/agents/discovery.go:90.108,93.30 2 1
github.com/JailtonJunior94/ai-spec-harness/internal/agents/discovery.go:93.30,95.3 1 1
github.com/JailtonJunior94/ai-spec-harness/internal/agents/discovery.go:97.2,100.27 2 1
github.com/JailtonJunior94/ai-spec-harness/internal/agents/discovery.go:100.27,101.57 1 1
github.com/JailtonJunior94/ai-spec-harness/internal/agents/discovery.go:101.57,104.4 2 1
github.com/JailtonJunior94/ai-spec-harness/internal/agents/discovery.go:104.9,106.4 1 1
github.com/JailtonJunior94/ai-spec-harness/internal/agents/discovery.go:110.2,113.41 2 1
github.com/JailtonJunior94/ai-spec-harness/internal/agents/discovery.go:113.41,115.3 1 1
github.com/JailtonJunior94/ai-spec-harness/internal/agents/discovery.go:117.2,117.25 1 1
github.com/JailtonJunior94/ai-spec-harness/internal/agents/precedence.go:29.90,31.2 1 0
github.com/JailtonJunior94/ai-spec-harness/internal/agents/precedence.go:38.90,39.44 1 1
github.com/JailtonJunior94/ai-spec-harness/internal/agents/precedence.go:39.44,41.3 1 1
github.com/JailtonJunior94/ai-spec-harness/internal/agents/precedence.go:42.2,42.48 1 1
github.com/JailtonJunior94/ai-spec-harness/internal/agents/precedence.go:42.48,44.3 1 1
github.com/JailtonJunior94/ai-spec-harness/internal/agents/precedence.go:45.2,45.68 1 1
github.com/JailtonJunior94/ai-spec-harness/internal/agents/precedence.go:45.68,47.3 1 1
github.com/JailtonJunior94/ai-spec-harness/internal/agents/precedence.go:48.2,48.58 1 1
github.com/JailtonJunior94/ai-spec-harness/internal/agents/precedence.go:48.58,50.3 1 1
github.com/JailtonJunior94/ai-spec-harness/internal/agents/prompt.go:18.115,22.2 3 1
github.com/JailtonJunior94/ai-spec-harness/internal/agents/prompt.go:26.67,27.18 1 1
github.com/JailtonJunior94/ai-spec-harness/internal/agents/prompt.go:27.18,29.3 1 1
github.com/JailtonJunior94/ai-spec-harness/internal/agents/prompt.go:30.2,38.20 8 1
github.com/JailtonJunior94/ai-spec-harness/internal/agents/prompt.go:43.63,45.18 2 1
github.com/JailtonJunior94/ai-spec-harness/internal/agents/prompt.go:45.18,47.3 1 1
github.com/JailtonJunior94/ai-spec-harness/internal/agents/prompt.go:48.2,48.20 1 1
github.com/JailtonJunior94/ai-spec-harness/internal/agents/prompt.go:48.20,50.3 1 1
github.com/JailtonJunior94/ai-spec-harness/internal/agents/prompt.go:51.2,51.30 1 1
github.com/JailtonJunior94/ai-spec-harness/internal/agents/prompt.go:51.30,53.3 1 0
github.com/JailtonJunior94/ai-spec-harness/internal/agents/prompt.go:54.2,54.25 1 1
github.com/JailtonJunior94/ai-spec-harness/internal/agents/prompt.go:54.25,56.3 1 0
github.com/JailtonJunior94/ai-spec-harness/internal/agents/prompt.go:57.2,57.21 1 1
github.com/JailtonJunior94/ai-spec-harness/internal/agents/prompt.go:57.21,59.3 1 1
github.com/JailtonJunior94/ai-spec-harness/internal/agents/prompt.go:60.2,60.35 1 1
github.com/JailtonJunior94/ai-spec-harness/internal/agents/prompt.go:65.92,71.42 3 1
github.com/JailtonJunior94/ai-spec-harness/internal/agents/prompt.go:71.42,73.3 1 1
github.com/JailtonJunior94/ai-spec-harness/internal/agents/prompt.go:76.2,76.34 1 1
github.com/JailtonJunior94/ai-spec-harness/internal/agents/prompt.go:76.34,78.3 1 1
github.com/JailtonJunior94/ai-spec-harness/internal/agents/prompt.go:80.2,82.28 3 1
github.com/JailtonJunior94/ai-spec-harness/internal/agents/prompt.go:82.28,84.45 2 1
github.com/JailtonJunior94/ai-spec-harness/internal/agents/prompt.go:84.45,86.4 1 1
github.com/JailtonJunior94/ai-spec-harness/internal/agents/prompt.go:87.3,87.35 1 1
github.com/JailtonJunior94/ai-spec-harness/internal/agents/prompt.go:87.35,89.4 1 1
github.com/JailtonJunior94/ai-spec-harness/internal/agents/prompt.go:90.3,91.21 2 1
github.com/JailtonJunior94/ai-spec-harness/internal/agents/prompt.go:93.2,93.20 1 1
github.com/JailtonJunior94/ai-spec-harness/internal/agents/r1_catalog.go:6.28,8.2 1 1
github.com/JailtonJunior94/ai-spec-harness/internal/agents/registry.go:38.76,44.2 1 1
github.com/JailtonJunior94/ai-spec-harness/internal/agents/registry.go:48.34,49.19 1 1
github.com/JailtonJunior94/ai-spec-harness/internal/agents/registry.go:49.19,54.33 3 1
github.com/JailtonJunior94/ai-spec-harness/internal/agents/registry.go:54.33,56.19 2 0
github.com/JailtonJunior94/ai-spec-harness/internal/agents/registry.go:56.19,58.5 1 0
github.com/JailtonJunior94/ai-spec-harness/internal/agents/registry.go:59.4,59.19 1 0
github.com/JailtonJunior94/ai-spec-harness/internal/agents/registry.go:59.19,61.5 1 0
github.com/JailtonJunior94/ai-spec-harness/internal/agents/registry.go:62.4,62.81 1 0
github.com/JailtonJunior94/ai-spec-harness/internal/agents/registry.go:65.3,66.20 2 1
github.com/JailtonJunior94/ai-spec-harness/internal/agents/registry.go:72.80,74.24 2 1
github.com/JailtonJunior94/ai-spec-harness/internal/agents/registry.go:74.24,77.3 1 0
github.com/JailtonJunior94/ai-spec-harness/internal/agents/registry.go:78.2,78.22 1 1
github.com/JailtonJunior94/ai-spec-harness/internal/agents/registry.go:83.71,86.29 2 1
github.com/JailtonJunior94/ai-spec-harness/internal/agents/registry.go:86.29,87.21 1 1
github.com/JailtonJunior94/ai-spec-harness/internal/agents/registry.go:87.21,89.4 1 1
github.com/JailtonJunior94/ai-spec-harness/internal/agents/registry.go:93.2,94.29 2 1
github.com/JailtonJunior94/ai-spec-harness/internal/agents/registry.go:94.29,96.3 1 1
github.com/JailtonJunior94/ai-spec-harness/internal/agents/registry.go:98.2,98.26 1 1
github.com/JailtonJunior94/ai-spec-harness/internal/agents/registry.go:98.26,100.3 1 1
github.com/JailtonJunior94/ai-spec-harness/internal/agents/registry.go:102.2,102.135 1 1
github.com/JailtonJunior94/ai-spec-harness/internal/agents/schema.go:23.86,25.16 2 1
github.com/JailtonJunior94/ai-spec-harness/internal/agents/schema.go:25.16,27.3 1 0
github.com/JailtonJunior94/ai-spec-harness/internal/agents/schema.go:28.2,29.84 2 1
github.com/JailtonJunior94/ai-spec-harness/internal/agents/schema.go:29.84,31.3 1 0
github.com/JailtonJunior94/ai-spec-harness/internal/agents/schema.go:32.2,33.16 2 1
github.com/JailtonJunior94/ai-spec-harness/internal/agents/schema.go:33.16,35.3 1 0
github.com/JailtonJunior94/ai-spec-harness/internal/agents/schema.go:36.2,36.20 1 1
github.com/JailtonJunior94/ai-spec-harness/internal/agents/schema.go:57.99,70.39 3 1
github.com/JailtonJunior94/ai-spec-harness/internal/agents/schema.go:70.39,77.3 1 1
github.com/JailtonJunior94/ai-spec-harness/internal/agents/schema.go:79.2,80.16 2 1
github.com/JailtonJunior94/ai-spec-harness/internal/agents/schema.go:80.16,82.3 1 0
github.com/JailtonJunior94/ai-spec-harness/internal/agents/schema.go:84.2,85.16 2 1
github.com/JailtonJunior94/ai-spec-harness/internal/agents/schema.go:85.16,87.3 1 0
github.com/JailtonJunior94/ai-spec-harness/internal/agents/schema.go:89.2,90.16 2 1
github.com/JailtonJunior94/ai-spec-harness/internal/agents/schema.go:90.16,92.3 1 0
github.com/JailtonJunior94/ai-spec-harness/internal/agents/schema.go:94.2,94.49 1 1
github.com/JailtonJunior94/ai-spec-harness/internal/agents/schema.go:94.49,96.3 1 1
github.com/JailtonJunior94/ai-spec-harness/internal/agents/schema.go:99.2,99.60 1 1
github.com/JailtonJunior94/ai-spec-harness/internal/agents/schema.go:99.60,102.3 1 1
github.com/JailtonJunior94/ai-spec-harness/internal/agents/schema.go:104.2,113.24 2 1
github.com/JailtonJunior94/ai-spec-harness/internal/agents/schema.go:113.24,120.3 1 1
github.com/JailtonJunior94/ai-spec-harness/internal/agents/schema.go:122.2,122.19 1 1
github.com/JailtonJunior94/ai-spec-harness/internal/agents/schema.go:126.60,131.29 5 1
github.com/JailtonJunior94/ai-spec-harness/internal/agents/schema.go:131.29,132.39 1 1
github.com/JailtonJunior94/ai-spec-harness/internal/agents/schema.go:132.39,134.18 2 1
github.com/JailtonJunior94/ai-spec-harness/internal/agents/schema.go:134.18,136.10 2 1
github.com/JailtonJunior94/ai-spec-harness/internal/agents/schema.go:140.2,140.46 1 1
github.com/JailtonJunior94/ai-spec-harness/internal/agents/schema.go:140.46,142.3 1 0
github.com/JailtonJunior94/ai-spec-harness/internal/agents/schema.go:143.2,143.65 1 1
github.com/JailtonJunior94/ai-spec-harness/internal/agents/schema.go:146.60,147.53 1 1
github.com/JailtonJunior94/ai-spec-harness/internal/agents/schema.go:147.53,149.3 1 1
github.com/JailtonJunior94/ai-spec-harness/internal/agents/schema.go:150.2,151.56 2 0
github.com/JailtonJunior94/ai-spec-harness/internal/agents/schema.go:151.56,153.17 2 0
github.com/JailtonJunior94/ai-spec-harness/internal/agents/schema.go:153.17,155.4 1 0
github.com/JailtonJunior94/ai-spec-harness/internal/agents/schema.go:157.2,157.33 1 0
github.com/JailtonJunior94/ai-spec-harness/internal/config/config.go:17.42,17.58 1 1
github.com/JailtonJunior94/ai-spec-harness/internal/config/resolver.go:47.44,52.33 2 1
github.com/JailtonJunior94/ai-spec-harness/internal/config/resolver.go:52.33,55.4 2 1
github.com/JailtonJunior94/ai-spec-harness/internal/config/resolver.go:61.83,65.21 2 1
github.com/JailtonJunior94/ai-spec-harness/internal/config/resolver.go:65.21,68.17 3 1
github.com/JailtonJunior94/ai-spec-harness/internal/config/resolver.go:68.17,70.4 1 1
github.com/JailtonJunior94/ai-spec-harness/internal/config/resolver.go:71.3,71.23 1 1
github.com/JailtonJunior94/ai-spec-harness/internal/config/resolver.go:71.23,73.4 1 1
github.com/JailtonJunior94/ai-spec-harness/internal/config/resolver.go:77.2,77.15 1 1
github.com/JailtonJunior94/ai-spec-harness/internal/config/resolver.go:77.15,79.17 2 1
github.com/JailtonJunior94/ai-spec-harness/internal/config/resolver.go:79.17,81.4 1 0
github.com/JailtonJunior94/ai-spec-harness/internal/config/resolver.go:82.3,82.21 1 1
github.com/JailtonJunior94/ai-spec-harness/internal/config/resolver.go:82.21,84.18 2 1
github.com/JailtonJunior94/ai-spec-harness/internal/config/resolver.go:84.18,86.5 1 1
github.com/JailtonJunior94/ai-spec-harness/internal/config/resolver.go:87.4,87.22 1 1
github.com/JailtonJunior94/ai-spec-harness/internal/config/resolver.go:87.22,89.5 1 1
github.com/JailtonJunior94/ai-spec-harness/internal/config/resolver.go:94.2,96.20 2 1
github.com/JailtonJunior94/ai-spec-harness/internal/config/resolver.go:102.67,104.16 2 1
github.com/JailtonJunior94/ai-spec-harness/internal/config/resolver.go:104.16,105.25 1 1
github.com/JailtonJunior94/ai-spec-harness/internal/config/resolver.go:105.25,107.4 1 1
github.com/JailtonJunior94/ai-spec-harness/internal/config/resolver.go:108.3,109.49 2 0
github.com/JailtonJunior94/ai-spec-harness/internal/config/resolver.go:111.2,112.51 2 1
github.com/JailtonJunior94/ai-spec-harness/internal/config/resolver.go:112.51,114.3 1 1
github.com/JailtonJunior94/ai-spec-harness/internal/config/resolver.go:115.2,115.18 1 1
github.com/JailtonJunior94/ai-spec-harness/internal/config/resolver.go:122.73,124.16 2 1
github.com/JailtonJunior94/ai-spec-harness/internal/config/resolver.go:124.16,126.3 1 0
github.com/JailtonJunior94/ai-spec-harness/internal/config/resolver.go:128.2,129.6 2 1
github.com/JailtonJunior94/ai-spec-harness/internal/config/resolver.go:129.6,131.47 1 1
github.com/JailtonJunior94/ai-spec-harness/internal/config/resolver.go:131.47,134.18 3 1
github.com/JailtonJunior94/ai-spec-harness/internal/config/resolver.go:134.18,137.5 2 1
github.com/JailtonJunior94/ai-spec-harness/internal/config/resolver.go:138.4,138.27 1 1
github.com/JailtonJunior94/ai-spec-harness/internal/config/resolver.go:138.27,140.5 1 0
github.com/JailtonJunior94/ai-spec-harness/internal/config/resolver.go:145.3,145.42 1 1
github.com/JailtonJunior94/ai-spec-harness/internal/config/resolver.go:145.42,147.27 2 1
github.com/JailtonJunior94/ai-spec-harness/internal/config/resolver.go:147.27,149.5 1 1
github.com/JailtonJunior94/ai-spec-harness/internal/config/resolver.go:153.3,154.24 2 1
github.com/JailtonJunior94/ai-spec-harness/internal/config/resolver.go:154.24,156.9 1 1
github.com/JailtonJunior94/ai-spec-harness/internal/config/resolver.go:158.3,158.19 1 1
github.com/JailtonJunior94/ai-spec-harness/internal/config/resolver.go:161.2,161.16 1 1
github.com/JailtonJunior94/ai-spec-harness/internal/config/resolver.go:166.64,167.25 1 1
github.com/JailtonJunior94/ai-spec-harness/internal/config/resolver.go:167.25,169.3 1 1
github.com/JailtonJunior94/ai-spec-harness/internal/config/resolver.go:170.2,170.25 1 1
github.com/JailtonJunior94/ai-spec-harness/internal/config/resolver.go:170.25,172.3 1 1
github.com/JailtonJunior94/ai-spec-harness/internal/config/resolver.go:173.2,173.27 1 1
github.com/JailtonJunior94/ai-spec-harness/internal/config/resolver.go:173.27,175.3 1 1
github.com/JailtonJunior94/ai-spec-harness/internal/config/resolver.go:176.2,176.32 1 1
github.com/JailtonJunior94/ai-spec-harness/internal/config/resolver.go:176.32,178.3 1 1
github.com/JailtonJunior94/ai-spec-harness/internal/config/resolver.go:179.2,179.31 1 1
github.com/JailtonJunior94/ai-spec-harness/internal/config/resolver.go:179.31,181.3 1 0
github.com/JailtonJunior94/ai-spec-harness/internal/config/resolver.go:182.2,182.23 1 1
github.com/JailtonJunior94/ai-spec-harness/internal/config/resolver.go:182.23,184.3 1 1
github.com/JailtonJunior94/ai-spec-harness/internal/config/resolver.go:185.2,185.25 1 1
github.com/JailtonJunior94/ai-spec-harness/internal/config/resolver.go:185.25,187.3 1 1
github.com/JailtonJunior94/ai-spec-harness/internal/config/resolver.go:188.2,188.37 1 1
github.com/JailtonJunior94/ai-spec-harness/internal/config/resolver.go:188.37,190.3 1 1
github.com/JailtonJunior94/ai-spec-harness/internal/config/resolver.go:191.2,191.25 1 1
github.com/JailtonJunior94/ai-spec-harness/internal/config/resolver.go:191.25,193.3 1 1
github.com/JailtonJunior94/ai-spec-harness/internal/config/resolver.go:194.2,194.24 1 1
github.com/JailtonJunior94/ai-spec-harness/internal/config/resolver.go:194.24,196.3 1 1
github.com/JailtonJunior94/ai-spec-harness/internal/config/resolver.go:197.2,197.27 1 1
github.com/JailtonJunior94/ai-spec-harness/internal/config/resolver.go:197.27,199.3 1 1
github.com/JailtonJunior94/ai-spec-harness/internal/config/runtime.go:37.44,39.2 1 1
github.com/JailtonJunior94/ai-spec-harness/internal/config/runtime.go:42.52,50.2 1 1
github.com/JailtonJunior94/ai-spec-harness/internal/config/runtime.go:56.73,60.2 3 1
github.com/JailtonJunior94/ai-spec-harness/internal/config/runtime.go:65.46,73.2 1 1
github.com/JailtonJunior94/ai-spec-harness/internal/evidence/evidence.go:31.87,35.14 3 1
github.com/JailtonJunior94/ai-spec-harness/internal/evidence/evidence.go:36.16,37.47 1 1
github.com/JailtonJunior94/ai-spec-harness/internal/evidence/evidence.go:38.18,39.56 1 1
github.com/JailtonJunior94/ai-spec-harness/internal/evidence/evidence.go:40.20,41.51 1 1
github.com/JailtonJunior94/ai-spec-harness/internal/evidence/evidence.go:44.2,48.3 1 1
github.com/JailtonJunior94/ai-spec-harness/internal/evidence/evidence.go:51.60,53.29 2 1
github.com/JailtonJunior94/ai-spec-harness/internal/evidence/evidence.go:53.29,56.42 3 1
github.com/JailtonJunior94/ai-spec-harness/internal/evidence/evidence.go:56.42,58.4 1 1
github.com/JailtonJunior94/ai-spec-harness/internal/evidence/evidence.go:60.3,60.75 1 1
github.com/JailtonJunior94/ai-spec-harness/internal/evidence/evidence.go:60.75,62.4 1 1
github.com/JailtonJunior94/ai-spec-harness/internal/evidence/evidence.go:64.2,64.14 1 1
github.com/JailtonJunior94/ai-spec-harness/internal/evidence/evidence.go:67.62,70.2 2 1
github.com/JailtonJunior94/ai-spec-harness/internal/evidence/evidence.go:72.58,87.37 3 1
github.com/JailtonJunior94/ai-spec-harness/internal/evidence/evidence.go:87.37,88.50 1 1
github.com/JailtonJunior94/ai-spec-harness/internal/evidence/evidence.go:88.50,90.4 1 1
github.com/JailtonJunior94/ai-spec-harness/internal/evidence/evidence.go:93.2,105.37 2 1
github.com/JailtonJunior94/ai-spec-harness/internal/evidence/evidence.go:105.37,106.52 1 1
github.com/JailtonJunior94/ai-spec-harness/internal/evidence/evidence.go:106.52,108.4 1 1
github.com/JailtonJunior94/ai-spec-harness/internal/evidence/evidence.go:112.2,112.46 1 1
github.com/JailtonJunior94/ai-spec-harness/internal/evidence/evidence.go:112.46,113.59 1 1
github.com/JailtonJunior94/ai-spec-harness/internal/evidence/evidence.go:113.59,115.4 1 1
github.com/JailtonJunior94/ai-spec-harness/internal/evidence/evidence.go:118.2,118.17 1 1
github.com/JailtonJunior94/ai-spec-harness/internal/evidence/evidence.go:121.76,133.37 3 1
github.com/JailtonJunior94/ai-spec-harness/internal/evidence/evidence.go:133.37,134.50 1 1
github.com/JailtonJunior94/ai-spec-harness/internal/evidence/evidence.go:134.50,136.4 1 1
github.com/JailtonJunior94/ai-spec-harness/internal/evidence/evidence.go:139.2,151.37 2 1
github.com/JailtonJunior94/ai-spec-harness/internal/evidence/evidence.go:151.37,152.52 1 1
github.com/JailtonJunior94/ai-spec-harness/internal/evidence/evidence.go:152.52,154.4 1 1
github.com/JailtonJunior94/ai-spec-harness/internal/evidence/evidence.go:158.2,158.27 1 1
github.com/JailtonJunior94/ai-spec-harness/internal/evidence/evidence.go:158.27,159.34 1 1
github.com/JailtonJunior94/ai-spec-harness/internal/evidence/evidence.go:159.34,161.4 1 1
github.com/JailtonJunior94/ai-spec-harness/internal/evidence/evidence.go:164.2,164.17 1 1
github.com/JailtonJunior94/ai-spec-harness/internal/evidence/evidence.go:167.62,182.37 3 1
github.com/JailtonJunior94/ai-spec-harness/internal/evidence/evidence.go:182.37,183.50 1 1
github.com/JailtonJunior94/ai-spec-harness/internal/evidence/evidence.go:183.50,185.4 1 1
github.com/JailtonJunior94/ai-spec-harness/internal/evidence/evidence.go:188.2,198.37 2 1
github.com/JailtonJunior94/ai-spec-harness/internal/evidence/evidence.go:198.37,199.52 1 1
github.com/JailtonJunior94/ai-spec-harness/internal/evidence/evidence.go:199.52,201.4 1 1
github.com/JailtonJunior94/ai-spec-harness/internal/evidence/evidence.go:205.2,205.60 1 1
github.com/JailtonJunior94/ai-spec-harness/internal/evidence/evidence.go:205.60,206.121 1 1
github.com/JailtonJunior94/ai-spec-harness/internal/evidence/evidence.go:206.121,208.4 1 1
github.com/JailtonJunior94/ai-spec-harness/internal/evidence/evidence.go:211.2,211.17 1 1
github.com/JailtonJunior94/ai-spec-harness/internal/evidence/r1_receiver.go:6.32,6.55 1 1
github.com/JailtonJunior94/ai-spec-harness/internal/fs/fake.go:20.42,27.2 1 1
github.com/JailtonJunior94/ai-spec-harness/internal/fs/fake.go:29.54,33.2 3 1
github.com/JailtonJunior94/ai-spec-harness/internal/fs/fake.go:35.58,38.9 3 1
github.com/JailtonJunior94/ai-spec-harness/internal/fs/fake.go:38.9,40.3 1 1
github.com/JailtonJunior94/ai-spec-harness/internal/fs/fake.go:41.2,42.12 2 1
github.com/JailtonJunior94/ai-spec-harness/internal/fs/fake.go:45.57,49.34 4 1
github.com/JailtonJunior94/ai-spec-harness/internal/fs/fake.go:49.34,50.47 1 1
github.com/JailtonJunior94/ai-spec-harness/internal/fs/fake.go:50.47,54.4 3 1
github.com/JailtonJunior94/ai-spec-harness/internal/fs/fake.go:56.2,56.12 1 1
github.com/JailtonJunior94/ai-spec-harness/internal/fs/fake.go:59.61,62.2 2 1
github.com/JailtonJunior94/ai-spec-harness/internal/fs/fake.go:64.52,68.2 3 1
github.com/JailtonJunior94/ai-spec-harness/internal/fs/fake.go:70.55,72.28 2 1
github.com/JailtonJunior94/ai-spec-harness/internal/fs/fake.go:72.28,74.3 1 1
github.com/JailtonJunior94/ai-spec-harness/internal/fs/fake.go:75.2,76.25 2 1
github.com/JailtonJunior94/ai-spec-harness/internal/fs/fake.go:76.25,77.58 1 1
github.com/JailtonJunior94/ai-spec-harness/internal/fs/fake.go:77.58,79.4 1 1
github.com/JailtonJunior94/ai-spec-harness/internal/fs/fake.go:81.2,81.25 1 1
github.com/JailtonJunior94/ai-spec-harness/internal/fs/fake.go:81.25,82.58 1 0
github.com/JailtonJunior94/ai-spec-harness/internal/fs/fake.go:82.58,84.4 1 0
github.com/JailtonJunior94/ai-spec-harness/internal/fs/fake.go:86.2,86.12 1 1
github.com/JailtonJunior94/ai-spec-harness/internal/fs/fake.go:89.51,90.32 1 1
github.com/JailtonJunior94/ai-spec-harness/internal/fs/fake.go:90.32,92.3 1 0
github.com/JailtonJunior94/ai-spec-harness/internal/fs/fake.go:93.2,94.36 2 1
github.com/JailtonJunior94/ai-spec-harness/internal/fs/fake.go:94.36,96.3 1 1
github.com/JailtonJunior94/ai-spec-harness/internal/fs/fake.go:97.2,97.35 1 1
github.com/JailtonJunior94/ai-spec-harness/internal/fs/fake.go:97.35,99.3 1 1
github.com/JailtonJunior94/ai-spec-harness/internal/fs/fake.go:101.2,101.25 1 1
github.com/JailtonJunior94/ai-spec-harness/internal/fs/fake.go:101.25,102.41 1 0
github.com/JailtonJunior94/ai-spec-harness/internal/fs/fake.go:102.41,104.4 1 0
github.com/JailtonJunior94/ai-spec-harness/internal/fs/fake.go:106.2,106.14 1 1
github.com/JailtonJunior94/ai-spec-harness/internal/fs/fake.go:109.50,111.22 2 1
github.com/JailtonJunior94/ai-spec-harness/internal/fs/fake.go:111.22,113.3 1 1
github.com/JailtonJunior94/ai-spec-harness/internal/fs/fake.go:114.2,114.25 1 1
github.com/JailtonJunior94/ai-spec-harness/internal/fs/fake.go:114.25,115.41 1 1
github.com/JailtonJunior94/ai-spec-harness/internal/fs/fake.go:115.41,117.4 1 1
github.com/JailtonJunior94/ai-spec-harness/internal/fs/fake.go:119.2,119.14 1 1
github.com/JailtonJunior94/ai-spec-harness/internal/fs/fake.go:122.54,125.2 2 1
github.com/JailtonJunior94/ai-spec-harness/internal/fs/fake.go:127.68,129.2 1 1
github.com/JailtonJunior94/ai-spec-harness/internal/fs/fake.go:131.64,134.9 3 1
github.com/JailtonJunior94/ai-spec-harness/internal/fs/fake.go:134.9,136.3 1 1
github.com/JailtonJunior94/ai-spec-harness/internal/fs/fake.go:137.2,137.18 1 1
github.com/JailtonJunior94/ai-spec-harness/internal/fs/fake.go:140.68,143.2 2 1
github.com/JailtonJunior94/ai-spec-harness/internal/fs/fake.go:145.70,150.25 4 1
github.com/JailtonJunior94/ai-spec-harness/internal/fs/fake.go:150.25,151.42 1 1
github.com/JailtonJunior94/ai-spec-harness/internal/fs/fake.go:151.42,152.12 1 0
github.com/JailtonJunior94/ai-spec-harness/internal/fs/fake.go:154.3,157.17 4 1
github.com/JailtonJunior94/ai-spec-harness/internal/fs/fake.go:157.17,158.12 1 0
github.com/JailtonJunior94/ai-spec-harness/internal/fs/fake.go:160.3,162.67 3 1
github.com/JailtonJunior94/ai-spec-harness/internal/fs/fake.go:165.2,165.24 1 1
github.com/JailtonJunior94/ai-spec-harness/internal/fs/fake.go:165.24,166.42 1 0
github.com/JailtonJunior94/ai-spec-harness/internal/fs/fake.go:166.42,167.12 1 0
github.com/JailtonJunior94/ai-spec-harness/internal/fs/fake.go:169.3,172.17 4 0
github.com/JailtonJunior94/ai-spec-harness/internal/fs/fake.go:172.17,173.12 1 0
github.com/JailtonJunior94/ai-spec-harness/internal/fs/fake.go:175.3,176.66 2 0
github.com/JailtonJunior94/ai-spec-harness/internal/fs/fake.go:179.2,179.42 1 1
github.com/JailtonJunior94/ai-spec-harness/internal/fs/fake.go:179.42,179.90 1 1
github.com/JailtonJunior94/ai-spec-harness/internal/fs/fake.go:180.2,180.21 1 1
github.com/JailtonJunior94/ai-spec-harness/internal/fs/fake.go:183.64,186.9 3 1
github.com/JailtonJunior94/ai-spec-harness/internal/fs/fake.go:186.9,188.3 1 1
github.com/JailtonJunior94/ai-spec-harness/internal/fs/fake.go:189.2,190.37 2 1
github.com/JailtonJunior94/ai-spec-harness/internal/fs/fake.go:193.63,194.20 1 1
github.com/JailtonJunior94/ai-spec-harness/internal/fs/fake.go:194.20,196.3 1 1
github.com/JailtonJunior94/ai-spec-harness/internal/fs/fake.go:197.2,199.25 3 1
github.com/JailtonJunior94/ai-spec-harness/internal/fs/fake.go:199.25,200.41 1 1
github.com/JailtonJunior94/ai-spec-harness/internal/fs/fake.go:200.41,203.4 2 1
github.com/JailtonJunior94/ai-spec-harness/internal/fs/fake.go:205.2,207.30 3 1
github.com/JailtonJunior94/ai-spec-harness/internal/fs/fake.go:207.30,210.3 2 1
github.com/JailtonJunior94/ai-spec-harness/internal/fs/fake.go:211.2,211.43 1 1
github.com/JailtonJunior94/ai-spec-harness/internal/fs/fake.go:214.53,216.2 1 1
github.com/JailtonJunior94/ai-spec-harness/internal/fs/fake.go:218.58,221.6 3 1
github.com/JailtonJunior94/ai-spec-harness/internal/fs/fake.go:221.6,222.20 1 1
github.com/JailtonJunior94/ai-spec-harness/internal/fs/fake.go:222.20,224.4 1 0
github.com/JailtonJunior94/ai-spec-harness/internal/fs/fake.go:225.3,229.37 4 1
github.com/JailtonJunior94/ai-spec-harness/internal/fs/fake.go:229.37,231.96 2 1
github.com/JailtonJunior94/ai-spec-harness/internal/fs/fake.go:231.96,232.38 1 1
github.com/JailtonJunior94/ai-spec-harness/internal/fs/fake.go:232.38,235.6 2 1
github.com/JailtonJunior94/ai-spec-harness/internal/fs/fake.go:238.3,238.20 1 1
github.com/JailtonJunior94/ai-spec-harness/internal/fs/fake.go:238.20,240.4 1 1
github.com/JailtonJunior94/ai-spec-harness/internal/fs/fake.go:242.3,242.37 1 1
github.com/JailtonJunior94/ai-spec-harness/internal/fs/fake.go:242.37,244.4 1 0
github.com/JailtonJunior94/ai-spec-harness/internal/fs/fake.go:245.3,246.49 2 1
github.com/JailtonJunior94/ai-spec-harness/internal/fs/fake.go:255.38,255.55 1 1
github.com/JailtonJunior94/ai-spec-harness/internal/fs/fake.go:256.38,256.54 1 0
github.com/JailtonJunior94/ai-spec-harness/internal/fs/fake.go:257.43,258.11 1 0
github.com/JailtonJunior94/ai-spec-harness/internal/fs/fake.go:258.11,260.3 1 0
github.com/JailtonJunior94/ai-spec-harness/internal/fs/fake.go:261.2,261.10 1 0
github.com/JailtonJunior94/ai-spec-harness/internal/fs/fake.go:263.52,263.71 1 0
github.com/JailtonJunior94/ai-spec-harness/internal/fs/fs.go:38.38,38.64 1 1
github.com/JailtonJunior94/ai-spec-harness/internal/fs/fs.go:40.52,42.2 1 1
github.com/JailtonJunior94/ai-spec-harness/internal/fs/fs.go:44.56,46.16 2 1
github.com/JailtonJunior94/ai-spec-harness/internal/fs/fs.go:46.16,48.3 1 1
github.com/JailtonJunior94/ai-spec-harness/internal/fs/fs.go:49.2,51.62 2 1
github.com/JailtonJunior94/ai-spec-harness/internal/fs/fs.go:51.62,53.3 1 0
github.com/JailtonJunior94/ai-spec-harness/internal/fs/fs.go:55.2,55.104 1 1
github.com/JailtonJunior94/ai-spec-harness/internal/fs/fs.go:55.104,57.3 1 1
github.com/JailtonJunior94/ai-spec-harness/internal/fs/fs.go:59.2,60.16 2 1
github.com/JailtonJunior94/ai-spec-harness/internal/fs/fs.go:60.16,62.3 1 0
github.com/JailtonJunior94/ai-spec-harness/internal/fs/fs.go:63.2,65.44 2 1
github.com/JailtonJunior94/ai-spec-harness/internal/fs/fs.go:65.44,67.3 1 0
github.com/JailtonJunior94/ai-spec-harness/internal/fs/fs.go:69.2,70.16 2 1
github.com/JailtonJunior94/ai-spec-harness/internal/fs/fs.go:70.16,72.3 1 0
github.com/JailtonJunior94/ai-spec-harness/internal/fs/fs.go:73.2,73.55 1 1
github.com/JailtonJunior94/ai-spec-harness/internal/fs/fs.go:76.55,77.81 1 1
github.com/JailtonJunior94/ai-spec-harness/internal/fs/fs.go:77.81,78.17 1 1
github.com/JailtonJunior94/ai-spec-harness/internal/fs/fs.go:78.17,80.4 1 0
github.com/JailtonJunior94/ai-spec-harness/internal/fs/fs.go:82.3,83.17 2 1
github.com/JailtonJunior94/ai-spec-harness/internal/fs/fs.go:83.17,85.4 1 0
github.com/JailtonJunior94/ai-spec-harness/internal/fs/fs.go:86.3,88.19 2 1
github.com/JailtonJunior94/ai-spec-harness/internal/fs/fs.go:88.19,90.52 2 1
github.com/JailtonJunior94/ai-spec-harness/internal/fs/fs.go:90.52,92.5 1 0
github.com/JailtonJunior94/ai-spec-harness/internal/fs/fs.go:93.4,93.33 1 1
github.com/JailtonJunior94/ai-spec-harness/internal/fs/fs.go:95.3,95.34 1 1
github.com/JailtonJunior94/ai-spec-harness/internal/fs/fs.go:99.59,100.63 1 1
github.com/JailtonJunior94/ai-spec-harness/internal/fs/fs.go:100.63,102.3 1 0
github.com/JailtonJunior94/ai-spec-harness/internal/fs/fs.go:103.2,104.33 2 1
github.com/JailtonJunior94/ai-spec-harness/internal/fs/fs.go:107.50,109.2 1 1
github.com/JailtonJunior94/ai-spec-harness/internal/fs/fs.go:111.53,112.16 1 1
github.com/JailtonJunior94/ai-spec-harness/internal/fs/fs.go:112.16,114.3 1 0
github.com/JailtonJunior94/ai-spec-harness/internal/fs/fs.go:116.2,117.16 2 1
github.com/JailtonJunior94/ai-spec-harness/internal/fs/fs.go:117.16,119.3 1 0
github.com/JailtonJunior94/ai-spec-harness/internal/fs/fs.go:120.2,120.15 1 1
github.com/JailtonJunior94/ai-spec-harness/internal/fs/fs.go:120.15,120.35 1 1
github.com/JailtonJunior94/ai-spec-harness/internal/fs/fs.go:122.2,124.32 3 1
github.com/JailtonJunior94/ai-spec-harness/internal/fs/fs.go:124.32,126.17 2 1
github.com/JailtonJunior94/ai-spec-harness/internal/fs/fs.go:126.17,129.4 2 1
github.com/JailtonJunior94/ai-spec-harness/internal/fs/fs.go:132.2,132.29 1 1
github.com/JailtonJunior94/ai-spec-harness/internal/fs/fs.go:135.49,138.2 2 1
github.com/JailtonJunior94/ai-spec-harness/internal/fs/fs.go:140.48,143.2 2 1
github.com/JailtonJunior94/ai-spec-harness/internal/fs/fs.go:145.52,148.2 2 1
github.com/JailtonJunior94/ai-spec-harness/internal/fs/fs.go:150.66,152.16 2 0
github.com/JailtonJunior94/ai-spec-harness/internal/fs/fs.go:152.16,154.3 1 0
github.com/JailtonJunior94/ai-spec-harness/internal/fs/fs.go:155.2,155.22 1 0
github.com/JailtonJunior94/ai-spec-harness/internal/fs/fs.go:158.62,160.2 1 1
github.com/JailtonJunior94/ai-spec-harness/internal/fs/fs.go:162.66,163.63 1 1
github.com/JailtonJunior94/ai-spec-harness/internal/fs/fs.go:163.63,165.3 1 0
github.com/JailtonJunior94/ai-spec-harness/internal/fs/fs.go:166.2,166.105 1 1
github.com/JailtonJunior94/ai-spec-harness/internal/fs/fs.go:166.105,168.3 1 1
github.com/JailtonJunior94/ai-spec-harness/internal/fs/fs.go:169.2,169.40 1 1
github.com/JailtonJunior94/ai-spec-harness/internal/fs/fs.go:172.68,174.2 1 1
github.com/JailtonJunior94/ai-spec-harness/internal/fs/fs.go:176.62,178.16 2 1
github.com/JailtonJunior94/ai-spec-harness/internal/fs/fs.go:178.16,180.3 1 1
github.com/JailtonJunior94/ai-spec-harness/internal/fs/fs.go:181.2,184.44 3 1
github.com/JailtonJunior94/ai-spec-harness/internal/fs/fs.go:184.44,186.3 1 0
github.com/JailtonJunior94/ai-spec-harness/internal/fs/fs.go:187.2,187.43 1 1
github.com/JailtonJunior94/ai-spec-harness/internal/fs/fs.go:190.61,191.20 1 1
github.com/JailtonJunior94/ai-spec-harness/internal/fs/fs.go:191.20,193.3 1 1
github.com/JailtonJunior94/ai-spec-harness/internal/fs/fs.go:195.2,196.79 2 1
github.com/JailtonJunior94/ai-spec-harness/internal/fs/fs.go:196.79,197.33 1 1
github.com/JailtonJunior94/ai-spec-harness/internal/fs/fs.go:197.33,199.4 1 1
github.com/JailtonJunior94/ai-spec-harness/internal/fs/fs.go:200.3,202.13 3 1
github.com/JailtonJunior94/ai-spec-harness/internal/fs/fs.go:204.2,204.16 1 1
github.com/JailtonJunior94/ai-spec-harness/internal/fs/fs.go:204.16,206.3 1 0
github.com/JailtonJunior94/ai-spec-harness/internal/fs/fs.go:208.2,210.30 3 1
github.com/JailtonJunior94/ai-spec-harness/internal/fs/fs.go:210.30,214.17 4 1
github.com/JailtonJunior94/ai-spec-harness/internal/fs/fs.go:214.17,216.4 1 0
github.com/JailtonJunior94/ai-spec-harness/internal/fs/fs.go:217.3,217.16 1 1
github.com/JailtonJunior94/ai-spec-harness/internal/fs/fs.go:219.2,219.43 1 1
github.com/JailtonJunior94/ai-spec-harness/internal/fs/fs.go:222.51,224.16 2 1
github.com/JailtonJunior94/ai-spec-harness/internal/fs/fs.go:224.16,226.3 1 1
github.com/JailtonJunior94/ai-spec-harness/internal/fs/fs.go:227.2,227.38 1 1
github.com/JailtonJunior94/ai-spec-harness/internal/fs/fs.go:230.76,232.51 2 1
github.com/JailtonJunior94/ai-spec-harness/internal/fs/fs.go:232.51,234.3 1 1
github.com/JailtonJunior94/ai-spec-harness/internal/fs/fs.go:236.2,237.16 2 1
github.com/JailtonJunior94/ai-spec-harness/internal/fs/fs.go:237.16,239.3 1 0
github.com/JailtonJunior94/ai-spec-harness/internal/fs/fs.go:240.2,240.15 1 1
github.com/JailtonJunior94/ai-spec-harness/internal/fs/fs.go:240.15,240.35 1 1
github.com/JailtonJunior94/ai-spec-harness/internal/fs/fs.go:242.2,242.19 1 1
github.com/JailtonJunior94/ai-spec-harness/internal/fs/fs.go:242.19,243.30 1 1
github.com/JailtonJunior94/ai-spec-harness/internal/fs/fs.go:243.30,245.4 1 1
github.com/JailtonJunior94/ai-spec-harness/internal/fs/fs.go:246.3,246.13 1 0
github.com/JailtonJunior94/ai-spec-harness/internal/fs/fs.go:249.2,249.67 1 1
github.com/JailtonJunior94/ai-spec-harness/internal/fs/fs.go:249.67,251.3 1 0
github.com/JailtonJunior94/ai-spec-harness/internal/fs/fs.go:252.2,253.16 2 1
github.com/JailtonJunior94/ai-spec-harness/internal/fs/fs.go:253.16,255.3 1 0
github.com/JailtonJunior94/ai-spec-harness/internal/fs/fs.go:256.2,256.32 1 1
github.com/JailtonJunior94/ai-spec-harness/internal/fs/fs.go:256.32,257.82 1 1
github.com/JailtonJunior94/ai-spec-harness/internal/fs/fs.go:257.82,259.4 1 0
github.com/JailtonJunior94/ai-spec-harness/internal/fs/fs.go:261.2,261.12 1 1
github.com/JailtonJunior94/ai-spec-harness/internal/fs/fs.go:264.70,266.2 1 1
github.com/JailtonJunior94/ai-spec-harness/internal/fs/fs.go:268.71,270.2 1 1
github.com/JailtonJunior94/ai-spec-harness/internal/fs/symlink_guard.go:10.110,11.20 1 0
github.com/JailtonJunior94/ai-spec-harness/internal/fs/symlink_guard.go:11.20,13.3 1 0
github.com/JailtonJunior94/ai-spec-harness/internal/fs/symlink_guard.go:15.2,16.16 2 0
github.com/JailtonJunior94/ai-spec-harness/internal/fs/symlink_guard.go:16.16,18.3 1 0
github.com/JailtonJunior94/ai-spec-harness/internal/fs/symlink_guard.go:19.2,22.16 3 0
github.com/JailtonJunior94/ai-spec-harness/internal/fs/symlink_guard.go:22.16,24.3 1 0
github.com/JailtonJunior94/ai-spec-harness/internal/fs/symlink_guard.go:25.2,27.68 2 0
github.com/JailtonJunior94/ai-spec-harness/internal/fs/symlink_guard.go:27.68,28.34 1 0
github.com/JailtonJunior94/ai-spec-harness/internal/fs/symlink_guard.go:28.34,29.12 1 0
github.com/JailtonJunior94/ai-spec-harness/internal/fs/symlink_guard.go:31.3,32.17 2 0
github.com/JailtonJunior94/ai-spec-harness/internal/fs/symlink_guard.go:32.17,34.4 1 0
github.com/JailtonJunior94/ai-spec-harness/internal/fs/symlink_guard.go:35.3,36.17 2 0
github.com/JailtonJunior94/ai-spec-harness/internal/fs/symlink_guard.go:36.17,38.4 1 0
github.com/JailtonJunior94/ai-spec-harness/internal/fs/symlink_guard.go:39.3,40.46 2 0
github.com/JailtonJunior94/ai-spec-harness/internal/fs/symlink_guard.go:40.46,41.12 1 0
github.com/JailtonJunior94/ai-spec-harness/internal/fs/symlink_guard.go:43.3,44.17 2 0
github.com/JailtonJunior94/ai-spec-harness/internal/fs/symlink_guard.go:44.17,46.4 1 0
github.com/JailtonJunior94/ai-spec-harness/internal/fs/symlink_guard.go:47.3,47.168 1 0
github.com/JailtonJunior94/ai-spec-harness/internal/fs/symlink_guard.go:50.2,50.12 1 0
github.com/JailtonJunior94/ai-spec-harness/internal/fs/symlink_guard.go:53.67,57.85 4 0
github.com/JailtonJunior94/ai-spec-harness/internal/fs/symlink_guard.go:57.85,59.3 1 0
github.com/JailtonJunior94/ai-spec-harness/internal/fs/symlink_guard.go:60.2,60.70 1 0
github.com/JailtonJunior94/ai-spec-harness/internal/fs/symlink_guard.go:60.70,61.32 1 0
github.com/JailtonJunior94/ai-spec-harness/internal/fs/symlink_guard.go:61.32,62.12 1 0
github.com/JailtonJunior94/ai-spec-harness/internal/fs/symlink_guard.go:64.3,65.33 2 0
github.com/JailtonJunior94/ai-spec-harness/internal/fs/symlink_guard.go:67.2,67.14 1 0
github.com/JailtonJunior94/ai-spec-harness/internal/fs/symlink_guard.go:70.45,72.16 2 0
github.com/JailtonJunior94/ai-spec-harness/internal/fs/symlink_guard.go:72.16,74.3 1 0
github.com/JailtonJunior94/ai-spec-harness/internal/fs/symlink_guard.go:75.2,75.78 1 0
github.com/JailtonJunior94/ai-spec-harness/internal/inspect/inspect.go:22.114,24.2 1 1
github.com/JailtonJunior94/ai-spec-harness/internal/inspect/inspect.go:26.52,28.16 2 1
github.com/JailtonJunior94/ai-spec-harness/internal/inspect/inspect.go:28.16,30.3 1 0
github.com/JailtonJunior94/ai-spec-harness/internal/inspect/inspect.go:32.2,32.25 1 1
github.com/JailtonJunior94/ai-spec-harness/internal/inspect/inspect.go:32.25,34.3 1 1
github.com/JailtonJunior94/ai-spec-harness/internal/inspect/inspect.go:36.2,40.31 3 1
github.com/JailtonJunior94/ai-spec-harness/internal/inspect/inspect.go:40.31,42.17 2 1
github.com/JailtonJunior94/ai-spec-harness/internal/inspect/inspect.go:42.17,44.4 1 1
github.com/JailtonJunior94/ai-spec-harness/internal/inspect/inspect.go:44.9,55.4 10 1
github.com/JailtonJunior94/ai-spec-harness/internal/inspect/inspect.go:56.8,58.3 1 1
github.com/JailtonJunior94/ai-spec-harness/internal/inspect/inspect.go:61.2,62.27 2 1
github.com/JailtonJunior94/ai-spec-harness/internal/inspect/inspect.go:62.27,64.17 2 1
github.com/JailtonJunior94/ai-spec-harness/internal/inspect/inspect.go:64.17,66.30 2 1
github.com/JailtonJunior94/ai-spec-harness/internal/inspect/inspect.go:66.30,67.19 1 1
github.com/JailtonJunior94/ai-spec-harness/internal/inspect/inspect.go:67.19,68.14 1 0
github.com/JailtonJunior94/ai-spec-harness/internal/inspect/inspect.go:70.5,72.34 3 1
github.com/JailtonJunior94/ai-spec-harness/internal/inspect/inspect.go:72.34,74.6 1 1
github.com/JailtonJunior94/ai-spec-harness/internal/inspect/inspect.go:76.5,78.56 3 1
github.com/JailtonJunior94/ai-spec-harness/internal/inspect/inspect.go:78.56,80.26 2 1
github.com/JailtonJunior94/ai-spec-harness/internal/inspect/inspect.go:80.26,82.7 1 1
github.com/JailtonJunior94/ai-spec-harness/internal/inspect/inspect.go:84.5,84.59 1 1
github.com/JailtonJunior94/ai-spec-harness/internal/inspect/inspect.go:86.4,86.22 1 1
github.com/JailtonJunior94/ai-spec-harness/internal/inspect/inspect.go:88.8,90.3 1 1
github.com/JailtonJunior94/ai-spec-harness/internal/inspect/inspect.go:93.2,100.12 5 1
github.com/JailtonJunior94/ai-spec-harness/internal/inspect/inspect.go:103.59,105.26 2 1
github.com/JailtonJunior94/ai-spec-harness/internal/inspect/inspect.go:105.26,107.3 1 1
github.com/JailtonJunior94/ai-spec-harness/internal/inspect/inspect.go:108.2,108.12 1 1
github.com/JailtonJunior94/ai-spec-harness/internal/inspect/inspect.go:111.59,113.26 2 1
github.com/JailtonJunior94/ai-spec-harness/internal/inspect/inspect.go:113.26,115.3 1 1
github.com/JailtonJunior94/ai-spec-harness/internal/inspect/inspect.go:116.2,116.12 1 1
github.com/JailtonJunior94/ai-spec-harness/internal/invocation/invocation.go:19.24,21.2 1 1
github.com/JailtonJunior94/ai-spec-harness/internal/invocation/invocation.go:25.36,29.18 3 1
github.com/JailtonJunior94/ai-spec-harness/internal/invocation/invocation.go:29.18,31.3 1 1
github.com/JailtonJunior94/ai-spec-harness/internal/invocation/invocation.go:32.2,32.12 1 1
github.com/JailtonJunior94/ai-spec-harness/internal/invocation/invocation.go:36.34,39.2 2 1
github.com/JailtonJunior94/ai-spec-harness/internal/invocation/invocation.go:41.59,43.15 2 1
github.com/JailtonJunior94/ai-spec-harness/internal/invocation/invocation.go:43.15,45.3 1 1
github.com/JailtonJunior94/ai-spec-harness/internal/invocation/invocation.go:46.2,47.16 2 1
github.com/JailtonJunior94/ai-spec-harness/internal/invocation/invocation.go:47.16,49.3 1 0
github.com/JailtonJunior94/ai-spec-harness/internal/invocation/invocation.go:50.2,50.10 1 1
github.com/JailtonJunior94/ai-spec-harness/internal/lint/lint.go:24.36,25.16 1 0
github.com/JailtonJunior94/ai-spec-harness/internal/lint/lint.go:25.16,27.3 1 0
github.com/JailtonJunior94/ai-spec-harness/internal/lint/lint.go:28.2,28.55 1 0
github.com/JailtonJunior94/ai-spec-harness/internal/lint/lint.go:48.57,49.37 1 1
github.com/JailtonJunior94/ai-spec-harness/internal/lint/lint.go:49.37,51.3 1 1
github.com/JailtonJunior94/ai-spec-harness/internal/lint/lint.go:52.2,52.51 1 0
github.com/JailtonJunior94/ai-spec-harness/internal/lint/lint.go:57.67,61.35 2 1
github.com/JailtonJunior94/ai-spec-harness/internal/lint/lint.go:61.35,64.17 3 1
github.com/JailtonJunior94/ai-spec-harness/internal/lint/lint.go:64.17,65.12 1 1
github.com/JailtonJunior94/ai-spec-harness/internal/lint/lint.go:67.3,67.35 1 1
github.com/JailtonJunior94/ai-spec-harness/internal/lint/lint.go:71.2,73.16 3 1
github.com/JailtonJunior94/ai-spec-harness/internal/lint/lint.go:73.16,74.67 1 1
github.com/JailtonJunior94/ai-spec-harness/internal/lint/lint.go:74.67,76.4 1 1
github.com/JailtonJunior94/ai-spec-harness/internal/lint/lint.go:80.2,82.16 3 1
github.com/JailtonJunior94/ai-spec-harness/internal/lint/lint.go:82.16,83.27 1 1
github.com/JailtonJunior94/ai-spec-harness/internal/lint/lint.go:83.27,88.4 1 1
github.com/JailtonJunior94/ai-spec-harness/internal/lint/lint.go:92.2,95.20 3 1
github.com/JailtonJunior94/ai-spec-harness/internal/lint/lint.go:95.20,97.3 1 1
github.com/JailtonJunior94/ai-spec-harness/internal/lint/lint.go:98.2,98.18 1 1
github.com/JailtonJunior94/ai-spec-harness/internal/lint/lint.go:102.54,105.35 2 0
github.com/JailtonJunior94/ai-spec-harness/internal/lint/lint.go:105.35,106.50 1 0
github.com/JailtonJunior94/ai-spec-harness/internal/lint/lint.go:106.50,108.4 1 0
github.com/JailtonJunior94/ai-spec-harness/internal/lint/lint.go:112.2,112.57 1 0
github.com/JailtonJunior94/ai-spec-harness/internal/lint/lint.go:112.57,114.3 1 0
github.com/JailtonJunior94/ai-spec-harness/internal/lint/lint.go:116.2,116.118 1 0
github.com/JailtonJunior94/ai-spec-harness/internal/lint/lint.go:116.118,118.3 1 0
github.com/JailtonJunior94/ai-spec-harness/internal/lint/lint.go:120.2,122.16 3 0
github.com/JailtonJunior94/ai-spec-harness/internal/lint/lint.go:122.16,123.29 1 0
github.com/JailtonJunior94/ai-spec-harness/internal/lint/lint.go:123.29,124.17 1 0
github.com/JailtonJunior94/ai-spec-harness/internal/lint/lint.go:124.17,126.31 2 0
github.com/JailtonJunior94/ai-spec-harness/internal/lint/lint.go:126.31,128.6 1 0
github.com/JailtonJunior94/ai-spec-harness/internal/lint/lint.go:133.2,133.14 1 0
github.com/JailtonJunior94/ai-spec-harness/internal/lint/lint.go:136.76,138.16 2 1
github.com/JailtonJunior94/ai-spec-harness/internal/lint/lint.go:138.16,140.3 1 1
github.com/JailtonJunior94/ai-spec-harness/internal/lint/lint.go:141.2,144.21 4 1
github.com/JailtonJunior94/ai-spec-harness/internal/lint/lint.go:144.21,147.35 3 1
github.com/JailtonJunior94/ai-spec-harness/internal/lint/lint.go:147.35,153.4 1 1
github.com/JailtonJunior94/ai-spec-harness/internal/lint/lint.go:155.2,155.18 1 1
github.com/JailtonJunior94/ai-spec-harness/internal/lint/lint.go:158.58,160.15 2 1
github.com/JailtonJunior94/ai-spec-harness/internal/lint/lint.go:160.15,162.3 1 0
github.com/JailtonJunior94/ai-spec-harness/internal/lint/lint.go:163.2,164.13 2 1
github.com/JailtonJunior94/ai-spec-harness/internal/lint/lint.go:164.13,166.3 1 0
github.com/JailtonJunior94/ai-spec-harness/internal/lint/lint.go:167.2,167.53 1 1
github.com/JailtonJunior94/ai-spec-harness/internal/lint/lint.go:170.74,172.20 2 1
github.com/JailtonJunior94/ai-spec-harness/internal/lint/lint.go:172.20,174.3 1 0
github.com/JailtonJunior94/ai-spec-harness/internal/lint/lint.go:175.2,177.23 3 1
github.com/JailtonJunior94/ai-spec-harness/internal/lint/lint.go:177.23,182.3 1 1
github.com/JailtonJunior94/ai-spec-harness/internal/lint/lint.go:183.2,183.12 1 1
github.com/JailtonJunior94/ai-spec-harness/internal/lint/lint.go:186.73,189.16 3 1
github.com/JailtonJunior94/ai-spec-harness/internal/lint/lint.go:189.16,191.3 1 0
github.com/JailtonJunior94/ai-spec-harness/internal/lint/lint.go:192.2,195.28 4 1
github.com/JailtonJunior94/ai-spec-harness/internal/lint/lint.go:195.28,196.17 1 1
github.com/JailtonJunior94/ai-spec-harness/internal/lint/lint.go:196.17,197.12 1 0
github.com/JailtonJunior94/ai-spec-harness/internal/lint/lint.go:199.3,201.17 3 1
github.com/JailtonJunior94/ai-spec-harness/internal/lint/lint.go:201.17,202.12 1 1
github.com/JailtonJunior94/ai-spec-harness/internal/lint/lint.go:204.3,204.68 1 1
github.com/JailtonJunior94/ai-spec-harness/internal/lint/lint.go:204.68,209.12 2 1
github.com/JailtonJunior94/ai-spec-harness/internal/lint/lint.go:211.3,212.81 2 1
github.com/JailtonJunior94/ai-spec-harness/internal/lint/lint.go:212.81,217.4 1 1
github.com/JailtonJunior94/ai-spec-harness/internal/lint/lint.go:219.2,219.13 1 1
github.com/JailtonJunior94/ai-spec-harness/internal/lint/lint.go:222.71,225.16 3 1
github.com/JailtonJunior94/ai-spec-harness/internal/lint/lint.go:225.16,227.3 1 1
github.com/JailtonJunior94/ai-spec-harness/internal/lint/lint.go:229.2,230.56 2 1
github.com/JailtonJunior94/ai-spec-harness/internal/lint/lint.go:230.56,232.3 1 0
github.com/JailtonJunior94/ai-spec-harness/internal/lint/lint.go:234.2,235.44 2 1
github.com/JailtonJunior94/ai-spec-harness/internal/lint/lint.go:235.44,236.49 1 1
github.com/JailtonJunior94/ai-spec-harness/internal/lint/lint.go:236.49,238.4 1 1
github.com/JailtonJunior94/ai-spec-harness/internal/lint/lint.go:240.2,240.19 1 1
github.com/JailtonJunior94/ai-spec-harness/internal/lint/lint.go:243.66,244.56 1 1
github.com/JailtonJunior94/ai-spec-harness/internal/lint/lint.go:245.62,246.14 1 1
github.com/JailtonJunior94/ai-spec-harness/internal/lint/lint.go:247.10,248.15 1 0
github.com/JailtonJunior94/ai-spec-harness/internal/lint/lint.go:252.84,253.80 1 1
github.com/JailtonJunior94/ai-spec-harness/internal/lint/lint.go:253.80,255.3 1 1
github.com/JailtonJunior94/ai-spec-harness/internal/lint/lint.go:257.2,258.61 2 1
github.com/JailtonJunior94/ai-spec-harness/internal/lint/lint.go:258.61,260.3 1 0
github.com/JailtonJunior94/ai-spec-harness/internal/lint/lint.go:262.2,265.33 4 1
github.com/JailtonJunior94/ai-spec-harness/internal/lint/lint.go:265.33,266.52 1 1
github.com/JailtonJunior94/ai-spec-harness/internal/lint/lint.go:266.52,269.4 2 1
github.com/JailtonJunior94/ai-spec-harness/internal/lint/lint.go:270.3,270.34 1 1
github.com/JailtonJunior94/ai-spec-harness/internal/lint/lint.go:272.2,272.15 1 1
github.com/JailtonJunior94/ai-spec-harness/internal/lint/lint.go:272.15,274.3 1 0
github.com/JailtonJunior94/ai-spec-harness/internal/lint/lint.go:275.2,275.44 1 1
github.com/JailtonJunior94/ai-spec-harness/internal/manifest/manifest.go:33.42,35.2 1 1
github.com/JailtonJunior94/ai-spec-harness/internal/manifest/manifest.go:37.60,40.16 3 1
github.com/JailtonJunior94/ai-spec-harness/internal/manifest/manifest.go:40.16,42.3 1 1
github.com/JailtonJunior94/ai-spec-harness/internal/manifest/manifest.go:43.2,44.49 2 1
github.com/JailtonJunior94/ai-spec-harness/internal/manifest/manifest.go:44.49,46.3 1 1
github.com/JailtonJunior94/ai-spec-harness/internal/manifest/manifest.go:47.2,47.16 1 1
github.com/JailtonJunior94/ai-spec-harness/internal/manifest/manifest.go:50.60,52.16 2 1
github.com/JailtonJunior94/ai-spec-harness/internal/manifest/manifest.go:52.16,54.3 1 0
github.com/JailtonJunior94/ai-spec-harness/internal/manifest/manifest.go:55.2,55.58 1 1
github.com/JailtonJunior94/ai-spec-harness/internal/manifest/manifest.go:58.48,60.2 1 1
github.com/JailtonJunior94/ai-spec-harness/internal/metrics/flow.go:106.109,109.2 2 1
github.com/JailtonJunior94/ai-spec-harness/internal/metrics/flow.go:115.138,123.34 2 1
github.com/JailtonJunior94/ai-spec-harness/internal/metrics/flow.go:123.34,126.3 2 1
github.com/JailtonJunior94/ai-spec-harness/internal/metrics/flow.go:127.2,129.10 3 1
github.com/JailtonJunior94/ai-spec-harness/internal/metrics/metrics.go:53.86,54.16 1 1
github.com/JailtonJunior94/ai-spec-harness/internal/metrics/metrics.go:54.16,56.3 1 1
github.com/JailtonJunior94/ai-spec-harness/internal/metrics/metrics.go:57.2,57.61 1 1
github.com/JailtonJunior94/ai-spec-harness/internal/metrics/metrics.go:61.69,63.16 2 1
github.com/JailtonJunior94/ai-spec-harness/internal/metrics/metrics.go:63.16,65.3 1 1
github.com/JailtonJunior94/ai-spec-harness/internal/metrics/metrics.go:67.2,67.22 1 1
github.com/JailtonJunior94/ai-spec-harness/internal/metrics/metrics.go:67.22,71.3 3 0
github.com/JailtonJunior94/ai-spec-harness/internal/metrics/metrics.go:74.2,75.45 2 1
github.com/JailtonJunior94/ai-spec-harness/internal/metrics/metrics.go:75.45,77.3 1 1
github.com/JailtonJunior94/ai-spec-harness/internal/metrics/metrics.go:78.2,80.40 3 1
github.com/JailtonJunior94/ai-spec-harness/internal/metrics/metrics.go:80.40,82.3 1 0
github.com/JailtonJunior94/ai-spec-harness/internal/metrics/metrics.go:83.2,87.33 4 1
github.com/JailtonJunior94/ai-spec-harness/internal/metrics/metrics.go:87.33,90.40 3 1
github.com/JailtonJunior94/ai-spec-harness/internal/metrics/metrics.go:90.40,92.4 1 1
github.com/JailtonJunior94/ai-spec-harness/internal/metrics/metrics.go:95.2,95.12 1 1
github.com/JailtonJunior94/ai-spec-harness/internal/metrics/metrics.go:100.70,107.29 3 1
github.com/JailtonJunior94/ai-spec-harness/internal/metrics/metrics.go:107.29,109.3 1 1
github.com/JailtonJunior94/ai-spec-harness/internal/metrics/metrics.go:111.2,112.16 2 1
github.com/JailtonJunior94/ai-spec-harness/internal/metrics/metrics.go:112.16,114.3 1 0
github.com/JailtonJunior94/ai-spec-harness/internal/metrics/metrics.go:116.2,116.28 1 1
github.com/JailtonJunior94/ai-spec-harness/internal/metrics/metrics.go:116.28,117.17 1 1
github.com/JailtonJunior94/ai-spec-harness/internal/metrics/metrics.go:117.17,118.12 1 0
github.com/JailtonJunior94/ai-spec-harness/internal/metrics/metrics.go:120.3,122.30 3 1
github.com/JailtonJunior94/ai-spec-harness/internal/metrics/metrics.go:122.30,126.12 4 1
github.com/JailtonJunior94/ai-spec-harness/internal/metrics/metrics.go:129.3,141.61 11 1
github.com/JailtonJunior94/ai-spec-harness/internal/metrics/metrics.go:141.61,142.35 1 1
github.com/JailtonJunior94/ai-spec-harness/internal/metrics/metrics.go:142.35,143.20 1 1
github.com/JailtonJunior94/ai-spec-harness/internal/metrics/metrics.go:143.20,144.14 1 0
github.com/JailtonJunior94/ai-spec-harness/internal/metrics/metrics.go:146.5,150.14 4 1
github.com/JailtonJunior94/ai-spec-harness/internal/metrics/metrics.go:150.14,156.6 4 0
github.com/JailtonJunior94/ai-spec-harness/internal/metrics/metrics.go:156.11,161.6 4 1
github.com/JailtonJunior94/ai-spec-harness/internal/metrics/metrics.go:162.5,163.22 2 1
github.com/JailtonJunior94/ai-spec-harness/internal/metrics/metrics.go:167.3,168.23 2 1
github.com/JailtonJunior94/ai-spec-harness/internal/metrics/metrics.go:168.23,170.4 1 1
github.com/JailtonJunior94/ai-spec-harness/internal/metrics/metrics.go:171.3,179.22 3 1
github.com/JailtonJunior94/ai-spec-harness/internal/metrics/metrics.go:182.2,182.20 1 1
github.com/JailtonJunior94/ai-spec-harness/internal/metrics/metrics.go:185.54,187.16 2 1
github.com/JailtonJunior94/ai-spec-harness/internal/metrics/metrics.go:187.16,189.3 1 0
github.com/JailtonJunior94/ai-spec-harness/internal/metrics/metrics.go:190.2,196.3 2 1
github.com/JailtonJunior94/ai-spec-harness/internal/metrics/metrics.go:199.51,201.2 1 1
github.com/JailtonJunior94/ai-spec-harness/internal/metrics/metrics.go:220.113,222.11 2 0
github.com/JailtonJunior94/ai-spec-harness/internal/metrics/metrics.go:222.11,223.50 1 0
github.com/JailtonJunior94/ai-spec-harness/internal/metrics/metrics.go:223.50,225.4 1 0
github.com/JailtonJunior94/ai-spec-harness/internal/metrics/metrics.go:227.2,228.13 2 0
github.com/JailtonJunior94/ai-spec-harness/internal/metrics/metrics.go:228.13,230.3 1 0
github.com/JailtonJunior94/ai-spec-harness/internal/metrics/metrics.go:231.2,231.31 1 0
github.com/JailtonJunior94/ai-spec-harness/internal/metrics/metrics.go:237.93,240.13 3 1
github.com/JailtonJunior94/ai-spec-harness/internal/metrics/metrics.go:240.13,242.3 1 1
github.com/JailtonJunior94/ai-spec-harness/internal/metrics/metrics.go:243.2,243.39 1 1
github.com/JailtonJunior94/ai-spec-harness/internal/metrics/metrics.go:247.49,250.40 3 1
github.com/JailtonJunior94/ai-spec-harness/internal/metrics/metrics.go:250.40,252.3 1 1
github.com/JailtonJunior94/ai-spec-harness/internal/metrics/metrics.go:253.2,254.35 2 1
github.com/JailtonJunior94/ai-spec-harness/internal/metrics/metrics.go:254.35,256.3 1 0
github.com/JailtonJunior94/ai-spec-harness/internal/metrics/metrics.go:257.2,258.19 2 1
github.com/JailtonJunior94/ai-spec-harness/internal/metrics/r1_catalog.go:6.28,8.2 1 1
github.com/JailtonJunior94/ai-spec-harness/internal/metrics/tokenizer.go:20.54,22.2 1 1
github.com/JailtonJunior94/ai-spec-harness/internal/metrics/tokenizer.go:24.36,24.58 1 1
github.com/JailtonJunior94/ai-spec-harness/internal/metrics/tokenizer.go:27.35,27.61 1 1
github.com/JailtonJunior94/ai-spec-harness/internal/metrics/tokenizer.go:36.48,38.16 2 1
github.com/JailtonJunior94/ai-spec-harness/internal/metrics/tokenizer.go:38.16,40.3 1 0
github.com/JailtonJunior94/ai-spec-harness/internal/metrics/tokenizer.go:41.2,41.42 1 1
github.com/JailtonJunior94/ai-spec-harness/internal/metrics/tokenizer.go:44.61,46.2 1 1
github.com/JailtonJunior94/ai-spec-harness/internal/metrics/tokenizer.go:48.43,48.76 1 1
github.com/JailtonJunior94/ai-spec-harness/internal/metrics/tokenizer.go:53.46,55.16 2 1
github.com/JailtonJunior94/ai-spec-harness/internal/metrics/tokenizer.go:55.16,57.3 1 0
github.com/JailtonJunior94/ai-spec-harness/internal/metrics/tokenizer.go:58.2,58.16 1 1
github.com/JailtonJunior94/ai-spec-harness/internal/output/output.go:16.33,18.2 1 1
github.com/JailtonJunior94/ai-spec-harness/internal/output/output.go:20.52,22.2 1 1
github.com/JailtonJunior94/ai-spec-harness/internal/output/output.go:24.52,26.2 1 1
github.com/JailtonJunior94/ai-spec-harness/internal/output/output.go:28.53,29.15 1 1
github.com/JailtonJunior94/ai-spec-harness/internal/output/output.go:29.15,31.3 1 1
github.com/JailtonJunior94/ai-spec-harness/internal/output/output.go:34.52,36.2 1 1
github.com/JailtonJunior94/ai-spec-harness/internal/output/output.go:38.53,40.2 1 1
github.com/JailtonJunior94/ai-spec-harness/internal/output/output.go:42.54,44.2 1 1
github.com/JailtonJunior94/ai-spec-harness/internal/output/output.go:47.56,49.2 1 1
github.com/JailtonJunior94/ai-spec-harness/internal/parity/parity.go:79.43,81.9 2 1
github.com/JailtonJunior94/ai-spec-harness/internal/parity/parity.go:81.9,83.3 1 1
github.com/JailtonJunior94/ai-spec-harness/internal/parity/parity.go:84.2,84.21 1 1
github.com/JailtonJunior94/ai-spec-harness/internal/parity/parity.go:88.47,89.31 1 1
github.com/JailtonJunior94/ai-spec-harness/internal/parity/parity.go:89.31,90.16 1 1
github.com/JailtonJunior94/ai-spec-harness/internal/parity/parity.go:90.16,92.4 1 1
github.com/JailtonJunior94/ai-spec-harness/internal/parity/parity.go:94.2,94.14 1 0
github.com/JailtonJunior94/ai-spec-harness/internal/parity/parity.go:103.47,103.74 1 1
github.com/JailtonJunior94/ai-spec-harness/internal/parity/parity.go:104.47,104.91 1 1
github.com/JailtonJunior94/ai-spec-harness/internal/parity/parity.go:105.53,107.2 1 1
github.com/JailtonJunior94/ai-spec-harness/internal/parity/parity.go:124.78,126.31 2 1
github.com/JailtonJunior94/ai-spec-harness/internal/parity/parity.go:126.31,128.3 1 1
github.com/JailtonJunior94/ai-spec-harness/internal/parity/parity.go:130.2,131.33 2 1
github.com/JailtonJunior94/ai-spec-harness/internal/parity/parity.go:131.33,132.29 1 1
github.com/JailtonJunior94/ai-spec-harness/internal/parity/parity.go:132.29,134.36 2 1
github.com/JailtonJunior94/ai-spec-harness/internal/parity/parity.go:134.36,135.18 1 1
github.com/JailtonJunior94/ai-spec-harness/internal/parity/parity.go:135.18,137.11 2 1
github.com/JailtonJunior94/ai-spec-harness/internal/parity/parity.go:140.4,140.17 1 1
github.com/JailtonJunior94/ai-spec-harness/internal/parity/parity.go:140.17,142.13 2 1
github.com/JailtonJunior94/ai-spec-harness/internal/parity/parity.go:145.3,147.88 3 1
github.com/JailtonJunior94/ai-spec-harness/internal/parity/parity.go:149.2,149.16 1 1
github.com/JailtonJunior94/ai-spec-harness/internal/parity/parity.go:153.66,155.29 2 0
github.com/JailtonJunior94/ai-spec-harness/internal/parity/parity.go:155.29,156.17 1 0
github.com/JailtonJunior94/ai-spec-harness/internal/parity/parity.go:156.17,158.4 1 0
github.com/JailtonJunior94/ai-spec-harness/internal/parity/parity.go:160.2,160.12 1 0
github.com/JailtonJunior94/ai-spec-harness/internal/parity/parity.go:164.66,166.29 2 0
github.com/JailtonJunior94/ai-spec-harness/internal/parity/parity.go:166.29,167.50 1 0
github.com/JailtonJunior94/ai-spec-harness/internal/parity/parity.go:167.50,169.4 1 0
github.com/JailtonJunior94/ai-spec-harness/internal/parity/parity.go:171.2,171.12 1 0
github.com/JailtonJunior94/ai-spec-harness/internal/parity/parity.go:178.129,185.93 6 1
github.com/JailtonJunior94/ai-spec-harness/internal/parity/parity.go:185.93,187.3 1 0
github.com/JailtonJunior94/ai-spec-harness/internal/parity/parity.go:189.2,190.26 2 1
github.com/JailtonJunior94/ai-spec-harness/internal/parity/parity.go:190.26,192.3 1 1
github.com/JailtonJunior94/ai-spec-harness/internal/parity/parity.go:195.2,195.32 1 1
github.com/JailtonJunior94/ai-spec-harness/internal/parity/parity.go:195.32,204.33 2 1
github.com/JailtonJunior94/ai-spec-harness/internal/parity/parity.go:204.33,206.4 1 1
github.com/JailtonJunior94/ai-spec-harness/internal/parity/parity.go:210.2,210.32 1 1
github.com/JailtonJunior94/ai-spec-harness/internal/parity/parity.go:210.32,212.3 1 1
github.com/JailtonJunior94/ai-spec-harness/internal/parity/parity.go:215.2,223.8 2 1
github.com/JailtonJunior94/ai-spec-harness/internal/parity/parity.go:227.46,271.2 1 1
github.com/JailtonJunior94/ai-spec-harness/internal/parity/parity.go:279.33,281.14 2 1
github.com/JailtonJunior94/ai-spec-harness/internal/parity/parity.go:281.14,283.4 1 0
github.com/JailtonJunior94/ai-spec-harness/internal/parity/parity.go:284.3,284.49 1 1
github.com/JailtonJunior94/ai-spec-harness/internal/parity/parity.go:284.49,286.4 1 0
github.com/JailtonJunior94/ai-spec-harness/internal/parity/parity.go:287.3,287.63 1 1
github.com/JailtonJunior94/ai-spec-harness/internal/parity/parity.go:287.63,289.4 1 0
github.com/JailtonJunior94/ai-spec-harness/internal/parity/parity.go:290.3,290.29 1 1
github.com/JailtonJunior94/ai-spec-harness/internal/parity/parity.go:298.33,299.65 1 1
github.com/JailtonJunior94/ai-spec-harness/internal/parity/parity.go:299.65,301.4 1 0
github.com/JailtonJunior94/ai-spec-harness/internal/parity/parity.go:302.3,302.29 1 1
github.com/JailtonJunior94/ai-spec-harness/internal/parity/parity.go:310.33,311.70 1 1
github.com/JailtonJunior94/ai-spec-harness/internal/parity/parity.go:311.70,313.4 1 0
github.com/JailtonJunior94/ai-spec-harness/internal/parity/parity.go:314.3,314.29 1 1
github.com/JailtonJunior94/ai-spec-harness/internal/parity/parity.go:322.33,323.64 1 1
github.com/JailtonJunior94/ai-spec-harness/internal/parity/parity.go:323.64,325.4 1 0
github.com/JailtonJunior94/ai-spec-harness/internal/parity/parity.go:326.3,326.29 1 1
github.com/JailtonJunior94/ai-spec-harness/internal/parity/parity.go:337.33,339.14 2 1
github.com/JailtonJunior94/ai-spec-harness/internal/parity/parity.go:339.14,341.4 1 0
github.com/JailtonJunior94/ai-spec-harness/internal/parity/parity.go:342.3,342.40 1 1
github.com/JailtonJunior94/ai-spec-harness/internal/parity/parity.go:342.40,344.4 1 0
github.com/JailtonJunior94/ai-spec-harness/internal/parity/parity.go:345.3,345.29 1 1
github.com/JailtonJunior94/ai-spec-harness/internal/parity/parity.go:354.33,355.64 1 1
github.com/JailtonJunior94/ai-spec-harness/internal/parity/parity.go:355.64,357.4 1 0
github.com/JailtonJunior94/ai-spec-harness/internal/parity/parity.go:358.3,358.29 1 1
github.com/JailtonJunior94/ai-spec-harness/internal/parity/parity.go:369.33,371.14 2 1
github.com/JailtonJunior94/ai-spec-harness/internal/parity/parity.go:371.14,373.4 1 0
github.com/JailtonJunior94/ai-spec-harness/internal/parity/parity.go:374.3,374.40 1 1
github.com/JailtonJunior94/ai-spec-harness/internal/parity/parity.go:374.40,376.4 1 0
github.com/JailtonJunior94/ai-spec-harness/internal/parity/parity.go:377.3,377.29 1 1
github.com/JailtonJunior94/ai-spec-harness/internal/parity/parity.go:386.33,388.66 2 1
github.com/JailtonJunior94/ai-spec-harness/internal/parity/parity.go:388.66,390.4 1 1
github.com/JailtonJunior94/ai-spec-harness/internal/parity/parity.go:391.3,391.68 1 1
github.com/JailtonJunior94/ai-spec-harness/internal/parity/parity.go:391.68,393.4 1 0
github.com/JailtonJunior94/ai-spec-harness/internal/parity/parity.go:394.3,394.29 1 1
github.com/JailtonJunior94/ai-spec-harness/internal/parity/parity.go:405.33,407.14 2 1
github.com/JailtonJunior94/ai-spec-harness/internal/parity/parity.go:407.14,409.4 1 0
github.com/JailtonJunior94/ai-spec-harness/internal/parity/parity.go:410.3,410.40 1 1
github.com/JailtonJunior94/ai-spec-harness/internal/parity/parity.go:410.40,412.4 1 0
github.com/JailtonJunior94/ai-spec-harness/internal/parity/parity.go:413.3,413.29 1 1
github.com/JailtonJunior94/ai-spec-harness/internal/parity/parity.go:422.33,424.67 2 1
github.com/JailtonJunior94/ai-spec-harness/internal/parity/parity.go:424.67,426.4 1 0
github.com/JailtonJunior94/ai-spec-harness/internal/parity/parity.go:427.3,427.60 1 1
github.com/JailtonJunior94/ai-spec-harness/internal/parity/parity.go:427.60,429.4 1 0
github.com/JailtonJunior94/ai-spec-harness/internal/parity/parity.go:430.3,430.29 1 1
github.com/JailtonJunior94/ai-spec-harness/internal/parity/parity.go:441.33,443.14 2 1
github.com/JailtonJunior94/ai-spec-harness/internal/parity/parity.go:443.14,445.4 1 0
github.com/JailtonJunior94/ai-spec-harness/internal/parity/parity.go:446.3,446.47 1 1
github.com/JailtonJunior94/ai-spec-harness/internal/parity/parity.go:446.47,448.4 1 0
github.com/JailtonJunior94/ai-spec-harness/internal/parity/parity.go:449.3,449.29 1 1
github.com/JailtonJunior94/ai-spec-harness/internal/parity/parity.go:458.33,459.73 1 1
github.com/JailtonJunior94/ai-spec-harness/internal/parity/parity.go:459.73,461.4 1 0
github.com/JailtonJunior94/ai-spec-harness/internal/parity/parity.go:462.3,462.29 1 1
github.com/JailtonJunior94/ai-spec-harness/internal/parity/parity.go:475.33,482.32 2 1
github.com/JailtonJunior94/ai-spec-harness/internal/parity/parity.go:482.32,484.11 2 1
github.com/JailtonJunior94/ai-spec-harness/internal/parity/parity.go:484.11,485.13 1 0
github.com/JailtonJunior94/ai-spec-harness/internal/parity/parity.go:487.4,488.21 2 1
github.com/JailtonJunior94/ai-spec-harness/internal/parity/parity.go:488.21,490.5 1 1
github.com/JailtonJunior94/ai-spec-harness/internal/parity/parity.go:491.4,491.53 1 1
github.com/JailtonJunior94/ai-spec-harness/internal/parity/parity.go:491.53,493.5 1 1
github.com/JailtonJunior94/ai-spec-harness/internal/parity/parity.go:495.3,495.29 1 1
github.com/JailtonJunior94/ai-spec-harness/internal/parity/parity.go:506.33,507.59 1 1
github.com/JailtonJunior94/ai-spec-harness/internal/parity/parity.go:507.59,509.4 1 1
github.com/JailtonJunior94/ai-spec-harness/internal/parity/parity.go:510.3,510.29 1 1
github.com/JailtonJunior94/ai-spec-harness/internal/parity/parity.go:519.33,520.56 1 1
github.com/JailtonJunior94/ai-spec-harness/internal/parity/parity.go:520.56,522.4 1 1
github.com/JailtonJunior94/ai-spec-harness/internal/parity/parity.go:523.3,523.29 1 1
github.com/JailtonJunior94/ai-spec-harness/internal/parity/parity.go:532.33,533.50 1 1
github.com/JailtonJunior94/ai-spec-harness/internal/parity/parity.go:533.50,535.4 1 1
github.com/JailtonJunior94/ai-spec-harness/internal/parity/parity.go:536.3,536.29 1 1
github.com/JailtonJunior94/ai-spec-harness/internal/parity/parity.go:545.33,546.64 1 1
github.com/JailtonJunior94/ai-spec-harness/internal/parity/parity.go:546.64,548.4 1 1
github.com/JailtonJunior94/ai-spec-harness/internal/parity/parity.go:549.3,549.29 1 1
github.com/JailtonJunior94/ai-spec-harness/internal/parity/parity.go:558.33,559.66 1 1
github.com/JailtonJunior94/ai-spec-harness/internal/parity/parity.go:559.66,561.4 1 1
github.com/JailtonJunior94/ai-spec-harness/internal/parity/parity.go:562.3,562.29 1 1
github.com/JailtonJunior94/ai-spec-harness/internal/parity/parity.go:571.33,572.68 1 1
github.com/JailtonJunior94/ai-spec-harness/internal/parity/parity.go:572.68,574.4 1 1
github.com/JailtonJunior94/ai-spec-harness/internal/parity/parity.go:575.3,575.29 1 1
github.com/JailtonJunior94/ai-spec-harness/internal/parity/parity.go:586.33,587.56 1 1
github.com/JailtonJunior94/ai-spec-harness/internal/parity/parity.go:587.56,589.4 1 1
github.com/JailtonJunior94/ai-spec-harness/internal/parity/parity.go:590.3,590.29 1 1
github.com/JailtonJunior94/ai-spec-harness/internal/parity/parity.go:603.33,604.60 1 1
github.com/JailtonJunior94/ai-spec-harness/internal/parity/parity.go:604.60,606.4 1 1
github.com/JailtonJunior94/ai-spec-harness/internal/parity/parity.go:607.3,607.29 1 1
github.com/JailtonJunior94/ai-spec-harness/internal/parity/parity.go:622.72,624.71 2 1
github.com/JailtonJunior94/ai-spec-harness/internal/parity/parity.go:624.71,626.17 2 1
github.com/JailtonJunior94/ai-spec-harness/internal/parity/parity.go:626.17,627.12 1 0
github.com/JailtonJunior94/ai-spec-harness/internal/parity/parity.go:629.3,630.58 2 1
github.com/JailtonJunior94/ai-spec-harness/internal/parity/parity.go:630.58,632.4 1 1
github.com/JailtonJunior94/ai-spec-harness/internal/parity/parity.go:634.2,634.16 1 1
github.com/JailtonJunior94/ai-spec-harness/internal/parity/parity.go:641.40,642.55 1 1
github.com/JailtonJunior94/ai-spec-harness/internal/parity/parity.go:642.55,643.53 1 0
github.com/JailtonJunior94/ai-spec-harness/internal/parity/parity.go:643.53,645.4 1 0
github.com/JailtonJunior94/ai-spec-harness/internal/parity/parity.go:647.2,647.30 1 1
github.com/JailtonJunior94/ai-spec-harness/internal/parity/parity.go:659.33,664.48 3 1
github.com/JailtonJunior94/ai-spec-harness/internal/parity/parity.go:664.48,666.4 1 1
github.com/JailtonJunior94/ai-spec-harness/internal/parity/parity.go:668.3,673.35 4 1
github.com/JailtonJunior94/ai-spec-harness/internal/parity/parity.go:673.35,674.61 1 1
github.com/JailtonJunior94/ai-spec-harness/internal/parity/parity.go:674.61,676.5 1 1
github.com/JailtonJunior94/ai-spec-harness/internal/parity/parity.go:678.3,679.34 2 1
github.com/JailtonJunior94/ai-spec-harness/internal/parity/parity.go:679.34,680.61 1 1
github.com/JailtonJunior94/ai-spec-harness/internal/parity/parity.go:680.61,682.5 1 1
github.com/JailtonJunior94/ai-spec-harness/internal/parity/parity.go:686.3,686.28 1 1
github.com/JailtonJunior94/ai-spec-harness/internal/parity/parity.go:686.28,688.4 1 0
github.com/JailtonJunior94/ai-spec-harness/internal/parity/parity.go:689.3,689.27 1 1
github.com/JailtonJunior94/ai-spec-harness/internal/parity/parity.go:689.27,691.4 1 0
github.com/JailtonJunior94/ai-spec-harness/internal/parity/parity.go:694.3,694.33 1 1
github.com/JailtonJunior94/ai-spec-harness/internal/parity/parity.go:694.33,695.24 1 1
github.com/JailtonJunior94/ai-spec-harness/internal/parity/parity.go:695.24,697.5 1 1
github.com/JailtonJunior94/ai-spec-harness/internal/parity/parity.go:699.3,700.28 1 1
github.com/JailtonJunior94/ai-spec-harness/internal/parity/parity.go:713.33,722.35 3 1
github.com/JailtonJunior94/ai-spec-harness/internal/parity/parity.go:722.35,725.21 2 1
github.com/JailtonJunior94/ai-spec-harness/internal/parity/parity.go:725.21,727.5 1 1
github.com/JailtonJunior94/ai-spec-harness/internal/parity/parity.go:728.4,729.61 2 1
github.com/JailtonJunior94/ai-spec-harness/internal/parity/parity.go:729.61,730.62 1 1
github.com/JailtonJunior94/ai-spec-harness/internal/parity/parity.go:730.62,732.6 1 1
github.com/JailtonJunior94/ai-spec-harness/internal/parity/parity.go:734.4,734.23 1 1
github.com/JailtonJunior94/ai-spec-harness/internal/parity/parity.go:734.23,736.5 1 0
github.com/JailtonJunior94/ai-spec-harness/internal/parity/parity.go:737.4,737.23 1 1
github.com/JailtonJunior94/ai-spec-harness/internal/parity/parity.go:741.3,743.34 3 1
github.com/JailtonJunior94/ai-spec-harness/internal/parity/parity.go:743.34,744.18 1 1
github.com/JailtonJunior94/ai-spec-harness/internal/parity/parity.go:744.18,746.13 2 1
github.com/JailtonJunior94/ai-spec-harness/internal/parity/parity.go:748.4,748.30 1 1
github.com/JailtonJunior94/ai-spec-harness/internal/parity/parity.go:748.30,751.5 1 0
github.com/JailtonJunior94/ai-spec-harness/internal/parity/parity.go:752.4,752.25 1 1
github.com/JailtonJunior94/ai-spec-harness/internal/parity/parity.go:752.25,753.16 1 1
github.com/JailtonJunior94/ai-spec-harness/internal/parity/parity.go:753.16,755.6 1 1
github.com/JailtonJunior94/ai-spec-harness/internal/parity/parity.go:758.3,758.29 1 1
github.com/JailtonJunior94/ai-spec-harness/internal/parity/parity.go:770.33,774.38 2 1
github.com/JailtonJunior94/ai-spec-harness/internal/parity/parity.go:774.38,775.48 1 1
github.com/JailtonJunior94/ai-spec-harness/internal/parity/parity.go:775.48,776.13 1 1
github.com/JailtonJunior94/ai-spec-harness/internal/parity/parity.go:778.4,779.30 2 1
github.com/JailtonJunior94/ai-spec-harness/internal/parity/parity.go:779.30,780.51 1 1
github.com/JailtonJunior94/ai-spec-harness/internal/parity/parity.go:780.51,781.24 1 1
github.com/JailtonJunior94/ai-spec-harness/internal/parity/parity.go:781.24,784.7 1 1
github.com/JailtonJunior94/ai-spec-harness/internal/parity/parity.go:788.3,788.29 1 1
github.com/JailtonJunior94/ai-spec-harness/internal/parity/parity.go:805.33,807.19 2 1
github.com/JailtonJunior94/ai-spec-harness/internal/parity/parity.go:807.19,809.4 1 0
github.com/JailtonJunior94/ai-spec-harness/internal/parity/parity.go:813.3,813.51 1 1
github.com/JailtonJunior94/ai-spec-harness/internal/parity/parity.go:813.51,815.4 1 1
github.com/JailtonJunior94/ai-spec-harness/internal/parity/parity.go:816.3,816.129 1 1
github.com/JailtonJunior94/ai-spec-harness/internal/parity/parity.go:828.33,830.56 1 1
github.com/JailtonJunior94/ai-spec-harness/internal/parity/parity.go:830.56,832.4 1 1
github.com/JailtonJunior94/ai-spec-harness/internal/parity/parity.go:833.3,834.56 2 1
github.com/JailtonJunior94/ai-spec-harness/internal/parity/parity.go:834.56,836.4 1 0
github.com/JailtonJunior94/ai-spec-harness/internal/parity/parity.go:837.3,837.60 1 1
github.com/JailtonJunior94/ai-spec-harness/internal/parity/parity.go:837.60,839.4 1 0
github.com/JailtonJunior94/ai-spec-harness/internal/parity/parity.go:840.3,840.29 1 1
github.com/JailtonJunior94/ai-spec-harness/internal/parity/r1_receiver.go:6.28,6.49 1 1
github.com/JailtonJunior94/ai-spec-harness/internal/platform/platform.go:15.30,17.2 1 1
github.com/JailtonJunior94/ai-spec-harness/internal/platform/platform.go:20.35,22.2 1 1
github.com/JailtonJunior94/ai-spec-harness/internal/platform/platform.go:26.39,28.2 1 1
github.com/JailtonJunior94/ai-spec-harness/internal/prerequisites/prerequisites.go:89.124,91.12 2 1
github.com/JailtonJunior94/ai-spec-harness/internal/prerequisites/prerequisites.go:91.12,93.3 1 1
github.com/JailtonJunior94/ai-spec-harness/internal/prerequisites/prerequisites.go:95.2,96.16 2 1
github.com/JailtonJunior94/ai-spec-harness/internal/prerequisites/prerequisites.go:96.16,98.3 1 0
github.com/JailtonJunior94/ai-spec-harness/internal/prerequisites/prerequisites.go:99.2,99.25 1 1
github.com/JailtonJunior94/ai-spec-harness/internal/prerequisites/prerequisites.go:99.25,101.3 1 1
github.com/JailtonJunior94/ai-spec-harness/internal/prerequisites/prerequisites.go:103.2,105.36 2 1
github.com/JailtonJunior94/ai-spec-harness/internal/prerequisites/prerequisites.go:105.36,107.13 2 1
github.com/JailtonJunior94/ai-spec-harness/internal/prerequisites/prerequisites.go:107.13,109.4 1 1
github.com/JailtonJunior94/ai-spec-harness/internal/prerequisites/prerequisites.go:110.3,110.84 1 1
github.com/JailtonJunior94/ai-spec-harness/internal/prerequisites/prerequisites.go:113.2,113.36 1 1
github.com/JailtonJunior94/ai-spec-harness/internal/prerequisites/prerequisites.go:113.36,116.3 2 1
github.com/JailtonJunior94/ai-spec-harness/internal/prerequisites/prerequisites.go:118.2,118.32 1 1
github.com/JailtonJunior94/ai-spec-harness/internal/prerequisites/prerequisites.go:122.44,124.27 2 1
github.com/JailtonJunior94/ai-spec-harness/internal/prerequisites/prerequisites.go:124.27,126.3 1 1
github.com/JailtonJunior94/ai-spec-harness/internal/prerequisites/prerequisites.go:127.2,127.15 1 1
github.com/JailtonJunior94/ai-spec-harness/internal/prerequisites/prerequisites.go:130.84,131.26 1 1
github.com/JailtonJunior94/ai-spec-harness/internal/prerequisites/prerequisites.go:131.26,132.41 1 1
github.com/JailtonJunior94/ai-spec-harness/internal/prerequisites/prerequisites.go:132.41,134.4 1 1
github.com/JailtonJunior94/ai-spec-harness/internal/prerequisites/prerequisites.go:136.2,136.14 1 1
github.com/JailtonJunior94/ai-spec-harness/internal/prerequisites/r1_receiver.go:6.30,6.52 1 1
github.com/JailtonJunior94/ai-spec-harness/internal/runtime/acpfake/r1_catalog.go:6.28,8.2 1 1
github.com/JailtonJunior94/ai-spec-harness/internal/runtime/acpfake/script.go:29.26,31.2 1 1
github.com/JailtonJunior94/ai-spec-harness/internal/runtime/acpfake/script.go:34.75,37.2 2 1
github.com/JailtonJunior94/ai-spec-harness/internal/runtime/acpfake/script.go:40.58,42.2 1 1
github.com/JailtonJunior94/ai-spec-harness/internal/runtime/acpfake/script.go:45.88,47.2 1 1
github.com/JailtonJunior94/ai-spec-harness/internal/runtime/acpfake/script.go:50.58,52.2 1 1
github.com/JailtonJunior94/ai-spec-harness/internal/runtime/acpfake/script.go:55.58,61.2 1 1
github.com/JailtonJunior94/ai-spec-harness/internal/runtime/acpfake/script.go:64.66,66.16 2 1
github.com/JailtonJunior94/ai-spec-harness/internal/runtime/acpfake/script.go:67.19,68.35 1 1
github.com/JailtonJunior94/ai-spec-harness/internal/runtime/acpfake/script.go:69.16,70.32 1 1
github.com/JailtonJunior94/ai-spec-harness/internal/runtime/acpfake/script.go:71.10,72.34 1 1
github.com/JailtonJunior94/ai-spec-harness/internal/runtime/acpfake/script.go:74.2,77.4 1 1
github.com/JailtonJunior94/ai-spec-harness/internal/runtime/acpfake/script.go:83.45,90.2 2 1
github.com/JailtonJunior94/ai-spec-harness/internal/runtime/acpfake/script.go:94.69,97.2 1 1
github.com/JailtonJunior94/ai-spec-harness/internal/runtime/acpfake/script.go:101.67,113.2 2 1
github.com/JailtonJunior94/ai-spec-harness/internal/runtime/acpfake/script.go:116.45,120.2 3 1
github.com/JailtonJunior94/ai-spec-harness/internal/runtime/acpfake/server.go:23.40,25.2 1 1
github.com/JailtonJunior94/ai-spec-harness/internal/runtime/acpfake/server.go:37.64,55.12 7 1
github.com/JailtonJunior94/ai-spec-harness/internal/runtime/acpfake/server.go:55.12,56.10 1 1
github.com/JailtonJunior94/ai-spec-harness/internal/runtime/acpfake/server.go:57.22,57.22 0 0
github.com/JailtonJunior94/ai-spec-harness/internal/runtime/acpfake/server.go:58.21,60.30 2 1
github.com/JailtonJunior94/ai-spec-harness/internal/runtime/acpfake/server.go:64.2,69.8 1 1
github.com/JailtonJunior94/ai-spec-harness/internal/runtime/acpfake/server.go:72.57,76.2 3 1
github.com/JailtonJunior94/ai-spec-harness/internal/runtime/acpfake/server.go:78.53,82.2 3 1
github.com/JailtonJunior94/ai-spec-harness/internal/runtime/acpfake/server.go:90.108,95.2 1 1
github.com/JailtonJunior94/ai-spec-harness/internal/runtime/acpfake/server.go:97.114,99.2 1 0
github.com/JailtonJunior94/ai-spec-harness/internal/runtime/acpfake/server.go:101.79,103.2 1 0
github.com/JailtonJunior94/ai-spec-harness/internal/runtime/acpfake/server.go:105.108,107.2 1 1
github.com/JailtonJunior94/ai-spec-harness/internal/runtime/acpfake/server.go:109.114,111.2 1 0
github.com/JailtonJunior94/ai-spec-harness/internal/runtime/acpfake/server.go:113.117,115.2 1 0
github.com/JailtonJunior94/ai-spec-harness/internal/runtime/acpfake/server.go:117.114,119.2 1 0
github.com/JailtonJunior94/ai-spec-harness/internal/runtime/acpfake/server.go:121.144,123.2 1 0
github.com/JailtonJunior94/ai-spec-harness/internal/runtime/acpfake/server.go:125.120,127.2 1 0
github.com/JailtonJunior94/ai-spec-harness/internal/runtime/acpfake/server.go:130.98,132.17 2 1
github.com/JailtonJunior94/ai-spec-harness/internal/runtime/acpfake/server.go:132.17,134.3 1 0
github.com/JailtonJunior94/ai-spec-harness/internal/runtime/acpfake/server.go:136.2,136.47 1 1
github.com/JailtonJunior94/ai-spec-harness/internal/runtime/acpfake/server.go:136.47,137.23 1 1
github.com/JailtonJunior94/ai-spec-harness/internal/runtime/acpfake/server.go:137.23,139.4 1 0
github.com/JailtonJunior94/ai-spec-harness/internal/runtime/acpfake/server.go:141.3,141.19 1 1
github.com/JailtonJunior94/ai-spec-harness/internal/runtime/acpfake/server.go:141.19,142.11 1 1
github.com/JailtonJunior94/ai-spec-harness/internal/runtime/acpfake/server.go:143.22,144.76 1 1
github.com/JailtonJunior94/ai-spec-harness/internal/runtime/acpfake/server.go:145.32,145.32 0 1
github.com/JailtonJunior94/ai-spec-harness/internal/runtime/acpfake/server.go:150.3,150.43 1 1
github.com/JailtonJunior94/ai-spec-harness/internal/runtime/acpfake/server.go:150.43,152.4 1 1
github.com/JailtonJunior94/ai-spec-harness/internal/runtime/acpfake/server.go:155.3,155.80 1 1
github.com/JailtonJunior94/ai-spec-harness/internal/runtime/acpfake/server.go:155.80,176.12 2 1
github.com/JailtonJunior94/ai-spec-harness/internal/runtime/acpfake/server.go:179.3,182.5 1 1
github.com/JailtonJunior94/ai-spec-harness/internal/runtime/acpfake/server.go:185.2,185.67 1 1
github.com/JailtonJunior94/ai-spec-harness/internal/runtime/acpfake/server.go:189.58,196.2 1 1
github.com/JailtonJunior94/ai-spec-harness/internal/runtime/acpfake/server.go:199.75,200.47 1 1
github.com/JailtonJunior94/ai-spec-harness/internal/runtime/acpfake/server.go:200.47,202.3 1 1
github.com/JailtonJunior94/ai-spec-harness/internal/runtime/acpfake/server.go:203.2,204.54 2 1
github.com/JailtonJunior94/ai-spec-harness/internal/runtime/acpfake/server.go:204.54,206.3 1 1
github.com/JailtonJunior94/ai-spec-harness/internal/runtime/acpfake/server.go:207.2,207.18 1 0
github.com/JailtonJunior94/ai-spec-harness/internal/runtime/events/cancel_reason.go:30.69,32.42 2 1
github.com/JailtonJunior94/ai-spec-harness/internal/runtime/events/cancel_reason.go:32.42,34.3 1 1
github.com/JailtonJunior94/ai-spec-harness/internal/runtime/events/cancel_reason.go:35.2,35.15 1 1
github.com/JailtonJunior94/ai-spec-harness/internal/runtime/events/convert.go:18.62,20.46 2 1
github.com/JailtonJunior94/ai-spec-harness/internal/runtime/events/convert.go:20.46,22.3 1 1
github.com/JailtonJunior94/ai-spec-harness/internal/runtime/events/convert.go:23.2,24.9 2 1
github.com/JailtonJunior94/ai-spec-harness/internal/runtime/events/convert.go:24.9,26.3 1 1
github.com/JailtonJunior94/ai-spec-harness/internal/runtime/events/convert.go:27.2,28.49 2 1
github.com/JailtonJunior94/ai-spec-harness/internal/runtime/events/convert.go:28.49,30.3 1 0
github.com/JailtonJunior94/ai-spec-harness/internal/runtime/events/convert.go:31.2,31.13 1 1
github.com/JailtonJunior94/ai-spec-harness/internal/runtime/events/convert.go:36.58,38.46 2 1
github.com/JailtonJunior94/ai-spec-harness/internal/runtime/events/convert.go:38.46,40.3 1 0
github.com/JailtonJunior94/ai-spec-harness/internal/runtime/events/convert.go:41.2,42.9 2 1
github.com/JailtonJunior94/ai-spec-harness/internal/runtime/events/convert.go:42.9,44.3 1 0
github.com/JailtonJunior94/ai-spec-harness/internal/runtime/events/convert.go:45.2,46.49 2 1
github.com/JailtonJunior94/ai-spec-harness/internal/runtime/events/convert.go:46.49,48.3 1 0
github.com/JailtonJunior94/ai-spec-harness/internal/runtime/events/convert.go:49.2,49.13 1 1
github.com/JailtonJunior94/ai-spec-harness/internal/runtime/events/convert.go:53.64,55.46 2 1
github.com/JailtonJunior94/ai-spec-harness/internal/runtime/events/convert.go:55.46,57.3 1 0
github.com/JailtonJunior94/ai-spec-harness/internal/runtime/events/convert.go:58.2,58.50 1 1
github.com/JailtonJunior94/ai-spec-harness/internal/runtime/events/convert.go:58.50,59.26 1 1
github.com/JailtonJunior94/ai-spec-harness/internal/runtime/events/convert.go:59.26,61.48 2 1
github.com/JailtonJunior94/ai-spec-harness/internal/runtime/events/convert.go:61.48,63.5 1 1
github.com/JailtonJunior94/ai-spec-harness/internal/runtime/events/convert.go:66.2,66.11 1 1
github.com/JailtonJunior94/ai-spec-harness/internal/runtime/events/convert.go:71.64,72.20 1 1
github.com/JailtonJunior94/ai-spec-harness/internal/runtime/events/convert.go:72.20,74.3 1 1
github.com/JailtonJunior94/ai-spec-harness/internal/runtime/events/convert.go:75.2,75.11 1 1
github.com/JailtonJunior94/ai-spec-harness/internal/runtime/events/convert.go:79.60,81.2 1 1
github.com/JailtonJunior94/ai-spec-harness/internal/runtime/events/convert.go:89.83,93.14 3 1
github.com/JailtonJunior94/ai-spec-harness/internal/runtime/events/convert.go:94.21,97.51 3 1
github.com/JailtonJunior94/ai-spec-harness/internal/runtime/events/convert.go:99.10,100.51 1 1
github.com/JailtonJunior94/ai-spec-harness/internal/runtime/events/convert.go:102.10,103.36 1 1
github.com/JailtonJunior94/ai-spec-harness/internal/runtime/events/convert.go:117.91,128.37 4 1
github.com/JailtonJunior94/ai-spec-harness/internal/runtime/events/convert.go:128.37,130.17 2 1
github.com/JailtonJunior94/ai-spec-harness/internal/runtime/events/convert.go:130.17,134.4 1 1
github.com/JailtonJunior94/ai-spec-harness/internal/runtime/events/convert.go:135.3,135.41 1 1
github.com/JailtonJunior94/ai-spec-harness/internal/runtime/events/convert.go:139.2,139.37 1 1
github.com/JailtonJunior94/ai-spec-harness/internal/runtime/events/convert.go:139.37,141.17 2 1
github.com/JailtonJunior94/ai-spec-harness/internal/runtime/events/convert.go:141.17,143.4 1 1
github.com/JailtonJunior94/ai-spec-harness/internal/runtime/events/convert.go:144.3,144.41 1 1
github.com/JailtonJunior94/ai-spec-harness/internal/runtime/events/convert.go:148.2,148.28 1 1
github.com/JailtonJunior94/ai-spec-harness/internal/runtime/events/convert.go:148.28,152.17 4 1
github.com/JailtonJunior94/ai-spec-harness/internal/runtime/events/convert.go:152.17,155.4 1 0
github.com/JailtonJunior94/ai-spec-harness/internal/runtime/events/convert.go:156.3,157.25 2 1
github.com/JailtonJunior94/ai-spec-harness/internal/runtime/events/convert.go:157.25,158.55 1 1
github.com/JailtonJunior94/ai-spec-harness/internal/runtime/events/convert.go:158.55,160.5 1 1
github.com/JailtonJunior94/ai-spec-harness/internal/runtime/events/convert.go:162.3,162.56 1 1
github.com/JailtonJunior94/ai-spec-harness/internal/runtime/events/convert.go:166.2,166.34 1 1
github.com/JailtonJunior94/ai-spec-harness/internal/runtime/events/convert.go:166.34,171.24 4 1
github.com/JailtonJunior94/ai-spec-harness/internal/runtime/events/convert.go:171.24,173.4 1 1
github.com/JailtonJunior94/ai-spec-harness/internal/runtime/events/convert.go:174.3,177.27 3 1
github.com/JailtonJunior94/ai-spec-harness/internal/runtime/events/convert.go:177.27,178.57 1 1
github.com/JailtonJunior94/ai-spec-harness/internal/runtime/events/convert.go:178.57,180.5 1 1
github.com/JailtonJunior94/ai-spec-harness/internal/runtime/events/convert.go:182.3,182.75 1 1
github.com/JailtonJunior94/ai-spec-harness/internal/runtime/events/convert.go:186.2,186.36 1 1
github.com/JailtonJunior94/ai-spec-harness/internal/runtime/events/convert.go:186.36,188.3 1 1
github.com/JailtonJunior94/ai-spec-harness/internal/runtime/events/convert.go:192.2,193.19 2 1
github.com/JailtonJunior94/ai-spec-harness/internal/runtime/events/convert.go:193.19,195.3 1 0
github.com/JailtonJunior94/ai-spec-harness/internal/runtime/events/convert.go:196.2,196.38 1 1
github.com/JailtonJunior94/ai-spec-harness/internal/runtime/events/convert.go:205.101,206.26 1 1
github.com/JailtonJunior94/ai-spec-harness/internal/runtime/events/convert.go:206.26,208.3 1 1
github.com/JailtonJunior94/ai-spec-harness/internal/runtime/events/convert.go:209.2,210.10 2 1
github.com/JailtonJunior94/ai-spec-harness/internal/runtime/events/convert.go:257.75,258.19 1 1
github.com/JailtonJunior94/ai-spec-harness/internal/runtime/events/convert.go:258.19,260.3 1 1
github.com/JailtonJunior94/ai-spec-harness/internal/runtime/events/convert.go:261.2,262.55 2 1
github.com/JailtonJunior94/ai-spec-harness/internal/runtime/events/convert.go:262.55,264.3 1 1
github.com/JailtonJunior94/ai-spec-harness/internal/runtime/events/convert.go:265.2,265.27 1 1
github.com/JailtonJunior94/ai-spec-harness/internal/runtime/events/convert.go:265.27,267.3 1 1
github.com/JailtonJunior94/ai-spec-harness/internal/runtime/events/convert.go:268.2,273.3 2 1
github.com/JailtonJunior94/ai-spec-harness/internal/runtime/events/counters.go:39.46,44.2 1 1
github.com/JailtonJunior94/ai-spec-harness/internal/runtime/events/counters.go:48.46,49.20 1 1
github.com/JailtonJunior94/ai-spec-harness/internal/runtime/events/counters.go:50.25,52.15 2 1
github.com/JailtonJunior94/ai-spec-harness/internal/runtime/events/counters.go:52.15,54.4 1 0
github.com/JailtonJunior94/ai-spec-harness/internal/runtime/events/counters.go:55.3,56.18 2 1
github.com/JailtonJunior94/ai-spec-harness/internal/runtime/events/counters.go:56.18,58.4 1 1
github.com/JailtonJunior94/ai-spec-harness/internal/runtime/events/counters.go:59.3,59.39 1 1
github.com/JailtonJunior94/ai-spec-harness/internal/runtime/events/counters.go:59.39,65.4 1 1
github.com/JailtonJunior94/ai-spec-harness/internal/runtime/events/counters.go:66.26,68.15 2 1
github.com/JailtonJunior94/ai-spec-harness/internal/runtime/events/counters.go:68.15,70.4 1 0
github.com/JailtonJunior94/ai-spec-harness/internal/runtime/events/counters.go:71.3,72.18 2 1
github.com/JailtonJunior94/ai-spec-harness/internal/runtime/events/counters.go:72.18,74.4 1 0
github.com/JailtonJunior94/ai-spec-harness/internal/runtime/events/counters.go:75.3,76.14 2 1
github.com/JailtonJunior94/ai-spec-harness/internal/runtime/events/counters.go:76.14,81.4 1 1
github.com/JailtonJunior94/ai-spec-harness/internal/runtime/events/counters.go:82.3,83.16 2 1
github.com/JailtonJunior94/ai-spec-harness/internal/runtime/events/counters.go:83.16,85.4 1 1
github.com/JailtonJunior94/ai-spec-harness/internal/runtime/events/counters.go:86.3,86.19 1 1
github.com/JailtonJunior94/ai-spec-harness/internal/runtime/events/counters.go:87.19,89.36 2 1
github.com/JailtonJunior94/ai-spec-harness/internal/runtime/events/counters.go:89.36,91.4 1 1
github.com/JailtonJunior94/ai-spec-harness/internal/runtime/events/counters.go:96.58,98.29 2 1
github.com/JailtonJunior94/ai-spec-harness/internal/runtime/events/counters.go:98.29,106.3 1 1
github.com/JailtonJunior94/ai-spec-harness/internal/runtime/events/counters.go:107.2,107.41 1 1
github.com/JailtonJunior94/ai-spec-harness/internal/runtime/events/counters.go:107.41,109.3 1 1
github.com/JailtonJunior94/ai-spec-harness/internal/runtime/events/counters.go:110.2,110.15 1 1
github.com/JailtonJunior94/ai-spec-harness/internal/runtime/events/counters.go:114.46,116.2 1 1
github.com/JailtonJunior94/ai-spec-harness/internal/runtime/events/counters.go:119.52,121.32 2 1
github.com/JailtonJunior94/ai-spec-harness/internal/runtime/events/counters.go:121.32,123.3 1 1
github.com/JailtonJunior94/ai-spec-harness/internal/runtime/events/counters.go:124.2,125.15 2 1
github.com/JailtonJunior94/ai-spec-harness/internal/runtime/events/event.go:49.72,55.2 2 0
github.com/JailtonJunior94/ai-spec-harness/internal/runtime/events/event.go:58.40,59.32 1 0
github.com/JailtonJunior94/ai-spec-harness/internal/runtime/events/event.go:59.32,61.3 1 0
github.com/JailtonJunior94/ai-spec-harness/internal/runtime/events/event.go:62.2,62.43 1 0
github.com/JailtonJunior94/ai-spec-harness/internal/runtime/events/event.go:66.37,67.32 1 0
github.com/JailtonJunior94/ai-spec-harness/internal/runtime/events/event.go:67.32,69.3 1 0
github.com/JailtonJunior94/ai-spec-harness/internal/runtime/events/event.go:70.2,70.36 1 0
github.com/JailtonJunior94/ai-spec-harness/internal/runtime/events/event.go:74.85,75.16 1 1
github.com/JailtonJunior94/ai-spec-harness/internal/runtime/events/event.go:75.16,77.3 1 1
github.com/JailtonJunior94/ai-spec-harness/internal/runtime/events/event.go:78.2,83.8 1 1
github.com/JailtonJunior94/ai-spec-harness/internal/runtime/events/event.go:87.85,88.16 1 1
github.com/JailtonJunior94/ai-spec-harness/internal/runtime/events/event.go:88.16,90.3 1 1
github.com/JailtonJunior94/ai-spec-harness/internal/runtime/events/event.go:91.2,96.8 1 1
github.com/JailtonJunior94/ai-spec-harness/internal/runtime/events/event.go:100.115,101.16 1 1
github.com/JailtonJunior94/ai-spec-harness/internal/runtime/events/event.go:101.16,103.3 1 1
github.com/JailtonJunior94/ai-spec-harness/internal/runtime/events/event.go:104.2,110.8 1 1
github.com/JailtonJunior94/ai-spec-harness/internal/runtime/events/event.go:114.124,122.2 1 1
github.com/JailtonJunior94/ai-spec-harness/internal/runtime/events/event.go:125.99,132.2 1 1
github.com/JailtonJunior94/ai-spec-harness/internal/runtime/events/event.go:136.143,137.47 1 1
github.com/JailtonJunior94/ai-spec-harness/internal/runtime/events/event.go:137.47,139.3 1 1
github.com/JailtonJunior94/ai-spec-harness/internal/runtime/events/event.go:140.2,154.8 3 1
github.com/JailtonJunior94/ai-spec-harness/internal/runtime/events/event.go:158.83,165.2 1 1
github.com/JailtonJunior94/ai-spec-harness/internal/runtime/events/event.go:168.33,168.50 1 1
github.com/JailtonJunior94/ai-spec-harness/internal/runtime/events/event.go:171.38,171.53 1 1
github.com/JailtonJunior94/ai-spec-harness/internal/runtime/events/event.go:174.40,174.63 1 1
github.com/JailtonJunior94/ai-spec-harness/internal/runtime/events/event.go:177.34,177.55 1 1
github.com/JailtonJunior94/ai-spec-harness/internal/runtime/events/event.go:180.34,180.69 1 1
github.com/JailtonJunior94/ai-spec-harness/internal/runtime/events/event.go:183.52,183.77 1 1
github.com/JailtonJunior94/ai-spec-harness/internal/runtime/events/event.go:186.52,186.77 1 1
github.com/JailtonJunior94/ai-spec-harness/internal/runtime/events/event.go:189.54,189.80 1 1
github.com/JailtonJunior94/ai-spec-harness/internal/runtime/events/event.go:192.56,192.83 1 1
github.com/JailtonJunior94/ai-spec-harness/internal/runtime/events/event.go:195.48,195.71 1 1
github.com/JailtonJunior94/ai-spec-harness/internal/runtime/events/event.go:198.50,198.74 1 1
github.com/JailtonJunior94/ai-spec-harness/internal/runtime/events/event.go:201.42,201.62 1 1
github.com/JailtonJunior94/ai-spec-harness/internal/runtime/events/event.go:205.38,205.54 1 0
github.com/JailtonJunior94/ai-spec-harness/internal/runtime/events/event.go:220.46,228.32 2 1
github.com/JailtonJunior94/ai-spec-harness/internal/runtime/events/event.go:228.32,231.3 2 0
github.com/JailtonJunior94/ai-spec-harness/internal/runtime/events/event.go:232.2,232.26 1 1
github.com/JailtonJunior94/ai-spec-harness/internal/runtime/events/extractor.go:23.67,24.20 1 1
github.com/JailtonJunior94/ai-spec-harness/internal/runtime/events/extractor.go:25.16,26.27 1 1
github.com/JailtonJunior94/ai-spec-harness/internal/runtime/events/extractor.go:27.16,28.27 1 1
github.com/JailtonJunior94/ai-spec-harness/internal/runtime/events/extractor.go:29.10,31.25 1 1
github.com/JailtonJunior94/ai-spec-harness/internal/runtime/events/extractor.go:43.63,45.83 2 1
github.com/JailtonJunior94/ai-spec-harness/internal/runtime/events/extractor.go:45.83,47.3 1 1
github.com/JailtonJunior94/ai-spec-harness/internal/runtime/events/extractor.go:48.2,51.68 2 1
github.com/JailtonJunior94/ai-spec-harness/internal/runtime/events/extractor.go:62.63,65.54 2 1
github.com/JailtonJunior94/ai-spec-harness/internal/runtime/events/extractor.go:65.54,67.3 1 1
github.com/JailtonJunior94/ai-spec-harness/internal/runtime/events/extractor.go:68.2,72.68 2 1
github.com/JailtonJunior94/ai-spec-harness/internal/runtime/events/extractor.go:83.59,85.2 1 1
github.com/JailtonJunior94/ai-spec-harness/internal/runtime/events/gemini_metrics.go:37.84,38.19 1 1
github.com/JailtonJunior94/ai-spec-harness/internal/runtime/events/gemini_metrics.go:38.19,40.3 1 1
github.com/JailtonJunior94/ai-spec-harness/internal/runtime/events/gemini_metrics.go:41.2,42.55 2 1
github.com/JailtonJunior94/ai-spec-harness/internal/runtime/events/gemini_metrics.go:42.55,44.3 1 1
github.com/JailtonJunior94/ai-spec-harness/internal/runtime/events/gemini_metrics.go:45.2,45.28 1 1
github.com/JailtonJunior94/ai-spec-harness/internal/runtime/events/gemini_metrics.go:53.96,62.2 3 0
github.com/JailtonJunior94/ai-spec-harness/internal/runtime/events/kinds.go:37.63,39.34 2 1
github.com/JailtonJunior94/ai-spec-harness/internal/runtime/events/kinds.go:39.34,41.3 1 1
github.com/JailtonJunior94/ai-spec-harness/internal/runtime/events/kinds.go:42.2,42.15 1 1
github.com/JailtonJunior94/ai-spec-harness/internal/runtime/events/metricset.go:31.101,37.20 2 1
github.com/JailtonJunior94/ai-spec-harness/internal/runtime/events/metricset.go:37.20,39.27 2 1
github.com/JailtonJunior94/ai-spec-harness/internal/runtime/events/metricset.go:39.27,41.4 1 1
github.com/JailtonJunior94/ai-spec-harness/internal/runtime/events/metricset.go:43.2,43.10 1 1
github.com/JailtonJunior94/ai-spec-harness/internal/runtime/events/metricset.go:47.35,48.11 1 1
github.com/JailtonJunior94/ai-spec-harness/internal/runtime/events/metricset.go:48.11,50.3 1 1
github.com/JailtonJunior94/ai-spec-harness/internal/runtime/events/metricset.go:51.2,51.10 1 1
github.com/JailtonJunior94/ai-spec-harness/internal/runtime/events/metricset.go:55.38,55.62 1 1
github.com/JailtonJunior94/ai-spec-harness/internal/runtime/events/metricset.go:58.42,58.70 1 1
github.com/JailtonJunior94/ai-spec-harness/internal/runtime/events/metricset.go:61.41,61.68 1 1
github.com/JailtonJunior94/ai-spec-harness/internal/runtime/events/metricset.go:65.43,69.2 3 1
github.com/JailtonJunior94/ai-spec-harness/internal/runtime/events/metricset.go:74.49,82.20 3 1
github.com/JailtonJunior94/ai-spec-harness/internal/runtime/events/metricset.go:82.20,84.29 2 1
github.com/JailtonJunior94/ai-spec-harness/internal/runtime/events/metricset.go:84.29,86.4 1 1
github.com/JailtonJunior94/ai-spec-harness/internal/runtime/events/metricset.go:87.3,87.29 1 1
github.com/JailtonJunior94/ai-spec-harness/internal/runtime/events/metricset.go:87.29,89.4 1 1
github.com/JailtonJunior94/ai-spec-harness/internal/runtime/events/metricset.go:91.2,91.15 1 1
github.com/JailtonJunior94/ai-spec-harness/internal/runtime/events/metricset.go:96.34,97.75 1 1
github.com/JailtonJunior94/ai-spec-harness/internal/runtime/events/metricset.go:97.75,99.3 1 1
github.com/JailtonJunior94/ai-spec-harness/internal/runtime/events/metricset.go:100.2,100.28 1 1
github.com/JailtonJunior94/ai-spec-harness/internal/runtime/events/metricset.go:100.28,101.13 1 1
github.com/JailtonJunior94/ai-spec-harness/internal/runtime/events/metricset.go:101.13,103.4 1 1
github.com/JailtonJunior94/ai-spec-harness/internal/runtime/events/metricset.go:105.2,105.13 1 1
github.com/JailtonJunior94/ai-spec-harness/internal/runtime/events/metricset.go:112.43,113.16 1 1
github.com/JailtonJunior94/ai-spec-harness/internal/runtime/events/metricset.go:113.16,115.3 1 1
github.com/JailtonJunior94/ai-spec-harness/internal/runtime/events/metricset.go:118.2,128.30 3 1
github.com/JailtonJunior94/ai-spec-harness/internal/runtime/events/metricset.go:128.30,129.19 1 1
github.com/JailtonJunior94/ai-spec-harness/internal/runtime/events/metricset.go:129.19,131.4 1 1
github.com/JailtonJunior94/ai-spec-harness/internal/runtime/events/metricset.go:135.2,136.25 2 1
github.com/JailtonJunior94/ai-spec-harness/internal/runtime/events/metricset.go:136.25,138.3 1 1
github.com/JailtonJunior94/ai-spec-harness/internal/runtime/events/metricset.go:139.2,140.30 2 1
github.com/JailtonJunior94/ai-spec-harness/internal/runtime/events/metricset.go:140.30,141.30 1 1
github.com/JailtonJunior94/ai-spec-harness/internal/runtime/events/metricset.go:141.30,143.4 1 1
github.com/JailtonJunior94/ai-spec-harness/internal/runtime/events/metricset.go:146.2,146.12 1 1
github.com/JailtonJunior94/ai-spec-harness/internal/runtime/events/normalize.go:61.74,66.36 3 1
github.com/JailtonJunior94/ai-spec-harness/internal/runtime/events/normalize.go:66.36,67.16 1 1
github.com/JailtonJunior94/ai-spec-harness/internal/runtime/events/normalize.go:67.16,68.12 1 1
github.com/JailtonJunior94/ai-spec-harness/internal/runtime/events/normalize.go:70.3,72.17 3 1
github.com/JailtonJunior94/ai-spec-harness/internal/runtime/events/normalize.go:72.17,74.9 2 1
github.com/JailtonJunior94/ai-spec-harness/internal/runtime/events/normalize.go:78.2,81.43 4 1
github.com/JailtonJunior94/ai-spec-harness/internal/runtime/events/normalize.go:81.43,83.3 1 0
github.com/JailtonJunior94/ai-spec-harness/internal/runtime/events/normalize.go:85.2,85.24 1 1
github.com/JailtonJunior94/ai-spec-harness/internal/runtime/events/normalize.go:85.24,87.3 1 1
github.com/JailtonJunior94/ai-spec-harness/internal/runtime/events/normalize.go:88.2,90.20 2 1
github.com/JailtonJunior94/ai-spec-harness/internal/runtime/events/normalize.go:96.61,97.68 1 1
github.com/JailtonJunior94/ai-spec-harness/internal/runtime/events/normalize.go:97.68,99.3 1 1
github.com/JailtonJunior94/ai-spec-harness/internal/runtime/events/normalize.go:100.2,100.26 1 1
github.com/JailtonJunior94/ai-spec-harness/internal/runtime/events/normalize.go:100.26,102.3 1 0
github.com/JailtonJunior94/ai-spec-harness/internal/runtime/events/normalize.go:103.2,103.47 1 1
github.com/JailtonJunior94/ai-spec-harness/internal/runtime/events/normalize.go:103.47,104.51 1 1
github.com/JailtonJunior94/ai-spec-harness/internal/runtime/events/normalize.go:104.51,106.12 1 1
github.com/JailtonJunior94/ai-spec-harness/internal/runtime/events/normalize.go:109.3,111.38 3 0
github.com/JailtonJunior94/ai-spec-harness/internal/runtime/events/normalize.go:124.139,126.16 2 1
github.com/JailtonJunior94/ai-spec-harness/internal/runtime/events/normalize.go:126.16,128.3 1 1
github.com/JailtonJunior94/ai-spec-harness/internal/runtime/events/normalize.go:130.2,130.73 1 1
github.com/JailtonJunior94/ai-spec-harness/internal/runtime/events/normalize.go:143.160,144.27 1 1
github.com/JailtonJunior94/ai-spec-harness/internal/runtime/events/normalize.go:144.27,146.3 1 1
github.com/JailtonJunior94/ai-spec-harness/internal/runtime/events/normalize.go:147.2,148.16 2 1
github.com/JailtonJunior94/ai-spec-harness/internal/runtime/events/normalize.go:148.16,150.3 1 0
github.com/JailtonJunior94/ai-spec-harness/internal/runtime/events/normalize.go:151.2,151.80 1 1
github.com/JailtonJunior94/ai-spec-harness/internal/runtime/events/normalize.go:155.142,159.48 2 1
github.com/JailtonJunior94/ai-spec-harness/internal/runtime/events/normalize.go:159.48,160.57 1 1
github.com/JailtonJunior94/ai-spec-harness/internal/runtime/events/normalize.go:160.57,162.4 1 1
github.com/JailtonJunior94/ai-spec-harness/internal/runtime/events/normalize.go:167.2,168.16 2 1
github.com/JailtonJunior94/ai-spec-harness/internal/runtime/events/normalize.go:168.16,170.3 1 0
github.com/JailtonJunior94/ai-spec-harness/internal/runtime/events/normalize.go:172.2,177.8 1 1
github.com/JailtonJunior94/ai-spec-harness/internal/runtime/events/normalize.go:183.138,184.24 1 1
github.com/JailtonJunior94/ai-spec-harness/internal/runtime/events/normalize.go:184.24,186.3 1 1
github.com/JailtonJunior94/ai-spec-harness/internal/runtime/events/normalize.go:189.2,190.61 2 1
github.com/JailtonJunior94/ai-spec-harness/internal/runtime/events/normalize.go:190.61,191.44 1 1
github.com/JailtonJunior94/ai-spec-harness/internal/runtime/events/normalize.go:191.44,193.4 1 1
github.com/JailtonJunior94/ai-spec-harness/internal/runtime/events/normalize.go:197.2,197.28 1 1
github.com/JailtonJunior94/ai-spec-harness/internal/runtime/events/normalize.go:197.28,201.3 3 1
github.com/JailtonJunior94/ai-spec-harness/internal/runtime/events/normalize.go:204.2,205.60 2 1
github.com/JailtonJunior94/ai-spec-harness/internal/runtime/events/normalize.go:205.60,210.3 3 1
github.com/JailtonJunior94/ai-spec-harness/internal/runtime/events/normalize.go:212.2,213.29 2 1
github.com/JailtonJunior94/ai-spec-harness/internal/runtime/events/normalize.go:213.29,214.56 1 1
github.com/JailtonJunior94/ai-spec-harness/internal/runtime/events/normalize.go:214.56,216.4 1 1
github.com/JailtonJunior94/ai-spec-harness/internal/runtime/events/normalize.go:216.9,218.4 1 1
github.com/JailtonJunior94/ai-spec-harness/internal/runtime/events/normalize.go:221.2,222.16 2 1
github.com/JailtonJunior94/ai-spec-harness/internal/runtime/events/normalize.go:222.16,224.3 1 0
github.com/JailtonJunior94/ai-spec-harness/internal/runtime/events/normalize.go:226.2,226.21 1 1
github.com/JailtonJunior94/ai-spec-harness/internal/runtime/events/payloads.go:9.45,11.2 1 1
github.com/JailtonJunior94/ai-spec-harness/internal/runtime/events/payloads.go:19.45,21.2 1 1
github.com/JailtonJunior94/ai-spec-harness/internal/runtime/events/payloads.go:30.46,32.2 1 1
github.com/JailtonJunior94/ai-spec-harness/internal/runtime/events/payloads.go:35.47,37.2 1 1
github.com/JailtonJunior94/ai-spec-harness/internal/runtime/events/payloads.go:47.49,49.2 1 1
github.com/JailtonJunior94/ai-spec-harness/internal/runtime/events/payloads.go:52.49,54.2 1 1
github.com/JailtonJunior94/ai-spec-harness/internal/runtime/events/payloads.go:57.46,59.2 1 1
github.com/JailtonJunior94/ai-spec-harness/internal/runtime/events/payloads.go:68.44,70.2 1 1
github.com/JailtonJunior94/ai-spec-harness/internal/runtime/events/payloads.go:73.45,75.2 1 1
github.com/JailtonJunior94/ai-spec-harness/internal/runtime/events/payloads.go:87.48,89.2 1 1
github.com/JailtonJunior94/ai-spec-harness/internal/runtime/events/payloads.go:92.47,94.2 1 1
github.com/JailtonJunior94/ai-spec-harness/internal/runtime/events/payloads.go:97.46,101.2 3 1
github.com/JailtonJunior94/ai-spec-harness/internal/runtime/events/payloads.go:104.50,106.2 1 1
github.com/JailtonJunior94/ai-spec-harness/internal/runtime/events/payloads.go:109.50,111.2 1 1
github.com/JailtonJunior94/ai-spec-harness/internal/runtime/events/payloads.go:119.43,121.2 1 1
github.com/JailtonJunior94/ai-spec-harness/internal/runtime/events/r1_catalog.go:6.28,8.2 1 1
github.com/JailtonJunior94/ai-spec-harness/internal/runtime/events/state.go:33.75,35.12 2 1
github.com/JailtonJunior94/ai-spec-harness/internal/runtime/events/state.go:35.12,37.3 1 1
github.com/JailtonJunior94/ai-spec-harness/internal/runtime/events/state.go:38.2,38.28 1 1
github.com/JailtonJunior94/ai-spec-harness/internal/runtime/events/state.go:38.28,39.16 1 1
github.com/JailtonJunior94/ai-spec-harness/internal/runtime/events/state.go:39.16,41.4 1 1
github.com/JailtonJunior94/ai-spec-harness/internal/runtime/events/state.go:43.2,43.85 1 1
github.com/JailtonJunior94/ai-spec-harness/internal/runtime/events/timeout.go:14.67,15.11 1 1
github.com/JailtonJunior94/ai-spec-harness/internal/runtime/events/timeout.go:15.11,17.3 1 1
github.com/JailtonJunior94/ai-spec-harness/internal/runtime/events/timeout.go:18.2,18.32 1 1
github.com/JailtonJunior94/ai-spec-harness/internal/runtime/events/timeout.go:22.42,24.2 1 1
github.com/JailtonJunior94/ai-spec-harness/internal/runtime/events/timeout.go:27.51,29.2 1 1
github.com/JailtonJunior94/ai-spec-harness/internal/runtime/events/toolcallid.go:13.41,15.2 1 1
github.com/JailtonJunior94/ai-spec-harness/internal/runtime/events/toolcallid.go:18.35,20.2 1 1
github.com/JailtonJunior94/ai-spec-harness/internal/runtime/events/toolcallid.go:23.37,25.2 1 1
github.com/JailtonJunior94/ai-spec-harness/internal/runtime/events/toolcallid.go:28.51,29.16 1 1
github.com/JailtonJunior94/ai-spec-harness/internal/runtime/events/toolcallid.go:29.16,31.3 1 1
github.com/JailtonJunior94/ai-spec-harness/internal/runtime/events/toolcallid.go:32.2,32.30 1 1
github.com/JailtonJunior94/ai-spec-harness/internal/runtime/hooks/dispatcher.go:68.44,68.74 1 0
github.com/JailtonJunior94/ai-spec-harness/internal/runtime/hooks/dispatcher.go:77.41,77.71 1 0
github.com/JailtonJunior94/ai-spec-harness/internal/runtime/hooks/dispatcher.go:85.38,85.73 1 0
github.com/JailtonJunior94/ai-spec-harness/internal/runtime/hooks/dispatcher.go:93.44,93.74 1 0
github.com/JailtonJunior94/ai-spec-harness/internal/runtime/hooks/dispatcher.go:102.47,102.80 1 0
github.com/JailtonJunior94/ai-spec-harness/internal/runtime/hooks/dispatcher.go:113.23,117.2 1 1
github.com/JailtonJunior94/ai-spec-harness/internal/runtime/hooks/dispatcher.go:120.56,124.2 3 1
github.com/JailtonJunior94/ai-spec-harness/internal/runtime/hooks/dispatcher.go:129.83,137.27 6 1
github.com/JailtonJunior94/ai-spec-harness/internal/runtime/hooks/dispatcher.go:137.27,138.41 1 1
github.com/JailtonJunior94/ai-spec-harness/internal/runtime/hooks/dispatcher.go:138.41,140.4 1 1
github.com/JailtonJunior94/ai-spec-harness/internal/runtime/hooks/dispatcher.go:142.2,142.12 1 1
github.com/JailtonJunior94/ai-spec-harness/internal/runtime/hooks/governance.go:34.42,36.2 1 1
github.com/JailtonJunior94/ai-spec-harness/internal/runtime/hooks/governance.go:39.40,39.63 1 1
github.com/JailtonJunior94/ai-spec-harness/internal/runtime/hooks/governance.go:43.68,45.9 2 1
github.com/JailtonJunior94/ai-spec-harness/internal/runtime/hooks/governance.go:45.9,48.3 1 1
github.com/JailtonJunior94/ai-spec-harness/internal/runtime/hooks/governance.go:50.2,51.49 2 1
github.com/JailtonJunior94/ai-spec-harness/internal/runtime/hooks/governance.go:51.49,52.25 1 1
github.com/JailtonJunior94/ai-spec-harness/internal/runtime/hooks/governance.go:52.25,54.4 1 1
github.com/JailtonJunior94/ai-spec-harness/internal/runtime/hooks/governance.go:55.3,55.52 1 0
github.com/JailtonJunior94/ai-spec-harness/internal/runtime/hooks/governance.go:57.2,57.12 1 1
github.com/JailtonJunior94/ai-spec-harness/internal/runtime/hooks/memory_persist.go:41.66,43.2 1 1
github.com/JailtonJunior94/ai-spec-harness/internal/runtime/hooks/memory_persist.go:46.43,46.70 1 1
github.com/JailtonJunior94/ai-spec-harness/internal/runtime/hooks/memory_persist.go:51.71,53.9 2 1
github.com/JailtonJunior94/ai-spec-harness/internal/runtime/hooks/memory_persist.go:53.9,55.3 1 1
github.com/JailtonJunior94/ai-spec-harness/internal/runtime/hooks/memory_persist.go:57.2,58.9 2 1
github.com/JailtonJunior94/ai-spec-harness/internal/runtime/hooks/memory_persist.go:58.9,61.3 1 1
github.com/JailtonJunior94/ai-spec-harness/internal/runtime/hooks/memory_persist.go:63.2,65.85 2 1
github.com/JailtonJunior94/ai-spec-harness/internal/runtime/hooks/memory_persist.go:65.85,67.3 1 0
github.com/JailtonJunior94/ai-spec-harness/internal/runtime/hooks/memory_persist.go:71.2,76.12 4 1
github.com/JailtonJunior94/ai-spec-harness/internal/runtime/hooks/memory_persist.go:82.73,94.2 1 1
github.com/JailtonJunior94/ai-spec-harness/internal/runtime/hooks/spec_drift.go:40.59,42.2 1 1
github.com/JailtonJunior94/ai-spec-harness/internal/runtime/hooks/spec_drift.go:45.39,45.62 1 0
github.com/JailtonJunior94/ai-spec-harness/internal/runtime/hooks/spec_drift.go:55.65,57.9 2 1
github.com/JailtonJunior94/ai-spec-harness/internal/runtime/hooks/spec_drift.go:57.9,60.3 1 1
github.com/JailtonJunior94/ai-spec-harness/internal/runtime/hooks/spec_drift.go:63.2,63.28 1 1
github.com/JailtonJunior94/ai-spec-harness/internal/runtime/hooks/spec_drift.go:63.28,65.3 1 1
github.com/JailtonJunior94/ai-spec-harness/internal/runtime/hooks/spec_drift.go:68.2,68.22 1 1
github.com/JailtonJunior94/ai-spec-harness/internal/runtime/hooks/spec_drift.go:68.22,70.3 1 1
github.com/JailtonJunior94/ai-spec-harness/internal/runtime/hooks/spec_drift.go:72.2,73.16 2 1
github.com/JailtonJunior94/ai-spec-harness/internal/runtime/hooks/spec_drift.go:73.16,77.37 1 1
github.com/JailtonJunior94/ai-spec-harness/internal/runtime/hooks/spec_drift.go:77.37,79.4 1 1
github.com/JailtonJunior94/ai-spec-harness/internal/runtime/hooks/spec_drift.go:81.3,81.84 1 1
github.com/JailtonJunior94/ai-spec-harness/internal/runtime/hooks/spec_drift.go:85.2,85.34 1 1
github.com/JailtonJunior94/ai-spec-harness/internal/runtime/hooks/spec_drift.go:85.34,86.20 1 1
github.com/JailtonJunior94/ai-spec-harness/internal/runtime/hooks/spec_drift.go:86.20,88.4 1 1
github.com/JailtonJunior94/ai-spec-harness/internal/runtime/hooks/spec_drift.go:92.2,92.18 1 1
github.com/JailtonJunior94/ai-spec-harness/internal/runtime/hooks/spec_drift.go:92.18,94.3 1 1
github.com/JailtonJunior94/ai-spec-harness/internal/runtime/hooks/spec_drift.go:96.2,96.12 1 1
github.com/JailtonJunior94/ai-spec-harness/internal/runtime/hooks/token_budget.go:49.55,51.2 1 1
github.com/JailtonJunior94/ai-spec-harness/internal/runtime/hooks/token_budget.go:56.89,57.16 1 1
github.com/JailtonJunior94/ai-spec-harness/internal/runtime/hooks/token_budget.go:57.16,59.3 1 1
github.com/JailtonJunior94/ai-spec-harness/internal/runtime/hooks/token_budget.go:60.2,60.57 1 1
github.com/JailtonJunior94/ai-spec-harness/internal/runtime/hooks/token_budget.go:64.41,64.66 1 1
github.com/JailtonJunior94/ai-spec-harness/internal/runtime/hooks/token_budget.go:69.67,71.9 2 1
github.com/JailtonJunior94/ai-spec-harness/internal/runtime/hooks/token_budget.go:71.9,74.3 1 1
github.com/JailtonJunior94/ai-spec-harness/internal/runtime/hooks/token_budget.go:76.2,76.29 1 1
github.com/JailtonJunior94/ai-spec-harness/internal/runtime/hooks/token_budget.go:76.29,78.3 1 1
github.com/JailtonJunior94/ai-spec-harness/internal/runtime/hooks/token_budget.go:80.2,82.9 3 1
github.com/JailtonJunior94/ai-spec-harness/internal/runtime/hooks/token_budget.go:82.9,85.3 1 1
github.com/JailtonJunior94/ai-spec-harness/internal/runtime/hooks/token_budget.go:86.2,86.12 1 1
github.com/JailtonJunior94/ai-spec-harness/main.go:9.13,10.48 1 0
github.com/JailtonJunior94/ai-spec-harness/main.go:10.48,12.3 1 0
github.com/JailtonJunior94/ai-spec-harness/internal/runtime/mcpserver/wire/wire.go:120.51,128.2 3 1
github.com/JailtonJunior94/ai-spec-harness/internal/runtime/mcpserver/wire/wire.go:132.48,133.23 1 1
github.com/JailtonJunior94/ai-spec-harness/internal/runtime/mcpserver/wire/wire.go:133.23,134.41 1 1
github.com/JailtonJunior94/ai-spec-harness/internal/runtime/mcpserver/wire/wire.go:134.41,136.4 1 0
github.com/JailtonJunior94/ai-spec-harness/internal/runtime/mcpserver/wire/wire.go:137.3,137.27 1 1
github.com/JailtonJunior94/ai-spec-harness/internal/runtime/mcpserver/wire/wire.go:139.2,140.64 2 1
github.com/JailtonJunior94/ai-spec-harness/internal/runtime/mcpserver/wire/wire.go:140.64,142.3 1 1
github.com/JailtonJunior94/ai-spec-harness/internal/runtime/mcpserver/wire/wire.go:143.2,143.17 1 1
github.com/JailtonJunior94/ai-spec-harness/internal/runtime/mcpserver/wire/wire.go:147.52,148.47 1 1
github.com/JailtonJunior94/ai-spec-harness/internal/runtime/mcpserver/wire/wire.go:148.47,150.3 1 0
github.com/JailtonJunior94/ai-spec-harness/internal/runtime/mcpserver/wire/wire.go:151.2,151.12 1 1
github.com/JailtonJunior94/ai-spec-harness/internal/runtime/mcpserver/wire/wire.go:155.77,161.2 1 1
github.com/JailtonJunior94/ai-spec-harness/internal/runtime/mcpserver/wire/wire.go:164.68,170.2 1 1
github.com/JailtonJunior94/ai-spec-harness/internal/runtime/memory/r1_catalog.go:6.28,8.2 1 1
github.com/JailtonJunior94/ai-spec-harness/internal/runtime/memory/store.go:29.42,36.2 1 1
github.com/JailtonJunior94/ai-spec-harness/internal/runtime/memory/store.go:79.48,84.2 1 1
github.com/JailtonJunior94/ai-spec-harness/internal/runtime/memory/store.go:87.36,89.2 1 1
github.com/JailtonJunior94/ai-spec-harness/internal/runtime/memory/store.go:92.39,94.2 1 1
github.com/JailtonJunior94/ai-spec-harness/internal/runtime/memory/store.go:98.54,100.2 1 1
github.com/JailtonJunior94/ai-spec-harness/internal/runtime/memory/store.go:103.35,105.2 1 1
github.com/JailtonJunior94/ai-spec-harness/internal/runtime/memory/store.go:109.50,111.36 2 1
github.com/JailtonJunior94/ai-spec-harness/internal/runtime/memory/store.go:111.36,112.25 1 1
github.com/JailtonJunior94/ai-spec-harness/internal/runtime/memory/store.go:112.25,114.4 1 1
github.com/JailtonJunior94/ai-spec-harness/internal/runtime/memory/store.go:116.2,116.14 1 1
github.com/JailtonJunior94/ai-spec-harness/internal/runtime/memory/store.go:120.85,122.16 2 1
github.com/JailtonJunior94/ai-spec-harness/internal/runtime/memory/store.go:122.16,123.25 1 1
github.com/JailtonJunior94/ai-spec-harness/internal/runtime/memory/store.go:123.25,128.4 1 1
github.com/JailtonJunior94/ai-spec-harness/internal/runtime/memory/store.go:129.3,129.66 1 0
github.com/JailtonJunior94/ai-spec-harness/internal/runtime/memory/store.go:132.2,146.8 5 1
github.com/JailtonJunior94/ai-spec-harness/internal/runtime/memory/store.go:150.73,151.14 1 1
github.com/JailtonJunior94/ai-spec-harness/internal/runtime/memory/store.go:152.24,153.52 1 1
github.com/JailtonJunior94/ai-spec-harness/internal/runtime/memory/store.go:154.23,156.17 2 1
github.com/JailtonJunior94/ai-spec-harness/internal/runtime/memory/store.go:156.17,158.4 1 0
github.com/JailtonJunior94/ai-spec-harness/internal/runtime/memory/store.go:159.3,160.51 2 1
github.com/JailtonJunior94/ai-spec-harness/internal/runtime/memory/store.go:160.51,162.4 1 0
github.com/JailtonJunior94/ai-spec-harness/internal/runtime/memory/store.go:163.3,163.13 1 1
github.com/JailtonJunior94/ai-spec-harness/internal/runtime/memory/store.go:164.10,165.67 1 1
github.com/JailtonJunior94/ai-spec-harness/internal/runtime/memory/store.go:170.67,172.2 1 1
github.com/JailtonJunior94/ai-spec-harness/internal/runtime/memory/store.go:175.84,177.2 1 1
github.com/JailtonJunior94/ai-spec-harness/internal/runtime/memory/store.go:180.88,181.38 1 1
github.com/JailtonJunior94/ai-spec-harness/internal/runtime/memory/store.go:181.38,183.3 1 0
github.com/JailtonJunior94/ai-spec-harness/internal/runtime/memory/store.go:184.2,184.64 1 1
github.com/JailtonJunior94/ai-spec-harness/internal/runtime/memory/store.go:188.98,189.38 1 1
github.com/JailtonJunior94/ai-spec-harness/internal/runtime/memory/store.go:189.38,191.3 1 0
github.com/JailtonJunior94/ai-spec-harness/internal/runtime/memory/store.go:192.2,192.72 1 1
github.com/JailtonJunior94/ai-spec-harness/internal/runtime/memory/window_policy.go:31.78,33.2 1 1
github.com/JailtonJunior94/ai-spec-harness/internal/runtime/memory/window_policy.go:37.105,41.32 2 1
github.com/JailtonJunior94/ai-spec-harness/internal/runtime/memory/window_policy.go:41.32,44.3 1 1
github.com/JailtonJunior94/ai-spec-harness/internal/runtime/memory/window_policy.go:45.2,45.14 1 1
github.com/JailtonJunior94/ai-spec-harness/internal/runtime/memory/window_policy.go:45.14,47.3 1 1
github.com/JailtonJunior94/ai-spec-harness/internal/runtime/memory/window_policy.go:51.2,56.3 1 1
github.com/JailtonJunior94/ai-spec-harness/internal/runtime/memory/window_policy.go:61.58,62.26 1 1
github.com/JailtonJunior94/ai-spec-harness/internal/runtime/memory/window_policy.go:62.26,64.3 1 1
github.com/JailtonJunior94/ai-spec-harness/internal/runtime/memory/window_policy.go:65.2,65.26 1 1
github.com/JailtonJunior94/ai-spec-harness/internal/runtime/memory/window_policy.go:65.26,67.3 1 1
github.com/JailtonJunior94/ai-spec-harness/internal/runtime/memory/window_policy.go:68.2,68.22 1 1
github.com/JailtonJunior94/ai-spec-harness/internal/runtime/memory/window_policy.go:68.22,70.3 1 1
github.com/JailtonJunior94/ai-spec-harness/internal/runtime/memory/window_policy.go:71.2,71.22 1 1
github.com/JailtonJunior94/ai-spec-harness/internal/runtime/memory/window_policy.go:71.22,73.3 1 1
github.com/JailtonJunior94/ai-spec-harness/internal/runtime/memory/window_policy.go:74.2,74.10 1 1
github.com/JailtonJunior94/ai-spec-harness/internal/runtime/persistence/jsonl.go:28.76,30.33 2 1
github.com/JailtonJunior94/ai-spec-harness/internal/runtime/persistence/jsonl.go:30.33,32.3 1 1
github.com/JailtonJunior94/ai-spec-harness/internal/runtime/persistence/jsonl.go:33.2,34.43 2 1
github.com/JailtonJunior94/ai-spec-harness/internal/runtime/persistence/jsonl.go:34.43,36.3 1 1
github.com/JailtonJunior94/ai-spec-harness/internal/runtime/persistence/jsonl.go:38.2,39.16 2 1
github.com/JailtonJunior94/ai-spec-harness/internal/runtime/persistence/jsonl.go:39.16,41.3 1 1
github.com/JailtonJunior94/ai-spec-harness/internal/runtime/persistence/jsonl.go:42.2,42.51 1 1
github.com/JailtonJunior94/ai-spec-harness/internal/runtime/persistence/jsonl.go:47.54,49.16 2 1
github.com/JailtonJunior94/ai-spec-harness/internal/runtime/persistence/jsonl.go:49.16,51.3 1 0
github.com/JailtonJunior94/ai-spec-harness/internal/runtime/persistence/jsonl.go:52.2,58.57 5 1
github.com/JailtonJunior94/ai-spec-harness/internal/runtime/persistence/jsonl.go:58.57,60.3 1 1
github.com/JailtonJunior94/ai-spec-harness/internal/runtime/persistence/jsonl.go:61.2,62.12 2 1
github.com/JailtonJunior94/ai-spec-harness/internal/runtime/persistence/r1_catalog.go:6.28,8.2 1 1
github.com/JailtonJunior94/ai-spec-harness/internal/runtime/persistence/report.go:39.102,43.16 3 1
github.com/JailtonJunior94/ai-spec-harness/internal/runtime/persistence/report.go:43.16,46.3 1 1
github.com/JailtonJunior94/ai-spec-harness/internal/runtime/persistence/report.go:48.2,49.16 2 1
github.com/JailtonJunior94/ai-spec-harness/internal/runtime/persistence/report.go:49.16,51.3 1 0
github.com/JailtonJunior94/ai-spec-harness/internal/runtime/persistence/report.go:53.2,57.96 2 1
github.com/JailtonJunior94/ai-spec-harness/internal/runtime/persistence/report.go:57.96,59.3 1 1
github.com/JailtonJunior94/ai-spec-harness/internal/runtime/persistence/report.go:61.2,61.63 1 1
github.com/JailtonJunior94/ai-spec-harness/internal/runtime/persistence/report.go:61.63,63.3 1 1
github.com/JailtonJunior94/ai-spec-harness/internal/runtime/persistence/report.go:64.2,64.12 1 1
github.com/JailtonJunior94/ai-spec-harness/internal/runtime/persistence/report.go:71.67,73.22 2 1
github.com/JailtonJunior94/ai-spec-harness/internal/runtime/persistence/report.go:73.22,75.3 1 1
github.com/JailtonJunior94/ai-spec-harness/internal/runtime/persistence/report.go:76.2,79.27 4 1
github.com/JailtonJunior94/ai-spec-harness/internal/runtime/persistence/report.go:79.27,81.3 1 1
github.com/JailtonJunior94/ai-spec-harness/internal/runtime/persistence/report.go:82.2,82.20 1 1
github.com/JailtonJunior94/ai-spec-harness/internal/runtime/persistence/report.go:88.78,90.2 1 1
github.com/JailtonJunior94/ai-spec-harness/internal/runtime/persistence/report.go:94.72,97.16 3 1
github.com/JailtonJunior94/ai-spec-harness/internal/runtime/persistence/report.go:97.16,99.40 1 1
github.com/JailtonJunior94/ai-spec-harness/internal/runtime/persistence/report.go:99.40,101.4 1 0
github.com/JailtonJunior94/ai-spec-harness/internal/runtime/persistence/report.go:102.3,102.34 1 1
github.com/JailtonJunior94/ai-spec-harness/internal/runtime/persistence/report.go:105.2,106.34 2 0
github.com/JailtonJunior94/ai-spec-harness/internal/runtime/persistence/report.go:110.74,112.62 2 1
github.com/JailtonJunior94/ai-spec-harness/internal/runtime/persistence/report.go:112.62,114.3 1 0
github.com/JailtonJunior94/ai-spec-harness/internal/runtime/persistence/report.go:115.2,115.25 1 1
github.com/JailtonJunior94/ai-spec-harness/internal/runtime/persistence/report.go:119.65,121.16 2 1
github.com/JailtonJunior94/ai-spec-harness/internal/runtime/persistence/report.go:121.16,123.57 1 1
github.com/JailtonJunior94/ai-spec-harness/internal/runtime/persistence/report.go:123.57,125.4 1 0
github.com/JailtonJunior94/ai-spec-harness/internal/runtime/persistence/report.go:126.3,126.34 1 1
github.com/JailtonJunior94/ai-spec-harness/internal/runtime/persistence/report.go:130.2,135.20 4 1
github.com/JailtonJunior94/ai-spec-harness/internal/runtime/persistence/report.go:135.20,138.3 1 1
github.com/JailtonJunior94/ai-spec-harness/internal/runtime/persistence/report.go:141.2,142.63 2 1
github.com/JailtonJunior94/ai-spec-harness/internal/runtime/persistence/session.go:22.97,25.16 3 0
github.com/JailtonJunior94/ai-spec-harness/internal/runtime/persistence/session.go:25.16,27.3 1 0
github.com/JailtonJunior94/ai-spec-harness/internal/runtime/persistence/session.go:28.2,32.8 1 0
github.com/JailtonJunior94/ai-spec-harness/internal/runtime/persistence/session.go:36.66,38.2 1 0
github.com/JailtonJunior94/ai-spec-harness/internal/runtime/persistence/session.go:41.87,44.2 2 0
github.com/JailtonJunior94/ai-spec-harness/internal/runtime/persistence/session.go:47.76,50.2 2 0
github.com/JailtonJunior94/ai-spec-harness/internal/runtime/persistence/session.go:60.84,62.2 1 0
github.com/JailtonJunior94/ai-spec-harness/internal/runtime/persistence/session.go:65.92,67.2 1 0
github.com/JailtonJunior94/ai-spec-harness/internal/runtime/persistence/toolcalls.go:15.109,18.43 3 1
github.com/JailtonJunior94/ai-spec-harness/internal/runtime/persistence/toolcalls.go:18.43,20.3 1 1
github.com/JailtonJunior94/ai-spec-harness/internal/runtime/persistence/toolcalls.go:22.2,23.63 2 1
github.com/JailtonJunior94/ai-spec-harness/internal/runtime/persistence/toolcalls.go:23.63,25.3 1 1
github.com/JailtonJunior94/ai-spec-harness/internal/runtime/persistence/toolcalls.go:26.2,26.12 1 1
github.com/JailtonJunior94/ai-spec-harness/internal/runtime/persistence/toolcalls.go:30.84,31.25 1 1
github.com/JailtonJunior94/ai-spec-harness/internal/runtime/persistence/toolcalls.go:31.25,33.3 1 1
github.com/JailtonJunior94/ai-spec-harness/internal/runtime/persistence/toolcalls.go:35.2,37.30 3 1
github.com/JailtonJunior94/ai-spec-harness/internal/runtime/persistence/toolcalls.go:37.30,39.14 2 1
github.com/JailtonJunior94/ai-spec-harness/internal/runtime/persistence/toolcalls.go:39.14,41.4 1 1
github.com/JailtonJunior94/ai-spec-harness/internal/runtime/persistence/toolcalls.go:43.3,48.4 1 1
github.com/JailtonJunior94/ai-spec-harness/internal/runtime/persistence/toolcalls.go:50.2,50.20 1 1
github.com/JailtonJunior94/ai-spec-harness/internal/runtime/probe/lookpath.go:17.45,19.2 1 0
github.com/JailtonJunior94/ai-spec-harness/internal/runtime/probe/lookpath.go:21.59,23.2 1 0
github.com/JailtonJunior94/ai-spec-harness/internal/runtime/probe/probe.go:33.85,38.2 1 1
github.com/JailtonJunior94/ai-spec-harness/internal/runtime/probe/probe.go:58.114,59.34 1 1
github.com/JailtonJunior94/ai-spec-harness/internal/runtime/probe/probe.go:59.34,61.3 1 1
github.com/JailtonJunior94/ai-spec-harness/internal/runtime/probe/probe.go:63.2,65.9 3 1
github.com/JailtonJunior94/ai-spec-harness/internal/runtime/probe/probe.go:65.9,67.3 1 0
github.com/JailtonJunior94/ai-spec-harness/internal/runtime/probe/probe.go:69.2,69.19 1 1
github.com/JailtonJunior94/ai-spec-harness/internal/runtime/probe/probe.go:69.19,71.3 1 1
github.com/JailtonJunior94/ai-spec-harness/internal/runtime/probe/probe.go:73.2,73.26 1 1
github.com/JailtonJunior94/ai-spec-harness/internal/runtime/probe/probe.go:79.85,83.58 1 1
github.com/JailtonJunior94/ai-spec-harness/internal/runtime/probe/probe.go:83.58,85.3 1 1
github.com/JailtonJunior94/ai-spec-harness/internal/runtime/probe/probe.go:90.2,90.36 1 1
github.com/JailtonJunior94/ai-spec-harness/internal/runtime/probe/probe.go:90.36,91.57 1 1
github.com/JailtonJunior94/ai-spec-harness/internal/runtime/probe/probe.go:91.57,93.4 1 1
github.com/JailtonJunior94/ai-spec-harness/internal/runtime/probe/probe.go:98.2,99.9 2 1
github.com/JailtonJunior94/ai-spec-harness/internal/runtime/probe/probe.go:99.9,101.3 1 1
github.com/JailtonJunior94/ai-spec-harness/internal/runtime/probe/probe.go:102.2,103.76 2 1
github.com/JailtonJunior94/ai-spec-harness/internal/runtime/probe/probe.go:108.32,109.37 1 1
github.com/JailtonJunior94/ai-spec-harness/internal/runtime/probe/probe.go:109.37,112.3 2 1
github.com/JailtonJunior94/ai-spec-harness/internal/runtime/probe/r1_catalog.go:6.28,8.2 1 1
github.com/JailtonJunior94/ai-spec-harness/internal/runtime/render/human.go:20.53,22.2 1 1
github.com/JailtonJunior94/ai-spec-harness/internal/runtime/render/human.go:26.50,27.20 1 1
github.com/JailtonJunior94/ai-spec-harness/internal/runtime/render/human.go:28.31,29.40 1 1
github.com/JailtonJunior94/ai-spec-harness/internal/runtime/render/human.go:29.40,31.4 1 1
github.com/JailtonJunior94/ai-spec-harness/internal/runtime/render/human.go:33.31,34.40 1 1
github.com/JailtonJunior94/ai-spec-harness/internal/runtime/render/human.go:34.40,36.4 1 1
github.com/JailtonJunior94/ai-spec-harness/internal/runtime/render/human.go:38.32,39.41 1 1
github.com/JailtonJunior94/ai-spec-harness/internal/runtime/render/human.go:39.41,41.4 1 1
github.com/JailtonJunior94/ai-spec-harness/internal/runtime/render/human.go:43.33,44.55 1 1
github.com/JailtonJunior94/ai-spec-harness/internal/runtime/render/human.go:44.55,46.4 1 1
github.com/JailtonJunior94/ai-spec-harness/internal/runtime/render/human.go:49.10,49.10 0 1
github.com/JailtonJunior94/ai-spec-harness/internal/scaffold/scaffold.go:18.71,20.2 1 1
github.com/JailtonJunior94/ai-spec-harness/internal/scaffold/scaffold.go:23.59,31.64 5 1
github.com/JailtonJunior94/ai-spec-harness/internal/scaffold/scaffold.go:31.64,33.3 1 0
github.com/JailtonJunior94/ai-spec-harness/internal/scaffold/scaffold.go:35.2,78.83 2 1
github.com/JailtonJunior94/ai-spec-harness/internal/scaffold/scaffold.go:78.83,80.3 1 0
github.com/JailtonJunior94/ai-spec-harness/internal/scaffold/scaffold.go:83.2,90.27 2 1
github.com/JailtonJunior94/ai-spec-harness/internal/scaffold/scaffold.go:90.27,106.92 4 1
github.com/JailtonJunior94/ai-spec-harness/internal/scaffold/scaffold.go:106.92,108.4 1 0
github.com/JailtonJunior94/ai-spec-harness/internal/scaffold/scaffold.go:112.2,124.73 4 1
github.com/JailtonJunior94/ai-spec-harness/internal/scaffold/scaffold.go:124.73,126.3 1 0
github.com/JailtonJunior94/ai-spec-harness/internal/scaffold/scaffold.go:128.2,139.12 11 1
github.com/JailtonJunior94/ai-spec-harness/internal/scaffold/scaffold.go:142.49,144.39 2 1
github.com/JailtonJunior94/ai-spec-harness/internal/scaffold/scaffold.go:144.39,145.49 1 1
github.com/JailtonJunior94/ai-spec-harness/internal/scaffold/scaffold.go:145.49,148.4 2 1
github.com/JailtonJunior94/ai-spec-harness/internal/scaffold/scaffold.go:149.3,150.11 2 1
github.com/JailtonJunior94/ai-spec-harness/internal/runtime/specs/claude.go:34.33,52.2 1 1
github.com/JailtonJunior94/ai-spec-harness/internal/runtime/specs/codex.go:56.32,75.2 1 1
github.com/JailtonJunior94/ai-spec-harness/internal/runtime/specs/codex.go:89.101,91.17 2 1
github.com/JailtonJunior94/ai-spec-harness/internal/runtime/specs/codex.go:91.17,93.3 1 1
github.com/JailtonJunior94/ai-spec-harness/internal/runtime/specs/codex.go:94.2,94.21 1 1
github.com/JailtonJunior94/ai-spec-harness/internal/runtime/specs/codex.go:94.21,96.3 1 1
github.com/JailtonJunior94/ai-spec-harness/internal/runtime/specs/codex.go:97.2,101.28 2 1
github.com/JailtonJunior94/ai-spec-harness/internal/runtime/specs/codex.go:101.28,107.3 1 1
github.com/JailtonJunior94/ai-spec-harness/internal/runtime/specs/codex.go:108.2,108.13 1 1
github.com/JailtonJunior94/ai-spec-harness/internal/runtime/specs/codex.go:113.85,114.30 1 1
github.com/JailtonJunior94/ai-spec-harness/internal/runtime/specs/codex.go:114.30,116.3 1 1
github.com/JailtonJunior94/ai-spec-harness/internal/runtime/specs/codex.go:117.2,117.13 1 1
github.com/JailtonJunior94/ai-spec-harness/internal/runtime/specs/copilot.go:37.34,55.2 1 1
github.com/JailtonJunior94/ai-spec-harness/internal/runtime/specs/driver.go:20.61,21.11 1 1
github.com/JailtonJunior94/ai-spec-harness/internal/runtime/specs/driver.go:22.46,23.33 1 1
github.com/JailtonJunior94/ai-spec-harness/internal/runtime/specs/driver.go:24.10,25.63 1 1
github.com/JailtonJunior94/ai-spec-harness/internal/runtime/specs/driver.go:30.35,30.53 1 1
github.com/JailtonJunior94/ai-spec-harness/internal/runtime/specs/gemini.go:51.33,66.2 1 1
github.com/JailtonJunior94/ai-spec-harness/internal/runtime/specs/gemini.go:82.90,83.14 1 1
github.com/JailtonJunior94/ai-spec-harness/internal/runtime/specs/gemini.go:84.22,85.45 1 1
github.com/JailtonJunior94/ai-spec-harness/internal/runtime/specs/gemini.go:86.32,87.48 1 1
github.com/JailtonJunior94/ai-spec-harness/internal/runtime/specs/gemini.go:88.10,89.48 1 1
github.com/JailtonJunior94/ai-spec-harness/internal/runtime/specs/launcher.go:20.61,26.2 1 1
github.com/JailtonJunior94/ai-spec-harness/internal/runtime/specs/launcher.go:31.51,37.2 1 1
github.com/JailtonJunior94/ai-spec-harness/internal/runtime/specs/launcher.go:40.33,42.2 1 1
github.com/JailtonJunior94/ai-spec-harness/internal/runtime/specs/launcher.go:45.48,47.2 1 1
github.com/JailtonJunior94/ai-spec-harness/internal/runtime/specs/r1_catalog.go:6.28,8.2 1 1
github.com/JailtonJunior94/ai-spec-harness/internal/runtime/specs/spec.go:52.35,55.2 2 1
github.com/JailtonJunior94/ai-spec-harness/internal/runtime/specs/spec.go:59.45,59.71 1 1
github.com/JailtonJunior94/ai-spec-harness/internal/runtime/specs/spec.go:62.35,62.58 1 1
github.com/JailtonJunior94/ai-spec-harness/internal/runtime/specs/spec.go:65.35,65.58 1 1
github.com/JailtonJunior94/ai-spec-harness/internal/runtime/specs/spec.go:68.35,68.58 1 1
github.com/JailtonJunior94/ai-spec-harness/internal/runtime/specs/spec.go:73.98,74.28 1 1
github.com/JailtonJunior94/ai-spec-harness/internal/runtime/specs/spec.go:74.28,76.3 1 1
github.com/JailtonJunior94/ai-spec-harness/internal/runtime/specs/spec.go:77.2,77.57 1 1
github.com/JailtonJunior94/ai-spec-harness/internal/runtime/specs/spec.go:89.8,102.2 1 1
github.com/JailtonJunior94/ai-spec-harness/internal/runtime/specs/spec.go:114.8,118.2 3 1
github.com/JailtonJunior94/ai-spec-harness/internal/runtime/specs/window.go:33.44,34.41 1 1
github.com/JailtonJunior94/ai-spec-harness/internal/runtime/specs/window.go:34.41,36.3 1 1
github.com/JailtonJunior94/ai-spec-harness/internal/runtime/specs/window.go:37.2,37.23 1 1
github.com/JailtonJunior94/ai-spec-harness/internal/sdd/result_schema.go:40.85,42.2 1 1
github.com/JailtonJunior94/ai-spec-harness/internal/sdd/result_schema.go:44.82,46.2 1 1
github.com/JailtonJunior94/ai-spec-harness/internal/sdd/result_schema.go:52.44,54.2 1 1
github.com/JailtonJunior94/ai-spec-harness/internal/sdd/result_schema.go:57.90,58.76 1 1
github.com/JailtonJunior94/ai-spec-harness/internal/sdd/result_schema.go:58.76,60.3 1 1
github.com/JailtonJunior94/ai-spec-harness/internal/sdd/result_schema.go:61.2,62.57 2 1
github.com/JailtonJunior94/ai-spec-harness/internal/sdd/result_schema.go:62.57,64.3 1 0
github.com/JailtonJunior94/ai-spec-harness/internal/sdd/result_schema.go:65.2,65.82 1 1
github.com/JailtonJunior94/ai-spec-harness/internal/sdd/result_schema.go:65.82,67.3 1 1
github.com/JailtonJunior94/ai-spec-harness/internal/sdd/result_schema.go:68.2,68.20 1 1
github.com/JailtonJunior94/ai-spec-harness/internal/sdd/result_schema.go:74.91,76.16 2 1
github.com/JailtonJunior94/ai-spec-harness/internal/sdd/result_schema.go:76.16,78.3 1 0
github.com/JailtonJunior94/ai-spec-harness/internal/sdd/result_schema.go:79.2,79.20 1 1
github.com/JailtonJunior94/ai-spec-harness/internal/sdd/result_schema.go:83.84,84.73 1 1
github.com/JailtonJunior94/ai-spec-harness/internal/sdd/result_schema.go:84.73,86.3 1 0
github.com/JailtonJunior94/ai-spec-harness/internal/sdd/result_schema.go:87.2,88.57 2 1
github.com/JailtonJunior94/ai-spec-harness/internal/sdd/result_schema.go:88.57,90.3 1 0
github.com/JailtonJunior94/ai-spec-harness/internal/sdd/result_schema.go:91.2,91.82 1 1
github.com/JailtonJunior94/ai-spec-harness/internal/sdd/result_schema.go:91.82,93.3 1 0
github.com/JailtonJunior94/ai-spec-harness/internal/sdd/result_schema.go:94.2,94.20 1 1
github.com/JailtonJunior94/ai-spec-harness/internal/sdd/result_schema.go:97.101,98.32 1 1
github.com/JailtonJunior94/ai-spec-harness/internal/sdd/result_schema.go:98.32,99.54 1 1
github.com/JailtonJunior94/ai-spec-harness/internal/sdd/result_schema.go:99.54,101.4 1 1
github.com/JailtonJunior94/ai-spec-harness/internal/sdd/result_schema.go:103.2,103.37 1 1
github.com/JailtonJunior94/ai-spec-harness/internal/sdd/result_schema.go:103.37,104.71 1 1
github.com/JailtonJunior94/ai-spec-harness/internal/sdd/result_schema.go:104.71,106.4 1 1
github.com/JailtonJunior94/ai-spec-harness/internal/sdd/result_schema.go:108.2,108.12 1 1
github.com/JailtonJunior94/ai-spec-harness/internal/sdd/result_schema.go:111.72,117.54 3 1
github.com/JailtonJunior94/ai-spec-harness/internal/sdd/result_schema.go:117.54,119.3 1 1
github.com/JailtonJunior94/ai-spec-harness/internal/sdd/result_schema.go:120.2,120.57 1 1
github.com/JailtonJunior94/ai-spec-harness/internal/sdd/result_schema.go:120.57,121.22 1 1
github.com/JailtonJunior94/ai-spec-harness/internal/sdd/result_schema.go:121.22,123.4 1 1
github.com/JailtonJunior94/ai-spec-harness/internal/sdd/result_schema.go:125.2,125.12 1 1
github.com/JailtonJunior94/ai-spec-harness/internal/sdd/result_schema.go:128.105,130.16 2 1
github.com/JailtonJunior94/ai-spec-harness/internal/sdd/result_schema.go:130.16,132.3 1 0
github.com/JailtonJunior94/ai-spec-harness/internal/sdd/result_schema.go:133.2,134.16 2 1
github.com/JailtonJunior94/ai-spec-harness/internal/sdd/result_schema.go:134.16,136.3 1 0
github.com/JailtonJunior94/ai-spec-harness/internal/sdd/result_schema.go:137.2,137.49 1 1
github.com/JailtonJunior94/ai-spec-harness/internal/sdd/result_schema.go:137.49,139.3 1 1
github.com/JailtonJunior94/ai-spec-harness/internal/sdd/result_schema.go:140.2,140.12 1 1
github.com/JailtonJunior94/ai-spec-harness/internal/sdd/result_schema.go:143.97,145.16 2 1
github.com/JailtonJunior94/ai-spec-harness/internal/sdd/result_schema.go:145.16,147.3 1 0
github.com/JailtonJunior94/ai-spec-harness/internal/sdd/result_schema.go:148.2,149.55 2 1
github.com/JailtonJunior94/ai-spec-harness/internal/sdd/result_schema.go:149.55,151.3 1 0
github.com/JailtonJunior94/ai-spec-harness/internal/sdd/result_schema.go:152.2,153.16 2 1
github.com/JailtonJunior94/ai-spec-harness/internal/sdd/result_schema.go:153.16,155.3 1 0
github.com/JailtonJunior94/ai-spec-harness/internal/sdd/result_schema.go:156.2,156.20 1 1
github.com/JailtonJunior94/ai-spec-harness/internal/sdd/result_schema.go:159.63,160.66 1 1
github.com/JailtonJunior94/ai-spec-harness/internal/sdd/result_schema.go:160.66,162.3 1 1
github.com/JailtonJunior94/ai-spec-harness/internal/sdd/result_schema.go:163.2,163.55 1 0
github.com/JailtonJunior94/ai-spec-harness/internal/sdd/state.go:97.24,99.2 1 1
github.com/JailtonJunior94/ai-spec-harness/internal/sdd/state.go:101.49,103.2 1 1
github.com/JailtonJunior94/ai-spec-harness/internal/sdd/state.go:105.52,107.16 2 1
github.com/JailtonJunior94/ai-spec-harness/internal/sdd/state.go:107.16,109.3 1 0
github.com/JailtonJunior94/ai-spec-harness/internal/sdd/state.go:110.2,111.53 2 1
github.com/JailtonJunior94/ai-spec-harness/internal/sdd/state.go:111.53,113.3 1 0
github.com/JailtonJunior94/ai-spec-harness/internal/sdd/state.go:114.2,114.42 1 1
github.com/JailtonJunior94/ai-spec-harness/internal/sdd/state.go:114.42,116.3 1 0
github.com/JailtonJunior94/ai-spec-harness/internal/sdd/state.go:117.2,117.19 1 1
github.com/JailtonJunior94/ai-spec-harness/internal/sdd/state.go:120.65,121.36 1 1
github.com/JailtonJunior94/ai-spec-harness/internal/sdd/state.go:121.36,123.3 1 0
github.com/JailtonJunior94/ai-spec-harness/internal/sdd/state.go:124.2,134.46 3 1
github.com/JailtonJunior94/ai-spec-harness/internal/sdd/state.go:134.46,136.3 1 0
github.com/JailtonJunior94/ai-spec-harness/internal/sdd/state.go:137.2,137.19 1 1
github.com/JailtonJunior94/ai-spec-harness/internal/sdd/state.go:140.56,141.42 1 1
github.com/JailtonJunior94/ai-spec-harness/internal/sdd/state.go:141.42,143.3 1 0
github.com/JailtonJunior94/ai-spec-harness/internal/sdd/state.go:144.2,145.16 2 1
github.com/JailtonJunior94/ai-spec-harness/internal/sdd/state.go:145.16,147.3 1 0
github.com/JailtonJunior94/ai-spec-harness/internal/sdd/state.go:148.2,150.63 3 1
github.com/JailtonJunior94/ai-spec-harness/internal/sdd/state.go:150.63,152.3 1 0
github.com/JailtonJunior94/ai-spec-harness/internal/sdd/state.go:153.2,154.16 2 1
github.com/JailtonJunior94/ai-spec-harness/internal/sdd/state.go:154.16,156.3 1 0
github.com/JailtonJunior94/ai-spec-harness/internal/sdd/state.go:157.2,158.15 2 1
github.com/JailtonJunior94/ai-spec-harness/internal/sdd/state.go:158.15,160.3 1 1
github.com/JailtonJunior94/ai-spec-harness/internal/sdd/state.go:161.2,161.43 1 1
github.com/JailtonJunior94/ai-spec-harness/internal/sdd/state.go:161.43,164.3 2 0
github.com/JailtonJunior94/ai-spec-harness/internal/sdd/state.go:165.2,165.35 1 1
github.com/JailtonJunior94/ai-spec-harness/internal/sdd/state.go:165.35,168.3 2 0
github.com/JailtonJunior94/ai-spec-harness/internal/sdd/state.go:169.2,169.36 1 1
github.com/JailtonJunior94/ai-spec-harness/internal/sdd/state.go:169.36,171.3 1 0
github.com/JailtonJunior94/ai-spec-harness/internal/sdd/state.go:172.2,172.49 1 1
github.com/JailtonJunior94/ai-spec-harness/internal/sdd/state.go:172.49,174.3 1 0
github.com/JailtonJunior94/ai-spec-harness/internal/sdd/state.go:175.2,175.12 1 1
github.com/JailtonJunior94/ai-spec-harness/internal/sdd/state.go:178.74,180.16 2 1
github.com/JailtonJunior94/ai-spec-harness/internal/sdd/state.go:180.16,182.3 1 0
github.com/JailtonJunior94/ai-spec-harness/internal/sdd/state.go:183.2,183.68 1 1
github.com/JailtonJunior94/ai-spec-harness/internal/sdd/state.go:183.68,185.3 1 1
github.com/JailtonJunior94/ai-spec-harness/internal/sdd/state.go:186.2,187.16 2 1
github.com/JailtonJunior94/ai-spec-harness/internal/sdd/state.go:187.16,189.3 1 0
github.com/JailtonJunior94/ai-spec-harness/internal/sdd/state.go:190.2,191.16 2 1
github.com/JailtonJunior94/ai-spec-harness/internal/sdd/state.go:191.16,193.3 1 0
github.com/JailtonJunior94/ai-spec-harness/internal/sdd/state.go:194.2,200.46 7 1
github.com/JailtonJunior94/ai-spec-harness/internal/sdd/state.go:200.46,202.3 1 0
github.com/JailtonJunior94/ai-spec-harness/internal/sdd/state.go:203.2,203.19 1 1
github.com/JailtonJunior94/ai-spec-harness/internal/sdd/state.go:206.73,208.16 2 1
github.com/JailtonJunior94/ai-spec-harness/internal/sdd/state.go:208.16,210.3 1 0
github.com/JailtonJunior94/ai-spec-harness/internal/sdd/state.go:211.2,212.26 2 1
github.com/JailtonJunior94/ai-spec-harness/internal/sdd/state.go:212.26,214.3 1 1
github.com/JailtonJunior94/ai-spec-harness/internal/sdd/state.go:215.2,215.38 1 1
github.com/JailtonJunior94/ai-spec-harness/internal/sdd/state.go:215.38,217.22 2 1
github.com/JailtonJunior94/ai-spec-harness/internal/sdd/state.go:217.22,218.12 1 0
github.com/JailtonJunior94/ai-spec-harness/internal/sdd/state.go:220.3,222.36 3 1
github.com/JailtonJunior94/ai-spec-harness/internal/sdd/state.go:224.2,225.46 2 1
github.com/JailtonJunior94/ai-spec-harness/internal/sdd/state.go:225.46,227.3 1 0
github.com/JailtonJunior94/ai-spec-harness/internal/sdd/state.go:228.2,228.19 1 1
github.com/JailtonJunior94/ai-spec-harness/internal/sdd/state.go:231.45,232.82 1 1
github.com/JailtonJunior94/ai-spec-harness/internal/sdd/state.go:232.82,234.3 1 0
github.com/JailtonJunior94/ai-spec-harness/internal/sdd/state.go:235.2,235.84 1 1
github.com/JailtonJunior94/ai-spec-harness/internal/sdd/state.go:235.84,237.42 2 1
github.com/JailtonJunior94/ai-spec-harness/internal/sdd/state.go:237.42,239.4 1 0
github.com/JailtonJunior94/ai-spec-harness/internal/sdd/state.go:240.3,240.57 1 1
github.com/JailtonJunior94/ai-spec-harness/internal/sdd/state.go:240.57,242.4 1 1
github.com/JailtonJunior94/ai-spec-harness/internal/sdd/state.go:243.3,243.95 1 1
github.com/JailtonJunior94/ai-spec-harness/internal/sdd/state.go:243.95,245.4 1 1
github.com/JailtonJunior94/ai-spec-harness/internal/sdd/state.go:246.3,246.57 1 1
github.com/JailtonJunior94/ai-spec-harness/internal/sdd/state.go:246.57,248.4 1 1
github.com/JailtonJunior94/ai-spec-harness/internal/sdd/state.go:250.2,250.12 1 1
github.com/JailtonJunior94/ai-spec-harness/internal/sdd/state.go:254.71,255.110 1 1
github.com/JailtonJunior94/ai-spec-harness/internal/sdd/state.go:255.110,257.3 1 0
github.com/JailtonJunior94/ai-spec-harness/internal/sdd/state.go:258.2,258.170 1 1
github.com/JailtonJunior94/ai-spec-harness/internal/sdd/state.go:258.170,260.3 1 0
github.com/JailtonJunior94/ai-spec-harness/internal/sdd/state.go:261.2,261.33 1 1
github.com/JailtonJunior94/ai-spec-harness/internal/sdd/state.go:261.33,263.3 1 0
github.com/JailtonJunior94/ai-spec-harness/internal/sdd/state.go:264.2,264.135 1 1
github.com/JailtonJunior94/ai-spec-harness/internal/sdd/state.go:264.135,266.3 1 1
github.com/JailtonJunior94/ai-spec-harness/internal/sdd/state.go:267.2,267.115 1 1
github.com/JailtonJunior94/ai-spec-harness/internal/sdd/state.go:267.115,269.3 1 0
github.com/JailtonJunior94/ai-spec-harness/internal/sdd/state.go:270.2,270.37 1 1
github.com/JailtonJunior94/ai-spec-harness/internal/sdd/state.go:270.37,271.93 1 1
github.com/JailtonJunior94/ai-spec-harness/internal/sdd/state.go:271.93,273.4 1 0
github.com/JailtonJunior94/ai-spec-harness/internal/sdd/state.go:275.2,275.44 1 1
github.com/JailtonJunior94/ai-spec-harness/internal/sdd/state.go:275.44,276.56 1 1
github.com/JailtonJunior94/ai-spec-harness/internal/sdd/state.go:276.56,278.4 1 0
github.com/JailtonJunior94/ai-spec-harness/internal/sdd/state.go:280.2,280.40 1 1
github.com/JailtonJunior94/ai-spec-harness/internal/sdd/state.go:280.40,282.3 1 0
github.com/JailtonJunior94/ai-spec-harness/internal/sdd/state.go:283.2,283.12 1 1
github.com/JailtonJunior94/ai-spec-harness/internal/sdd/state.go:286.80,287.18 1 1
github.com/JailtonJunior94/ai-spec-harness/internal/sdd/state.go:288.19,289.46 1 1
github.com/JailtonJunior94/ai-spec-harness/internal/sdd/state.go:290.24,291.51 1 1
github.com/JailtonJunior94/ai-spec-harness/internal/sdd/state.go:292.21,293.48 1 1
github.com/JailtonJunior94/ai-spec-harness/internal/sdd/state.go:294.10,295.83 1 0
github.com/JailtonJunior94/ai-spec-harness/internal/sdd/state.go:299.87,301.9 2 1
github.com/JailtonJunior94/ai-spec-harness/internal/sdd/state.go:301.9,303.3 1 1
github.com/JailtonJunior94/ai-spec-harness/internal/sdd/state.go:304.2,304.64 1 1
github.com/JailtonJunior94/ai-spec-harness/internal/sdd/state.go:304.64,306.3 1 0
github.com/JailtonJunior94/ai-spec-harness/internal/sdd/state.go:307.2,307.57 1 1
github.com/JailtonJunior94/ai-spec-harness/internal/sdd/state.go:307.57,309.80 2 1
github.com/JailtonJunior94/ai-spec-harness/internal/sdd/state.go:309.80,311.4 1 1
github.com/JailtonJunior94/ai-spec-harness/internal/sdd/state.go:312.3,313.17 2 1
github.com/JailtonJunior94/ai-spec-harness/internal/sdd/state.go:313.17,315.4 1 0
github.com/JailtonJunior94/ai-spec-harness/internal/sdd/state.go:316.3,317.17 2 1
github.com/JailtonJunior94/ai-spec-harness/internal/sdd/state.go:317.17,319.4 1 0
github.com/JailtonJunior94/ai-spec-harness/internal/sdd/state.go:320.3,320.41 1 1
github.com/JailtonJunior94/ai-spec-harness/internal/sdd/state.go:320.41,322.4 1 1
github.com/JailtonJunior94/ai-spec-harness/internal/sdd/state.go:324.2,324.12 1 1
github.com/JailtonJunior94/ai-spec-harness/internal/sdd/state.go:327.57,329.16 2 1
github.com/JailtonJunior94/ai-spec-harness/internal/sdd/state.go:329.16,331.3 1 0
github.com/JailtonJunior94/ai-spec-harness/internal/sdd/state.go:332.2,333.40 2 1
github.com/JailtonJunior94/ai-spec-harness/internal/sdd/state.go:337.57,339.2 1 0
github.com/JailtonJunior94/ai-spec-harness/internal/sdd/state.go:341.54,342.14 1 1
github.com/JailtonJunior94/ai-spec-harness/internal/sdd/state.go:343.19,344.53 1 1
github.com/JailtonJunior94/ai-spec-harness/internal/sdd/state.go:345.24,346.35 1 0
github.com/JailtonJunior94/ai-spec-harness/internal/sdd/state.go:347.10,348.13 1 1
github.com/JailtonJunior94/ai-spec-harness/internal/sdd/state.go:352.61,353.18 1 1
github.com/JailtonJunior94/ai-spec-harness/internal/sdd/state.go:354.24,355.33 1 1
github.com/JailtonJunior94/ai-spec-harness/internal/sdd/state.go:356.21,357.51 1 1
github.com/JailtonJunior94/ai-spec-harness/internal/sdd/state.go:358.10,359.13 1 1
github.com/JailtonJunior94/ai-spec-harness/internal/sdd/state.go:363.49,364.16 1 1
github.com/JailtonJunior94/ai-spec-harness/internal/sdd/state.go:365.124,366.14 1 1
github.com/JailtonJunior94/ai-spec-harness/internal/sdd/state.go:367.10,368.15 1 0
github.com/JailtonJunior94/ai-spec-harness/internal/sdd/state.go:372.49,373.34 1 1
github.com/JailtonJunior94/ai-spec-harness/internal/sdd/state.go:373.34,375.3 1 0
github.com/JailtonJunior94/ai-spec-harness/internal/sdd/state.go:376.2,377.19 2 1
github.com/JailtonJunior94/ai-spec-harness/internal/sdd/tasks/parser.go:37.26,39.2 1 1
github.com/JailtonJunior94/ai-spec-harness/internal/sdd/tasks/parser.go:42.75,44.16 2 1
github.com/JailtonJunior94/ai-spec-harness/internal/sdd/tasks/parser.go:44.16,46.3 1 1
github.com/JailtonJunior94/ai-spec-harness/internal/sdd/tasks/parser.go:47.2,48.16 2 1
github.com/JailtonJunior94/ai-spec-harness/internal/sdd/tasks/parser.go:48.16,50.3 1 1
github.com/JailtonJunior94/ai-spec-harness/internal/sdd/tasks/parser.go:51.2,52.16 2 1
github.com/JailtonJunior94/ai-spec-harness/internal/sdd/tasks/parser.go:52.16,54.3 1 0
github.com/JailtonJunior94/ai-spec-harness/internal/sdd/tasks/parser.go:55.2,56.45 2 1
github.com/JailtonJunior94/ai-spec-harness/internal/sdd/tasks/parser.go:56.45,58.3 1 1
github.com/JailtonJunior94/ai-spec-harness/internal/sdd/tasks/parser.go:59.2,59.22 1 1
github.com/JailtonJunior94/ai-spec-harness/internal/sdd/tasks/parser.go:62.70,64.23 2 1
github.com/JailtonJunior94/ai-spec-harness/internal/sdd/tasks/parser.go:64.23,66.3 1 1
github.com/JailtonJunior94/ai-spec-harness/internal/sdd/tasks/parser.go:67.2,69.31 3 1
github.com/JailtonJunior94/ai-spec-harness/internal/sdd/tasks/parser.go:69.31,71.39 2 1
github.com/JailtonJunior94/ai-spec-harness/internal/sdd/tasks/parser.go:71.39,72.12 1 1
github.com/JailtonJunior94/ai-spec-harness/internal/sdd/tasks/parser.go:74.3,76.55 3 1
github.com/JailtonJunior94/ai-spec-harness/internal/sdd/tasks/parser.go:76.55,78.4 1 0
github.com/JailtonJunior94/ai-spec-harness/internal/sdd/tasks/parser.go:79.3,79.42 1 1
github.com/JailtonJunior94/ai-spec-harness/internal/sdd/tasks/parser.go:79.42,81.4 1 0
github.com/JailtonJunior94/ai-spec-harness/internal/sdd/tasks/parser.go:82.3,83.42 2 1
github.com/JailtonJunior94/ai-spec-harness/internal/sdd/tasks/parser.go:85.2,85.28 1 1
github.com/JailtonJunior94/ai-spec-harness/internal/sdd/tasks/parser.go:85.28,87.3 1 0
github.com/JailtonJunior94/ai-spec-harness/internal/sdd/tasks/parser.go:88.2,88.26 1 1
github.com/JailtonJunior94/ai-spec-harness/internal/sdd/tasks/parser.go:91.61,93.19 2 1
github.com/JailtonJunior94/ai-spec-harness/internal/sdd/tasks/parser.go:93.19,95.3 1 1
github.com/JailtonJunior94/ai-spec-harness/internal/sdd/tasks/parser.go:96.2,98.9 3 1
github.com/JailtonJunior94/ai-spec-harness/internal/sdd/tasks/parser.go:98.9,100.3 1 0
github.com/JailtonJunior94/ai-spec-harness/internal/sdd/tasks/parser.go:101.2,107.31 6 1
github.com/JailtonJunior94/ai-spec-harness/internal/sdd/tasks/parser.go:107.31,109.30 2 1
github.com/JailtonJunior94/ai-spec-harness/internal/sdd/tasks/parser.go:109.30,111.4 1 0
github.com/JailtonJunior94/ai-spec-harness/internal/sdd/tasks/parser.go:112.3,113.38 2 1
github.com/JailtonJunior94/ai-spec-harness/internal/sdd/tasks/parser.go:113.38,115.4 1 0
github.com/JailtonJunior94/ai-spec-harness/internal/sdd/tasks/parser.go:116.3,116.42 1 1
github.com/JailtonJunior94/ai-spec-harness/internal/sdd/tasks/parser.go:116.42,118.4 1 0
github.com/JailtonJunior94/ai-spec-harness/internal/sdd/tasks/parser.go:119.3,121.49 3 1
github.com/JailtonJunior94/ai-spec-harness/internal/sdd/tasks/parser.go:121.49,123.4 1 1
github.com/JailtonJunior94/ai-spec-harness/internal/sdd/tasks/parser.go:124.3,124.59 1 1
github.com/JailtonJunior94/ai-spec-harness/internal/sdd/tasks/parser.go:124.59,126.4 1 1
github.com/JailtonJunior94/ai-spec-harness/internal/sdd/tasks/parser.go:127.3,127.57 1 1
github.com/JailtonJunior94/ai-spec-harness/internal/sdd/tasks/parser.go:127.57,129.4 1 1
github.com/JailtonJunior94/ai-spec-harness/internal/sdd/tasks/parser.go:130.3,130.30 1 1
github.com/JailtonJunior94/ai-spec-harness/internal/sdd/tasks/parser.go:132.2,132.19 1 1
github.com/JailtonJunior94/ai-spec-harness/internal/sdd/tasks/parser.go:135.77,137.19 2 1
github.com/JailtonJunior94/ai-spec-harness/internal/sdd/tasks/parser.go:137.19,139.3 1 0
github.com/JailtonJunior94/ai-spec-harness/internal/sdd/tasks/parser.go:140.2,142.9 3 1
github.com/JailtonJunior94/ai-spec-harness/internal/sdd/tasks/parser.go:142.9,144.3 1 0
github.com/JailtonJunior94/ai-spec-harness/internal/sdd/tasks/parser.go:145.2,146.27 2 1
github.com/JailtonJunior94/ai-spec-harness/internal/sdd/tasks/parser.go:146.27,148.3 1 0
github.com/JailtonJunior94/ai-spec-harness/internal/sdd/tasks/parser.go:149.2,150.31 2 1
github.com/JailtonJunior94/ai-spec-harness/internal/sdd/tasks/parser.go:150.31,152.69 2 1
github.com/JailtonJunior94/ai-spec-harness/internal/sdd/tasks/parser.go:152.69,154.4 1 0
github.com/JailtonJunior94/ai-spec-harness/internal/sdd/tasks/parser.go:155.3,156.38 2 1
github.com/JailtonJunior94/ai-spec-harness/internal/sdd/tasks/parser.go:156.38,158.4 1 0
github.com/JailtonJunior94/ai-spec-harness/internal/sdd/tasks/parser.go:159.3,159.46 1 1
github.com/JailtonJunior94/ai-spec-harness/internal/sdd/tasks/parser.go:159.46,161.4 1 0
github.com/JailtonJunior94/ai-spec-harness/internal/sdd/tasks/parser.go:162.3,162.58 1 1
github.com/JailtonJunior94/ai-spec-harness/internal/sdd/tasks/parser.go:164.2,164.22 1 1
github.com/JailtonJunior94/ai-spec-harness/internal/sdd/tasks/parser.go:167.52,169.38 2 1
github.com/JailtonJunior94/ai-spec-harness/internal/sdd/tasks/parser.go:169.38,171.3 1 1
github.com/JailtonJunior94/ai-spec-harness/internal/sdd/tasks/parser.go:172.2,173.52 2 1
github.com/JailtonJunior94/ai-spec-harness/internal/sdd/tasks/parser.go:173.52,175.3 1 1
github.com/JailtonJunior94/ai-spec-harness/internal/sdd/tasks/parser.go:176.2,177.60 2 1
github.com/JailtonJunior94/ai-spec-harness/internal/sdd/tasks/parser.go:177.60,178.46 1 1
github.com/JailtonJunior94/ai-spec-harness/internal/sdd/tasks/parser.go:178.46,180.4 1 0
github.com/JailtonJunior94/ai-spec-harness/internal/sdd/tasks/parser.go:181.3,181.35 1 1
github.com/JailtonJunior94/ai-spec-harness/internal/sdd/tasks/parser.go:181.35,183.4 1 0
github.com/JailtonJunior94/ai-spec-harness/internal/sdd/tasks/parser.go:184.3,184.50 1 1
github.com/JailtonJunior94/ai-spec-harness/internal/sdd/tasks/parser.go:184.50,186.55 2 1
github.com/JailtonJunior94/ai-spec-harness/internal/sdd/tasks/parser.go:186.55,188.5 1 0
github.com/JailtonJunior94/ai-spec-harness/internal/sdd/tasks/parser.go:189.4,189.37 1 1
github.com/JailtonJunior94/ai-spec-harness/internal/sdd/tasks/parser.go:192.2,192.40 1 1
github.com/JailtonJunior94/ai-spec-harness/internal/sdd/tasks/parser.go:192.40,193.49 1 1
github.com/JailtonJunior94/ai-spec-harness/internal/sdd/tasks/parser.go:193.49,195.4 1 1
github.com/JailtonJunior94/ai-spec-harness/internal/sdd/tasks/parser.go:197.2,197.58 1 1
github.com/JailtonJunior94/ai-spec-harness/internal/sdd/tasks/parser.go:197.58,199.3 1 1
github.com/JailtonJunior94/ai-spec-harness/internal/sdd/tasks/parser.go:200.2,200.44 1 1
github.com/JailtonJunior94/ai-spec-harness/internal/sdd/tasks/parser.go:203.68,206.32 3 1
github.com/JailtonJunior94/ai-spec-harness/internal/sdd/tasks/parser.go:206.32,207.20 1 1
github.com/JailtonJunior94/ai-spec-harness/internal/sdd/tasks/parser.go:208.10,209.78 1 1
github.com/JailtonJunior94/ai-spec-harness/internal/sdd/tasks/parser.go:210.10,211.14 1 1
github.com/JailtonJunior94/ai-spec-harness/internal/sdd/tasks/parser.go:213.3,214.53 2 1
github.com/JailtonJunior94/ai-spec-harness/internal/sdd/tasks/parser.go:214.53,215.48 1 1
github.com/JailtonJunior94/ai-spec-harness/internal/sdd/tasks/parser.go:215.48,216.13 1 1
github.com/JailtonJunior94/ai-spec-harness/internal/sdd/tasks/parser.go:218.4,218.47 1 1
github.com/JailtonJunior94/ai-spec-harness/internal/sdd/tasks/parser.go:218.47,220.5 1 0
github.com/JailtonJunior94/ai-spec-harness/internal/sdd/tasks/parser.go:221.4,221.47 1 1
github.com/JailtonJunior94/ai-spec-harness/internal/sdd/tasks/parser.go:221.47,223.5 1 1
github.com/JailtonJunior94/ai-spec-harness/internal/sdd/tasks/parser.go:224.4,224.44 1 1
github.com/JailtonJunior94/ai-spec-harness/internal/sdd/tasks/parser.go:224.44,226.5 1 1
github.com/JailtonJunior94/ai-spec-harness/internal/sdd/tasks/parser.go:228.3,229.13 2 1
github.com/JailtonJunior94/ai-spec-harness/internal/sdd/tasks/parser.go:231.2,232.24 2 1
github.com/JailtonJunior94/ai-spec-harness/internal/sdd/tasks/parser.go:232.24,234.3 1 1
github.com/JailtonJunior94/ai-spec-harness/internal/sdd/tasks/parser.go:235.2,236.25 2 1
github.com/JailtonJunior94/ai-spec-harness/internal/sdd/tasks/parser.go:236.25,237.35 1 1
github.com/JailtonJunior94/ai-spec-harness/internal/sdd/tasks/parser.go:237.35,239.4 1 1
github.com/JailtonJunior94/ai-spec-harness/internal/sdd/tasks/parser.go:241.2,241.12 1 1
github.com/JailtonJunior94/ai-spec-harness/internal/sdd/tasks/parser.go:244.56,246.29 2 1
github.com/JailtonJunior94/ai-spec-harness/internal/sdd/tasks/parser.go:246.29,247.48 1 1
github.com/JailtonJunior94/ai-spec-harness/internal/sdd/tasks/parser.go:247.48,249.4 1 1
github.com/JailtonJunior94/ai-spec-harness/internal/sdd/tasks/parser.go:250.3,250.44 1 1
github.com/JailtonJunior94/ai-spec-harness/internal/sdd/tasks/parser.go:250.44,252.123 2 1
github.com/JailtonJunior94/ai-spec-harness/internal/sdd/tasks/parser.go:252.123,254.5 1 1
github.com/JailtonJunior94/ai-spec-harness/internal/sdd/tasks/parser.go:255.4,255.36 1 1
github.com/JailtonJunior94/ai-spec-harness/internal/sdd/tasks/parser.go:255.36,256.52 1 1
github.com/JailtonJunior94/ai-spec-harness/internal/sdd/tasks/parser.go:256.52,258.6 1 1
github.com/JailtonJunior94/ai-spec-harness/internal/sdd/tasks/parser.go:260.4,260.27 1 1
github.com/JailtonJunior94/ai-spec-harness/internal/sdd/tasks/parser.go:263.2,263.12 1 1
github.com/JailtonJunior94/ai-spec-harness/internal/sdd/tasks/parser.go:266.52,268.2 1 1
github.com/JailtonJunior94/ai-spec-harness/internal/sdd/tasks/parser.go:270.58,274.29 4 1
github.com/JailtonJunior94/ai-spec-harness/internal/sdd/tasks/parser.go:274.29,276.40 2 1
github.com/JailtonJunior94/ai-spec-harness/internal/sdd/tasks/parser.go:276.40,277.17 1 1
github.com/JailtonJunior94/ai-spec-harness/internal/sdd/tasks/parser.go:277.17,278.10 1 1
github.com/JailtonJunior94/ai-spec-harness/internal/sdd/tasks/parser.go:280.4,281.12 2 1
github.com/JailtonJunior94/ai-spec-harness/internal/sdd/tasks/parser.go:283.3,283.16 1 1
github.com/JailtonJunior94/ai-spec-harness/internal/sdd/tasks/parser.go:283.16,285.4 1 1
github.com/JailtonJunior94/ai-spec-harness/internal/sdd/tasks/parser.go:287.2,287.15 1 1
github.com/JailtonJunior94/ai-spec-harness/internal/sdd/tasks/parser.go:290.58,293.29 3 1
github.com/JailtonJunior94/ai-spec-harness/internal/sdd/tasks/parser.go:293.29,294.54 1 1
github.com/JailtonJunior94/ai-spec-harness/internal/sdd/tasks/parser.go:294.54,296.4 1 1
github.com/JailtonJunior94/ai-spec-harness/internal/sdd/tasks/parser.go:298.2,298.15 1 1
github.com/JailtonJunior94/ai-spec-harness/internal/sdd/tasks/parser.go:301.53,304.37 3 1
github.com/JailtonJunior94/ai-spec-harness/internal/sdd/tasks/parser.go:304.37,306.3 1 1
github.com/JailtonJunior94/ai-spec-harness/internal/sdd/tasks/parser.go:307.2,307.16 1 1
github.com/JailtonJunior94/ai-spec-harness/internal/sdd/tasks/parser.go:310.47,312.20 2 1
github.com/JailtonJunior94/ai-spec-harness/internal/sdd/tasks/parser.go:312.20,314.3 1 0
github.com/JailtonJunior94/ai-spec-harness/internal/sdd/tasks/parser.go:315.2,315.32 1 1
github.com/JailtonJunior94/ai-spec-harness/internal/sdd/tasks/parser.go:318.70,319.29 1 1
github.com/JailtonJunior94/ai-spec-harness/internal/sdd/tasks/parser.go:319.29,320.45 1 1
github.com/JailtonJunior94/ai-spec-harness/internal/sdd/tasks/parser.go:320.45,322.4 1 1
github.com/JailtonJunior94/ai-spec-harness/internal/sdd/tasks/parser.go:324.2,324.11 1 0
github.com/JailtonJunior94/ai-spec-harness/internal/sdd/tasks/parser.go:327.50,329.82 2 1
github.com/JailtonJunior94/ai-spec-harness/internal/sdd/tasks/parser.go:329.82,331.3 1 1
github.com/JailtonJunior94/ai-spec-harness/internal/sdd/tasks/parser.go:332.2,334.29 3 1
github.com/JailtonJunior94/ai-spec-harness/internal/sdd/tasks/parser.go:334.29,335.52 1 1
github.com/JailtonJunior94/ai-spec-harness/internal/sdd/tasks/parser.go:335.52,337.4 1 1
github.com/JailtonJunior94/ai-spec-harness/internal/sdd/tasks/parser.go:339.2,339.15 1 1
github.com/JailtonJunior94/ai-spec-harness/internal/sdd/tasks/parser.go:342.44,345.2 2 1
github.com/JailtonJunior94/ai-spec-harness/internal/skills/catalog.go:6.28,6.49 1 1
github.com/JailtonJunior94/ai-spec-harness/internal/skills/complexity.go:53.70,54.59 1 1
github.com/JailtonJunior94/ai-spec-harness/internal/skills/complexity.go:55.64,56.65 1 1
github.com/JailtonJunior94/ai-spec-harness/internal/skills/complexity.go:58.2,58.18 1 1
github.com/JailtonJunior94/ai-spec-harness/internal/skills/complexity.go:64.65,67.38 2 1
github.com/JailtonJunior94/ai-spec-harness/internal/skills/complexity.go:67.38,68.34 1 1
github.com/JailtonJunior94/ai-spec-harness/internal/skills/complexity.go:68.34,70.4 1 1
github.com/JailtonJunior94/ai-spec-harness/internal/skills/complexity.go:72.2,72.38 1 1
github.com/JailtonJunior94/ai-spec-harness/internal/skills/complexity.go:72.38,73.34 1 1
github.com/JailtonJunior94/ai-spec-harness/internal/skills/complexity.go:73.34,75.4 1 1
github.com/JailtonJunior94/ai-spec-harness/internal/skills/complexity.go:78.2,78.27 1 1
github.com/JailtonJunior94/ai-spec-harness/internal/skills/complexity.go:88.72,89.11 1 1
github.com/JailtonJunior94/ai-spec-harness/internal/skills/complexity.go:90.25,91.20 1 1
github.com/JailtonJunior94/ai-spec-harness/internal/skills/complexity.go:92.26,96.4 1 1
github.com/JailtonJunior94/ai-spec-harness/internal/skills/complexity.go:97.10,107.4 1 1
github.com/JailtonJunior94/ai-spec-harness/internal/skills/frontmatter.go:28.82,34.21 5 1
github.com/JailtonJunior94/ai-spec-harness/internal/skills/frontmatter.go:34.21,36.39 2 1
github.com/JailtonJunior94/ai-spec-harness/internal/skills/frontmatter.go:36.39,37.21 1 1
github.com/JailtonJunior94/ai-spec-harness/internal/skills/frontmatter.go:37.21,38.10 1 1
github.com/JailtonJunior94/ai-spec-harness/internal/skills/frontmatter.go:40.4,41.12 2 1
github.com/JailtonJunior94/ai-spec-harness/internal/skills/frontmatter.go:43.3,43.21 1 1
github.com/JailtonJunior94/ai-spec-harness/internal/skills/frontmatter.go:43.21,44.12 1 1
github.com/JailtonJunior94/ai-spec-harness/internal/skills/frontmatter.go:48.3,48.81 1 1
github.com/JailtonJunior94/ai-spec-harness/internal/skills/frontmatter.go:48.81,50.51 2 1
github.com/JailtonJunior94/ai-spec-harness/internal/skills/frontmatter.go:50.51,54.5 3 1
github.com/JailtonJunior94/ai-spec-harness/internal/skills/frontmatter.go:55.4,55.12 1 1
github.com/JailtonJunior94/ai-spec-harness/internal/skills/frontmatter.go:59.3,62.20 3 1
github.com/JailtonJunior94/ai-spec-harness/internal/skills/frontmatter.go:62.20,63.12 1 0
github.com/JailtonJunior94/ai-spec-harness/internal/skills/frontmatter.go:66.3,67.15 2 1
github.com/JailtonJunior94/ai-spec-harness/internal/skills/frontmatter.go:67.15,68.12 1 1
github.com/JailtonJunior94/ai-spec-harness/internal/skills/frontmatter.go:71.3,74.16 3 1
github.com/JailtonJunior94/ai-spec-harness/internal/skills/frontmatter.go:74.16,77.12 2 1
github.com/JailtonJunior94/ai-spec-harness/internal/skills/frontmatter.go:80.3,80.20 1 1
github.com/JailtonJunior94/ai-spec-harness/internal/skills/frontmatter.go:82.2,82.15 1 1
github.com/JailtonJunior94/ai-spec-harness/internal/skills/frontmatter.go:87.70,98.37 9 1
github.com/JailtonJunior94/ai-spec-harness/internal/skills/frontmatter.go:98.37,100.3 1 1
github.com/JailtonJunior94/ai-spec-harness/internal/skills/frontmatter.go:101.2,101.39 1 1
github.com/JailtonJunior94/ai-spec-harness/internal/skills/frontmatter.go:101.39,103.3 1 1
github.com/JailtonJunior94/ai-spec-harness/internal/skills/frontmatter.go:104.2,104.38 1 1
github.com/JailtonJunior94/ai-spec-harness/internal/skills/frontmatter.go:104.38,106.3 1 1
github.com/JailtonJunior94/ai-spec-harness/internal/skills/frontmatter.go:108.2,108.11 1 1
github.com/JailtonJunior94/ai-spec-harness/internal/skills/frontmatter.go:112.69,114.2 1 0
github.com/JailtonJunior94/ai-spec-harness/internal/skills/frontmatter.go:117.57,118.12 1 1
github.com/JailtonJunior94/ai-spec-harness/internal/skills/frontmatter.go:118.12,120.3 1 1
github.com/JailtonJunior94/ai-spec-harness/internal/skills/frontmatter.go:121.2,124.19 3 1
github.com/JailtonJunior94/ai-spec-harness/internal/skills/frontmatter.go:124.19,125.28 1 1
github.com/JailtonJunior94/ai-spec-harness/internal/skills/frontmatter.go:125.28,127.4 1 1
github.com/JailtonJunior94/ai-spec-harness/internal/skills/frontmatter.go:128.3,128.28 1 1
github.com/JailtonJunior94/ai-spec-harness/internal/skills/frontmatter.go:128.28,130.4 1 1
github.com/JailtonJunior94/ai-spec-harness/internal/skills/frontmatter.go:132.2,132.14 1 0
github.com/JailtonJunior94/ai-spec-harness/internal/skills/frontmatter.go:135.54,140.48 3 1
github.com/JailtonJunior94/ai-spec-harness/internal/skills/frontmatter.go:140.48,142.3 1 1
github.com/JailtonJunior94/ai-spec-harness/internal/skills/frontmatter.go:143.2,144.29 2 1
github.com/JailtonJunior94/ai-spec-harness/internal/skills/frontmatter.go:144.29,145.13 1 1
github.com/JailtonJunior94/ai-spec-harness/internal/skills/frontmatter.go:145.13,146.9 1 0
github.com/JailtonJunior94/ai-spec-harness/internal/skills/frontmatter.go:148.3,148.23 1 1
github.com/JailtonJunior94/ai-spec-harness/internal/skills/frontmatter.go:148.23,149.28 1 1
github.com/JailtonJunior94/ai-spec-harness/internal/skills/frontmatter.go:149.28,151.5 1 1
github.com/JailtonJunior94/ai-spec-harness/internal/skills/frontmatter.go:151.10,152.10 1 0
github.com/JailtonJunior94/ai-spec-harness/internal/skills/frontmatter.go:156.2,156.14 1 1
github.com/JailtonJunior94/ai-spec-harness/internal/skills/frontmatter.go:162.109,163.48 1 1
github.com/JailtonJunior94/ai-spec-harness/internal/skills/frontmatter.go:163.48,165.3 1 1
github.com/JailtonJunior94/ai-spec-harness/internal/skills/frontmatter.go:167.2,169.26 2 1
github.com/JailtonJunior94/ai-spec-harness/internal/skills/frontmatter.go:169.26,171.3 1 1
github.com/JailtonJunior94/ai-spec-harness/internal/skills/frontmatter.go:173.2,173.65 1 1
github.com/JailtonJunior94/ai-spec-harness/internal/skills/frontmatter.go:173.65,175.3 1 1
github.com/JailtonJunior94/ai-spec-harness/internal/skills/frontmatter.go:177.2,177.58 1 1
github.com/JailtonJunior94/ai-spec-harness/internal/skills/frontmatter.go:177.58,179.3 1 1
github.com/JailtonJunior94/ai-spec-harness/internal/skills/frontmatter.go:181.2,181.55 1 1
github.com/JailtonJunior94/ai-spec-harness/internal/skills/frontmatter.go:181.55,183.37 2 1
github.com/JailtonJunior94/ai-spec-harness/internal/skills/frontmatter.go:183.37,185.4 1 1
github.com/JailtonJunior94/ai-spec-harness/internal/skills/frontmatter.go:186.3,186.36 1 1
github.com/JailtonJunior94/ai-spec-harness/internal/skills/frontmatter.go:186.36,187.23 1 1
github.com/JailtonJunior94/ai-spec-harness/internal/skills/frontmatter.go:187.23,189.5 1 1
github.com/JailtonJunior94/ai-spec-harness/internal/skills/frontmatter.go:193.2,193.12 1 1
github.com/JailtonJunior94/ai-spec-harness/internal/skills/frontmatter.go:197.66,199.60 2 1
github.com/JailtonJunior94/ai-spec-harness/internal/skills/frontmatter.go:199.60,200.39 1 1
github.com/JailtonJunior94/ai-spec-harness/internal/skills/frontmatter.go:200.39,202.18 2 1
github.com/JailtonJunior94/ai-spec-harness/internal/skills/frontmatter.go:202.18,204.5 1 1
github.com/JailtonJunior94/ai-spec-harness/internal/skills/frontmatter.go:207.2,207.14 1 1
github.com/JailtonJunior94/ai-spec-harness/internal/skills/frontmatter.go:211.54,213.75 2 1
github.com/JailtonJunior94/ai-spec-harness/internal/skills/frontmatter.go:213.75,214.50 1 1
github.com/JailtonJunior94/ai-spec-harness/internal/skills/frontmatter.go:214.50,216.4 1 1
github.com/JailtonJunior94/ai-spec-harness/internal/skills/frontmatter.go:217.3,217.11 1 1
github.com/JailtonJunior94/ai-spec-harness/internal/skills/frontmatter.go:219.2,220.21 2 1
github.com/JailtonJunior94/ai-spec-harness/internal/skills/frontmatter.go:220.21,222.3 1 1
github.com/JailtonJunior94/ai-spec-harness/internal/skills/frontmatter.go:223.2,223.26 1 1
github.com/JailtonJunior94/ai-spec-harness/internal/skills/frontmatter.go:223.26,224.14 1 1
github.com/JailtonJunior94/ai-spec-harness/internal/skills/frontmatter.go:224.14,226.4 1 1
github.com/JailtonJunior94/ai-spec-harness/internal/skills/frontmatter.go:227.3,227.23 1 1
github.com/JailtonJunior94/ai-spec-harness/internal/skills/frontmatter.go:227.23,228.26 1 1
github.com/JailtonJunior94/ai-spec-harness/internal/skills/frontmatter.go:228.26,230.5 1 1
github.com/JailtonJunior94/ai-spec-harness/internal/skills/frontmatter.go:233.2,233.13 1 1
github.com/JailtonJunior94/ai-spec-harness/internal/skills/frontmatter.go:236.58,237.13 1 1
github.com/JailtonJunior94/ai-spec-harness/internal/skills/frontmatter.go:237.13,239.3 1 1
github.com/JailtonJunior94/ai-spec-harness/internal/skills/frontmatter.go:241.2,241.45 1 1
github.com/JailtonJunior94/ai-spec-harness/internal/skills/frontmatter.go:241.45,242.17 1 1
github.com/JailtonJunior94/ai-spec-harness/internal/skills/frontmatter.go:242.17,244.4 1 1
github.com/JailtonJunior94/ai-spec-harness/internal/skills/frontmatter.go:245.3,245.26 1 1
github.com/JailtonJunior94/ai-spec-harness/internal/skills/frontmatter.go:245.26,246.11 1 1
github.com/JailtonJunior94/ai-spec-harness/internal/skills/frontmatter.go:247.30,247.30 0 1
github.com/JailtonJunior94/ai-spec-harness/internal/skills/frontmatter.go:248.30,248.30 0 0
github.com/JailtonJunior94/ai-spec-harness/internal/skills/frontmatter.go:249.30,249.30 0 1
github.com/JailtonJunior94/ai-spec-harness/internal/skills/frontmatter.go:250.18,250.18 0 0
github.com/JailtonJunior94/ai-spec-harness/internal/skills/frontmatter.go:251.12,252.17 1 0
github.com/JailtonJunior94/ai-spec-harness/internal/skills/frontmatter.go:257.2,257.13 1 1
github.com/JailtonJunior94/ai-spec-harness/internal/skills/frontmatter.go:260.61,264.15 4 1
github.com/JailtonJunior94/ai-spec-harness/internal/skills/frontmatter.go:264.15,266.3 1 1
github.com/JailtonJunior94/ai-spec-harness/internal/skills/frontmatter.go:268.2,270.29 3 1
github.com/JailtonJunior94/ai-spec-harness/internal/skills/frontmatter.go:270.29,273.17 3 1
github.com/JailtonJunior94/ai-spec-harness/internal/skills/frontmatter.go:273.17,274.12 1 0
github.com/JailtonJunior94/ai-spec-harness/internal/skills/frontmatter.go:276.3,276.28 1 1
github.com/JailtonJunior94/ai-spec-harness/internal/skills/frontmatter.go:278.2,278.13 1 1
github.com/JailtonJunior94/ai-spec-harness/internal/skills/schema.go:21.81,23.16 2 1
github.com/JailtonJunior94/ai-spec-harness/internal/skills/schema.go:23.16,25.3 1 0
github.com/JailtonJunior94/ai-spec-harness/internal/skills/schema.go:26.2,27.79 2 1
github.com/JailtonJunior94/ai-spec-harness/internal/skills/schema.go:27.79,29.3 1 0
github.com/JailtonJunior94/ai-spec-harness/internal/skills/schema.go:30.2,31.16 2 1
github.com/JailtonJunior94/ai-spec-harness/internal/skills/schema.go:31.16,33.3 1 0
github.com/JailtonJunior94/ai-spec-harness/internal/skills/schema.go:34.2,34.20 1 1
github.com/JailtonJunior94/ai-spec-harness/internal/skills/schema.go:52.91,57.16 4 1
github.com/JailtonJunior94/ai-spec-harness/internal/skills/schema.go:57.16,59.3 1 0
github.com/JailtonJunior94/ai-spec-harness/internal/skills/schema.go:61.2,62.16 2 1
github.com/JailtonJunior94/ai-spec-harness/internal/skills/schema.go:62.16,64.3 1 0
github.com/JailtonJunior94/ai-spec-harness/internal/skills/schema.go:66.2,67.16 2 1
github.com/JailtonJunior94/ai-spec-harness/internal/skills/schema.go:67.16,69.3 1 0
github.com/JailtonJunior94/ai-spec-harness/internal/skills/schema.go:71.2,71.49 1 1
github.com/JailtonJunior94/ai-spec-harness/internal/skills/schema.go:71.49,72.22 1 1
github.com/JailtonJunior94/ai-spec-harness/internal/skills/schema.go:72.22,74.4 1 1
github.com/JailtonJunior94/ai-spec-harness/internal/skills/schema.go:75.3,75.68 1 1
github.com/JailtonJunior94/ai-spec-harness/internal/skills/schema.go:77.2,77.12 1 1
github.com/JailtonJunior94/ai-spec-harness/internal/skills/schema.go:80.73,88.26 2 1
github.com/JailtonJunior94/ai-spec-harness/internal/skills/schema.go:88.26,90.3 1 0
github.com/JailtonJunior94/ai-spec-harness/internal/skills/schema.go:91.2,91.27 1 1
github.com/JailtonJunior94/ai-spec-harness/internal/skills/schema.go:91.27,93.3 1 1
github.com/JailtonJunior94/ai-spec-harness/internal/skills/schema.go:94.2,94.21 1 1
github.com/JailtonJunior94/ai-spec-harness/internal/skills/schema.go:94.21,96.3 1 1
github.com/JailtonJunior94/ai-spec-harness/internal/skills/schema.go:97.2,97.12 1 1
github.com/JailtonJunior94/ai-spec-harness/internal/skills/schema.go:100.66,102.62 2 1
github.com/JailtonJunior94/ai-spec-harness/internal/skills/schema.go:102.62,104.3 1 1
github.com/JailtonJunior94/ai-spec-harness/internal/skills/schema.go:105.2,106.56 2 0
github.com/JailtonJunior94/ai-spec-harness/internal/skills/schema.go:106.56,108.17 2 0
github.com/JailtonJunior94/ai-spec-harness/internal/skills/schema.go:108.17,110.4 1 0
github.com/JailtonJunior94/ai-spec-harness/internal/skills/schema.go:112.2,112.33 1 0
github.com/JailtonJunior94/ai-spec-harness/internal/skills/schema.go:115.102,116.53 1 1
github.com/JailtonJunior94/ai-spec-harness/internal/skills/schema.go:116.53,119.3 2 1
github.com/JailtonJunior94/ai-spec-harness/internal/skills/schema.go:120.2,120.14 1 0
github.com/JailtonJunior94/ai-spec-harness/internal/skills/skills.go:15.58,16.17 1 1
github.com/JailtonJunior94/ai-spec-harness/internal/skills/skills.go:17.54,18.23 1 1
github.com/JailtonJunior94/ai-spec-harness/internal/skills/skills.go:20.2,20.18 1 1
github.com/JailtonJunior94/ai-spec-harness/internal/skills/skills.go:35.58,36.17 1 1
github.com/JailtonJunior94/ai-spec-harness/internal/skills/skills.go:37.48,38.23 1 1
github.com/JailtonJunior94/ai-spec-harness/internal/skills/skills.go:40.2,40.18 1 1
github.com/JailtonJunior94/ai-spec-harness/internal/skills/skills.go:51.66,52.21 1 0
github.com/JailtonJunior94/ai-spec-harness/internal/skills/skills.go:53.29,54.27 1 0
github.com/JailtonJunior94/ai-spec-harness/internal/skills/skills.go:56.2,56.18 1 0
github.com/JailtonJunior94/ai-spec-harness/internal/skills/skills.go:89.59,91.26 2 1
github.com/JailtonJunior94/ai-spec-harness/internal/skills/skills.go:91.26,92.12 1 1
github.com/JailtonJunior94/ai-spec-harness/internal/skills/skills.go:93.15,94.68 1 1
github.com/JailtonJunior94/ai-spec-harness/internal/skills/skills.go:95.17,96.44 1 1
github.com/JailtonJunior94/ai-spec-harness/internal/skills/skills.go:97.19,98.46 1 1
github.com/JailtonJunior94/ai-spec-harness/internal/skills/skills.go:99.19,100.53 1 0
github.com/JailtonJunior94/ai-spec-harness/internal/skills/skills.go:103.2,103.12 1 1
github.com/JailtonJunior94/ai-spec-harness/internal/skills/skills.go:107.58,110.2 2 1
github.com/JailtonJunior94/ai-spec-harness/internal/skillscheck/skillscheck.go:63.71,65.2 1 1
github.com/JailtonJunior94/ai-spec-harness/internal/skillscheck/skillscheck.go:68.73,71.16 3 1
github.com/JailtonJunior94/ai-spec-harness/internal/skillscheck/skillscheck.go:71.16,73.3 1 0
github.com/JailtonJunior94/ai-spec-harness/internal/skillscheck/skillscheck.go:75.2,76.56 2 1
github.com/JailtonJunior94/ai-spec-harness/internal/skillscheck/skillscheck.go:76.56,78.3 1 0
github.com/JailtonJunior94/ai-spec-harness/internal/skillscheck/skillscheck.go:80.2,83.44 3 1
github.com/JailtonJunior94/ai-spec-harness/internal/skillscheck/skillscheck.go:83.44,86.17 3 1
github.com/JailtonJunior94/ai-spec-harness/internal/skillscheck/skillscheck.go:86.17,92.12 2 1
github.com/JailtonJunior94/ai-spec-harness/internal/skillscheck/skillscheck.go:95.3,106.5 4 1
github.com/JailtonJunior94/ai-spec-harness/internal/skillscheck/skillscheck.go:109.2,109.21 1 1
github.com/JailtonJunior94/ai-spec-harness/internal/skillscheck/skillscheck.go:114.49,117.2 2 1
github.com/JailtonJunior94/ai-spec-harness/internal/skillscheck/skillscheck.go:131.73,133.16 2 1
github.com/JailtonJunior94/ai-spec-harness/internal/skillscheck/skillscheck.go:133.16,135.3 1 0
github.com/JailtonJunior94/ai-spec-harness/internal/skillscheck/skillscheck.go:137.2,138.28 2 1
github.com/JailtonJunior94/ai-spec-harness/internal/skillscheck/skillscheck.go:138.28,139.10 1 1
github.com/JailtonJunior94/ai-spec-harness/internal/skillscheck/skillscheck.go:140.32,141.90 1 1
github.com/JailtonJunior94/ai-spec-harness/internal/skillscheck/skillscheck.go:142.33,143.99 1 1
github.com/JailtonJunior94/ai-spec-harness/internal/skillscheck/skillscheck.go:144.21,145.117 1 1
github.com/JailtonJunior94/ai-spec-harness/internal/skillscheck/skillscheck.go:148.2,148.22 1 1
github.com/JailtonJunior94/ai-spec-harness/internal/skillscheck/skillscheck.go:152.72,153.37 1 1
github.com/JailtonJunior94/ai-spec-harness/internal/skillscheck/skillscheck.go:153.37,155.3 1 1
github.com/JailtonJunior94/ai-spec-harness/internal/skillscheck/skillscheck.go:156.2,156.25 1 1
github.com/JailtonJunior94/ai-spec-harness/internal/skillscheck/skillscheck.go:156.25,158.3 1 1
github.com/JailtonJunior94/ai-spec-harness/internal/skillscheck/skillscheck.go:159.2,161.43 3 1
github.com/JailtonJunior94/ai-spec-harness/internal/skillscheck/skillscheck.go:161.43,163.3 1 0
github.com/JailtonJunior94/ai-spec-harness/internal/skillscheck/skillscheck.go:164.2,164.34 1 1
github.com/JailtonJunior94/ai-spec-harness/internal/skillscheck/skillscheck.go:164.34,166.3 1 1
github.com/JailtonJunior94/ai-spec-harness/internal/skillscheck/skillscheck.go:167.2,167.19 1 1
github.com/JailtonJunior94/ai-spec-harness/internal/skillscheck/skillscheck.go:172.44,175.21 3 1
github.com/JailtonJunior94/ai-spec-harness/internal/skillscheck/skillscheck.go:175.21,177.3 1 0
github.com/JailtonJunior94/ai-spec-harness/internal/skillscheck/skillscheck.go:178.2,179.16 2 1
github.com/JailtonJunior94/ai-spec-harness/internal/skillscheck/skillscheck.go:179.16,181.3 1 0
github.com/JailtonJunior94/ai-spec-harness/internal/skillscheck/skillscheck.go:182.2,182.10 1 1
github.com/JailtonJunior94/ai-spec-harness/internal/specdrift/r1_catalog.go:6.28,8.2 1 1
github.com/JailtonJunior94/ai-spec-harness/internal/specdrift/specdrift.go:41.85,46.28 4 1
github.com/JailtonJunior94/ai-spec-harness/internal/specdrift/specdrift.go:46.28,48.32 2 1
github.com/JailtonJunior94/ai-spec-harness/internal/specdrift/specdrift.go:48.32,51.4 2 1
github.com/JailtonJunior94/ai-spec-harness/internal/specdrift/specdrift.go:54.2,56.30 3 1
github.com/JailtonJunior94/ai-spec-harness/internal/specdrift/specdrift.go:56.30,57.39 1 1
github.com/JailtonJunior94/ai-spec-harness/internal/specdrift/specdrift.go:57.39,59.4 1 1
github.com/JailtonJunior94/ai-spec-harness/internal/specdrift/specdrift.go:62.2,66.3 1 1
github.com/JailtonJunior94/ai-spec-harness/internal/specdrift/specdrift.go:71.94,73.20 2 1
github.com/JailtonJunior94/ai-spec-harness/internal/specdrift/specdrift.go:73.20,75.3 1 1
github.com/JailtonJunior94/ai-spec-harness/internal/specdrift/specdrift.go:76.2,76.59 1 1
github.com/JailtonJunior94/ai-spec-harness/internal/specdrift/specdrift.go:79.68,83.29 4 1
github.com/JailtonJunior94/ai-spec-harness/internal/specdrift/specdrift.go:83.29,85.40 2 1
github.com/JailtonJunior94/ai-spec-harness/internal/specdrift/specdrift.go:85.40,86.17 1 1
github.com/JailtonJunior94/ai-spec-harness/internal/specdrift/specdrift.go:86.17,87.10 1 0
github.com/JailtonJunior94/ai-spec-harness/internal/specdrift/specdrift.go:89.4,90.12 2 1
github.com/JailtonJunior94/ai-spec-harness/internal/specdrift/specdrift.go:92.3,92.51 1 1
github.com/JailtonJunior94/ai-spec-harness/internal/specdrift/specdrift.go:92.51,94.4 1 1
github.com/JailtonJunior94/ai-spec-harness/internal/specdrift/specdrift.go:96.2,96.20 1 1
github.com/JailtonJunior94/ai-spec-harness/internal/specdrift/specdrift.go:96.20,98.3 1 1
github.com/JailtonJunior94/ai-spec-harness/internal/specdrift/specdrift.go:99.2,99.42 1 1
github.com/JailtonJunior94/ai-spec-harness/internal/specdrift/specdrift.go:104.88,112.18 6 1
github.com/JailtonJunior94/ai-spec-harness/internal/specdrift/specdrift.go:112.18,119.3 1 1
github.com/JailtonJunior94/ai-spec-harness/internal/specdrift/specdrift.go:121.2,128.3 2 1
github.com/JailtonJunior94/ai-spec-harness/internal/specdrift/specdrift.go:133.63,136.16 3 1
github.com/JailtonJunior94/ai-spec-harness/internal/specdrift/specdrift.go:136.16,138.3 1 1
github.com/JailtonJunior94/ai-spec-harness/internal/specdrift/specdrift.go:140.2,150.29 3 1
github.com/JailtonJunior94/ai-spec-harness/internal/specdrift/specdrift.go:150.29,153.17 3 1
github.com/JailtonJunior94/ai-spec-harness/internal/specdrift/specdrift.go:153.17,155.12 1 1
github.com/JailtonJunior94/ai-spec-harness/internal/specdrift/specdrift.go:158.3,162.16 5 1
github.com/JailtonJunior94/ai-spec-harness/internal/specdrift/specdrift.go:162.16,164.4 1 1
github.com/JailtonJunior94/ai-spec-harness/internal/specdrift/specdrift.go:166.3,169.18 4 1
github.com/JailtonJunior94/ai-spec-harness/internal/specdrift/specdrift.go:169.18,171.4 1 1
github.com/JailtonJunior94/ai-spec-harness/internal/specdrift/specdrift.go:174.2,174.20 1 1
github.com/JailtonJunior94/ai-spec-harness/internal/specdrift/sync.go:19.56,21.50 2 1
github.com/JailtonJunior94/ai-spec-harness/internal/specdrift/sync.go:21.50,23.3 1 0
github.com/JailtonJunior94/ai-spec-harness/internal/specdrift/sync.go:25.2,26.16 2 1
github.com/JailtonJunior94/ai-spec-harness/internal/specdrift/sync.go:26.16,28.3 1 1
github.com/JailtonJunior94/ai-spec-harness/internal/specdrift/sync.go:30.2,38.29 4 1
github.com/JailtonJunior94/ai-spec-harness/internal/specdrift/sync.go:38.29,44.17 5 1
github.com/JailtonJunior94/ai-spec-harness/internal/specdrift/sync.go:44.17,45.12 1 1
github.com/JailtonJunior94/ai-spec-harness/internal/specdrift/sync.go:48.3,50.90 3 1
github.com/JailtonJunior94/ai-spec-harness/internal/specdrift/sync.go:53.2,53.23 1 1
github.com/JailtonJunior94/ai-spec-harness/internal/specdrift/sync.go:53.23,55.3 1 1
github.com/JailtonJunior94/ai-spec-harness/internal/specdrift/sync.go:57.2,57.35 1 1
github.com/JailtonJunior94/ai-spec-harness/internal/specdrift/sync.go:57.35,59.3 1 1
github.com/JailtonJunior94/ai-spec-harness/internal/specdrift/sync.go:61.2,61.56 1 1
github.com/JailtonJunior94/ai-spec-harness/internal/specdrift/sync.go:64.56,67.36 3 1
github.com/JailtonJunior94/ai-spec-harness/internal/specdrift/sync.go:67.36,69.3 1 1
github.com/JailtonJunior94/ai-spec-harness/internal/specdrift/sync.go:70.2,70.16 1 0
github.com/JailtonJunior94/ai-spec-harness/internal/specdrift/sync.go:70.16,72.3 1 0
github.com/JailtonJunior94/ai-spec-harness/internal/specdrift/sync.go:73.2,79.4 1 0
github.com/JailtonJunior94/ai-spec-harness/internal/specdrift/sync.go:79.4,81.22 2 0
github.com/JailtonJunior94/ai-spec-harness/internal/specdrift/sync.go:81.22,82.12 1 0
github.com/JailtonJunior94/ai-spec-harness/internal/specdrift/sync.go:84.3,85.23 2 0
github.com/JailtonJunior94/ai-spec-harness/internal/specdrift/sync.go:85.23,87.4 1 0
github.com/JailtonJunior94/ai-spec-harness/internal/specdrift/sync.go:88.3,88.29 1 0
github.com/JailtonJunior94/ai-spec-harness/internal/specdrift/sync.go:88.29,89.86 1 0
github.com/JailtonJunior94/ai-spec-harness/internal/specdrift/sync.go:89.86,91.5 1 0
github.com/JailtonJunior94/ai-spec-harness/internal/specdrift/sync.go:92.4,92.120 1 0
github.com/JailtonJunior94/ai-spec-harness/internal/specdrift/sync.go:95.2,95.12 1 0
github.com/JailtonJunior94/ai-spec-harness/internal/triggers/triggers.go:34.59,36.2 1 1
github.com/JailtonJunior94/ai-spec-harness/internal/triggers/triggers.go:40.63,45.16 4 1
github.com/JailtonJunior94/ai-spec-harness/internal/triggers/triggers.go:45.16,47.3 1 1
github.com/JailtonJunior94/ai-spec-harness/internal/triggers/triggers.go:49.2,52.51 2 1
github.com/JailtonJunior94/ai-spec-harness/internal/triggers/triggers.go:52.51,54.3 1 1
github.com/JailtonJunior94/ai-spec-harness/internal/triggers/triggers.go:55.2,55.26 1 1
github.com/JailtonJunior94/ai-spec-harness/internal/triggers/triggers.go:59.60,60.14 1 1
github.com/JailtonJunior94/ai-spec-harness/internal/triggers/triggers.go:61.30,62.14 1 1
github.com/JailtonJunior94/ai-spec-harness/internal/triggers/triggers.go:63.10,64.14 1 1
github.com/JailtonJunior94/ai-spec-harness/internal/triggers/triggers.go:72.30,74.2 1 1
github.com/JailtonJunior94/ai-spec-harness/internal/triggers/triggers.go:78.54,80.26 2 1
github.com/JailtonJunior94/ai-spec-harness/internal/triggers/triggers.go:80.26,81.26 1 1
github.com/JailtonJunior94/ai-spec-harness/internal/triggers/triggers.go:82.14,83.18 1 1
github.com/JailtonJunior94/ai-spec-harness/internal/triggers/triggers.go:84.53,85.20 1 1
github.com/JailtonJunior94/ai-spec-harness/internal/triggers/triggers.go:86.14,87.22 1 1
github.com/JailtonJunior94/ai-spec-harness/internal/triggers/triggers.go:91.2,92.30 2 1
github.com/JailtonJunior94/ai-spec-harness/internal/triggers/triggers.go:92.30,93.14 1 1
github.com/JailtonJunior94/ai-spec-harness/internal/triggers/triggers.go:93.14,95.4 1 1
github.com/JailtonJunior94/ai-spec-harness/internal/triggers/triggers.go:97.2,97.13 1 1
github.com/JailtonJunior94/ai-spec-harness/internal/telemetry/acp.go:39.76,40.46 1 1
github.com/JailtonJunior94/ai-spec-harness/internal/telemetry/acp.go:40.46,42.3 1 1
github.com/JailtonJunior94/ai-spec-harness/internal/telemetry/acp.go:44.2,45.50 2 1
github.com/JailtonJunior94/ai-spec-harness/internal/telemetry/acp.go:45.50,47.3 1 0
github.com/JailtonJunior94/ai-spec-harness/internal/telemetry/acp.go:49.2,51.16 3 1
github.com/JailtonJunior94/ai-spec-harness/internal/telemetry/acp.go:51.16,53.3 1 0
github.com/JailtonJunior94/ai-spec-harness/internal/telemetry/acp.go:54.2,67.27 4 1
github.com/JailtonJunior94/ai-spec-harness/internal/telemetry/acp.go:67.27,69.3 1 0
github.com/JailtonJunior94/ai-spec-harness/internal/telemetry/acp.go:70.2,70.28 1 1
github.com/JailtonJunior94/ai-spec-harness/internal/telemetry/acp.go:70.28,72.3 1 0
github.com/JailtonJunior94/ai-spec-harness/internal/telemetry/acp.go:74.2,74.27 1 1
github.com/JailtonJunior94/ai-spec-harness/internal/telemetry/acp.go:74.27,76.3 1 0
github.com/JailtonJunior94/ai-spec-harness/internal/telemetry/acp.go:77.2,79.12 3 1
github.com/JailtonJunior94/ai-spec-harness/internal/telemetry/parser.go:21.92,23.16 2 1
github.com/JailtonJunior94/ai-spec-harness/internal/telemetry/parser.go:23.16,24.25 1 1
github.com/JailtonJunior94/ai-spec-harness/internal/telemetry/parser.go:24.25,26.4 1 1
github.com/JailtonJunior94/ai-spec-harness/internal/telemetry/parser.go:27.3,27.61 1 0
github.com/JailtonJunior94/ai-spec-harness/internal/telemetry/parser.go:29.2,32.15 3 1
github.com/JailtonJunior94/ai-spec-harness/internal/telemetry/parser.go:32.15,34.3 1 1
github.com/JailtonJunior94/ai-spec-harness/internal/telemetry/parser.go:36.2,38.21 3 1
github.com/JailtonJunior94/ai-spec-harness/internal/telemetry/parser.go:38.21,41.21 3 1
github.com/JailtonJunior94/ai-spec-harness/internal/telemetry/parser.go:41.21,42.12 1 1
github.com/JailtonJunior94/ai-spec-harness/internal/telemetry/parser.go:44.3,45.17 2 1
github.com/JailtonJunior94/ai-spec-harness/internal/telemetry/parser.go:45.17,46.12 1 1
github.com/JailtonJunior94/ai-spec-harness/internal/telemetry/parser.go:48.3,48.44 1 1
github.com/JailtonJunior94/ai-spec-harness/internal/telemetry/parser.go:48.44,49.12 1 1
github.com/JailtonJunior94/ai-spec-harness/internal/telemetry/parser.go:52.3,53.34 2 1
github.com/JailtonJunior94/ai-spec-harness/internal/telemetry/parser.go:53.34,54.11 1 1
github.com/JailtonJunior94/ai-spec-harness/internal/telemetry/parser.go:55.43,56.53 1 1
github.com/JailtonJunior94/ai-spec-harness/internal/telemetry/parser.go:57.41,58.49 1 1
github.com/JailtonJunior94/ai-spec-harness/internal/telemetry/parser.go:61.3,61.35 1 1
github.com/JailtonJunior94/ai-spec-harness/internal/telemetry/parser.go:63.2,63.38 1 1
github.com/JailtonJunior94/ai-spec-harness/internal/telemetry/parser.go:63.38,65.3 1 0
github.com/JailtonJunior94/ai-spec-harness/internal/telemetry/parser.go:66.2,66.21 1 1
github.com/JailtonJunior94/ai-spec-harness/internal/telemetry/r1_catalog.go:6.28,8.2 1 1
github.com/JailtonJunior94/ai-spec-harness/internal/telemetry/report.go:40.83,43.16 3 1
github.com/JailtonJunior94/ai-spec-harness/internal/telemetry/report.go:43.16,45.3 1 0
github.com/JailtonJunior94/ai-spec-harness/internal/telemetry/report.go:47.2,53.28 5 1
github.com/JailtonJunior94/ai-spec-harness/internal/telemetry/report.go:53.28,54.20 1 1
github.com/JailtonJunior94/ai-spec-harness/internal/telemetry/report.go:54.20,55.12 1 0
github.com/JailtonJunior94/ai-spec-harness/internal/telemetry/report.go:57.3,58.18 2 1
github.com/JailtonJunior94/ai-spec-harness/internal/telemetry/report.go:58.18,62.4 3 1
github.com/JailtonJunior94/ai-spec-harness/internal/telemetry/report.go:62.9,62.50 1 1
github.com/JailtonJunior94/ai-spec-harness/internal/telemetry/report.go:62.50,64.4 1 1
github.com/JailtonJunior94/ai-spec-harness/internal/telemetry/report.go:67.2,68.32 2 1
github.com/JailtonJunior94/ai-spec-harness/internal/telemetry/report.go:68.32,70.3 1 1
github.com/JailtonJunior94/ai-spec-harness/internal/telemetry/report.go:71.2,71.16 1 1
github.com/JailtonJunior94/ai-spec-harness/internal/telemetry/report.go:71.16,73.3 1 1
github.com/JailtonJunior94/ai-spec-harness/internal/telemetry/report.go:75.2,80.15 5 1
github.com/JailtonJunior94/ai-spec-harness/internal/telemetry/report.go:80.15,82.3 1 1
github.com/JailtonJunior94/ai-spec-harness/internal/telemetry/report.go:84.2,85.15 2 1
github.com/JailtonJunior94/ai-spec-harness/internal/telemetry/report.go:85.15,87.3 1 0
github.com/JailtonJunior94/ai-spec-harness/internal/telemetry/report.go:89.2,97.8 1 1
github.com/JailtonJunior94/ai-spec-harness/internal/telemetry/report.go:101.54,102.32 1 1
github.com/JailtonJunior94/ai-spec-harness/internal/telemetry/report.go:102.32,104.3 1 1
github.com/JailtonJunior94/ai-spec-harness/internal/telemetry/report.go:106.2,112.32 6 1
github.com/JailtonJunior94/ai-spec-harness/internal/telemetry/report.go:112.32,114.3 1 1
github.com/JailtonJunior94/ai-spec-harness/internal/telemetry/report.go:116.2,117.25 2 1
github.com/JailtonJunior94/ai-spec-harness/internal/telemetry/report.go:117.25,119.3 1 0
github.com/JailtonJunior94/ai-spec-harness/internal/telemetry/report.go:120.2,120.30 1 1
github.com/JailtonJunior94/ai-spec-harness/internal/telemetry/report.go:120.30,122.3 1 1
github.com/JailtonJunior94/ai-spec-harness/internal/telemetry/report.go:124.2,129.26 4 1
github.com/JailtonJunior94/ai-spec-harness/internal/telemetry/report.go:129.26,131.33 2 1
github.com/JailtonJunior94/ai-spec-harness/internal/telemetry/report.go:131.33,133.4 1 1
github.com/JailtonJunior94/ai-spec-harness/internal/telemetry/report.go:136.2,136.20 1 1
github.com/JailtonJunior94/ai-spec-harness/internal/telemetry/report.go:140.63,142.16 2 1
github.com/JailtonJunior94/ai-spec-harness/internal/telemetry/report.go:142.16,144.3 1 0
github.com/JailtonJunior94/ai-spec-harness/internal/telemetry/report.go:145.2,145.15 1 1
github.com/JailtonJunior94/ai-spec-harness/internal/telemetry/report.go:148.77,154.27 3 1
github.com/JailtonJunior94/ai-spec-harness/internal/telemetry/report.go:154.27,156.3 1 1
github.com/JailtonJunior94/ai-spec-harness/internal/telemetry/report.go:157.2,157.40 1 1
github.com/JailtonJunior94/ai-spec-harness/internal/telemetry/report.go:157.40,158.31 1 1
github.com/JailtonJunior94/ai-spec-harness/internal/telemetry/report.go:158.31,160.4 1 1
github.com/JailtonJunior94/ai-spec-harness/internal/telemetry/report.go:161.3,161.33 1 1
github.com/JailtonJunior94/ai-spec-harness/internal/telemetry/report.go:163.2,163.27 1 1
github.com/JailtonJunior94/ai-spec-harness/internal/telemetry/report.go:163.27,165.3 1 1
github.com/JailtonJunior94/ai-spec-harness/internal/telemetry/report.go:166.2,167.26 2 1
github.com/JailtonJunior94/ai-spec-harness/internal/telemetry/report.go:167.26,169.16 2 1
github.com/JailtonJunior94/ai-spec-harness/internal/telemetry/report.go:169.16,171.4 1 1
github.com/JailtonJunior94/ai-spec-harness/internal/telemetry/report.go:172.3,172.63 1 1
github.com/JailtonJunior94/ai-spec-harness/internal/telemetry/report.go:174.2,174.12 1 1
github.com/JailtonJunior94/ai-spec-harness/internal/telemetry/report.go:177.62,183.27 3 1
github.com/JailtonJunior94/ai-spec-harness/internal/telemetry/report.go:183.27,185.3 1 1
github.com/JailtonJunior94/ai-spec-harness/internal/telemetry/report.go:186.2,186.40 1 1
github.com/JailtonJunior94/ai-spec-harness/internal/telemetry/report.go:186.40,187.31 1 1
github.com/JailtonJunior94/ai-spec-harness/internal/telemetry/report.go:187.31,189.4 1 1
github.com/JailtonJunior94/ai-spec-harness/internal/telemetry/report.go:190.3,190.33 1 1
github.com/JailtonJunior94/ai-spec-harness/internal/telemetry/report.go:192.2,192.27 1 1
github.com/JailtonJunior94/ai-spec-harness/internal/telemetry/report.go:192.27,194.3 1 1
github.com/JailtonJunior94/ai-spec-harness/internal/telemetry/report.go:195.2,196.26 2 1
github.com/JailtonJunior94/ai-spec-harness/internal/telemetry/report.go:196.26,198.3 1 1
github.com/JailtonJunior94/ai-spec-harness/internal/telemetry/report.go:199.2,199.12 1 1
github.com/JailtonJunior94/ai-spec-harness/internal/telemetry/report.go:202.95,205.29 3 1
github.com/JailtonJunior94/ai-spec-harness/internal/telemetry/report.go:205.29,207.3 1 1
github.com/JailtonJunior94/ai-spec-harness/internal/telemetry/report.go:208.2,209.29 2 1
github.com/JailtonJunior94/ai-spec-harness/internal/telemetry/report.go:209.29,210.51 1 1
github.com/JailtonJunior94/ai-spec-harness/internal/telemetry/report.go:210.51,215.4 1 1
github.com/JailtonJunior94/ai-spec-harness/internal/telemetry/report.go:217.2,217.15 1 1
github.com/JailtonJunior94/ai-spec-harness/internal/telemetry/report.go:220.35,221.12 1 1
github.com/JailtonJunior94/ai-spec-harness/internal/telemetry/report.go:221.12,223.3 1 0
github.com/JailtonJunior94/ai-spec-harness/internal/telemetry/report.go:224.2,224.10 1 1
github.com/JailtonJunior94/ai-spec-harness/internal/telemetry/summary.go:19.80,21.60 2 1
github.com/JailtonJunior94/ai-spec-harness/internal/telemetry/summary.go:21.60,23.3 1 0
github.com/JailtonJunior94/ai-spec-harness/internal/telemetry/summary.go:25.2,26.16 2 1
github.com/JailtonJunior94/ai-spec-harness/internal/telemetry/summary.go:26.16,28.3 1 0
github.com/JailtonJunior94/ai-spec-harness/internal/telemetry/summary.go:30.2,33.28 3 1
github.com/JailtonJunior94/ai-spec-harness/internal/telemetry/summary.go:33.28,34.20 1 1
github.com/JailtonJunior94/ai-spec-harness/internal/telemetry/summary.go:34.20,36.4 1 1
github.com/JailtonJunior94/ai-spec-harness/internal/telemetry/summary.go:37.3,37.18 1 1
github.com/JailtonJunior94/ai-spec-harness/internal/telemetry/summary.go:37.18,39.4 1 1
github.com/JailtonJunior94/ai-spec-harness/internal/telemetry/summary.go:42.2,44.21 2 1
github.com/JailtonJunior94/ai-spec-harness/internal/telemetry/summary.go:44.21,46.3 1 0
github.com/JailtonJunior94/ai-spec-harness/internal/telemetry/summary.go:48.2,53.34 5 1
github.com/JailtonJunior94/ai-spec-harness/internal/telemetry/summary.go:53.34,55.3 1 1
github.com/JailtonJunior94/ai-spec-harness/internal/telemetry/summary.go:57.2,59.30 3 1
github.com/JailtonJunior94/ai-spec-harness/internal/telemetry/summary.go:59.30,61.3 1 1
github.com/JailtonJunior94/ai-spec-harness/internal/telemetry/summary.go:67.2,69.32 3 1
github.com/JailtonJunior94/ai-spec-harness/internal/telemetry/summary.go:69.32,71.3 1 1
github.com/JailtonJunior94/ai-spec-harness/internal/telemetry/summary.go:72.2,79.25 5 1
github.com/JailtonJunior94/ai-spec-harness/internal/telemetry/summary.go:82.57,84.19 2 1
github.com/JailtonJunior94/ai-spec-harness/internal/telemetry/summary.go:84.19,86.3 1 1
github.com/JailtonJunior94/ai-spec-harness/internal/telemetry/summary.go:87.2,88.13 2 1
github.com/JailtonJunior94/ai-spec-harness/internal/telemetry/telemetry.go:12.57,13.46 1 1
github.com/JailtonJunior94/ai-spec-harness/internal/telemetry/telemetry.go:13.46,15.3 1 1
github.com/JailtonJunior94/ai-spec-harness/internal/telemetry/telemetry.go:17.2,18.50 2 1
github.com/JailtonJunior94/ai-spec-harness/internal/telemetry/telemetry.go:18.50,20.3 1 0
github.com/JailtonJunior94/ai-spec-harness/internal/telemetry/telemetry.go:22.2,24.16 3 1
github.com/JailtonJunior94/ai-spec-harness/internal/telemetry/telemetry.go:24.16,26.3 1 0
github.com/JailtonJunior94/ai-spec-harness/internal/telemetry/telemetry.go:27.2,32.12 5 1
github.com/JailtonJunior94/ai-spec-harness/internal/telemetry/telemetry.go:55.82,56.46 1 1
github.com/JailtonJunior94/ai-spec-harness/internal/telemetry/telemetry.go:56.46,58.3 1 1
github.com/JailtonJunior94/ai-spec-harness/internal/telemetry/telemetry.go:61.2,64.25 1 1
github.com/JailtonJunior94/ai-spec-harness/internal/telemetry/telemetry.go:64.25,66.3 1 1
github.com/JailtonJunior94/ai-spec-harness/internal/telemetry/telemetry.go:68.2,69.50 2 1
github.com/JailtonJunior94/ai-spec-harness/internal/telemetry/telemetry.go:69.50,71.3 1 0
github.com/JailtonJunior94/ai-spec-harness/internal/telemetry/telemetry.go:73.2,75.16 3 1
github.com/JailtonJunior94/ai-spec-harness/internal/telemetry/telemetry.go:75.16,77.3 1 0
github.com/JailtonJunior94/ai-spec-harness/internal/telemetry/telemetry.go:78.2,91.28 5 1
github.com/JailtonJunior94/ai-spec-harness/internal/telemetry/telemetry.go:91.28,92.16 1 1
github.com/JailtonJunior94/ai-spec-harness/internal/telemetry/telemetry.go:92.16,94.51 2 1
github.com/JailtonJunior94/ai-spec-harness/internal/telemetry/telemetry.go:94.51,96.5 1 0
github.com/JailtonJunior94/ai-spec-harness/internal/telemetry/telemetry.go:99.2,99.12 1 1
github.com/JailtonJunior94/ai-spec-harness/internal/telemetry/telemetry.go:122.82,123.46 1 1
github.com/JailtonJunior94/ai-spec-harness/internal/telemetry/telemetry.go:123.46,125.3 1 1
github.com/JailtonJunior94/ai-spec-harness/internal/telemetry/telemetry.go:127.2,128.50 2 1
github.com/JailtonJunior94/ai-spec-harness/internal/telemetry/telemetry.go:128.50,130.3 1 0
github.com/JailtonJunior94/ai-spec-harness/internal/telemetry/telemetry.go:132.2,134.16 3 1
github.com/JailtonJunior94/ai-spec-harness/internal/telemetry/telemetry.go:134.16,136.3 1 0
github.com/JailtonJunior94/ai-spec-harness/internal/telemetry/telemetry.go:137.2,146.32 4 1
github.com/JailtonJunior94/ai-spec-harness/internal/telemetry/telemetry.go:146.32,147.51 1 1
github.com/JailtonJunior94/ai-spec-harness/internal/telemetry/telemetry.go:147.51,149.4 1 0
github.com/JailtonJunior94/ai-spec-harness/internal/telemetry/telemetry.go:151.2,151.12 1 1
github.com/JailtonJunior94/ai-spec-harness/internal/telemetry/trend.go:25.60,28.16 3 1
github.com/JailtonJunior94/ai-spec-harness/internal/telemetry/trend.go:28.16,30.3 1 0
github.com/JailtonJunior94/ai-spec-harness/internal/telemetry/trend.go:33.2,34.28 2 1
github.com/JailtonJunior94/ai-spec-harness/internal/telemetry/trend.go:34.28,38.3 3 1
github.com/JailtonJunior94/ai-spec-harness/internal/telemetry/trend.go:41.2,43.43 3 1
github.com/JailtonJunior94/ai-spec-harness/internal/telemetry/trend.go:43.43,51.3 4 1
github.com/JailtonJunior94/ai-spec-harness/internal/telemetry/trend.go:53.2,53.37 1 1
github.com/JailtonJunior94/ai-spec-harness/internal/telemetry/trend.go:57.54,58.26 1 1
github.com/JailtonJunior94/ai-spec-harness/internal/telemetry/trend.go:58.26,60.3 1 0
github.com/JailtonJunior94/ai-spec-harness/internal/telemetry/trend.go:62.2,63.31 2 1
github.com/JailtonJunior94/ai-spec-harness/internal/telemetry/trend.go:63.31,64.29 1 1
github.com/JailtonJunior94/ai-spec-harness/internal/telemetry/trend.go:64.29,66.4 1 1
github.com/JailtonJunior94/ai-spec-harness/internal/telemetry/trend.go:69.2,75.31 6 1
github.com/JailtonJunior94/ai-spec-harness/internal/telemetry/trend.go:75.31,77.17 2 1
github.com/JailtonJunior94/ai-spec-harness/internal/telemetry/trend.go:77.17,79.4 1 1
github.com/JailtonJunior94/ai-spec-harness/internal/telemetry/trend.go:80.3,80.91 1 1
github.com/JailtonJunior94/ai-spec-harness/internal/telemetry/trend.go:82.2,82.20 1 1
github.com/JailtonJunior94/ai-spec-harness/internal/telemetry/trend.go:114.93,117.16 3 1
github.com/JailtonJunior94/ai-spec-harness/internal/telemetry/trend.go:117.16,119.3 1 0
github.com/JailtonJunior94/ai-spec-harness/internal/telemetry/trend.go:121.2,122.28 2 1
github.com/JailtonJunior94/ai-spec-harness/internal/telemetry/trend.go:122.28,123.20 1 1
github.com/JailtonJunior94/ai-spec-harness/internal/telemetry/trend.go:123.20,125.4 1 1
github.com/JailtonJunior94/ai-spec-harness/internal/telemetry/trend.go:128.2,130.24 3 1
github.com/JailtonJunior94/ai-spec-harness/internal/telemetry/trend.go:130.24,132.3 1 1
github.com/JailtonJunior94/ai-spec-harness/internal/telemetry/trend.go:133.2,135.30 2 1
github.com/JailtonJunior94/ai-spec-harness/internal/telemetry/trend.go:135.30,137.10 2 1
github.com/JailtonJunior94/ai-spec-harness/internal/telemetry/trend.go:137.10,138.12 1 0
github.com/JailtonJunior94/ai-spec-harness/internal/telemetry/trend.go:140.3,141.21 2 1
github.com/JailtonJunior94/ai-spec-harness/internal/telemetry/trend.go:141.21,149.4 2 1
github.com/JailtonJunior94/ai-spec-harness/internal/telemetry/trend.go:152.2,152.67 1 1
github.com/JailtonJunior94/ai-spec-harness/internal/telemetry/trend.go:156.66,157.38 1 0
github.com/JailtonJunior94/ai-spec-harness/internal/telemetry/trend.go:157.38,159.3 1 0
github.com/JailtonJunior94/ai-spec-harness/internal/telemetry/trend.go:160.2,162.32 3 0
github.com/JailtonJunior94/ai-spec-harness/internal/telemetry/trend.go:162.32,164.3 1 0
github.com/JailtonJunior94/ai-spec-harness/internal/telemetry/trend.go:165.2,165.20 1 0
github.com/JailtonJunior94/ai-spec-harness/internal/telemetry/trend.go:169.64,170.22 1 1
github.com/JailtonJunior94/ai-spec-harness/internal/telemetry/trend.go:170.22,172.3 1 1
github.com/JailtonJunior94/ai-spec-harness/internal/telemetry/trend.go:173.2,177.27 5 1
github.com/JailtonJunior94/ai-spec-harness/internal/telemetry/trend.go:177.27,179.3 1 1
github.com/JailtonJunior94/ai-spec-harness/internal/telemetry/trend.go:180.2,180.20 1 1
github.com/JailtonJunior94/ai-spec-harness/internal/uninstall/uninstall.go:18.71,20.2 1 1
github.com/JailtonJunior94/ai-spec-harness/internal/uninstall/uninstall.go:23.65,25.16 2 1
github.com/JailtonJunior94/ai-spec-harness/internal/uninstall/uninstall.go:25.16,27.3 1 0
github.com/JailtonJunior94/ai-spec-harness/internal/uninstall/uninstall.go:29.2,29.25 1 1
github.com/JailtonJunior94/ai-spec-harness/internal/uninstall/uninstall.go:29.25,31.3 1 0
github.com/JailtonJunior94/ai-spec-harness/internal/uninstall/uninstall.go:33.2,34.28 2 1
github.com/JailtonJunior94/ai-spec-harness/internal/uninstall/uninstall.go:34.28,36.3 1 1
github.com/JailtonJunior94/ai-spec-harness/internal/uninstall/uninstall.go:38.2,43.32 4 1
github.com/JailtonJunior94/ai-spec-harness/internal/uninstall/uninstall.go:43.32,44.27 1 1
github.com/JailtonJunior94/ai-spec-harness/internal/uninstall/uninstall.go:44.27,46.4 1 1
github.com/JailtonJunior94/ai-spec-harness/internal/uninstall/uninstall.go:47.3,47.13 1 1
github.com/JailtonJunior94/ai-spec-harness/internal/uninstall/uninstall.go:47.13,49.4 1 1
github.com/JailtonJunior94/ai-spec-harness/internal/uninstall/uninstall.go:49.9,51.4 1 1
github.com/JailtonJunior94/ai-spec-harness/internal/uninstall/uninstall.go:52.3,52.12 1 1
github.com/JailtonJunior94/ai-spec-harness/internal/uninstall/uninstall.go:55.2,55.39 1 1
github.com/JailtonJunior94/ai-spec-harness/internal/uninstall/uninstall.go:55.39,56.33 1 1
github.com/JailtonJunior94/ai-spec-harness/internal/uninstall/uninstall.go:56.33,58.4 1 1
github.com/JailtonJunior94/ai-spec-harness/internal/uninstall/uninstall.go:59.3,60.37 2 0
github.com/JailtonJunior94/ai-spec-harness/internal/uninstall/uninstall.go:60.37,62.4 1 0
github.com/JailtonJunior94/ai-spec-harness/internal/uninstall/uninstall.go:63.3,63.26 1 0
github.com/JailtonJunior94/ai-spec-harness/internal/uninstall/uninstall.go:67.2,67.27 1 1
github.com/JailtonJunior94/ai-spec-harness/internal/uninstall/uninstall.go:67.27,69.29 2 1
github.com/JailtonJunior94/ai-spec-harness/internal/uninstall/uninstall.go:69.29,71.4 1 1
github.com/JailtonJunior94/ai-spec-harness/internal/uninstall/uninstall.go:73.2,78.30 4 1
github.com/JailtonJunior94/ai-spec-harness/internal/uninstall/uninstall.go:78.30,80.29 2 0
github.com/JailtonJunior94/ai-spec-harness/internal/uninstall/uninstall.go:80.29,82.4 1 0
github.com/JailtonJunior94/ai-spec-harness/internal/uninstall/uninstall.go:84.2,87.30 3 1
github.com/JailtonJunior94/ai-spec-harness/internal/uninstall/uninstall.go:87.30,89.29 2 0
github.com/JailtonJunior94/ai-spec-harness/internal/uninstall/uninstall.go:89.29,90.42 1 0
github.com/JailtonJunior94/ai-spec-harness/internal/uninstall/uninstall.go:90.42,92.5 1 0
github.com/JailtonJunior94/ai-spec-harness/internal/uninstall/uninstall.go:95.2,111.31 12 1
github.com/JailtonJunior94/ai-spec-harness/internal/uninstall/uninstall.go:111.31,113.17 2 1
github.com/JailtonJunior94/ai-spec-harness/internal/uninstall/uninstall.go:113.17,115.44 2 1
github.com/JailtonJunior94/ai-spec-harness/internal/uninstall/uninstall.go:115.44,117.5 1 1
github.com/JailtonJunior94/ai-spec-harness/internal/uninstall/uninstall.go:117.10,117.112 1 0
github.com/JailtonJunior94/ai-spec-harness/internal/uninstall/uninstall.go:117.112,119.5 1 0
github.com/JailtonJunior94/ai-spec-harness/internal/uninstall/uninstall.go:122.2,126.28 3 1
github.com/JailtonJunior94/ai-spec-harness/internal/uninstall/uninstall.go:126.28,128.29 2 1
github.com/JailtonJunior94/ai-spec-harness/internal/uninstall/uninstall.go:128.29,129.44 1 1
github.com/JailtonJunior94/ai-spec-harness/internal/uninstall/uninstall.go:129.44,131.5 1 1
github.com/JailtonJunior94/ai-spec-harness/internal/uninstall/uninstall.go:134.2,151.30 12 1
github.com/JailtonJunior94/ai-spec-harness/internal/uninstall/uninstall.go:151.30,153.29 2 0
github.com/JailtonJunior94/ai-spec-harness/internal/uninstall/uninstall.go:153.29,155.4 1 0
github.com/JailtonJunior94/ai-spec-harness/internal/uninstall/uninstall.go:157.2,160.30 3 1
github.com/JailtonJunior94/ai-spec-harness/internal/uninstall/uninstall.go:160.30,162.29 2 0
github.com/JailtonJunior94/ai-spec-harness/internal/uninstall/uninstall.go:162.29,163.48 1 0
github.com/JailtonJunior94/ai-spec-harness/internal/uninstall/uninstall.go:163.48,165.5 1 0
github.com/JailtonJunior94/ai-spec-harness/internal/uninstall/uninstall.go:168.2,182.28 9 1
github.com/JailtonJunior94/ai-spec-harness/internal/uninstall/uninstall.go:182.28,185.3 2 1
github.com/JailtonJunior94/ai-spec-harness/internal/uninstall/uninstall.go:187.2,188.12 2 1
github.com/JailtonJunior94/ai-spec-harness/internal/uninstall/uninstall.go:188.12,190.3 1 1
github.com/JailtonJunior94/ai-spec-harness/internal/uninstall/uninstall.go:190.8,192.3 1 1
github.com/JailtonJunior94/ai-spec-harness/internal/uninstall/uninstall.go:194.2,194.12 1 1
github.com/JailtonJunior94/ai-spec-harness/internal/uninstall/uninstall.go:197.66,198.37 1 1
github.com/JailtonJunior94/ai-spec-harness/internal/uninstall/uninstall.go:198.37,200.3 1 1
github.com/JailtonJunior94/ai-spec-harness/internal/uninstall/uninstall.go:201.2,201.67 1 1
github.com/JailtonJunior94/ai-spec-harness/internal/uninstall/uninstall.go:204.50,232.2 1 1
github.com/JailtonJunior94/ai-spec-harness/internal/version/version.go:29.30,31.2 1 1
github.com/JailtonJunior94/ai-spec-harness/internal/version/version.go:35.33,36.54 1 1
github.com/JailtonJunior94/ai-spec-harness/internal/version/version.go:36.54,38.3 1 1
github.com/JailtonJunior94/ai-spec-harness/internal/version/version.go:39.2,39.16 1 1
github.com/JailtonJunior94/ai-spec-harness/internal/version/version.go:51.62,55.16 4 1
github.com/JailtonJunior94/ai-spec-harness/internal/version/version.go:55.16,58.3 2 1
github.com/JailtonJunior94/ai-spec-harness/internal/version/version.go:63.55,65.16 2 1
github.com/JailtonJunior94/ai-spec-harness/internal/version/version.go:65.16,67.3 1 1
github.com/JailtonJunior94/ai-spec-harness/internal/version/version.go:68.2,68.40 1 1
github.com/JailtonJunior94/ai-spec-harness/internal/version/version.go:75.47,76.30 1 1
github.com/JailtonJunior94/ai-spec-harness/internal/version/version.go:76.30,78.3 1 1
github.com/JailtonJunior94/ai-spec-harness/internal/version/version.go:79.2,79.49 1 1
github.com/JailtonJunior94/ai-spec-harness/internal/version/version.go:79.49,81.3 1 1
github.com/JailtonJunior94/ai-spec-harness/internal/version/version.go:82.2,82.14 1 1
github.com/JailtonJunior94/ai-spec-harness/internal/version/version.go:88.51,89.30 1 1
github.com/JailtonJunior94/ai-spec-harness/internal/version/version.go:89.30,91.3 1 1
github.com/JailtonJunior94/ai-spec-harness/internal/version/version.go:92.2,93.16 2 1
github.com/JailtonJunior94/ai-spec-harness/internal/version/version.go:93.16,95.3 1 0
github.com/JailtonJunior94/ai-spec-harness/internal/version/version.go:96.2,97.16 2 1
github.com/JailtonJunior94/ai-spec-harness/internal/version/version.go:97.16,99.3 1 0
github.com/JailtonJunior94/ai-spec-harness/internal/version/version.go:100.2,101.49 2 1
github.com/JailtonJunior94/ai-spec-harness/internal/version/version.go:101.49,103.3 1 1
github.com/JailtonJunior94/ai-spec-harness/internal/version/version.go:104.2,104.14 1 1
github.com/JailtonJunior94/ai-spec-harness/internal/wrapper/r1_receiver.go:6.30,6.52 1 1
github.com/JailtonJunior94/ai-spec-harness/internal/wrapper/wrapper.go:40.128,41.23 1 1
github.com/JailtonJunior94/ai-spec-harness/internal/wrapper/wrapper.go:41.23,43.3 1 1
github.com/JailtonJunior94/ai-spec-harness/internal/wrapper/wrapper.go:45.2,46.16 2 1
github.com/JailtonJunior94/ai-spec-harness/internal/wrapper/wrapper.go:46.16,48.3 1 0
github.com/JailtonJunior94/ai-spec-harness/internal/wrapper/wrapper.go:51.2,52.28 2 1
github.com/JailtonJunior94/ai-spec-harness/internal/wrapper/wrapper.go:52.28,54.3 1 1
github.com/JailtonJunior94/ai-spec-harness/internal/wrapper/wrapper.go:57.2,58.30 2 1
github.com/JailtonJunior94/ai-spec-harness/internal/wrapper/wrapper.go:58.30,60.3 1 1
github.com/JailtonJunior94/ai-spec-harness/internal/wrapper/wrapper.go:63.2,64.16 2 1
github.com/JailtonJunior94/ai-spec-harness/internal/wrapper/wrapper.go:64.16,66.3 1 1
github.com/JailtonJunior94/ai-spec-harness/internal/wrapper/wrapper.go:67.2,67.13 1 1
github.com/JailtonJunior94/ai-spec-harness/internal/wrapper/wrapper.go:67.13,69.29 2 1
github.com/JailtonJunior94/ai-spec-harness/internal/wrapper/wrapper.go:69.29,70.31 1 1
github.com/JailtonJunior94/ai-spec-harness/internal/wrapper/wrapper.go:70.31,72.5 1 1
github.com/JailtonJunior94/ai-spec-harness/internal/wrapper/wrapper.go:74.3,74.105 1 1
github.com/JailtonJunior94/ai-spec-harness/internal/wrapper/wrapper.go:78.2,79.62 2 1
github.com/JailtonJunior94/ai-spec-harness/internal/wrapper/wrapper.go:79.62,81.3 1 1
github.com/JailtonJunior94/ai-spec-harness/internal/wrapper/wrapper.go:82.2,83.9 2 1
github.com/JailtonJunior94/ai-spec-harness/internal/wrapper/wrapper.go:83.9,85.3 1 1
github.com/JailtonJunior94/ai-spec-harness/internal/wrapper/wrapper.go:87.2,88.25 2 1
github.com/JailtonJunior94/ai-spec-harness/internal/wrapper/wrapper.go:91.92,93.19 2 1
github.com/JailtonJunior94/ai-spec-harness/internal/wrapper/wrapper.go:93.19,95.3 1 1
github.com/JailtonJunior94/ai-spec-harness/internal/wrapper/wrapper.go:97.2,97.14 1 1
github.com/JailtonJunior94/ai-spec-harness/internal/wrapper/wrapper.go:98.15,102.4 1 1
github.com/JailtonJunior94/ai-spec-harness/internal/wrapper/wrapper.go:103.16,104.36 1 1
github.com/JailtonJunior94/ai-spec-harness/internal/wrapper/wrapper.go:104.36,106.16 2 1
github.com/JailtonJunior94/ai-spec-harness/internal/wrapper/wrapper.go:106.16,108.5 1 1
github.com/JailtonJunior94/ai-spec-harness/internal/wrapper/wrapper.go:109.4,109.199 1 1
github.com/JailtonJunior94/ai-spec-harness/internal/wrapper/wrapper.go:111.3,114.4 1 1
github.com/JailtonJunior94/ai-spec-harness/internal/wrapper/wrapper.go:115.17,119.4 1 1
github.com/JailtonJunior94/ai-spec-harness/internal/wrapper/wrapper.go:120.10,121.102 1 0
github.com/JailtonJunior94/ai-spec-harness/internal/upgrade/r1_receiver.go:6.26,6.46 1 1
github.com/JailtonJunior94/ai-spec-harness/internal/upgrade/upgrade.go:56.12,64.2 1 1
github.com/JailtonJunior94/ai-spec-harness/internal/upgrade/upgrade.go:66.61,68.26 1 1
github.com/JailtonJunior94/ai-spec-harness/internal/upgrade/upgrade.go:68.26,70.17 2 1
github.com/JailtonJunior94/ai-spec-harness/internal/upgrade/upgrade.go:70.17,72.4 1 0
github.com/JailtonJunior94/ai-spec-harness/internal/upgrade/upgrade.go:73.3,74.26 2 1
github.com/JailtonJunior94/ai-spec-harness/internal/upgrade/upgrade.go:77.2,78.16 2 1
github.com/JailtonJunior94/ai-spec-harness/internal/upgrade/upgrade.go:78.16,80.3 1 0
github.com/JailtonJunior94/ai-spec-harness/internal/upgrade/upgrade.go:81.2,82.16 2 1
github.com/JailtonJunior94/ai-spec-harness/internal/upgrade/upgrade.go:82.16,84.3 1 0
github.com/JailtonJunior94/ai-spec-harness/internal/upgrade/upgrade.go:86.2,86.29 1 1
github.com/JailtonJunior94/ai-spec-harness/internal/upgrade/upgrade.go:86.29,88.3 1 0
github.com/JailtonJunior94/ai-spec-harness/internal/upgrade/upgrade.go:90.2,91.107 2 1
github.com/JailtonJunior94/ai-spec-harness/internal/upgrade/upgrade.go:91.107,93.3 1 1
github.com/JailtonJunior94/ai-spec-harness/internal/upgrade/upgrade.go:94.2,94.28 1 1
github.com/JailtonJunior94/ai-spec-harness/internal/upgrade/upgrade.go:94.28,96.3 1 1
github.com/JailtonJunior94/ai-spec-harness/internal/upgrade/upgrade.go:98.2,109.27 8 1
github.com/JailtonJunior94/ai-spec-harness/internal/upgrade/upgrade.go:109.27,110.19 1 1
github.com/JailtonJunior94/ai-spec-harness/internal/upgrade/upgrade.go:111.17,112.13 1 1
github.com/JailtonJunior94/ai-spec-harness/internal/upgrade/upgrade.go:113.64,114.19 1 1
github.com/JailtonJunior94/ai-spec-harness/internal/upgrade/upgrade.go:115.22,116.18 1 1
github.com/JailtonJunior94/ai-spec-harness/internal/upgrade/upgrade.go:117.28,119.19 2 0
github.com/JailtonJunior94/ai-spec-harness/internal/upgrade/upgrade.go:124.2,124.27 1 1
github.com/JailtonJunior94/ai-spec-harness/internal/upgrade/upgrade.go:124.27,125.19 1 1
github.com/JailtonJunior94/ai-spec-harness/internal/upgrade/upgrade.go:126.17,127.51 1 1
github.com/JailtonJunior94/ai-spec-harness/internal/upgrade/upgrade.go:128.23,129.115 1 1
github.com/JailtonJunior94/ai-spec-harness/internal/upgrade/upgrade.go:130.31,131.107 1 0
github.com/JailtonJunior94/ai-spec-harness/internal/upgrade/upgrade.go:132.28,134.42 2 0
github.com/JailtonJunior94/ai-spec-harness/internal/upgrade/upgrade.go:134.42,136.5 1 0
github.com/JailtonJunior94/ai-spec-harness/internal/upgrade/upgrade.go:137.22,138.82 1 1
github.com/JailtonJunior94/ai-spec-harness/internal/upgrade/upgrade.go:139.24,140.110 1 0
github.com/JailtonJunior94/ai-spec-harness/internal/upgrade/upgrade.go:145.2,146.21 2 1
github.com/JailtonJunior94/ai-spec-harness/internal/upgrade/upgrade.go:146.21,148.3 1 1
github.com/JailtonJunior94/ai-spec-harness/internal/upgrade/upgrade.go:150.2,154.20 3 1
github.com/JailtonJunior94/ai-spec-harness/internal/upgrade/upgrade.go:154.20,156.37 2 1
github.com/JailtonJunior94/ai-spec-harness/internal/upgrade/upgrade.go:156.37,160.4 3 1
github.com/JailtonJunior94/ai-spec-harness/internal/upgrade/upgrade.go:161.3,161.13 1 1
github.com/JailtonJunior94/ai-spec-harness/internal/upgrade/upgrade.go:165.2,166.27 2 1
github.com/JailtonJunior94/ai-spec-harness/internal/upgrade/upgrade.go:166.27,167.27 1 1
github.com/JailtonJunior94/ai-spec-harness/internal/upgrade/upgrade.go:167.27,168.12 1 1
github.com/JailtonJunior94/ai-spec-harness/internal/upgrade/upgrade.go:171.3,172.31 2 1
github.com/JailtonJunior94/ai-spec-harness/internal/upgrade/upgrade.go:172.31,174.12 2 0
github.com/JailtonJunior94/ai-spec-harness/internal/upgrade/upgrade.go:177.3,179.58 3 1
github.com/JailtonJunior94/ai-spec-harness/internal/upgrade/upgrade.go:179.58,181.12 2 0
github.com/JailtonJunior94/ai-spec-harness/internal/upgrade/upgrade.go:183.3,184.12 2 1
github.com/JailtonJunior94/ai-spec-harness/internal/upgrade/upgrade.go:188.2,189.35 2 1
github.com/JailtonJunior94/ai-spec-harness/internal/upgrade/upgrade.go:189.35,190.82 1 1
github.com/JailtonJunior94/ai-spec-harness/internal/upgrade/upgrade.go:190.82,192.4 1 0
github.com/JailtonJunior94/ai-spec-harness/internal/upgrade/upgrade.go:196.2,196.17 1 1
github.com/JailtonJunior94/ai-spec-harness/internal/upgrade/upgrade.go:196.17,198.3 1 1
github.com/JailtonJunior94/ai-spec-harness/internal/upgrade/upgrade.go:199.2,199.36 1 1
github.com/JailtonJunior94/ai-spec-harness/internal/upgrade/upgrade.go:199.36,201.3 1 1
github.com/JailtonJunior94/ai-spec-harness/internal/upgrade/upgrade.go:204.2,204.35 1 1
github.com/JailtonJunior94/ai-spec-harness/internal/upgrade/upgrade.go:204.35,206.17 2 1
github.com/JailtonJunior94/ai-spec-harness/internal/upgrade/upgrade.go:206.17,209.39 3 1
github.com/JailtonJunior94/ai-spec-harness/internal/upgrade/upgrade.go:209.39,211.5 1 1
github.com/JailtonJunior94/ai-spec-harness/internal/upgrade/upgrade.go:213.4,218.39 6 1
github.com/JailtonJunior94/ai-spec-harness/internal/upgrade/upgrade.go:222.2,222.12 1 1
github.com/JailtonJunior94/ai-spec-harness/internal/upgrade/upgrade.go:225.60,226.36 1 1
github.com/JailtonJunior94/ai-spec-harness/internal/upgrade/upgrade.go:226.36,228.3 1 1
github.com/JailtonJunior94/ai-spec-harness/internal/upgrade/upgrade.go:230.2,231.29 2 1
github.com/JailtonJunior94/ai-spec-harness/internal/upgrade/upgrade.go:231.29,233.3 1 0
github.com/JailtonJunior94/ai-spec-harness/internal/upgrade/upgrade.go:235.2,236.105 2 1
github.com/JailtonJunior94/ai-spec-harness/internal/upgrade/upgrade.go:236.105,238.3 1 1
github.com/JailtonJunior94/ai-spec-harness/internal/upgrade/upgrade.go:240.2,240.33 1 1
github.com/JailtonJunior94/ai-spec-harness/internal/upgrade/upgrade.go:240.33,242.3 1 1
github.com/JailtonJunior94/ai-spec-harness/internal/upgrade/upgrade.go:245.100,250.16 4 1
github.com/JailtonJunior94/ai-spec-harness/internal/upgrade/upgrade.go:250.16,252.3 1 0
github.com/JailtonJunior94/ai-spec-harness/internal/upgrade/upgrade.go:254.2,254.32 1 1
github.com/JailtonJunior94/ai-spec-harness/internal/upgrade/upgrade.go:254.32,255.21 1 1
github.com/JailtonJunior94/ai-spec-harness/internal/upgrade/upgrade.go:255.21,256.12 1 0
github.com/JailtonJunior94/ai-spec-harness/internal/upgrade/upgrade.go:258.3,260.61 2 1
github.com/JailtonJunior94/ai-spec-harness/internal/upgrade/upgrade.go:260.61,261.12 1 0
github.com/JailtonJunior94/ai-spec-harness/internal/upgrade/upgrade.go:264.3,268.17 4 1
github.com/JailtonJunior94/ai-spec-harness/internal/upgrade/upgrade.go:268.17,269.12 1 1
github.com/JailtonJunior94/ai-spec-harness/internal/upgrade/upgrade.go:271.3,272.29 2 1
github.com/JailtonJunior94/ai-spec-harness/internal/upgrade/upgrade.go:272.29,273.12 1 0
github.com/JailtonJunior94/ai-spec-harness/internal/upgrade/upgrade.go:276.3,276.34 1 1
github.com/JailtonJunior94/ai-spec-harness/internal/upgrade/upgrade.go:276.34,282.12 2 1
github.com/JailtonJunior94/ai-spec-harness/internal/upgrade/upgrade.go:285.3,288.29 3 1
github.com/JailtonJunior94/ai-spec-harness/internal/upgrade/upgrade.go:288.29,294.12 2 0
github.com/JailtonJunior94/ai-spec-harness/internal/upgrade/upgrade.go:297.3,297.76 1 1
github.com/JailtonJunior94/ai-spec-harness/internal/upgrade/upgrade.go:297.76,304.12 2 1
github.com/JailtonJunior94/ai-spec-harness/internal/upgrade/upgrade.go:308.3,310.31 3 1
github.com/JailtonJunior94/ai-spec-harness/internal/upgrade/upgrade.go:310.31,317.12 2 0
github.com/JailtonJunior94/ai-spec-harness/internal/upgrade/upgrade.go:321.3,323.63 3 1
github.com/JailtonJunior94/ai-spec-harness/internal/upgrade/upgrade.go:323.63,331.12 2 0
github.com/JailtonJunior94/ai-spec-harness/internal/upgrade/upgrade.go:334.3,339.5 1 1
github.com/JailtonJunior94/ai-spec-harness/internal/upgrade/upgrade.go:342.2,342.15 1 1
github.com/JailtonJunior94/ai-spec-harness/internal/upgrade/upgrade.go:345.97,347.34 2 1
github.com/JailtonJunior94/ai-spec-harness/internal/upgrade/upgrade.go:347.34,350.17 3 1
github.com/JailtonJunior94/ai-spec-harness/internal/upgrade/upgrade.go:350.17,351.12 1 1
github.com/JailtonJunior94/ai-spec-harness/internal/upgrade/upgrade.go:354.3,355.23 2 1
github.com/JailtonJunior94/ai-spec-harness/internal/upgrade/upgrade.go:355.23,357.4 1 1
github.com/JailtonJunior94/ai-spec-harness/internal/upgrade/upgrade.go:360.2,360.17 1 1
github.com/JailtonJunior94/ai-spec-harness/internal/upgrade/upgrade.go:363.82,366.54 2 1
github.com/JailtonJunior94/ai-spec-harness/internal/upgrade/upgrade.go:366.54,400.3 9 1
github.com/JailtonJunior94/ai-spec-harness/internal/upgrade/upgrade.go:401.2,401.54 1 1
github.com/JailtonJunior94/ai-spec-harness/internal/upgrade/upgrade.go:401.54,403.3 1 0
github.com/JailtonJunior94/ai-spec-harness/internal/upgrade/upgrade.go:404.2,404.54 1 1
github.com/JailtonJunior94/ai-spec-harness/internal/upgrade/upgrade.go:404.54,414.3 3 1
github.com/JailtonJunior94/ai-spec-harness/internal/upgrade/upgrade.go:415.2,415.69 1 1
github.com/JailtonJunior94/ai-spec-harness/internal/upgrade/upgrade.go:415.69,422.3 3 1
github.com/JailtonJunior94/ai-spec-harness/internal/upgrade/upgrade.go:425.84,426.58 1 1
github.com/JailtonJunior94/ai-spec-harness/internal/upgrade/upgrade.go:426.58,428.3 1 1
github.com/JailtonJunior94/ai-spec-harness/internal/upgrade/upgrade.go:430.2,434.57 3 1
github.com/JailtonJunior94/ai-spec-harness/internal/upgrade/upgrade.go:434.57,436.3 1 0
github.com/JailtonJunior94/ai-spec-harness/internal/upgrade/upgrade.go:437.2,437.57 1 1
github.com/JailtonJunior94/ai-spec-harness/internal/upgrade/upgrade.go:437.57,439.3 1 0
github.com/JailtonJunior94/ai-spec-harness/internal/upgrade/upgrade.go:440.2,440.69 1 1
github.com/JailtonJunior94/ai-spec-harness/internal/upgrade/upgrade.go:440.69,442.3 1 0
github.com/JailtonJunior94/ai-spec-harness/internal/upgrade/upgrade.go:443.2,443.82 1 1
github.com/JailtonJunior94/ai-spec-harness/internal/upgrade/upgrade.go:443.82,445.3 1 0
github.com/JailtonJunior94/ai-spec-harness/internal/upgrade/upgrade.go:447.2,447.98 1 1
github.com/JailtonJunior94/ai-spec-harness/internal/upgrade/upgrade.go:447.98,449.3 1 0
github.com/JailtonJunior94/ai-spec-harness/internal/upgrade/upgrade.go:454.76,456.33 2 1
github.com/JailtonJunior94/ai-spec-harness/internal/upgrade/upgrade.go:456.33,458.3 1 1
github.com/JailtonJunior94/ai-spec-harness/internal/upgrade/upgrade.go:460.2,461.16 2 1
github.com/JailtonJunior94/ai-spec-harness/internal/upgrade/upgrade.go:461.16,463.3 1 0
github.com/JailtonJunior94/ai-spec-harness/internal/upgrade/upgrade.go:465.2,466.25 2 1
github.com/JailtonJunior94/ai-spec-harness/internal/upgrade/upgrade.go:466.25,468.3 1 0
github.com/JailtonJunior94/ai-spec-harness/internal/upgrade/upgrade.go:470.2,472.57 2 1
github.com/JailtonJunior94/ai-spec-harness/internal/upgrade/upgrade.go:472.57,476.3 2 1
github.com/JailtonJunior94/ai-spec-harness/internal/upgrade/upgrade.go:478.2,478.14 1 1
github.com/JailtonJunior94/ai-spec-harness/internal/upgrade/upgrade.go:485.90,487.39 2 1
github.com/JailtonJunior94/ai-spec-harness/internal/upgrade/upgrade.go:487.39,488.67 1 1
github.com/JailtonJunior94/ai-spec-harness/internal/upgrade/upgrade.go:488.67,489.98 1 1
github.com/JailtonJunior94/ai-spec-harness/internal/upgrade/upgrade.go:489.98,491.5 1 1
github.com/JailtonJunior94/ai-spec-harness/internal/upgrade/upgrade.go:494.2,494.43 1 1
github.com/JailtonJunior94/ai-spec-harness/internal/upgrade/upgrade.go:498.63,499.56 1 1
github.com/JailtonJunior94/ai-spec-harness/internal/upgrade/upgrade.go:499.56,501.57 2 1
github.com/JailtonJunior94/ai-spec-harness/internal/upgrade/upgrade.go:501.57,505.4 3 1
github.com/JailtonJunior94/ai-spec-harness/internal/upgrade/upgrade.go:507.2,507.11 1 0
github.com/JailtonJunior94/ai-spec-harness/internal/upgrade/upgrade.go:510.76,511.56 1 1
github.com/JailtonJunior94/ai-spec-harness/internal/upgrade/upgrade.go:511.56,513.3 1 0
github.com/JailtonJunior94/ai-spec-harness/internal/upgrade/upgrade.go:515.2,519.34 4 1
github.com/JailtonJunior94/ai-spec-harness/internal/upgrade/upgrade.go:519.34,521.3 1 1
github.com/JailtonJunior94/ai-spec-harness/internal/upgrade/upgrade.go:523.2,524.34 2 1
github.com/JailtonJunior94/ai-spec-harness/internal/upgrade/upgrade.go:524.34,528.22 3 1
github.com/JailtonJunior94/ai-spec-harness/internal/upgrade/upgrade.go:528.22,530.12 2 1
github.com/JailtonJunior94/ai-spec-harness/internal/upgrade/upgrade.go:533.3,535.61 3 1
github.com/JailtonJunior94/ai-spec-harness/internal/upgrade/upgrade.go:535.61,537.4 1 1
github.com/JailtonJunior94/ai-spec-harness/internal/upgrade/upgrade.go:540.2,541.34 2 1
github.com/JailtonJunior94/ai-spec-harness/internal/upgrade/upgrade.go:541.34,543.3 1 1
github.com/JailtonJunior94/ai-spec-harness/internal/upgrade/upgrade.go:544.2,544.34 1 1
github.com/JailtonJunior94/ai-spec-harness/internal/upgrade/upgrade.go:544.34,545.22 1 1
github.com/JailtonJunior94/ai-spec-harness/internal/upgrade/upgrade.go:545.22,547.4 1 1
github.com/JailtonJunior94/ai-spec-harness/internal/upgrade/upgrade.go:550.2,550.16 1 1
github.com/JailtonJunior94/ai-spec-harness/internal/upgrade/upgrade.go:553.62,554.23 1 1
github.com/JailtonJunior94/ai-spec-harness/internal/upgrade/upgrade.go:554.23,556.3 1 0
github.com/JailtonJunior94/ai-spec-harness/internal/upgrade/upgrade.go:558.2,560.34 3 1
github.com/JailtonJunior94/ai-spec-harness/internal/upgrade/upgrade.go:560.34,562.17 2 1
github.com/JailtonJunior94/ai-spec-harness/internal/upgrade/upgrade.go:562.17,564.4 1 0
github.com/JailtonJunior94/ai-spec-harness/internal/upgrade/upgrade.go:565.3,565.33 1 1
github.com/JailtonJunior94/ai-spec-harness/internal/upgrade/upgrade.go:565.33,569.20 4 1
github.com/JailtonJunior94/ai-spec-harness/internal/upgrade/upgrade.go:569.20,571.5 1 0
github.com/JailtonJunior94/ai-spec-harness/internal/upgrade/upgrade.go:572.4,572.21 1 1
github.com/JailtonJunior94/ai-spec-harness/internal/upgrade/upgrade.go:572.21,574.13 2 0
github.com/JailtonJunior94/ai-spec-harness/internal/upgrade/upgrade.go:576.4,576.34 1 1
github.com/JailtonJunior94/ai-spec-harness/internal/upgrade/upgrade.go:580.2,581.14 2 1
github.com/JailtonJunior94/ai-spec-harness/internal/upgrade/upgrade.go:584.54,585.23 1 1
github.com/JailtonJunior94/ai-spec-harness/internal/upgrade/upgrade.go:585.23,587.3 1 1
github.com/JailtonJunior94/ai-spec-harness/internal/upgrade/upgrade.go:588.2,588.29 1 1
github.com/JailtonJunior94/ai-spec-harness/internal/upgrade/upgrade.go:598.82,601.28 2 1
github.com/JailtonJunior94/ai-spec-harness/internal/upgrade/upgrade.go:601.28,603.3 1 1
github.com/JailtonJunior94/ai-spec-harness/internal/upgrade/upgrade.go:605.2,605.98 1 1
github.com/JailtonJunior94/ai-spec-harness/internal/upgrade/upgrade.go:605.98,607.3 1 0
github.com/JailtonJunior94/ai-spec-harness/internal/upgrade/upgrade.go:608.2,608.100 1 1
github.com/JailtonJunior94/ai-spec-harness/internal/upgrade/upgrade.go:608.100,610.3 1 0
github.com/JailtonJunior94/ai-spec-harness/internal/upgrade/upgrade.go:611.2,611.102 1 1
github.com/JailtonJunior94/ai-spec-harness/internal/upgrade/upgrade.go:611.102,613.3 1 0
github.com/JailtonJunior94/ai-spec-harness/internal/upgrade/upgrade.go:614.2,614.109 1 1
github.com/JailtonJunior94/ai-spec-harness/internal/upgrade/upgrade.go:614.109,616.3 1 0
github.com/JailtonJunior94/ai-spec-harness/internal/upgrade/upgrade.go:618.2,618.19 1 1
github.com/JailtonJunior94/ai-spec-harness/internal/upgrade/upgrade.go:621.92,623.34 2 1
github.com/JailtonJunior94/ai-spec-harness/internal/upgrade/upgrade.go:623.34,626.17 3 1
github.com/JailtonJunior94/ai-spec-harness/internal/upgrade/upgrade.go:626.17,627.12 1 1
github.com/JailtonJunior94/ai-spec-harness/internal/upgrade/upgrade.go:629.3,629.26 1 1
github.com/JailtonJunior94/ai-spec-harness/internal/upgrade/upgrade.go:631.2,631.18 1 1
github.com/JailtonJunior94/ai-spec-harness/internal/upgrade/upgrade.go:634.87,635.26 1 1
github.com/JailtonJunior94/ai-spec-harness/internal/upgrade/upgrade.go:635.26,637.3 1 1
github.com/JailtonJunior94/ai-spec-harness/internal/upgrade/upgrade.go:639.2,647.28 2 0
github.com/JailtonJunior94/ai-spec-harness/internal/upgrade/upgrade.go:647.28,649.3 1 0
github.com/JailtonJunior94/ai-spec-harness/internal/upgrade/upgrade.go:651.2,652.31 2 0
github.com/JailtonJunior94/ai-spec-harness/internal/upgrade/upgrade.go:652.31,653.70 1 0
github.com/JailtonJunior94/ai-spec-harness/internal/upgrade/upgrade.go:653.70,655.4 1 0
github.com/JailtonJunior94/ai-spec-harness/internal/upgrade/upgrade.go:657.2,657.27 1 0
github.com/JailtonJunior94/ai-spec-harness/internal/detect/agent.go:24.59,24.89 1 0
github.com/JailtonJunior94/ai-spec-harness/internal/detect/agent.go:37.48,37.75 1 0
github.com/JailtonJunior94/ai-spec-harness/internal/detect/agent.go:65.46,88.2 1 1
github.com/JailtonJunior94/ai-spec-harness/internal/detect/agent.go:92.50,95.2 2 1
github.com/JailtonJunior94/ai-spec-harness/internal/detect/agent.go:108.95,114.2 1 1
github.com/JailtonJunior94/ai-spec-harness/internal/detect/agent.go:130.102,136.47 3 1
github.com/JailtonJunior94/ai-spec-harness/internal/detect/agent.go:136.47,139.31 3 1
github.com/JailtonJunior94/ai-spec-harness/internal/detect/agent.go:139.31,141.4 1 1
github.com/JailtonJunior94/ai-spec-harness/internal/detect/agent.go:144.2,147.50 3 1
github.com/JailtonJunior94/ai-spec-harness/internal/detect/agent.go:147.50,148.23 1 1
github.com/JailtonJunior94/ai-spec-harness/internal/detect/agent.go:148.23,149.12 1 0
github.com/JailtonJunior94/ai-spec-harness/internal/detect/agent.go:153.3,153.63 1 1
github.com/JailtonJunior94/ai-spec-harness/internal/detect/agent.go:153.63,156.12 3 1
github.com/JailtonJunior94/ai-spec-harness/internal/detect/agent.go:160.3,160.21 1 1
github.com/JailtonJunior94/ai-spec-harness/internal/detect/agent.go:160.21,161.39 1 1
github.com/JailtonJunior94/ai-spec-harness/internal/detect/agent.go:161.39,163.39 2 1
github.com/JailtonJunior94/ai-spec-harness/internal/detect/agent.go:163.39,166.11 3 0
github.com/JailtonJunior94/ai-spec-harness/internal/detect/agent.go:169.4,169.24 1 1
github.com/JailtonJunior94/ai-spec-harness/internal/detect/agent.go:169.24,170.13 1 0
github.com/JailtonJunior94/ai-spec-harness/internal/detect/agent.go:175.3,175.30 1 1
github.com/JailtonJunior94/ai-spec-harness/internal/detect/agent.go:175.30,178.4 2 1
github.com/JailtonJunior94/ai-spec-harness/internal/detect/agent.go:185.2,185.64 1 1
github.com/JailtonJunior94/ai-spec-harness/internal/detect/agent.go:185.64,187.28 2 1
github.com/JailtonJunior94/ai-spec-harness/internal/detect/agent.go:187.28,188.30 1 1
github.com/JailtonJunior94/ai-spec-harness/internal/detect/agent.go:188.30,190.5 1 1
github.com/JailtonJunior94/ai-spec-harness/internal/detect/agent.go:192.3,192.20 1 1
github.com/JailtonJunior94/ai-spec-harness/internal/detect/agent.go:195.2,195.20 1 1
github.com/JailtonJunior94/ai-spec-harness/internal/detect/architecture.go:31.72,33.2 1 1
github.com/JailtonJunior94/ai-spec-harness/internal/detect/architecture.go:35.77,40.2 1 1
github.com/JailtonJunior94/ai-spec-harness/internal/detect/architecture.go:42.79,45.39 2 1
github.com/JailtonJunior94/ai-spec-harness/internal/detect/architecture.go:45.39,46.48 1 1
github.com/JailtonJunior94/ai-spec-harness/internal/detect/architecture.go:46.48,48.4 1 1
github.com/JailtonJunior94/ai-spec-harness/internal/detect/architecture.go:50.2,50.84 1 1
github.com/JailtonJunior94/ai-spec-harness/internal/detect/architecture.go:50.84,52.3 1 1
github.com/JailtonJunior94/ai-spec-harness/internal/detect/architecture.go:53.2,53.80 1 1
github.com/JailtonJunior94/ai-spec-harness/internal/detect/architecture.go:53.80,55.3 1 1
github.com/JailtonJunior94/ai-spec-harness/internal/detect/architecture.go:58.2,58.82 1 1
github.com/JailtonJunior94/ai-spec-harness/internal/detect/architecture.go:58.82,60.3 1 0
github.com/JailtonJunior94/ai-spec-harness/internal/detect/architecture.go:61.2,62.29 2 1
github.com/JailtonJunior94/ai-spec-harness/internal/detect/architecture.go:62.29,64.17 2 1
github.com/JailtonJunior94/ai-spec-harness/internal/detect/architecture.go:64.17,66.30 2 1
github.com/JailtonJunior94/ai-spec-harness/internal/detect/architecture.go:66.30,67.18 1 1
github.com/JailtonJunior94/ai-spec-harness/internal/detect/architecture.go:67.18,69.6 1 1
github.com/JailtonJunior94/ai-spec-harness/internal/detect/architecture.go:71.4,71.24 1 1
github.com/JailtonJunior94/ai-spec-harness/internal/detect/architecture.go:71.24,73.5 1 1
github.com/JailtonJunior94/ai-spec-harness/internal/detect/architecture.go:78.2,78.58 1 1
github.com/JailtonJunior94/ai-spec-harness/internal/detect/architecture.go:78.58,81.34 3 1
github.com/JailtonJunior94/ai-spec-harness/internal/detect/architecture.go:81.34,82.38 1 1
github.com/JailtonJunior94/ai-spec-harness/internal/detect/architecture.go:82.38,84.5 1 1
github.com/JailtonJunior94/ai-spec-harness/internal/detect/architecture.go:86.3,86.33 1 0
github.com/JailtonJunior94/ai-spec-harness/internal/detect/architecture.go:86.33,87.49 1 0
github.com/JailtonJunior94/ai-spec-harness/internal/detect/architecture.go:87.49,89.5 1 0
github.com/JailtonJunior94/ai-spec-harness/internal/detect/architecture.go:93.2,93.21 1 1
github.com/JailtonJunior94/ai-spec-harness/internal/detect/architecture.go:96.72,98.36 2 1
github.com/JailtonJunior94/ai-spec-harness/internal/detect/architecture.go:98.36,99.37 1 1
github.com/JailtonJunior94/ai-spec-harness/internal/detect/architecture.go:99.37,101.4 1 1
github.com/JailtonJunior94/ai-spec-harness/internal/detect/architecture.go:104.2,105.34 2 1
github.com/JailtonJunior94/ai-spec-harness/internal/detect/architecture.go:105.34,106.37 1 1
github.com/JailtonJunior94/ai-spec-harness/internal/detect/architecture.go:106.37,108.4 1 1
github.com/JailtonJunior94/ai-spec-harness/internal/detect/architecture.go:111.2,111.83 1 1
github.com/JailtonJunior94/ai-spec-harness/internal/detect/architecture.go:111.83,113.3 1 0
github.com/JailtonJunior94/ai-spec-harness/internal/detect/architecture.go:115.2,115.43 1 1
github.com/JailtonJunior94/ai-spec-harness/internal/detect/architecture.go:115.43,117.3 1 1
github.com/JailtonJunior94/ai-spec-harness/internal/detect/architecture.go:119.2,119.117 1 1
github.com/JailtonJunior94/ai-spec-harness/internal/detect/architecture.go:122.76,124.22 2 1
github.com/JailtonJunior94/ai-spec-harness/internal/detect/architecture.go:124.22,126.3 1 1
github.com/JailtonJunior94/ai-spec-harness/internal/detect/architecture.go:127.2,128.16 2 1
github.com/JailtonJunior94/ai-spec-harness/internal/detect/architecture.go:128.16,130.3 1 0
github.com/JailtonJunior94/ai-spec-harness/internal/detect/architecture.go:131.2,131.25 1 1
github.com/JailtonJunior94/ai-spec-harness/internal/detect/architecture.go:135.101,136.18 1 0
github.com/JailtonJunior94/ai-spec-harness/internal/detect/architecture.go:137.20,141.48 1 0
github.com/JailtonJunior94/ai-spec-harness/internal/detect/architecture.go:142.19,146.48 1 0
github.com/JailtonJunior94/ai-spec-harness/internal/detect/architecture.go:147.24,151.48 1 0
github.com/JailtonJunior94/ai-spec-harness/internal/detect/architecture.go:152.10,156.48 1 0
github.com/JailtonJunior94/ai-spec-harness/internal/detect/architecture.go:161.72,162.18 1 0
github.com/JailtonJunior94/ai-spec-harness/internal/detect/architecture.go:163.20,168.80 1 0
github.com/JailtonJunior94/ai-spec-harness/internal/detect/architecture.go:169.19,174.76 1 0
github.com/JailtonJunior94/ai-spec-harness/internal/detect/architecture.go:175.24,180.82 1 0
github.com/JailtonJunior94/ai-spec-harness/internal/detect/architecture.go:181.10,186.93 1 0
github.com/JailtonJunior94/ai-spec-harness/internal/detect/architecture.go:191.79,192.18 1 0
github.com/JailtonJunior94/ai-spec-harness/internal/detect/architecture.go:193.20,194.87 1 0
github.com/JailtonJunior94/ai-spec-harness/internal/detect/architecture.go:195.24,196.126 1 0
github.com/JailtonJunior94/ai-spec-harness/internal/detect/architecture.go:197.10,198.12 1 0
github.com/JailtonJunior94/ai-spec-harness/internal/detect/detect.go:24.56,26.2 1 1
github.com/JailtonJunior94/ai-spec-harness/internal/detect/detect.go:28.69,30.2 1 1
github.com/JailtonJunior94/ai-spec-harness/internal/detect/detect.go:32.92,35.29 3 1
github.com/JailtonJunior94/ai-spec-harness/internal/detect/detect.go:35.29,37.3 1 0
github.com/JailtonJunior94/ai-spec-harness/internal/detect/detect.go:39.2,39.39 1 1
github.com/JailtonJunior94/ai-spec-harness/internal/detect/detect.go:39.39,41.32 2 1
github.com/JailtonJunior94/ai-spec-harness/internal/detect/detect.go:41.32,42.12 1 0
github.com/JailtonJunior94/ai-spec-harness/internal/detect/detect.go:44.3,44.27 1 1
github.com/JailtonJunior94/ai-spec-harness/internal/detect/detect.go:44.27,46.73 2 0
github.com/JailtonJunior94/ai-spec-harness/internal/detect/detect.go:46.73,47.13 1 0
github.com/JailtonJunior94/ai-spec-harness/internal/detect/detect.go:49.4,49.14 1 0
github.com/JailtonJunior94/ai-spec-harness/internal/detect/detect.go:51.3,51.73 1 1
github.com/JailtonJunior94/ai-spec-harness/internal/detect/detect.go:51.73,52.18 1 1
github.com/JailtonJunior94/ai-spec-harness/internal/detect/detect.go:52.18,53.13 1 0
github.com/JailtonJunior94/ai-spec-harness/internal/detect/detect.go:55.4,56.31 2 1
github.com/JailtonJunior94/ai-spec-harness/internal/detect/detect.go:60.2,60.14 1 1
github.com/JailtonJunior94/ai-spec-harness/internal/detect/detect.go:63.71,67.33 3 1
github.com/JailtonJunior94/ai-spec-harness/internal/detect/detect.go:67.33,68.48 1 1
github.com/JailtonJunior94/ai-spec-harness/internal/detect/detect.go:68.48,70.9 2 1
github.com/JailtonJunior94/ai-spec-harness/internal/detect/detect.go:74.2,75.35 2 1
github.com/JailtonJunior94/ai-spec-harness/internal/detect/detect.go:75.35,76.48 1 1
github.com/JailtonJunior94/ai-spec-harness/internal/detect/detect.go:76.48,78.9 2 1
github.com/JailtonJunior94/ai-spec-harness/internal/detect/detect.go:82.2,83.37 2 1
github.com/JailtonJunior94/ai-spec-harness/internal/detect/detect.go:83.37,84.48 1 1
github.com/JailtonJunior94/ai-spec-harness/internal/detect/detect.go:84.48,86.9 2 1
github.com/JailtonJunior94/ai-spec-harness/internal/detect/detect.go:90.2,90.29 1 1
github.com/JailtonJunior94/ai-spec-harness/internal/detect/detect.go:90.29,92.3 1 0
github.com/JailtonJunior94/ai-spec-harness/internal/detect/detect.go:94.2,94.14 1 1
github.com/JailtonJunior94/ai-spec-harness/internal/detect/detect.go:100.58,102.26 2 1
github.com/JailtonJunior94/ai-spec-harness/internal/detect/detect.go:102.26,103.48 1 1
github.com/JailtonJunior94/ai-spec-harness/internal/detect/detect.go:103.48,105.4 1 0
github.com/JailtonJunior94/ai-spec-harness/internal/detect/detect.go:108.2,109.16 2 1
github.com/JailtonJunior94/ai-spec-harness/internal/detect/detect.go:109.16,111.3 1 0
github.com/JailtonJunior94/ai-spec-harness/internal/detect/detect.go:112.2,112.28 1 1
github.com/JailtonJunior94/ai-spec-harness/internal/detect/detect.go:112.28,114.76 2 1
github.com/JailtonJunior94/ai-spec-harness/internal/detect/detect.go:114.76,116.4 1 0
github.com/JailtonJunior94/ai-spec-harness/internal/detect/detect.go:118.2,118.14 1 1
github.com/JailtonJunior94/ai-spec-harness/internal/detect/detect.go:121.69,124.109 2 1
github.com/JailtonJunior94/ai-spec-harness/internal/detect/detect.go:124.109,126.3 1 1
github.com/JailtonJunior94/ai-spec-harness/internal/detect/detect.go:127.2,127.109 1 1
github.com/JailtonJunior94/ai-spec-harness/internal/detect/detect.go:127.109,129.3 1 1
github.com/JailtonJunior94/ai-spec-harness/internal/detect/detect.go:130.2,130.53 1 1
github.com/JailtonJunior94/ai-spec-harness/internal/detect/detect.go:130.53,132.3 1 0
github.com/JailtonJunior94/ai-spec-harness/internal/detect/detect.go:133.2,133.82 1 1
github.com/JailtonJunior94/ai-spec-harness/internal/detect/detect.go:133.82,135.3 1 0
github.com/JailtonJunior94/ai-spec-harness/internal/detect/detect.go:137.2,137.14 1 1
github.com/JailtonJunior94/ai-spec-harness/internal/detect/framework.go:15.66,17.2 1 1
github.com/JailtonJunior94/ai-spec-harness/internal/detect/framework.go:19.64,23.27 3 1
github.com/JailtonJunior94/ai-spec-harness/internal/detect/framework.go:23.27,24.18 1 1
github.com/JailtonJunior94/ai-spec-harness/internal/detect/framework.go:24.18,27.4 2 1
github.com/JailtonJunior94/ai-spec-harness/internal/detect/framework.go:31.2,32.31 2 1
github.com/JailtonJunior94/ai-spec-harness/internal/detect/framework.go:32.31,34.17 2 1
github.com/JailtonJunior94/ai-spec-harness/internal/detect/framework.go:34.17,35.12 1 0
github.com/JailtonJunior94/ai-spec-harness/internal/detect/framework.go:37.3,39.60 2 1
github.com/JailtonJunior94/ai-spec-harness/internal/detect/framework.go:39.60,41.4 1 1
github.com/JailtonJunior94/ai-spec-harness/internal/detect/framework.go:42.3,42.60 1 1
github.com/JailtonJunior94/ai-spec-harness/internal/detect/framework.go:42.60,44.4 1 0
github.com/JailtonJunior94/ai-spec-harness/internal/detect/framework.go:45.3,45.60 1 1
github.com/JailtonJunior94/ai-spec-harness/internal/detect/framework.go:45.60,47.4 1 0
github.com/JailtonJunior94/ai-spec-harness/internal/detect/framework.go:48.3,48.58 1 1
github.com/JailtonJunior94/ai-spec-harness/internal/detect/framework.go:48.58,50.4 1 1
github.com/JailtonJunior94/ai-spec-harness/internal/detect/framework.go:51.3,51.58 1 1
github.com/JailtonJunior94/ai-spec-harness/internal/detect/framework.go:51.58,53.4 1 0
github.com/JailtonJunior94/ai-spec-harness/internal/detect/framework.go:57.2,58.31 2 1
github.com/JailtonJunior94/ai-spec-harness/internal/detect/framework.go:58.31,60.17 2 1
github.com/JailtonJunior94/ai-spec-harness/internal/detect/framework.go:60.17,61.12 1 0
github.com/JailtonJunior94/ai-spec-harness/internal/detect/framework.go:63.3,65.45 2 1
github.com/JailtonJunior94/ai-spec-harness/internal/detect/framework.go:65.45,67.4 1 1
github.com/JailtonJunior94/ai-spec-harness/internal/detect/framework.go:68.3,68.50 1 1
github.com/JailtonJunior94/ai-spec-harness/internal/detect/framework.go:68.50,70.4 1 0
github.com/JailtonJunior94/ai-spec-harness/internal/detect/framework.go:71.3,71.45 1 1
github.com/JailtonJunior94/ai-spec-harness/internal/detect/framework.go:71.45,73.4 1 0
github.com/JailtonJunior94/ai-spec-harness/internal/detect/framework.go:74.3,74.42 1 1
github.com/JailtonJunior94/ai-spec-harness/internal/detect/framework.go:74.42,76.4 1 1
github.com/JailtonJunior94/ai-spec-harness/internal/detect/framework.go:77.3,77.42 1 1
github.com/JailtonJunior94/ai-spec-harness/internal/detect/framework.go:77.42,79.4 1 0
github.com/JailtonJunior94/ai-spec-harness/internal/detect/framework.go:83.2,84.33 2 1
github.com/JailtonJunior94/ai-spec-harness/internal/detect/framework.go:84.33,86.17 2 1
github.com/JailtonJunior94/ai-spec-harness/internal/detect/framework.go:86.17,87.12 1 0
github.com/JailtonJunior94/ai-spec-harness/internal/detect/framework.go:89.3,91.43 2 1
github.com/JailtonJunior94/ai-spec-harness/internal/detect/framework.go:91.43,93.4 1 1
github.com/JailtonJunior94/ai-spec-harness/internal/detect/framework.go:94.3,94.42 1 1
github.com/JailtonJunior94/ai-spec-harness/internal/detect/framework.go:94.42,96.4 1 0
github.com/JailtonJunior94/ai-spec-harness/internal/detect/framework.go:97.3,97.41 1 1
github.com/JailtonJunior94/ai-spec-harness/internal/detect/framework.go:97.41,99.4 1 0
github.com/JailtonJunior94/ai-spec-harness/internal/detect/framework.go:102.2,103.35 2 1
github.com/JailtonJunior94/ai-spec-harness/internal/detect/framework.go:103.35,105.17 2 0
github.com/JailtonJunior94/ai-spec-harness/internal/detect/framework.go:105.17,106.12 1 0
github.com/JailtonJunior94/ai-spec-harness/internal/detect/framework.go:108.3,110.43 2 0
github.com/JailtonJunior94/ai-spec-harness/internal/detect/framework.go:110.43,112.4 1 0
github.com/JailtonJunior94/ai-spec-harness/internal/detect/framework.go:113.3,113.42 1 0
github.com/JailtonJunior94/ai-spec-harness/internal/detect/framework.go:113.42,115.4 1 0
github.com/JailtonJunior94/ai-spec-harness/internal/detect/framework.go:116.3,116.41 1 0
github.com/JailtonJunior94/ai-spec-harness/internal/detect/framework.go:116.41,118.4 1 0
github.com/JailtonJunior94/ai-spec-harness/internal/detect/framework.go:121.2,121.19 1 1
github.com/JailtonJunior94/ai-spec-harness/internal/detect/framework.go:125.87,129.33 3 1
github.com/JailtonJunior94/ai-spec-harness/internal/detect/framework.go:129.33,130.48 1 1
github.com/JailtonJunior94/ai-spec-harness/internal/detect/framework.go:130.48,132.9 2 1
github.com/JailtonJunior94/ai-spec-harness/internal/detect/framework.go:136.2,137.35 2 1
github.com/JailtonJunior94/ai-spec-harness/internal/detect/framework.go:137.35,138.48 1 1
github.com/JailtonJunior94/ai-spec-harness/internal/detect/framework.go:138.48,140.9 2 1
github.com/JailtonJunior94/ai-spec-harness/internal/detect/framework.go:144.2,145.37 2 1
github.com/JailtonJunior94/ai-spec-harness/internal/detect/framework.go:145.37,146.48 1 1
github.com/JailtonJunior94/ai-spec-harness/internal/detect/framework.go:146.48,148.9 2 1
github.com/JailtonJunior94/ai-spec-harness/internal/detect/framework.go:152.2,154.62 1 1
github.com/JailtonJunior94/ai-spec-harness/internal/detect/framework.go:154.62,156.3 1 0
github.com/JailtonJunior94/ai-spec-harness/internal/detect/framework.go:158.2,158.58 1 1
github.com/JailtonJunior94/ai-spec-harness/internal/detect/framework.go:158.58,160.3 1 0
github.com/JailtonJunior94/ai-spec-harness/internal/detect/framework.go:162.2,162.21 1 1
github.com/JailtonJunior94/ai-spec-harness/internal/detect/framework.go:162.21,164.3 1 0
github.com/JailtonJunior94/ai-spec-harness/internal/detect/framework.go:165.2,165.14 1 1
github.com/JailtonJunior94/ai-spec-harness/internal/detect/framework.go:169.63,170.26 1 1
github.com/JailtonJunior94/ai-spec-harness/internal/detect/framework.go:170.26,172.3 1 1
github.com/JailtonJunior94/ai-spec-harness/internal/detect/framework.go:173.2,173.39 1 1
github.com/JailtonJunior94/ai-spec-harness/internal/detect/r1_receiver.go:6.28,6.49 1 1
github.com/JailtonJunior94/ai-spec-harness/internal/detect/scoring.go:9.55,13.42 3 1
github.com/JailtonJunior94/ai-spec-harness/internal/detect/scoring.go:13.42,15.3 1 1
github.com/JailtonJunior94/ai-spec-harness/internal/detect/scoring.go:16.2,16.42 1 1
github.com/JailtonJunior94/ai-spec-harness/internal/detect/scoring.go:16.42,18.3 1 0
github.com/JailtonJunior94/ai-spec-harness/internal/detect/scoring.go:20.2,21.54 2 1
github.com/JailtonJunior94/ai-spec-harness/internal/detect/scoring.go:21.54,22.48 1 1
github.com/JailtonJunior94/ai-spec-harness/internal/detect/scoring.go:22.48,24.4 1 1
github.com/JailtonJunior94/ai-spec-harness/internal/detect/scoring.go:24.9,25.9 1 1
github.com/JailtonJunior94/ai-spec-harness/internal/detect/scoring.go:28.2,28.14 1 1
github.com/JailtonJunior94/ai-spec-harness/internal/detect/scoring.go:32.80,34.32 2 1
github.com/JailtonJunior94/ai-spec-harness/internal/detect/scoring.go:34.32,35.69 1 1
github.com/JailtonJunior94/ai-spec-harness/internal/detect/scoring.go:35.69,37.4 1 1
github.com/JailtonJunior94/ai-spec-harness/internal/detect/scoring.go:39.2,39.12 1 1
github.com/JailtonJunior94/ai-spec-harness/internal/detect/toolchain.go:35.66,37.2 1 1
github.com/JailtonJunior94/ai-spec-harness/internal/detect/toolchain.go:41.85,43.2 1 1
github.com/JailtonJunior94/ai-spec-harness/internal/detect/toolchain.go:45.71,46.27 1 1
github.com/JailtonJunior94/ai-spec-harness/internal/detect/toolchain.go:46.27,48.3 1 1
github.com/JailtonJunior94/ai-spec-harness/internal/detect/toolchain.go:49.2,49.36 1 1
github.com/JailtonJunior94/ai-spec-harness/internal/detect/toolchain.go:52.78,55.28 2 1
github.com/JailtonJunior94/ai-spec-harness/internal/detect/toolchain.go:55.28,61.3 1 1
github.com/JailtonJunior94/ai-spec-harness/internal/detect/toolchain.go:63.2,63.47 1 1
github.com/JailtonJunior94/ai-spec-harness/internal/detect/toolchain.go:63.47,65.3 1 1
github.com/JailtonJunior94/ai-spec-harness/internal/detect/toolchain.go:67.2,67.49 1 1
github.com/JailtonJunior94/ai-spec-harness/internal/detect/toolchain.go:67.49,69.3 1 1
github.com/JailtonJunior94/ai-spec-harness/internal/detect/toolchain.go:72.2,72.22 1 1
github.com/JailtonJunior94/ai-spec-harness/internal/detect/toolchain.go:72.22,73.60 1 1
github.com/JailtonJunior94/ai-spec-harness/internal/detect/toolchain.go:73.60,75.4 1 1
github.com/JailtonJunior94/ai-spec-harness/internal/detect/toolchain.go:78.2,78.14 1 1
github.com/JailtonJunior94/ai-spec-harness/internal/detect/toolchain.go:78.14,79.35 1 1
github.com/JailtonJunior94/ai-spec-harness/internal/detect/toolchain.go:79.35,83.4 3 1
github.com/JailtonJunior94/ai-spec-harness/internal/detect/toolchain.go:86.2,86.15 1 1
github.com/JailtonJunior94/ai-spec-harness/internal/detect/toolchain.go:92.85,111.35 4 1
github.com/JailtonJunior94/ai-spec-harness/internal/detect/toolchain.go:111.35,112.58 1 1
github.com/JailtonJunior94/ai-spec-harness/internal/detect/toolchain.go:112.58,114.18 2 1
github.com/JailtonJunior94/ai-spec-harness/internal/detect/toolchain.go:114.18,116.5 1 0
github.com/JailtonJunior94/ai-spec-harness/internal/detect/toolchain.go:117.4,118.84 2 1
github.com/JailtonJunior94/ai-spec-harness/internal/detect/toolchain.go:122.2,122.26 1 1
github.com/JailtonJunior94/ai-spec-harness/internal/detect/toolchain.go:122.26,124.3 1 0
github.com/JailtonJunior94/ai-spec-harness/internal/detect/toolchain.go:126.2,127.31 2 1
github.com/JailtonJunior94/ai-spec-harness/internal/detect/toolchain.go:127.31,128.26 1 1
github.com/JailtonJunior94/ai-spec-harness/internal/detect/toolchain.go:128.26,130.4 1 1
github.com/JailtonJunior94/ai-spec-harness/internal/detect/toolchain.go:134.2,134.20 1 1
github.com/JailtonJunior94/ai-spec-harness/internal/detect/toolchain.go:134.20,136.3 1 1
github.com/JailtonJunior94/ai-spec-harness/internal/detect/toolchain.go:139.2,140.31 2 1
github.com/JailtonJunior94/ai-spec-harness/internal/detect/toolchain.go:140.31,141.27 1 1
github.com/JailtonJunior94/ai-spec-harness/internal/detect/toolchain.go:141.27,143.9 2 1
github.com/JailtonJunior94/ai-spec-harness/internal/detect/toolchain.go:147.2,148.21 2 1
github.com/JailtonJunior94/ai-spec-harness/internal/detect/toolchain.go:149.12,154.4 1 1
github.com/JailtonJunior94/ai-spec-harness/internal/detect/toolchain.go:155.14,156.73 1 1
github.com/JailtonJunior94/ai-spec-harness/internal/detect/toolchain.go:156.73,158.4 1 1
github.com/JailtonJunior94/ai-spec-harness/internal/detect/toolchain.go:159.16,160.50 1 0
github.com/JailtonJunior94/ai-spec-harness/internal/detect/toolchain.go:160.50,162.4 1 0
github.com/JailtonJunior94/ai-spec-harness/internal/detect/toolchain.go:165.2,165.14 1 1
github.com/JailtonJunior94/ai-spec-harness/internal/detect/toolchain.go:165.14,166.35 1 0
github.com/JailtonJunior94/ai-spec-harness/internal/detect/toolchain.go:166.35,170.4 3 0
github.com/JailtonJunior94/ai-spec-harness/internal/detect/toolchain.go:173.2,173.15 1 1
github.com/JailtonJunior94/ai-spec-harness/internal/detect/toolchain.go:177.70,178.42 1 1
github.com/JailtonJunior94/ai-spec-harness/internal/detect/toolchain.go:178.42,180.3 1 0
github.com/JailtonJunior94/ai-spec-harness/internal/detect/toolchain.go:181.2,182.49 2 1
github.com/JailtonJunior94/ai-spec-harness/internal/detect/toolchain.go:182.49,184.3 1 0
github.com/JailtonJunior94/ai-spec-harness/internal/detect/toolchain.go:187.62,191.2 1 1
github.com/JailtonJunior94/ai-spec-harness/internal/detect/toolchain.go:193.82,195.24 2 1
github.com/JailtonJunior94/ai-spec-harness/internal/detect/toolchain.go:195.24,197.3 1 1
github.com/JailtonJunior94/ai-spec-harness/internal/detect/toolchain.go:199.2,202.31 3 1
github.com/JailtonJunior94/ai-spec-harness/internal/detect/toolchain.go:202.31,208.19 5 1
github.com/JailtonJunior94/ai-spec-harness/internal/detect/toolchain.go:208.19,209.37 1 1
github.com/JailtonJunior94/ai-spec-harness/internal/detect/toolchain.go:209.37,211.5 1 1
github.com/JailtonJunior94/ai-spec-harness/internal/detect/toolchain.go:211.10,211.44 1 0
github.com/JailtonJunior94/ai-spec-harness/internal/detect/toolchain.go:211.44,213.5 1 0
github.com/JailtonJunior94/ai-spec-harness/internal/detect/toolchain.go:213.10,215.5 1 0
github.com/JailtonJunior94/ai-spec-harness/internal/detect/toolchain.go:218.3,218.22 1 1
github.com/JailtonJunior94/ai-spec-harness/internal/detect/toolchain.go:218.22,219.22 1 1
github.com/JailtonJunior94/ai-spec-harness/internal/detect/toolchain.go:219.22,221.5 1 1
github.com/JailtonJunior94/ai-spec-harness/internal/detect/toolchain.go:221.10,221.32 1 1
github.com/JailtonJunior94/ai-spec-harness/internal/detect/toolchain.go:221.32,223.5 1 0
github.com/JailtonJunior94/ai-spec-harness/internal/detect/toolchain.go:225.3,225.23 1 1
github.com/JailtonJunior94/ai-spec-harness/internal/detect/toolchain.go:225.23,226.23 1 1
github.com/JailtonJunior94/ai-spec-harness/internal/detect/toolchain.go:226.23,228.5 1 1
github.com/JailtonJunior94/ai-spec-harness/internal/detect/toolchain.go:228.10,228.35 1 1
github.com/JailtonJunior94/ai-spec-harness/internal/detect/toolchain.go:228.35,230.5 1 0
github.com/JailtonJunior94/ai-spec-harness/internal/detect/toolchain.go:232.3,232.42 1 1
github.com/JailtonJunior94/ai-spec-harness/internal/detect/toolchain.go:232.42,234.4 1 1
github.com/JailtonJunior94/ai-spec-harness/internal/detect/toolchain.go:237.2,237.20 1 1
github.com/JailtonJunior94/ai-spec-harness/internal/detect/toolchain.go:241.103,248.18 6 1
github.com/JailtonJunior94/ai-spec-harness/internal/detect/toolchain.go:248.18,249.36 1 1
github.com/JailtonJunior94/ai-spec-harness/internal/detect/toolchain.go:249.36,251.4 1 0
github.com/JailtonJunior94/ai-spec-harness/internal/detect/toolchain.go:251.9,251.43 1 1
github.com/JailtonJunior94/ai-spec-harness/internal/detect/toolchain.go:251.43,253.4 1 0
github.com/JailtonJunior94/ai-spec-harness/internal/detect/toolchain.go:253.9,255.4 1 1
github.com/JailtonJunior94/ai-spec-harness/internal/detect/toolchain.go:258.2,259.20 2 1
github.com/JailtonJunior94/ai-spec-harness/internal/detect/toolchain.go:259.20,261.3 1 0
github.com/JailtonJunior94/ai-spec-harness/internal/detect/toolchain.go:261.8,261.30 1 1
github.com/JailtonJunior94/ai-spec-harness/internal/detect/toolchain.go:261.30,263.3 1 0
github.com/JailtonJunior94/ai-spec-harness/internal/detect/toolchain.go:264.2,264.21 1 1
github.com/JailtonJunior94/ai-spec-harness/internal/detect/toolchain.go:264.21,266.3 1 1
github.com/JailtonJunior94/ai-spec-harness/internal/detect/toolchain.go:266.8,266.33 1 0
github.com/JailtonJunior94/ai-spec-harness/internal/detect/toolchain.go:266.33,268.3 1 0
github.com/JailtonJunior94/ai-spec-harness/internal/detect/toolchain.go:269.2,269.21 1 1
github.com/JailtonJunior94/ai-spec-harness/internal/detect/toolchain.go:269.21,271.3 1 0
github.com/JailtonJunior94/ai-spec-harness/internal/detect/toolchain.go:272.2,272.20 1 1
github.com/JailtonJunior94/ai-spec-harness/internal/detect/toolchain.go:275.84,281.82 5 1
github.com/JailtonJunior94/ai-spec-harness/internal/detect/toolchain.go:281.82,283.3 1 1
github.com/JailtonJunior94/ai-spec-harness/internal/detect/toolchain.go:285.2,287.38 2 1
github.com/JailtonJunior94/ai-spec-harness/internal/detect/toolchain.go:287.38,289.17 2 1
github.com/JailtonJunior94/ai-spec-harness/internal/detect/toolchain.go:289.17,290.12 1 0
github.com/JailtonJunior94/ai-spec-harness/internal/detect/toolchain.go:292.3,294.42 2 1
github.com/JailtonJunior94/ai-spec-harness/internal/detect/toolchain.go:294.42,295.78 1 1
github.com/JailtonJunior94/ai-spec-harness/internal/detect/toolchain.go:295.78,296.24 1 1
github.com/JailtonJunior94/ai-spec-harness/internal/detect/toolchain.go:296.24,298.6 1 1
github.com/JailtonJunior94/ai-spec-harness/internal/detect/toolchain.go:299.5,299.25 1 1
github.com/JailtonJunior94/ai-spec-harness/internal/detect/toolchain.go:299.25,301.6 1 1
github.com/JailtonJunior94/ai-spec-harness/internal/detect/toolchain.go:304.3,304.23 1 1
github.com/JailtonJunior94/ai-spec-harness/internal/detect/toolchain.go:304.23,305.82 1 1
github.com/JailtonJunior94/ai-spec-harness/internal/detect/toolchain.go:305.82,307.5 1 1
github.com/JailtonJunior94/ai-spec-harness/internal/detect/toolchain.go:311.2,311.22 1 1
github.com/JailtonJunior94/ai-spec-harness/internal/detect/toolchain.go:311.22,313.83 2 0
github.com/JailtonJunior94/ai-spec-harness/internal/detect/toolchain.go:313.83,315.4 1 0
github.com/JailtonJunior94/ai-spec-harness/internal/detect/toolchain.go:318.2,318.20 1 1
github.com/JailtonJunior94/ai-spec-harness/internal/detect/toolchain.go:321.76,323.65 1 1
github.com/JailtonJunior94/ai-spec-harness/internal/detect/toolchain.go:323.65,325.3 1 1
github.com/JailtonJunior94/ai-spec-harness/internal/detect/toolchain.go:326.2,326.57 1 1
github.com/JailtonJunior94/ai-spec-harness/internal/detect/toolchain.go:326.57,328.3 1 0
github.com/JailtonJunior94/ai-spec-harness/internal/detect/toolchain.go:329.2,329.57 1 1
github.com/JailtonJunior94/ai-spec-harness/internal/detect/toolchain.go:329.57,331.3 1 1
github.com/JailtonJunior94/ai-spec-harness/internal/detect/toolchain.go:332.2,332.14 1 1
github.com/JailtonJunior94/ai-spec-harness/internal/detect/toolchain.go:335.81,338.16 3 1
github.com/JailtonJunior94/ai-spec-harness/internal/detect/toolchain.go:338.16,340.3 1 0
github.com/JailtonJunior94/ai-spec-harness/internal/detect/toolchain.go:342.2,345.51 2 1
github.com/JailtonJunior94/ai-spec-harness/internal/detect/toolchain.go:345.51,347.3 1 0
github.com/JailtonJunior94/ai-spec-harness/internal/detect/toolchain.go:349.2,349.29 1 1
github.com/JailtonJunior94/ai-spec-harness/internal/detect/toolchain.go:349.29,351.3 1 1
github.com/JailtonJunior94/ai-spec-harness/internal/detect/toolchain.go:352.2,352.16 1 1
github.com/JailtonJunior94/ai-spec-harness/internal/detect/toolchain.go:355.69,357.16 2 1
github.com/JailtonJunior94/ai-spec-harness/internal/detect/toolchain.go:357.16,359.3 1 0
github.com/JailtonJunior94/ai-spec-harness/internal/detect/toolchain.go:361.2,364.51 2 1
github.com/JailtonJunior94/ai-spec-harness/internal/detect/toolchain.go:364.51,366.3 1 0
github.com/JailtonJunior94/ai-spec-harness/internal/detect/toolchain.go:367.2,367.17 1 1
github.com/JailtonJunior94/ai-spec-harness/internal/detect/toolchain.go:370.81,373.30 3 1
github.com/JailtonJunior94/ai-spec-harness/internal/detect/toolchain.go:373.30,375.3 1 1
github.com/JailtonJunior94/ai-spec-harness/internal/detect/toolchain.go:376.2,376.12 1 1
github.com/JailtonJunior94/ai-spec-harness/internal/detect/toolchain.go:379.65,381.2 1 1
github.com/JailtonJunior94/ai-spec-harness/internal/detect/toolchain.go:383.94,385.32 2 1
github.com/JailtonJunior94/ai-spec-harness/internal/detect/toolchain.go:385.32,387.3 1 1
github.com/JailtonJunior94/ai-spec-harness/internal/detect/toolchain.go:388.2,389.16 2 1
github.com/JailtonJunior94/ai-spec-harness/internal/detect/toolchain.go:389.16,391.3 1 0
github.com/JailtonJunior94/ai-spec-harness/internal/detect/toolchain.go:392.2,394.20 3 1
github.com/JailtonJunior94/ai-spec-harness/internal/detect/toolchain.go:394.20,396.3 1 1
github.com/JailtonJunior94/ai-spec-harness/internal/detect/toolchain.go:397.2,397.21 1 1
github.com/JailtonJunior94/ai-spec-harness/internal/detect/toolchain.go:397.21,399.3 1 1
github.com/JailtonJunior94/ai-spec-harness/internal/detect/toolchain.go:400.2,400.21 1 1
github.com/JailtonJunior94/ai-spec-harness/internal/detect/toolchain.go:400.21,402.3 1 1
github.com/JailtonJunior94/ai-spec-harness/internal/detect/toolchain.go:403.2,403.20 1 1
github.com/JailtonJunior94/ai-spec-harness/internal/detect/toolchain.go:406.73,408.52 2 1
github.com/JailtonJunior94/ai-spec-harness/internal/detect/toolchain.go:408.52,409.56 1 1
github.com/JailtonJunior94/ai-spec-harness/internal/detect/toolchain.go:409.56,410.41 1 1
github.com/JailtonJunior94/ai-spec-harness/internal/detect/toolchain.go:410.41,412.5 1 1
github.com/JailtonJunior94/ai-spec-harness/internal/detect/toolchain.go:415.2,415.16 1 1
github.com/JailtonJunior94/ai-spec-harness/internal/detect/toolchain.go:418.72,421.2 2 1
github.com/JailtonJunior94/ai-spec-harness/internal/detect/toolchain.go:423.77,425.2 1 1
github.com/JailtonJunior94/ai-spec-harness/internal/detect/toolchain.go:428.108,432.2 3 1
github.com/JailtonJunior94/ai-spec-harness/internal/detect/toolchain.go:434.118,435.22 1 1
github.com/JailtonJunior94/ai-spec-harness/internal/detect/toolchain.go:435.22,437.3 1 0
github.com/JailtonJunior94/ai-spec-harness/internal/detect/toolchain.go:440.2,446.48 3 1
github.com/JailtonJunior94/ai-spec-harness/internal/detect/toolchain.go:446.48,448.3 1 1
github.com/JailtonJunior94/ai-spec-harness/internal/detect/toolchain.go:450.2,451.16 2 1
github.com/JailtonJunior94/ai-spec-harness/internal/detect/toolchain.go:451.16,453.3 1 0
github.com/JailtonJunior94/ai-spec-harness/internal/detect/toolchain.go:455.2,455.28 1 1
github.com/JailtonJunior94/ai-spec-harness/internal/detect/toolchain.go:455.28,456.17 1 1
github.com/JailtonJunior94/ai-spec-harness/internal/detect/toolchain.go:456.17,457.12 1 1
github.com/JailtonJunior94/ai-spec-harness/internal/detect/toolchain.go:459.3,459.27 1 1
github.com/JailtonJunior94/ai-spec-harness/internal/detect/toolchain.go:459.27,460.12 1 0
github.com/JailtonJunior94/ai-spec-harness/internal/detect/toolchain.go:462.3,462.105 1 1
github.com/JailtonJunior94/ai-spec-harness/internal/detect/toolchain.go:467.42,470.2 2 0
github.com/JailtonJunior94/ai-spec-harness/internal/embedded/embedded.go:15.65,17.16 2 0
github.com/JailtonJunior94/ai-spec-harness/internal/embedded/embedded.go:17.16,19.3 1 0
github.com/JailtonJunior94/ai-spec-harness/internal/embedded/embedded.go:20.2,20.20 1 0
github.com/JailtonJunior94/ai-spec-harness/internal/embedded/embedded.go:20.20,20.41 1 0
github.com/JailtonJunior94/ai-spec-harness/internal/embedded/embedded.go:22.2,22.69 1 0
github.com/JailtonJunior94/ai-spec-harness/internal/embedded/embedded.go:22.69,25.3 2 0
github.com/JailtonJunior94/ai-spec-harness/internal/embedded/embedded.go:26.2,26.26 1 0
github.com/JailtonJunior94/ai-spec-harness/internal/embedded/embedded.go:30.68,31.82 1 0
github.com/JailtonJunior94/ai-spec-harness/internal/embedded/embedded.go:31.82,32.17 1 0
github.com/JailtonJunior94/ai-spec-harness/internal/embedded/embedded.go:32.17,34.4 1 0
github.com/JailtonJunior94/ai-spec-harness/internal/embedded/embedded.go:36.3,37.17 2 0
github.com/JailtonJunior94/ai-spec-harness/internal/embedded/embedded.go:37.17,39.4 1 0
github.com/JailtonJunior94/ai-spec-harness/internal/embedded/embedded.go:41.3,43.16 2 0
github.com/JailtonJunior94/ai-spec-harness/internal/embedded/embedded.go:43.16,45.4 1 0
github.com/JailtonJunior94/ai-spec-harness/internal/embedded/embedded.go:47.3,48.17 2 0
github.com/JailtonJunior94/ai-spec-harness/internal/embedded/embedded.go:48.17,50.4 1 0
github.com/JailtonJunior94/ai-spec-harness/internal/embedded/embedded.go:52.3,52.66 1 0
github.com/JailtonJunior94/ai-spec-harness/internal/embedded/embedded.go:52.66,54.4 1 0
github.com/JailtonJunior94/ai-spec-harness/internal/embedded/embedded.go:56.3,57.17 2 0
github.com/JailtonJunior94/ai-spec-harness/internal/embedded/embedded.go:57.17,59.4 1 0
github.com/JailtonJunior94/ai-spec-harness/internal/embedded/embedded.go:61.3,61.49 1 0
github.com/JailtonJunior94/ai-spec-harness/internal/embedded/r1_receiver.go:6.32,6.55 1 0
github.com/JailtonJunior94/ai-spec-harness/cmd/ai_spec_harness/changelog.go:12.39,27.55 3 1
github.com/JailtonJunior94/ai-spec-harness/cmd/ai_spec_harness/changelog.go:27.55,28.117 1 1
github.com/JailtonJunior94/ai-spec-harness/cmd/ai_spec_harness/changelog.go:28.117,30.5 1 1
github.com/JailtonJunior94/ai-spec-harness/cmd/ai_spec_harness/changelog.go:32.4,33.21 2 0
github.com/JailtonJunior94/ai-spec-harness/cmd/ai_spec_harness/changelog.go:33.21,35.5 1 0
github.com/JailtonJunior94/ai-spec-harness/cmd/ai_spec_harness/changelog.go:37.4,39.18 3 0
github.com/JailtonJunior94/ai-spec-harness/cmd/ai_spec_harness/changelog.go:39.18,41.5 1 0
github.com/JailtonJunior94/ai-spec-harness/cmd/ai_spec_harness/changelog.go:43.4,43.23 1 0
github.com/JailtonJunior94/ai-spec-harness/cmd/ai_spec_harness/changelog.go:43.23,46.5 2 0
github.com/JailtonJunior94/ai-spec-harness/cmd/ai_spec_harness/changelog.go:48.4,49.91 2 0
github.com/JailtonJunior94/ai-spec-harness/cmd/ai_spec_harness/changelog.go:49.91,51.5 1 0
github.com/JailtonJunior94/ai-spec-harness/cmd/ai_spec_harness/changelog.go:52.4,53.14 2 0
github.com/JailtonJunior94/ai-spec-harness/cmd/ai_spec_harness/changelog.go:57.2,59.12 3 1
github.com/JailtonJunior94/ai-spec-harness/cmd/ai_spec_harness/doctor.go:12.36,22.55 1 1
github.com/JailtonJunior94/ai-spec-harness/cmd/ai_spec_harness/doctor.go:22.55,30.4 6 0
github.com/JailtonJunior94/ai-spec-harness/cmd/ai_spec_harness/doctor.go:32.2,32.12 1 1
github.com/JailtonJunior94/ai-spec-harness/cmd/ai_spec_harness/exit_error.go:17.40,19.2 1 1
github.com/JailtonJunior94/ai-spec-harness/cmd/ai_spec_harness/exit_error.go:22.36,24.2 1 1
github.com/JailtonJunior94/ai-spec-harness/cmd/ai_spec_harness/exit_error.go:27.36,29.2 1 1
github.com/JailtonJunior94/ai-spec-harness/cmd/ai_spec_harness/exit_error.go:37.37,39.2 1 1
github.com/JailtonJunior94/ai-spec-harness/cmd/ai_spec_harness/exit_error.go:43.44,45.25 2 1
github.com/JailtonJunior94/ai-spec-harness/cmd/ai_spec_harness/exit_error.go:45.25,47.3 1 1
github.com/JailtonJunior94/ai-spec-harness/cmd/ai_spec_harness/exit_error.go:48.2,48.10 1 1
github.com/JailtonJunior94/ai-spec-harness/cmd/ai_spec_harness/flags.go:15.34,17.2 1 1
github.com/JailtonJunior94/ai-spec-harness/cmd/ai_spec_harness/flags.go:22.82,24.40 2 1
github.com/JailtonJunior94/ai-spec-harness/cmd/ai_spec_harness/flags.go:24.40,25.32 1 1
github.com/JailtonJunior94/ai-spec-harness/cmd/ai_spec_harness/flags.go:25.32,27.4 1 1
github.com/JailtonJunior94/ai-spec-harness/cmd/ai_spec_harness/flags.go:28.3,28.79 1 1
github.com/JailtonJunior94/ai-spec-harness/cmd/ai_spec_harness/flags.go:30.2,30.12 1 1
github.com/JailtonJunior94/ai-spec-harness/cmd/ai_spec_harness/flags.go:33.72,36.15 1 1
github.com/JailtonJunior94/ai-spec-harness/cmd/ai_spec_harness/flags.go:36.15,38.3 1 0
github.com/JailtonJunior94/ai-spec-harness/cmd/ai_spec_harness/flags.go:39.2,39.18 1 1
github.com/JailtonJunior94/ai-spec-harness/cmd/ai_spec_harness/flags.go:39.18,41.3 1 0
github.com/JailtonJunior94/ai-spec-harness/cmd/ai_spec_harness/flags.go:42.2,43.44 2 1
github.com/JailtonJunior94/ai-spec-harness/cmd/ai_spec_harness/flags.go:43.44,46.10 3 1
github.com/JailtonJunior94/ai-spec-harness/cmd/ai_spec_harness/flags.go:46.10,48.4 1 0
github.com/JailtonJunior94/ai-spec-harness/cmd/ai_spec_harness/flags.go:49.3,49.27 1 1
github.com/JailtonJunior94/ai-spec-harness/cmd/ai_spec_harness/flags.go:51.2,51.19 1 1
github.com/JailtonJunior94/ai-spec-harness/cmd/ai_spec_harness/flags.go:56.59,57.15 1 1
github.com/JailtonJunior94/ai-spec-harness/cmd/ai_spec_harness/flags.go:57.15,59.3 1 1
github.com/JailtonJunior94/ai-spec-harness/cmd/ai_spec_harness/flags.go:60.2,60.15 1 1
github.com/JailtonJunior94/ai-spec-harness/cmd/ai_spec_harness/flags.go:60.15,62.3 1 1
github.com/JailtonJunior94/ai-spec-harness/cmd/ai_spec_harness/flags.go:63.2,64.62 2 1
github.com/JailtonJunior94/ai-spec-harness/cmd/ai_spec_harness/flags.go:64.62,64.94 1 1
github.com/JailtonJunior94/ai-spec-harness/cmd/ai_spec_harness/flags.go:64.96,66.14 2 1
github.com/JailtonJunior94/ai-spec-harness/cmd/ai_spec_harness/flags.go:66.14,68.4 1 1
github.com/JailtonJunior94/ai-spec-harness/cmd/ai_spec_harness/flags.go:70.2,70.14 1 1
github.com/JailtonJunior94/ai-spec-harness/cmd/ai_spec_harness/flags.go:73.72,74.32 1 1
github.com/JailtonJunior94/ai-spec-harness/cmd/ai_spec_harness/flags.go:74.32,76.3 1 1
github.com/JailtonJunior94/ai-spec-harness/cmd/ai_spec_harness/flags.go:77.2,77.18 1 0
github.com/JailtonJunior94/ai-spec-harness/cmd/ai_spec_harness/flags.go:77.18,79.3 1 0
github.com/JailtonJunior94/ai-spec-harness/cmd/ai_spec_harness/flags.go:80.2,81.44 2 0
github.com/JailtonJunior94/ai-spec-harness/cmd/ai_spec_harness/flags.go:81.44,84.10 3 0
github.com/JailtonJunior94/ai-spec-harness/cmd/ai_spec_harness/flags.go:84.10,86.4 1 0
github.com/JailtonJunior94/ai-spec-harness/cmd/ai_spec_harness/flags.go:87.3,87.27 1 0
github.com/JailtonJunior94/ai-spec-harness/cmd/ai_spec_harness/flags.go:89.2,89.19 1 0
github.com/JailtonJunior94/ai-spec-harness/cmd/ai_spec_harness/hash.go:13.34,25.55 2 1
github.com/JailtonJunior94/ai-spec-harness/cmd/ai_spec_harness/hash.go:25.55,27.18 2 0
github.com/JailtonJunior94/ai-spec-harness/cmd/ai_spec_harness/hash.go:27.18,29.5 1 0
github.com/JailtonJunior94/ai-spec-harness/cmd/ai_spec_harness/hash.go:30.4,31.14 2 0
github.com/JailtonJunior94/ai-spec-harness/cmd/ai_spec_harness/hash.go:34.2,34.12 1 1
github.com/JailtonJunior94/ai-spec-harness/cmd/ai_spec_harness/hash.go:37.61,39.16 2 1
github.com/JailtonJunior94/ai-spec-harness/cmd/ai_spec_harness/hash.go:39.16,41.3 1 0
github.com/JailtonJunior94/ai-spec-harness/cmd/ai_spec_harness/hash.go:42.2,43.36 2 1
github.com/JailtonJunior94/ai-spec-harness/cmd/ai_spec_harness/inspect.go:13.37,30.55 4 1
github.com/JailtonJunior94/ai-spec-harness/cmd/ai_spec_harness/inspect.go:30.55,37.47 6 0
github.com/JailtonJunior94/ai-spec-harness/cmd/ai_spec_harness/inspect.go:37.47,39.5 1 0
github.com/JailtonJunior94/ai-spec-harness/cmd/ai_spec_harness/inspect.go:42.4,44.27 3 0
github.com/JailtonJunior94/ai-spec-harness/cmd/ai_spec_harness/inspect.go:44.27,46.5 1 0
github.com/JailtonJunior94/ai-spec-harness/cmd/ai_spec_harness/inspect.go:48.4,49.26 2 0
github.com/JailtonJunior94/ai-spec-harness/cmd/ai_spec_harness/inspect.go:49.26,50.28 1 0
github.com/JailtonJunior94/ai-spec-harness/cmd/ai_spec_harness/inspect.go:50.28,52.6 1 0
github.com/JailtonJunior94/ai-spec-harness/cmd/ai_spec_harness/inspect.go:52.11,54.6 1 0
github.com/JailtonJunior94/ai-spec-harness/cmd/ai_spec_harness/inspect.go:55.5,55.70 1 0
github.com/JailtonJunior94/ai-spec-harness/cmd/ai_spec_harness/inspect.go:55.70,57.13 2 0
github.com/JailtonJunior94/ai-spec-harness/cmd/ai_spec_harness/inspect.go:57.13,58.15 1 0
github.com/JailtonJunior94/ai-spec-harness/cmd/ai_spec_harness/inspect.go:60.6,61.25 2 0
github.com/JailtonJunior94/ai-spec-harness/cmd/ai_spec_harness/inspect.go:61.25,63.7 1 0
github.com/JailtonJunior94/ai-spec-harness/cmd/ai_spec_harness/inspect.go:64.6,64.26 1 0
github.com/JailtonJunior94/ai-spec-harness/cmd/ai_spec_harness/inspect.go:64.26,66.7 1 0
github.com/JailtonJunior94/ai-spec-harness/cmd/ai_spec_harness/inspect.go:67.6,67.26 1 0
github.com/JailtonJunior94/ai-spec-harness/cmd/ai_spec_harness/inspect.go:67.26,69.7 1 0
github.com/JailtonJunior94/ai-spec-harness/cmd/ai_spec_harness/inspect.go:74.4,74.47 1 0
github.com/JailtonJunior94/ai-spec-harness/cmd/ai_spec_harness/inspect.go:74.47,76.20 2 0
github.com/JailtonJunior94/ai-spec-harness/cmd/ai_spec_harness/inspect.go:76.20,78.6 1 0
github.com/JailtonJunior94/ai-spec-harness/cmd/ai_spec_harness/inspect.go:79.5,82.60 4 0
github.com/JailtonJunior94/ai-spec-harness/cmd/ai_spec_harness/inspect.go:82.60,85.32 3 0
github.com/JailtonJunior94/ai-spec-harness/cmd/ai_spec_harness/inspect.go:85.32,86.21 1 0
github.com/JailtonJunior94/ai-spec-harness/cmd/ai_spec_harness/inspect.go:86.21,87.16 1 0
github.com/JailtonJunior94/ai-spec-harness/cmd/ai_spec_harness/inspect.go:89.7,90.21 2 0
github.com/JailtonJunior94/ai-spec-harness/cmd/ai_spec_harness/inspect.go:90.21,91.16 1 0
github.com/JailtonJunior94/ai-spec-harness/cmd/ai_spec_harness/inspect.go:93.7,93.75 1 0
github.com/JailtonJunior94/ai-spec-harness/cmd/ai_spec_harness/inspect.go:98.4,98.14 1 0
github.com/JailtonJunior94/ai-spec-harness/cmd/ai_spec_harness/inspect.go:102.2,105.12 4 1
github.com/JailtonJunior94/ai-spec-harness/cmd/ai_spec_harness/install.go:21.37,52.2 14 1
github.com/JailtonJunior94/ai-spec-harness/cmd/ai_spec_harness/install.go:54.71,68.45 13 1
github.com/JailtonJunior94/ai-spec-harness/cmd/ai_spec_harness/install.go:68.45,70.3 1 1
github.com/JailtonJunior94/ai-spec-harness/cmd/ai_spec_harness/install.go:72.2,73.19 2 1
github.com/JailtonJunior94/ai-spec-harness/cmd/ai_spec_harness/install.go:73.19,75.3 1 0
github.com/JailtonJunior94/ai-spec-harness/cmd/ai_spec_harness/install.go:79.2,80.16 2 1
github.com/JailtonJunior94/ai-spec-harness/cmd/ai_spec_harness/install.go:80.16,82.3 1 0
github.com/JailtonJunior94/ai-spec-harness/cmd/ai_spec_harness/install.go:84.2,85.16 2 1
github.com/JailtonJunior94/ai-spec-harness/cmd/ai_spec_harness/install.go:85.16,87.3 1 0
github.com/JailtonJunior94/ai-spec-harness/cmd/ai_spec_harness/install.go:89.2,90.9 2 1
github.com/JailtonJunior94/ai-spec-harness/cmd/ai_spec_harness/install.go:90.9,92.3 1 0
github.com/JailtonJunior94/ai-spec-harness/cmd/ai_spec_harness/install.go:94.2,97.22 3 1
github.com/JailtonJunior94/ai-spec-harness/cmd/ai_spec_harness/install.go:97.22,99.17 2 0
github.com/JailtonJunior94/ai-spec-harness/cmd/ai_spec_harness/install.go:99.17,101.4 1 0
github.com/JailtonJunior94/ai-spec-harness/cmd/ai_spec_harness/install.go:102.3,103.17 2 0
github.com/JailtonJunior94/ai-spec-harness/cmd/ai_spec_harness/install.go:103.17,105.4 1 0
github.com/JailtonJunior94/ai-spec-harness/cmd/ai_spec_harness/install.go:106.3,108.65 3 0
github.com/JailtonJunior94/ai-spec-harness/cmd/ai_spec_harness/install.go:108.65,110.4 1 0
github.com/JailtonJunior94/ai-spec-harness/cmd/ai_spec_harness/install.go:111.3,111.29 1 0
github.com/JailtonJunior94/ai-spec-harness/cmd/ai_spec_harness/install.go:114.2,133.4 6 1
github.com/JailtonJunior94/ai-spec-harness/cmd/ai_spec_harness/lint.go:14.34,33.55 3 1
github.com/JailtonJunior94/ai-spec-harness/cmd/ai_spec_harness/lint.go:33.55,35.21 2 0
github.com/JailtonJunior94/ai-spec-harness/cmd/ai_spec_harness/lint.go:35.21,37.5 1 0
github.com/JailtonJunior94/ai-spec-harness/cmd/ai_spec_harness/lint.go:39.4,42.18 4 0
github.com/JailtonJunior94/ai-spec-harness/cmd/ai_spec_harness/lint.go:42.18,44.5 1 0
github.com/JailtonJunior94/ai-spec-harness/cmd/ai_spec_harness/lint.go:47.4,53.22 6 0
github.com/JailtonJunior94/ai-spec-harness/cmd/ai_spec_harness/lint.go:53.22,55.23 2 0
github.com/JailtonJunior94/ai-spec-harness/cmd/ai_spec_harness/lint.go:55.23,58.6 2 0
github.com/JailtonJunior94/ai-spec-harness/cmd/ai_spec_harness/lint.go:62.4,62.37 1 0
github.com/JailtonJunior94/ai-spec-harness/cmd/ai_spec_harness/lint.go:62.37,64.5 1 0
github.com/JailtonJunior94/ai-spec-harness/cmd/ai_spec_harness/lint.go:67.4,67.45 1 0
github.com/JailtonJunior94/ai-spec-harness/cmd/ai_spec_harness/lint.go:67.45,68.38 1 0
github.com/JailtonJunior94/ai-spec-harness/cmd/ai_spec_harness/lint.go:68.38,73.6 1 0
github.com/JailtonJunior94/ai-spec-harness/cmd/ai_spec_harness/lint.go:76.4,76.22 1 0
github.com/JailtonJunior94/ai-spec-harness/cmd/ai_spec_harness/lint.go:76.22,78.32 2 0
github.com/JailtonJunior94/ai-spec-harness/cmd/ai_spec_harness/lint.go:78.32,80.6 1 0
github.com/JailtonJunior94/ai-spec-harness/cmd/ai_spec_harness/lint.go:80.11,82.6 1 0
github.com/JailtonJunior94/ai-spec-harness/cmd/ai_spec_harness/lint.go:83.5,83.15 1 0
github.com/JailtonJunior94/ai-spec-harness/cmd/ai_spec_harness/lint.go:86.4,86.27 1 0
github.com/JailtonJunior94/ai-spec-harness/cmd/ai_spec_harness/lint.go:86.27,88.5 1 0
github.com/JailtonJunior94/ai-spec-harness/cmd/ai_spec_harness/lint.go:89.4,90.26 2 0
github.com/JailtonJunior94/ai-spec-harness/cmd/ai_spec_harness/lint.go:94.2,96.12 3 1
github.com/JailtonJunior94/ai-spec-harness/cmd/ai_spec_harness/metrics.go:10.37,29.55 4 1
github.com/JailtonJunior94/ai-spec-harness/cmd/ai_spec_harness/metrics.go:29.55,31.21 2 0
github.com/JailtonJunior94/ai-spec-harness/cmd/ai_spec_harness/metrics.go:31.21,33.5 1 0
github.com/JailtonJunior94/ai-spec-harness/cmd/ai_spec_harness/metrics.go:34.4,38.22 4 0
github.com/JailtonJunior94/ai-spec-harness/cmd/ai_spec_harness/metrics.go:38.22,41.22 3 0
github.com/JailtonJunior94/ai-spec-harness/cmd/ai_spec_harness/metrics.go:41.22,43.6 1 0
github.com/JailtonJunior94/ai-spec-harness/cmd/ai_spec_harness/metrics.go:43.11,45.6 1 0
github.com/JailtonJunior94/ai-spec-harness/cmd/ai_spec_harness/metrics.go:46.10,48.5 1 0
github.com/JailtonJunior94/ai-spec-harness/cmd/ai_spec_harness/metrics.go:50.4,51.60 2 0
github.com/JailtonJunior94/ai-spec-harness/cmd/ai_spec_harness/metrics.go:55.2,58.12 4 1
github.com/JailtonJunior94/ai-spec-harness/cmd/ai_spec_harness/prerequisites.go:12.43,37.55 1 1
github.com/JailtonJunior94/ai-spec-harness/cmd/ai_spec_harness/prerequisites.go:37.55,40.22 3 0
github.com/JailtonJunior94/ai-spec-harness/cmd/ai_spec_harness/prerequisites.go:40.22,42.5 1 0
github.com/JailtonJunior94/ai-spec-harness/cmd/ai_spec_harness/prerequisites.go:44.4,46.18 3 0
github.com/JailtonJunior94/ai-spec-harness/cmd/ai_spec_harness/prerequisites.go:46.18,49.5 2 0
github.com/JailtonJunior94/ai-spec-harness/cmd/ai_spec_harness/prerequisites.go:51.4,53.30 2 0
github.com/JailtonJunior94/ai-spec-harness/cmd/ai_spec_harness/prerequisites.go:53.30,55.12 2 0
github.com/JailtonJunior94/ai-spec-harness/cmd/ai_spec_harness/prerequisites.go:56.18,57.21 1 0
github.com/JailtonJunior94/ai-spec-harness/cmd/ai_spec_harness/prerequisites.go:58.21,59.22 1 0
github.com/JailtonJunior94/ai-spec-harness/cmd/ai_spec_harness/prerequisites.go:60.13,61.22 1 0
github.com/JailtonJunior94/ai-spec-harness/cmd/ai_spec_harness/prerequisites.go:64.5,65.19 2 0
github.com/JailtonJunior94/ai-spec-harness/cmd/ai_spec_harness/prerequisites.go:65.19,67.6 1 0
github.com/JailtonJunior94/ai-spec-harness/cmd/ai_spec_harness/prerequisites.go:68.5,68.60 1 0
github.com/JailtonJunior94/ai-spec-harness/cmd/ai_spec_harness/prerequisites.go:71.4,72.14 2 0
github.com/JailtonJunior94/ai-spec-harness/cmd/ai_spec_harness/prerequisites.go:72.14,75.5 2 0
github.com/JailtonJunior94/ai-spec-harness/cmd/ai_spec_harness/prerequisites.go:77.4,78.26 2 0
github.com/JailtonJunior94/ai-spec-harness/cmd/ai_spec_harness/prerequisites.go:81.2,81.12 1 1
github.com/JailtonJunior94/ai-spec-harness/cmd/ai_spec_harness/root.go:12.34,28.68 2 1
github.com/JailtonJunior94/ai-spec-harness/cmd/ai_spec_harness/root.go:28.68,29.61 1 0
github.com/JailtonJunior94/ai-spec-harness/cmd/ai_spec_harness/root.go:29.61,31.5 1 0
github.com/JailtonJunior94/ai-spec-harness/cmd/ai_spec_harness/root.go:32.4,33.14 2 0
github.com/JailtonJunior94/ai-spec-harness/cmd/ai_spec_harness/root.go:37.2,69.12 33 1
github.com/JailtonJunior94/ai-spec-harness/cmd/ai_spec_harness/root.go:74.34,76.2 1 1
github.com/JailtonJunior94/ai-spec-harness/cmd/ai_spec_harness/root.go:78.55,81.2 2 1
github.com/JailtonJunior94/ai-spec-harness/cmd/ai_spec_harness/root.go:83.22,85.42 2 0
github.com/JailtonJunior94/ai-spec-harness/cmd/ai_spec_harness/root.go:85.42,87.27 2 0
github.com/JailtonJunior94/ai-spec-harness/cmd/ai_spec_harness/root.go:87.27,89.4 1 0
github.com/JailtonJunior94/ai-spec-harness/cmd/ai_spec_harness/root.go:90.3,90.13 1 0
github.com/JailtonJunior94/ai-spec-harness/cmd/ai_spec_harness/root.go:92.2,92.12 1 0
github.com/JailtonJunior94/ai-spec-harness/cmd/ai_spec_harness/scaffold.go:10.38,23.55 2 1
github.com/JailtonJunior94/ai-spec-harness/cmd/ai_spec_harness/scaffold.go:23.55,28.4 4 0
github.com/JailtonJunior94/ai-spec-harness/cmd/ai_spec_harness/scaffold.go:31.2,32.12 2 1
github.com/JailtonJunior94/ai-spec-harness/cmd/ai_spec_harness/sdd.go:14.37,15.220 1 1
github.com/JailtonJunior94/ai-spec-harness/cmd/ai_spec_harness/sdd.go:15.220,17.70 2 0
github.com/JailtonJunior94/ai-spec-harness/cmd/ai_spec_harness/sdd.go:17.70,18.65 1 0
github.com/JailtonJunior94/ai-spec-harness/cmd/ai_spec_harness/sdd.go:18.65,20.5 1 0
github.com/JailtonJunior94/ai-spec-harness/cmd/ai_spec_harness/sdd.go:22.3,22.74 1 0
github.com/JailtonJunior94/ai-spec-harness/cmd/ai_spec_harness/sdd.go:22.74,24.4 1 0
github.com/JailtonJunior94/ai-spec-harness/cmd/ai_spec_harness/sdd.go:25.3,26.13 2 0
github.com/JailtonJunior94/ai-spec-harness/cmd/ai_spec_harness/sdd.go:30.40,31.209 1 1
github.com/JailtonJunior94/ai-spec-harness/cmd/ai_spec_harness/sdd.go:31.209,33.78 2 0
github.com/JailtonJunior94/ai-spec-harness/cmd/ai_spec_harness/sdd.go:33.78,35.4 1 0
github.com/JailtonJunior94/ai-spec-harness/cmd/ai_spec_harness/sdd.go:36.3,36.83 1 0
github.com/JailtonJunior94/ai-spec-harness/cmd/ai_spec_harness/sdd.go:36.83,38.4 1 0
github.com/JailtonJunior94/ai-spec-harness/cmd/ai_spec_harness/sdd.go:39.3,40.13 2 0
github.com/JailtonJunior94/ai-spec-harness/cmd/ai_spec_harness/sdd.go:42.2,43.12 2 1
github.com/JailtonJunior94/ai-spec-harness/cmd/ai_spec_harness/sdd.go:46.41,47.217 1 1
github.com/JailtonJunior94/ai-spec-harness/cmd/ai_spec_harness/sdd.go:47.217,51.25 4 0
github.com/JailtonJunior94/ai-spec-harness/cmd/ai_spec_harness/sdd.go:51.25,53.4 1 0
github.com/JailtonJunior94/ai-spec-harness/cmd/ai_spec_harness/sdd.go:54.3,54.17 1 0
github.com/JailtonJunior94/ai-spec-harness/cmd/ai_spec_harness/sdd.go:54.17,56.4 1 0
github.com/JailtonJunior94/ai-spec-harness/cmd/ai_spec_harness/sdd.go:57.3,57.101 1 0
github.com/JailtonJunior94/ai-spec-harness/cmd/ai_spec_harness/sdd.go:57.101,59.61 2 0
github.com/JailtonJunior94/ai-spec-harness/cmd/ai_spec_harness/sdd.go:59.61,61.5 1 0
github.com/JailtonJunior94/ai-spec-harness/cmd/ai_spec_harness/sdd.go:63.3,64.13 2 0
github.com/JailtonJunior94/ai-spec-harness/cmd/ai_spec_harness/sdd.go:66.2,67.12 2 1
github.com/JailtonJunior94/ai-spec-harness/cmd/ai_spec_harness/sdd.go:70.41,71.192 1 1
github.com/JailtonJunior94/ai-spec-harness/cmd/ai_spec_harness/sdd.go:71.192,73.17 2 0
github.com/JailtonJunior94/ai-spec-harness/cmd/ai_spec_harness/sdd.go:73.17,75.4 1 0
github.com/JailtonJunior94/ai-spec-harness/cmd/ai_spec_harness/sdd.go:76.3,77.13 2 0
github.com/JailtonJunior94/ai-spec-harness/cmd/ai_spec_harness/sdd.go:81.49,86.55 1 1
github.com/JailtonJunior94/ai-spec-harness/cmd/ai_spec_harness/sdd.go:86.55,88.18 2 0
github.com/JailtonJunior94/ai-spec-harness/cmd/ai_spec_harness/sdd.go:88.18,90.5 1 0
github.com/JailtonJunior94/ai-spec-harness/cmd/ai_spec_harness/sdd.go:91.4,91.82 1 0
github.com/JailtonJunior94/ai-spec-harness/cmd/ai_spec_harness/sdd.go:91.82,93.5 1 0
github.com/JailtonJunior94/ai-spec-harness/cmd/ai_spec_harness/sdd.go:94.4,94.14 1 0
github.com/JailtonJunior94/ai-spec-harness/cmd/ai_spec_harness/sdd_result.go:11.44,16.55 1 1
github.com/JailtonJunior94/ai-spec-harness/cmd/ai_spec_harness/sdd_result.go:16.55,18.18 2 0
github.com/JailtonJunior94/ai-spec-harness/cmd/ai_spec_harness/sdd_result.go:18.18,20.5 1 0
github.com/JailtonJunior94/ai-spec-harness/cmd/ai_spec_harness/sdd_result.go:21.4,23.19 3 0
github.com/JailtonJunior94/ai-spec-harness/cmd/ai_spec_harness/sdd_result.go:24.21,26.19 2 0
github.com/JailtonJunior94/ai-spec-harness/cmd/ai_spec_harness/sdd_result.go:26.19,28.6 1 0
github.com/JailtonJunior94/ai-spec-harness/cmd/ai_spec_harness/sdd_result.go:29.5,29.64 1 0
github.com/JailtonJunior94/ai-spec-harness/cmd/ai_spec_harness/sdd_result.go:29.64,31.6 1 0
github.com/JailtonJunior94/ai-spec-harness/cmd/ai_spec_harness/sdd_result.go:32.22,34.19 2 0
github.com/JailtonJunior94/ai-spec-harness/cmd/ai_spec_harness/sdd_result.go:34.19,36.6 1 0
github.com/JailtonJunior94/ai-spec-harness/cmd/ai_spec_harness/sdd_result.go:37.5,37.64 1 0
github.com/JailtonJunior94/ai-spec-harness/cmd/ai_spec_harness/sdd_result.go:37.64,39.6 1 0
github.com/JailtonJunior94/ai-spec-harness/cmd/ai_spec_harness/sdd_result.go:40.18,42.19 2 0
github.com/JailtonJunior94/ai-spec-harness/cmd/ai_spec_harness/sdd_result.go:42.19,44.6 1 0
github.com/JailtonJunior94/ai-spec-harness/cmd/ai_spec_harness/sdd_result.go:45.5,45.64 1 0
github.com/JailtonJunior94/ai-spec-harness/cmd/ai_spec_harness/sdd_result.go:45.64,47.6 1 0
github.com/JailtonJunior94/ai-spec-harness/cmd/ai_spec_harness/sdd_result.go:48.12,49.101 1 0
github.com/JailtonJunior94/ai-spec-harness/cmd/ai_spec_harness/sdd_result.go:51.4,52.14 2 0
github.com/JailtonJunior94/ai-spec-harness/cmd/ai_spec_harness/sdd_result.go:55.2,56.16 2 1
github.com/JailtonJunior94/ai-spec-harness/cmd/ai_spec_harness/semver_next.go:12.40,24.55 2 1
github.com/JailtonJunior94/ai-spec-harness/cmd/ai_spec_harness/semver_next.go:24.55,26.21 2 0
github.com/JailtonJunior94/ai-spec-harness/cmd/ai_spec_harness/semver_next.go:26.21,28.5 1 0
github.com/JailtonJunior94/ai-spec-harness/cmd/ai_spec_harness/semver_next.go:30.4,31.18 2 0
github.com/JailtonJunior94/ai-spec-harness/cmd/ai_spec_harness/semver_next.go:31.18,33.5 1 0
github.com/JailtonJunior94/ai-spec-harness/cmd/ai_spec_harness/semver_next.go:35.4,35.28 1 0
github.com/JailtonJunior94/ai-spec-harness/cmd/ai_spec_harness/semver_next.go:36.16,39.25 3 0
github.com/JailtonJunior94/ai-spec-harness/cmd/ai_spec_harness/semver_next.go:40.12,49.51 9 0
github.com/JailtonJunior94/ai-spec-harness/cmd/ai_spec_harness/semver_next.go:51.4,51.14 1 0
github.com/JailtonJunior94/ai-spec-harness/cmd/ai_spec_harness/semver_next.go:55.2,56.12 2 1
github.com/JailtonJunior94/ai-spec-harness/cmd/ai_spec_harness/skill_bump.go:15.39,34.2 5 1
github.com/JailtonJunior94/ai-spec-harness/cmd/ai_spec_harness/skill_bump.go:36.73,45.16 7 0
github.com/JailtonJunior94/ai-spec-harness/cmd/ai_spec_harness/skill_bump.go:45.16,46.45 1 0
github.com/JailtonJunior94/ai-spec-harness/cmd/ai_spec_harness/skill_bump.go:46.45,49.4 2 0
github.com/JailtonJunior94/ai-spec-harness/cmd/ai_spec_harness/skill_bump.go:50.3,50.46 1 0
github.com/JailtonJunior94/ai-spec-harness/cmd/ai_spec_harness/skill_bump.go:50.46,52.4 1 0
github.com/JailtonJunior94/ai-spec-harness/cmd/ai_spec_harness/skill_bump.go:53.3,53.13 1 0
github.com/JailtonJunior94/ai-spec-harness/cmd/ai_spec_harness/skill_bump.go:56.2,56.28 1 0
github.com/JailtonJunior94/ai-spec-harness/cmd/ai_spec_harness/skill_bump.go:56.28,57.13 1 0
github.com/JailtonJunior94/ai-spec-harness/cmd/ai_spec_harness/skill_bump.go:57.13,59.4 1 0
github.com/JailtonJunior94/ai-spec-harness/cmd/ai_spec_harness/skill_bump.go:59.9,61.4 1 0
github.com/JailtonJunior94/ai-spec-harness/cmd/ai_spec_harness/skill_bump.go:64.2,64.12 1 0
github.com/JailtonJunior94/ai-spec-harness/cmd/ai_spec_harness/skills.go:15.36,22.55 2 1
github.com/JailtonJunior94/ai-spec-harness/cmd/ai_spec_harness/skills.go:22.55,23.15 1 0
github.com/JailtonJunior94/ai-spec-harness/cmd/ai_spec_harness/skills.go:23.15,25.5 1 0
github.com/JailtonJunior94/ai-spec-harness/cmd/ai_spec_harness/skills.go:26.4,27.21 2 0
github.com/JailtonJunior94/ai-spec-harness/cmd/ai_spec_harness/skills.go:27.21,29.5 1 0
github.com/JailtonJunior94/ai-spec-harness/cmd/ai_spec_harness/skills.go:30.4,30.43 1 0
github.com/JailtonJunior94/ai-spec-harness/cmd/ai_spec_harness/skills.go:34.2,37.12 3 1
github.com/JailtonJunior94/ai-spec-harness/cmd/ai_spec_harness/skills.go:43.67,49.16 5 0
github.com/JailtonJunior94/ai-spec-harness/cmd/ai_spec_harness/skills.go:49.16,51.3 1 0
github.com/JailtonJunior94/ai-spec-harness/cmd/ai_spec_harness/skills.go:53.2,53.23 1 0
github.com/JailtonJunior94/ai-spec-harness/cmd/ai_spec_harness/skills.go:53.23,54.44 1 0
github.com/JailtonJunior94/ai-spec-harness/cmd/ai_spec_harness/skills.go:54.44,56.4 1 0
github.com/JailtonJunior94/ai-spec-harness/cmd/ai_spec_harness/skills.go:57.3,57.30 1 0
github.com/JailtonJunior94/ai-spec-harness/cmd/ai_spec_harness/skills.go:57.30,59.4 1 0
github.com/JailtonJunior94/ai-spec-harness/cmd/ai_spec_harness/skills.go:60.3,61.25 2 0
github.com/JailtonJunior94/ai-spec-harness/cmd/ai_spec_harness/skills.go:64.2,65.12 2 0
github.com/JailtonJunior94/ai-spec-harness/cmd/ai_spec_harness/skills.go:68.41,83.55 3 1
github.com/JailtonJunior94/ai-spec-harness/cmd/ai_spec_harness/skills.go:83.55,85.21 2 0
github.com/JailtonJunior94/ai-spec-harness/cmd/ai_spec_harness/skills.go:85.21,87.5 1 0
github.com/JailtonJunior94/ai-spec-harness/cmd/ai_spec_harness/skills.go:89.4,94.18 5 0
github.com/JailtonJunior94/ai-spec-harness/cmd/ai_spec_harness/skills.go:94.18,96.5 1 0
github.com/JailtonJunior94/ai-spec-harness/cmd/ai_spec_harness/skills.go:98.4,98.25 1 0
github.com/JailtonJunior94/ai-spec-harness/cmd/ai_spec_harness/skills.go:98.25,101.5 2 0
github.com/JailtonJunior94/ai-spec-harness/cmd/ai_spec_harness/skills.go:104.4,104.44 1 0
github.com/JailtonJunior94/ai-spec-harness/cmd/ai_spec_harness/skills.go:104.44,106.5 1 0
github.com/JailtonJunior94/ai-spec-harness/cmd/ai_spec_harness/skills.go:108.4,109.30 2 0
github.com/JailtonJunior94/ai-spec-harness/cmd/ai_spec_harness/skills.go:109.30,111.20 2 0
github.com/JailtonJunior94/ai-spec-harness/cmd/ai_spec_harness/skills.go:112.32,113.65 1 0
github.com/JailtonJunior94/ai-spec-harness/cmd/ai_spec_harness/skills.go:114.33,115.113 1 0
github.com/JailtonJunior94/ai-spec-harness/cmd/ai_spec_harness/skills.go:116.36,118.24 2 0
github.com/JailtonJunior94/ai-spec-harness/cmd/ai_spec_harness/skills.go:119.35,120.103 1 0
github.com/JailtonJunior94/ai-spec-harness/cmd/ai_spec_harness/skills.go:121.35,122.122 1 0
github.com/JailtonJunior94/ai-spec-harness/cmd/ai_spec_harness/skills.go:126.4,126.40 1 0
github.com/JailtonJunior94/ai-spec-harness/cmd/ai_spec_harness/skills.go:126.40,131.5 4 0
github.com/JailtonJunior94/ai-spec-harness/cmd/ai_spec_harness/skills.go:133.4,134.14 2 0
github.com/JailtonJunior94/ai-spec-harness/cmd/ai_spec_harness/skills.go:138.2,139.12 2 1
github.com/JailtonJunior94/ai-spec-harness/cmd/ai_spec_harness/skills.go:142.75,143.15 1 0
github.com/JailtonJunior94/ai-spec-harness/cmd/ai_spec_harness/skills.go:144.29,145.14 1 0
github.com/JailtonJunior94/ai-spec-harness/cmd/ai_spec_harness/skills.go:146.30,147.14 1 0
github.com/JailtonJunior94/ai-spec-harness/cmd/ai_spec_harness/skills.go:148.33,149.14 1 0
github.com/JailtonJunior94/ai-spec-harness/cmd/ai_spec_harness/skills.go:150.32,151.14 1 0
github.com/JailtonJunior94/ai-spec-harness/cmd/ai_spec_harness/skills.go:152.10,153.14 1 0
github.com/JailtonJunior94/ai-spec-harness/cmd/ai_spec_harness/spec_drift.go:13.44,26.55 1 1
github.com/JailtonJunior94/ai-spec-harness/cmd/ai_spec_harness/spec_drift.go:26.55,30.18 3 1
github.com/JailtonJunior94/ai-spec-harness/cmd/ai_spec_harness/spec_drift.go:30.18,33.5 2 1
github.com/JailtonJunior94/ai-spec-harness/cmd/ai_spec_harness/spec_drift.go:35.4,36.21 2 1
github.com/JailtonJunior94/ai-spec-harness/cmd/ai_spec_harness/spec_drift.go:36.21,38.5 1 1
github.com/JailtonJunior94/ai-spec-harness/cmd/ai_spec_harness/spec_drift.go:40.4,41.18 2 1
github.com/JailtonJunior94/ai-spec-harness/cmd/ai_spec_harness/spec_drift.go:41.18,44.5 2 1
github.com/JailtonJunior94/ai-spec-harness/cmd/ai_spec_harness/spec_drift.go:46.4,46.40 1 1
github.com/JailtonJunior94/ai-spec-harness/cmd/ai_spec_harness/spec_drift.go:46.40,47.32 1 1
github.com/JailtonJunior94/ai-spec-harness/cmd/ai_spec_harness/spec_drift.go:47.32,50.6 1 1
github.com/JailtonJunior94/ai-spec-harness/cmd/ai_spec_harness/spec_drift.go:53.4,53.36 1 1
github.com/JailtonJunior94/ai-spec-harness/cmd/ai_spec_harness/spec_drift.go:53.36,54.17 1 1
github.com/JailtonJunior94/ai-spec-harness/cmd/ai_spec_harness/spec_drift.go:54.17,55.23 1 0
github.com/JailtonJunior94/ai-spec-harness/cmd/ai_spec_harness/spec_drift.go:55.23,57.7 1 0
github.com/JailtonJunior94/ai-spec-harness/cmd/ai_spec_harness/spec_drift.go:57.12,60.7 1 0
github.com/JailtonJunior94/ai-spec-harness/cmd/ai_spec_harness/spec_drift.go:64.4,64.19 1 1
github.com/JailtonJunior94/ai-spec-harness/cmd/ai_spec_harness/spec_drift.go:64.19,67.5 2 1
github.com/JailtonJunior94/ai-spec-harness/cmd/ai_spec_harness/spec_drift.go:69.4,69.26 1 1
github.com/JailtonJunior94/ai-spec-harness/cmd/ai_spec_harness/spec_drift.go:72.2,72.12 1 1
github.com/JailtonJunior94/ai-spec-harness/cmd/ai_spec_harness/sync_spec_hash.go:11.42,25.55 1 1
github.com/JailtonJunior94/ai-spec-harness/cmd/ai_spec_harness/sync_spec_hash.go:25.55,28.56 2 0
github.com/JailtonJunior94/ai-spec-harness/cmd/ai_spec_harness/sync_spec_hash.go:28.56,31.5 2 0
github.com/JailtonJunior94/ai-spec-harness/cmd/ai_spec_harness/sync_spec_hash.go:33.4,33.73 1 0
github.com/JailtonJunior94/ai-spec-harness/cmd/ai_spec_harness/sync_spec_hash.go:33.73,36.5 2 0
github.com/JailtonJunior94/ai-spec-harness/cmd/ai_spec_harness/sync_spec_hash.go:38.4,39.14 2 0
github.com/JailtonJunior94/ai-spec-harness/cmd/ai_spec_harness/sync_spec_hash.go:42.2,42.12 1 1
github.com/JailtonJunior94/ai-spec-harness/cmd/ai_spec_harness/task_loop.go:36.38,67.55 2 1
github.com/JailtonJunior94/ai-spec-harness/cmd/ai_spec_harness/task_loop.go:67.55,110.24 33 0
github.com/JailtonJunior94/ai-spec-harness/cmd/ai_spec_harness/task_loop.go:110.24,111.60 1 0
github.com/JailtonJunior94/ai-spec-harness/cmd/ai_spec_harness/task_loop.go:111.60,113.6 1 0
github.com/JailtonJunior94/ai-spec-harness/cmd/ai_spec_harness/task_loop.go:114.5,114.56 1 0
github.com/JailtonJunior94/ai-spec-harness/cmd/ai_spec_harness/task_loop.go:114.56,116.6 1 0
github.com/JailtonJunior94/ai-spec-harness/cmd/ai_spec_harness/task_loop.go:117.5,117.60 1 0
github.com/JailtonJunior94/ai-spec-harness/cmd/ai_spec_harness/task_loop.go:117.60,119.6 1 0
github.com/JailtonJunior94/ai-spec-harness/cmd/ai_spec_harness/task_loop.go:120.5,120.56 1 0
github.com/JailtonJunior94/ai-spec-harness/cmd/ai_spec_harness/task_loop.go:120.56,122.6 1 0
github.com/JailtonJunior94/ai-spec-harness/cmd/ai_spec_harness/task_loop.go:126.4,127.40 2 0
github.com/JailtonJunior94/ai-spec-harness/cmd/ai_spec_harness/task_loop.go:127.40,131.5 2 0
github.com/JailtonJunior94/ai-spec-harness/cmd/ai_spec_harness/task_loop.go:134.4,135.32 2 0
github.com/JailtonJunior94/ai-spec-harness/cmd/ai_spec_harness/task_loop.go:135.32,139.5 2 0
github.com/JailtonJunior94/ai-spec-harness/cmd/ai_spec_harness/task_loop.go:142.4,142.28 1 0
github.com/JailtonJunior94/ai-spec-harness/cmd/ai_spec_harness/task_loop.go:142.28,143.39 1 0
github.com/JailtonJunior94/ai-spec-harness/cmd/ai_spec_harness/task_loop.go:143.39,145.29 2 0
github.com/JailtonJunior94/ai-spec-harness/cmd/ai_spec_harness/task_loop.go:145.29,147.7 1 0
github.com/JailtonJunior94/ai-spec-harness/cmd/ai_spec_harness/task_loop.go:148.6,148.27 1 0
github.com/JailtonJunior94/ai-spec-harness/cmd/ai_spec_harness/task_loop.go:149.20,153.70 1 0
github.com/JailtonJunior94/ai-spec-harness/cmd/ai_spec_harness/task_loop.go:154.14,158.60 1 0
github.com/JailtonJunior94/ai-spec-harness/cmd/ai_spec_harness/task_loop.go:164.4,164.47 1 0
github.com/JailtonJunior94/ai-spec-harness/cmd/ai_spec_harness/task_loop.go:164.47,167.5 2 0
github.com/JailtonJunior94/ai-spec-harness/cmd/ai_spec_harness/task_loop.go:168.4,168.24 1 0
github.com/JailtonJunior94/ai-spec-harness/cmd/ai_spec_harness/task_loop.go:168.24,170.28 2 0
github.com/JailtonJunior94/ai-spec-harness/cmd/ai_spec_harness/task_loop.go:170.28,172.6 1 0
github.com/JailtonJunior94/ai-spec-harness/cmd/ai_spec_harness/task_loop.go:173.5,173.56 1 0
github.com/JailtonJunior94/ai-spec-harness/cmd/ai_spec_harness/task_loop.go:173.56,175.40 2 0
github.com/JailtonJunior94/ai-spec-harness/cmd/ai_spec_harness/task_loop.go:175.40,177.7 1 0
github.com/JailtonJunior94/ai-spec-harness/cmd/ai_spec_harness/task_loop.go:178.6,181.28 3 0
github.com/JailtonJunior94/ai-spec-harness/cmd/ai_spec_harness/task_loop.go:184.4,184.27 1 0
github.com/JailtonJunior94/ai-spec-harness/cmd/ai_spec_harness/task_loop.go:184.27,187.5 2 0
github.com/JailtonJunior94/ai-spec-harness/cmd/ai_spec_harness/task_loop.go:190.4,190.74 1 0
github.com/JailtonJunior94/ai-spec-harness/cmd/ai_spec_harness/task_loop.go:190.74,193.5 2 0
github.com/JailtonJunior94/ai-spec-harness/cmd/ai_spec_harness/task_loop.go:196.4,196.55 1 0
github.com/JailtonJunior94/ai-spec-harness/cmd/ai_spec_harness/task_loop.go:196.55,198.5 1 0
github.com/JailtonJunior94/ai-spec-harness/cmd/ai_spec_harness/task_loop.go:199.4,199.55 1 0
github.com/JailtonJunior94/ai-spec-harness/cmd/ai_spec_harness/task_loop.go:199.55,201.5 1 0
github.com/JailtonJunior94/ai-spec-harness/cmd/ai_spec_harness/task_loop.go:202.4,202.41 1 0
github.com/JailtonJunior94/ai-spec-harness/cmd/ai_spec_harness/task_loop.go:202.41,204.5 1 0
github.com/JailtonJunior94/ai-spec-harness/cmd/ai_spec_harness/task_loop.go:205.4,205.39 1 0
github.com/JailtonJunior94/ai-spec-harness/cmd/ai_spec_harness/task_loop.go:205.39,207.5 1 0
github.com/JailtonJunior94/ai-spec-harness/cmd/ai_spec_harness/task_loop.go:210.4,210.48 1 0
github.com/JailtonJunior94/ai-spec-harness/cmd/ai_spec_harness/task_loop.go:210.48,212.5 1 0
github.com/JailtonJunior94/ai-spec-harness/cmd/ai_spec_harness/task_loop.go:215.4,216.18 2 0
github.com/JailtonJunior94/ai-spec-harness/cmd/ai_spec_harness/task_loop.go:216.18,218.5 1 0
github.com/JailtonJunior94/ai-spec-harness/cmd/ai_spec_harness/task_loop.go:220.4,220.24 1 0
github.com/JailtonJunior94/ai-spec-harness/cmd/ai_spec_harness/task_loop.go:220.24,222.5 1 0
github.com/JailtonJunior94/ai-spec-harness/cmd/ai_spec_harness/task_loop.go:224.4,259.56 5 0
github.com/JailtonJunior94/ai-spec-harness/cmd/ai_spec_harness/task_loop.go:259.56,262.5 2 0
github.com/JailtonJunior94/ai-spec-harness/cmd/ai_spec_harness/task_loop.go:263.4,263.14 1 0
github.com/JailtonJunior94/ai-spec-harness/cmd/ai_spec_harness/task_loop.go:267.2,268.12 2 1
github.com/JailtonJunior94/ai-spec-harness/cmd/ai_spec_harness/task_loop.go:271.61,340.2 29 1
github.com/JailtonJunior94/ai-spec-harness/cmd/ai_spec_harness/telemetry.go:13.39,23.2 5 1
github.com/JailtonJunior94/ai-spec-harness/cmd/ai_spec_harness/telemetry.go:25.42,30.55 1 1
github.com/JailtonJunior94/ai-spec-harness/cmd/ai_spec_harness/telemetry.go:30.55,33.21 3 0
github.com/JailtonJunior94/ai-spec-harness/cmd/ai_spec_harness/telemetry.go:33.21,35.5 1 0
github.com/JailtonJunior94/ai-spec-harness/cmd/ai_spec_harness/telemetry.go:36.4,36.54 1 0
github.com/JailtonJunior94/ai-spec-harness/cmd/ai_spec_harness/telemetry.go:39.2,39.12 1 1
github.com/JailtonJunior94/ai-spec-harness/cmd/ai_spec_harness/telemetry.go:42.46,48.55 2 1
github.com/JailtonJunior94/ai-spec-harness/cmd/ai_spec_harness/telemetry.go:48.55,50.28 2 0
github.com/JailtonJunior94/ai-spec-harness/cmd/ai_spec_harness/telemetry.go:50.28,52.19 2 0
github.com/JailtonJunior94/ai-spec-harness/cmd/ai_spec_harness/telemetry.go:52.19,54.6 1 0
github.com/JailtonJunior94/ai-spec-harness/cmd/ai_spec_harness/telemetry.go:55.5,55.14 1 0
github.com/JailtonJunior94/ai-spec-harness/cmd/ai_spec_harness/telemetry.go:57.4,58.18 2 0
github.com/JailtonJunior94/ai-spec-harness/cmd/ai_spec_harness/telemetry.go:58.18,60.5 1 0
github.com/JailtonJunior94/ai-spec-harness/cmd/ai_spec_harness/telemetry.go:61.4,62.14 2 0
github.com/JailtonJunior94/ai-spec-harness/cmd/ai_spec_harness/telemetry.go:66.2,67.12 2 1
github.com/JailtonJunior94/ai-spec-harness/cmd/ai_spec_harness/telemetry.go:70.45,80.55 6 1
github.com/JailtonJunior94/ai-spec-harness/cmd/ai_spec_harness/telemetry.go:80.55,82.25 2 0
github.com/JailtonJunior94/ai-spec-harness/cmd/ai_spec_harness/telemetry.go:82.25,84.19 2 0
github.com/JailtonJunior94/ai-spec-harness/cmd/ai_spec_harness/telemetry.go:84.19,86.6 1 0
github.com/JailtonJunior94/ai-spec-harness/cmd/ai_spec_harness/telemetry.go:87.5,87.14 1 0
github.com/JailtonJunior94/ai-spec-harness/cmd/ai_spec_harness/telemetry.go:91.4,91.19 1 0
github.com/JailtonJunior94/ai-spec-harness/cmd/ai_spec_harness/telemetry.go:91.19,93.19 2 0
github.com/JailtonJunior94/ai-spec-harness/cmd/ai_spec_harness/telemetry.go:93.19,95.6 1 0
github.com/JailtonJunior94/ai-spec-harness/cmd/ai_spec_harness/telemetry.go:96.5,96.31 1 0
github.com/JailtonJunior94/ai-spec-harness/cmd/ai_spec_harness/telemetry.go:96.31,98.20 2 0
github.com/JailtonJunior94/ai-spec-harness/cmd/ai_spec_harness/telemetry.go:98.20,100.7 1 0
github.com/JailtonJunior94/ai-spec-harness/cmd/ai_spec_harness/telemetry.go:101.6,102.16 2 0
github.com/JailtonJunior94/ai-spec-harness/cmd/ai_spec_harness/telemetry.go:104.5,105.15 2 0
github.com/JailtonJunior94/ai-spec-harness/cmd/ai_spec_harness/telemetry.go:109.4,109.20 1 0
github.com/JailtonJunior94/ai-spec-harness/cmd/ai_spec_harness/telemetry.go:109.20,111.19 2 0
github.com/JailtonJunior94/ai-spec-harness/cmd/ai_spec_harness/telemetry.go:111.19,113.6 1 0
github.com/JailtonJunior94/ai-spec-harness/cmd/ai_spec_harness/telemetry.go:114.5,114.31 1 0
github.com/JailtonJunior94/ai-spec-harness/cmd/ai_spec_harness/telemetry.go:114.31,116.20 2 0
github.com/JailtonJunior94/ai-spec-harness/cmd/ai_spec_harness/telemetry.go:116.20,118.7 1 0
github.com/JailtonJunior94/ai-spec-harness/cmd/ai_spec_harness/telemetry.go:119.6,120.16 2 0
github.com/JailtonJunior94/ai-spec-harness/cmd/ai_spec_harness/telemetry.go:122.5,123.15 2 0
github.com/JailtonJunior94/ai-spec-harness/cmd/ai_spec_harness/telemetry.go:126.4,127.18 2 0
github.com/JailtonJunior94/ai-spec-harness/cmd/ai_spec_harness/telemetry.go:127.18,129.5 1 0
github.com/JailtonJunior94/ai-spec-harness/cmd/ai_spec_harness/telemetry.go:132.4,132.23 1 0
github.com/JailtonJunior94/ai-spec-harness/cmd/ai_spec_harness/telemetry.go:132.23,133.31 1 0
github.com/JailtonJunior94/ai-spec-harness/cmd/ai_spec_harness/telemetry.go:133.31,135.20 2 0
github.com/JailtonJunior94/ai-spec-harness/cmd/ai_spec_harness/telemetry.go:135.20,137.7 1 0
github.com/JailtonJunior94/ai-spec-harness/cmd/ai_spec_harness/telemetry.go:138.6,139.16 2 0
github.com/JailtonJunior94/ai-spec-harness/cmd/ai_spec_harness/telemetry.go:141.5,142.15 2 0
github.com/JailtonJunior94/ai-spec-harness/cmd/ai_spec_harness/telemetry.go:145.4,145.24 1 0
github.com/JailtonJunior94/ai-spec-harness/cmd/ai_spec_harness/telemetry.go:146.16,148.19 2 0
github.com/JailtonJunior94/ai-spec-harness/cmd/ai_spec_harness/telemetry.go:148.19,150.6 1 0
github.com/JailtonJunior94/ai-spec-harness/cmd/ai_spec_harness/telemetry.go:151.5,152.15 2 0
github.com/JailtonJunior94/ai-spec-harness/cmd/ai_spec_harness/telemetry.go:153.12,155.15 2 0
github.com/JailtonJunior94/ai-spec-harness/cmd/ai_spec_harness/telemetry.go:160.2,165.12 6 1
github.com/JailtonJunior94/ai-spec-harness/cmd/ai_spec_harness/uninstall.go:10.39,22.55 2 1
github.com/JailtonJunior94/ai-spec-harness/cmd/ai_spec_harness/uninstall.go:22.55,27.4 4 0
github.com/JailtonJunior94/ai-spec-harness/cmd/ai_spec_harness/uninstall.go:30.2,31.12 2 1
github.com/JailtonJunior94/ai-spec-harness/cmd/ai_spec_harness/update_version.go:14.43,26.55 3 1
github.com/JailtonJunior94/ai-spec-harness/cmd/ai_spec_harness/update_version.go:26.55,27.112 1 1
github.com/JailtonJunior94/ai-spec-harness/cmd/ai_spec_harness/update_version.go:27.112,29.5 1 1
github.com/JailtonJunior94/ai-spec-harness/cmd/ai_spec_harness/update_version.go:31.4,32.38 2 1
github.com/JailtonJunior94/ai-spec-harness/cmd/ai_spec_harness/update_version.go:32.38,34.5 1 1
github.com/JailtonJunior94/ai-spec-harness/cmd/ai_spec_harness/update_version.go:36.4,36.87 1 1
github.com/JailtonJunior94/ai-spec-harness/cmd/ai_spec_harness/update_version.go:36.87,38.5 1 0
github.com/JailtonJunior94/ai-spec-harness/cmd/ai_spec_harness/update_version.go:40.4,41.14 2 1
github.com/JailtonJunior94/ai-spec-harness/cmd/ai_spec_harness/update_version.go:45.2,47.12 3 1
github.com/JailtonJunior94/ai-spec-harness/cmd/ai_spec_harness/upgrade.go:20.37,46.2 8 1
github.com/JailtonJunior94/ai-spec-harness/cmd/ai_spec_harness/upgrade.go:48.71,55.45 6 1
github.com/JailtonJunior94/ai-spec-harness/cmd/ai_spec_harness/upgrade.go:55.45,57.3 1 1
github.com/JailtonJunior94/ai-spec-harness/cmd/ai_spec_harness/upgrade.go:59.2,60.16 2 0
github.com/JailtonJunior94/ai-spec-harness/cmd/ai_spec_harness/upgrade.go:60.16,62.3 1 0
github.com/JailtonJunior94/ai-spec-harness/cmd/ai_spec_harness/upgrade.go:64.2,67.22 3 0
github.com/JailtonJunior94/ai-spec-harness/cmd/ai_spec_harness/upgrade.go:67.22,69.17 2 0
github.com/JailtonJunior94/ai-spec-harness/cmd/ai_spec_harness/upgrade.go:69.17,71.4 1 0
github.com/JailtonJunior94/ai-spec-harness/cmd/ai_spec_harness/upgrade.go:72.3,73.17 2 0
github.com/JailtonJunior94/ai-spec-harness/cmd/ai_spec_harness/upgrade.go:73.17,75.4 1 0
github.com/JailtonJunior94/ai-spec-harness/cmd/ai_spec_harness/upgrade.go:76.3,77.27 2 0
github.com/JailtonJunior94/ai-spec-harness/cmd/ai_spec_harness/upgrade.go:80.2,93.4 6 0
github.com/JailtonJunior94/ai-spec-harness/cmd/ai_spec_harness/validate.go:15.38,27.55 2 1
github.com/JailtonJunior94/ai-spec-harness/cmd/ai_spec_harness/validate.go:27.55,29.21 2 0
github.com/JailtonJunior94/ai-spec-harness/cmd/ai_spec_harness/validate.go:29.21,31.5 1 0
github.com/JailtonJunior94/ai-spec-harness/cmd/ai_spec_harness/validate.go:33.4,36.30 3 0
github.com/JailtonJunior94/ai-spec-harness/cmd/ai_spec_harness/validate.go:36.30,38.5 1 0
github.com/JailtonJunior94/ai-spec-harness/cmd/ai_spec_harness/validate.go:40.4,41.18 2 0
github.com/JailtonJunior94/ai-spec-harness/cmd/ai_spec_harness/validate.go:41.18,43.5 1 0
github.com/JailtonJunior94/ai-spec-harness/cmd/ai_spec_harness/validate.go:45.4,48.30 3 0
github.com/JailtonJunior94/ai-spec-harness/cmd/ai_spec_harness/validate.go:48.30,49.19 1 0
github.com/JailtonJunior94/ai-spec-harness/cmd/ai_spec_harness/validate.go:49.19,50.14 1 0
github.com/JailtonJunior94/ai-spec-harness/cmd/ai_spec_harness/validate.go:52.5,56.19 4 0
github.com/JailtonJunior94/ai-spec-harness/cmd/ai_spec_harness/validate.go:56.19,57.14 1 0
github.com/JailtonJunior94/ai-spec-harness/cmd/ai_spec_harness/validate.go:60.5,63.25 3 0
github.com/JailtonJunior94/ai-spec-harness/cmd/ai_spec_harness/validate.go:63.25,66.6 2 0
github.com/JailtonJunior94/ai-spec-harness/cmd/ai_spec_harness/validate.go:66.11,66.50 1 0
github.com/JailtonJunior94/ai-spec-harness/cmd/ai_spec_harness/validate.go:66.50,69.6 2 0
github.com/JailtonJunior94/ai-spec-harness/cmd/ai_spec_harness/validate.go:71.5,71.29 1 0
github.com/JailtonJunior94/ai-spec-harness/cmd/ai_spec_harness/validate.go:71.29,74.6 2 0
github.com/JailtonJunior94/ai-spec-harness/cmd/ai_spec_harness/validate.go:77.5,78.19 2 0
github.com/JailtonJunior94/ai-spec-harness/cmd/ai_spec_harness/validate.go:78.19,81.6 2 0
github.com/JailtonJunior94/ai-spec-harness/cmd/ai_spec_harness/validate.go:81.11,81.33 1 0
github.com/JailtonJunior94/ai-spec-harness/cmd/ai_spec_harness/validate.go:81.33,84.6 2 0
github.com/JailtonJunior94/ai-spec-harness/cmd/ai_spec_harness/validate.go:86.5,86.38 1 0
github.com/JailtonJunior94/ai-spec-harness/cmd/ai_spec_harness/validate.go:86.38,87.52 1 0
github.com/JailtonJunior94/ai-spec-harness/cmd/ai_spec_harness/validate.go:87.52,90.7 2 0
github.com/JailtonJunior94/ai-spec-harness/cmd/ai_spec_harness/validate.go:94.4,94.20 1 0
github.com/JailtonJunior94/ai-spec-harness/cmd/ai_spec_harness/validate.go:94.20,96.5 1 0
github.com/JailtonJunior94/ai-spec-harness/cmd/ai_spec_harness/validate.go:98.4,98.18 1 0
github.com/JailtonJunior94/ai-spec-harness/cmd/ai_spec_harness/validate.go:98.18,102.5 3 0
github.com/JailtonJunior94/ai-spec-harness/cmd/ai_spec_harness/validate.go:104.4,105.14 2 0
github.com/JailtonJunior94/ai-spec-harness/cmd/ai_spec_harness/validate.go:108.2,108.12 1 1
github.com/JailtonJunior94/ai-spec-harness/cmd/ai_spec_harness/validate.go:111.56,113.22 2 0
github.com/JailtonJunior94/ai-spec-harness/cmd/ai_spec_harness/validate.go:113.22,114.15 1 0
github.com/JailtonJunior94/ai-spec-harness/cmd/ai_spec_harness/validate.go:114.15,116.4 1 0
github.com/JailtonJunior94/ai-spec-harness/cmd/ai_spec_harness/validate.go:116.9,116.32 1 0
github.com/JailtonJunior94/ai-spec-harness/cmd/ai_spec_harness/validate.go:116.32,117.16 1 0
github.com/JailtonJunior94/ai-spec-harness/cmd/ai_spec_harness/validate.go:117.16,118.10 1 0
github.com/JailtonJunior94/ai-spec-harness/cmd/ai_spec_harness/validate.go:120.4,120.16 1 0
github.com/JailtonJunior94/ai-spec-harness/cmd/ai_spec_harness/validate.go:123.2,123.19 1 0
github.com/JailtonJunior94/ai-spec-harness/cmd/ai_spec_harness/validate_bugs.go:8.42,20.55 2 1
github.com/JailtonJunior94/ai-spec-harness/cmd/ai_spec_harness/validate_bugs.go:20.55,22.24 2 0
github.com/JailtonJunior94/ai-spec-harness/cmd/ai_spec_harness/validate_bugs.go:22.24,24.5 1 0
github.com/JailtonJunior94/ai-spec-harness/cmd/ai_spec_harness/validate_bugs.go:25.4,25.65 1 0
github.com/JailtonJunior94/ai-spec-harness/cmd/ai_spec_harness/validate_bugs.go:29.2,30.12 2 1
github.com/JailtonJunior94/ai-spec-harness/cmd/ai_spec_harness/validate_evidence.go:11.46,26.55 2 1
github.com/JailtonJunior94/ai-spec-harness/cmd/ai_spec_harness/validate_evidence.go:26.55,31.19 4 0
github.com/JailtonJunior94/ai-spec-harness/cmd/ai_spec_harness/validate_evidence.go:32.16,33.29 1 0
github.com/JailtonJunior94/ai-spec-harness/cmd/ai_spec_harness/validate_evidence.go:34.18,35.31 1 0
github.com/JailtonJunior94/ai-spec-harness/cmd/ai_spec_harness/validate_evidence.go:36.20,37.33 1 0
github.com/JailtonJunior94/ai-spec-harness/cmd/ai_spec_harness/validate_evidence.go:38.12,41.27 3 0
github.com/JailtonJunior94/ai-spec-harness/cmd/ai_spec_harness/validate_evidence.go:44.4,45.18 2 0
github.com/JailtonJunior94/ai-spec-harness/cmd/ai_spec_harness/validate_evidence.go:45.18,48.5 2 0
github.com/JailtonJunior94/ai-spec-harness/cmd/ai_spec_harness/validate_evidence.go:50.4,52.38 2 0
github.com/JailtonJunior94/ai-spec-harness/cmd/ai_spec_harness/validate_evidence.go:52.38,54.5 1 0
github.com/JailtonJunior94/ai-spec-harness/cmd/ai_spec_harness/validate_evidence.go:56.4,56.19 1 0
github.com/JailtonJunior94/ai-spec-harness/cmd/ai_spec_harness/validate_evidence.go:56.19,59.5 2 0
github.com/JailtonJunior94/ai-spec-harness/cmd/ai_spec_harness/validate_evidence.go:61.4,62.26 2 0
github.com/JailtonJunior94/ai-spec-harness/cmd/ai_spec_harness/validate_evidence.go:66.2,67.12 2 1
github.com/JailtonJunior94/ai-spec-harness/cmd/ai_spec_harness/verify.go:19.36,49.2 8 1
github.com/JailtonJunior94/ai-spec-harness/cmd/ai_spec_harness/verify.go:51.70,59.19 7 0
github.com/JailtonJunior94/ai-spec-harness/cmd/ai_spec_harness/verify.go:59.19,61.3 1 0
github.com/JailtonJunior94/ai-spec-harness/cmd/ai_spec_harness/verify.go:63.2,64.16 2 0
github.com/JailtonJunior94/ai-spec-harness/cmd/ai_spec_harness/verify.go:64.16,66.3 1 0
github.com/JailtonJunior94/ai-spec-harness/cmd/ai_spec_harness/verify.go:68.2,69.16 2 0
github.com/JailtonJunior94/ai-spec-harness/cmd/ai_spec_harness/verify.go:69.16,71.3 1 0
github.com/JailtonJunior94/ai-spec-harness/cmd/ai_spec_harness/verify.go:73.2,74.18 2 0
github.com/JailtonJunior94/ai-spec-harness/cmd/ai_spec_harness/verify.go:74.18,76.3 1 0
github.com/JailtonJunior94/ai-spec-harness/cmd/ai_spec_harness/verify.go:78.2,93.16 8 0
github.com/JailtonJunior94/ai-spec-harness/cmd/ai_spec_harness/verify.go:93.16,95.3 1 0
github.com/JailtonJunior94/ai-spec-harness/cmd/ai_spec_harness/verify.go:97.2,97.21 1 0
github.com/JailtonJunior94/ai-spec-harness/cmd/ai_spec_harness/verify.go:97.21,101.3 3 0
github.com/JailtonJunior94/ai-spec-harness/cmd/ai_spec_harness/verify.go:104.2,105.29 2 0
github.com/JailtonJunior94/ai-spec-harness/cmd/ai_spec_harness/verify.go:105.29,106.21 1 0
github.com/JailtonJunior94/ai-spec-harness/cmd/ai_spec_harness/verify.go:107.35,108.14 1 0
github.com/JailtonJunior94/ai-spec-harness/cmd/ai_spec_harness/verify.go:109.35,110.14 1 0
github.com/JailtonJunior94/ai-spec-harness/cmd/ai_spec_harness/verify.go:111.35,112.14 1 0
github.com/JailtonJunior94/ai-spec-harness/cmd/ai_spec_harness/verify.go:117.2,122.29 4 0
github.com/JailtonJunior94/ai-spec-harness/cmd/ai_spec_harness/verify.go:122.29,123.23 1 0
github.com/JailtonJunior94/ai-spec-harness/cmd/ai_spec_harness/verify.go:123.23,125.23 2 0
github.com/JailtonJunior94/ai-spec-harness/cmd/ai_spec_harness/verify.go:125.23,127.5 1 0
github.com/JailtonJunior94/ai-spec-harness/cmd/ai_spec_harness/verify.go:129.3,130.55 2 0
github.com/JailtonJunior94/ai-spec-harness/cmd/ai_spec_harness/verify.go:133.2,136.17 3 0
github.com/JailtonJunior94/ai-spec-harness/cmd/ai_spec_harness/verify.go:136.17,142.30 4 0
github.com/JailtonJunior94/ai-spec-harness/cmd/ai_spec_harness/verify.go:142.30,144.22 2 0
github.com/JailtonJunior94/ai-spec-harness/cmd/ai_spec_harness/verify.go:145.36,146.16 1 0
github.com/JailtonJunior94/ai-spec-harness/cmd/ai_spec_harness/verify.go:147.36,148.16 1 0
github.com/JailtonJunior94/ai-spec-harness/cmd/ai_spec_harness/verify.go:149.36,150.16 1 0
github.com/JailtonJunior94/ai-spec-harness/cmd/ai_spec_harness/verify.go:152.4,152.25 1 0
github.com/JailtonJunior94/ai-spec-harness/cmd/ai_spec_harness/verify.go:155.3,157.34 3 0
github.com/JailtonJunior94/ai-spec-harness/cmd/ai_spec_harness/verify.go:157.34,158.34 1 0
github.com/JailtonJunior94/ai-spec-harness/cmd/ai_spec_harness/verify.go:158.34,160.5 1 0
github.com/JailtonJunior94/ai-spec-harness/cmd/ai_spec_harness/verify.go:161.4,163.107 3 0
github.com/JailtonJunior94/ai-spec-harness/cmd/ai_spec_harness/verify.go:165.3,165.29 1 0
github.com/JailtonJunior94/ai-spec-harness/cmd/ai_spec_harness/verify.go:165.29,167.4 1 0
github.com/JailtonJunior94/ai-spec-harness/cmd/ai_spec_harness/verify.go:168.3,168.28 1 0
github.com/JailtonJunior94/ai-spec-harness/cmd/ai_spec_harness/verify.go:168.28,169.19 1 0
github.com/JailtonJunior94/ai-spec-harness/cmd/ai_spec_harness/verify.go:169.19,171.5 1 0
github.com/JailtonJunior94/ai-spec-harness/cmd/ai_spec_harness/verify.go:175.2,175.34 1 0
github.com/JailtonJunior94/ai-spec-harness/cmd/ai_spec_harness/verify.go:175.34,179.3 3 0
github.com/JailtonJunior94/ai-spec-harness/cmd/ai_spec_harness/verify.go:181.2,181.12 1 0
github.com/JailtonJunior94/ai-spec-harness/cmd/ai_spec_harness/verify.go:184.70,185.15 1 0
github.com/JailtonJunior94/ai-spec-harness/cmd/ai_spec_harness/verify.go:186.34,187.19 1 0
github.com/JailtonJunior94/ai-spec-harness/cmd/ai_spec_harness/verify.go:188.34,189.19 1 0
github.com/JailtonJunior94/ai-spec-harness/cmd/ai_spec_harness/verify.go:190.34,191.19 1 0
github.com/JailtonJunior94/ai-spec-harness/cmd/ai_spec_harness/verify.go:192.10,193.23 1 0
github.com/JailtonJunior94/ai-spec-harness/cmd/ai_spec_harness/version.go:18.37,25.55 3 1
github.com/JailtonJunior94/ai-spec-harness/cmd/ai_spec_harness/version.go:25.55,27.4 1 0
github.com/JailtonJunior94/ai-spec-harness/cmd/ai_spec_harness/version.go:30.2,32.12 3 1
github.com/JailtonJunior94/ai-spec-harness/cmd/ai_spec_harness/version.go:38.83,41.16 2 1
github.com/JailtonJunior94/ai-spec-harness/cmd/ai_spec_harness/version.go:41.16,43.3 1 1
github.com/JailtonJunior94/ai-spec-harness/cmd/ai_spec_harness/version.go:45.2,45.14 1 1
github.com/JailtonJunior94/ai-spec-harness/cmd/ai_spec_harness/version.go:46.18,48.17 2 1
github.com/JailtonJunior94/ai-spec-harness/cmd/ai_spec_harness/version.go:48.17,50.4 1 0
github.com/JailtonJunior94/ai-spec-harness/cmd/ai_spec_harness/version.go:51.3,53.28 3 1
github.com/JailtonJunior94/ai-spec-harness/cmd/ai_spec_harness/version.go:55.19,57.17 2 1
github.com/JailtonJunior94/ai-spec-harness/cmd/ai_spec_harness/version.go:57.17,59.4 1 0
github.com/JailtonJunior94/ai-spec-harness/cmd/ai_spec_harness/version.go:60.3,61.17 2 1
github.com/JailtonJunior94/ai-spec-harness/cmd/ai_spec_harness/version.go:61.17,63.4 1 0
github.com/JailtonJunior94/ai-spec-harness/cmd/ai_spec_harness/version.go:64.3,66.28 3 1
github.com/JailtonJunior94/ai-spec-harness/cmd/ai_spec_harness/version.go:68.10,70.17 2 1
github.com/JailtonJunior94/ai-spec-harness/cmd/ai_spec_harness/version.go:70.17,72.4 1 0
github.com/JailtonJunior94/ai-spec-harness/cmd/ai_spec_harness/version.go:73.3,74.17 2 1
github.com/JailtonJunior94/ai-spec-harness/cmd/ai_spec_harness/version.go:74.17,76.4 1 0
github.com/JailtonJunior94/ai-spec-harness/cmd/ai_spec_harness/version.go:77.3,78.17 2 1
github.com/JailtonJunior94/ai-spec-harness/cmd/ai_spec_harness/version.go:78.17,80.4 1 0
github.com/JailtonJunior94/ai-spec-harness/cmd/ai_spec_harness/version.go:81.3,86.32 6 1
github.com/JailtonJunior94/ai-spec-harness/cmd/ai_spec_harness/version.go:89.2,89.12 1 1
github.com/JailtonJunior94/ai-spec-harness/cmd/ai_spec_harness/version.go:92.79,93.20 1 1
github.com/JailtonJunior94/ai-spec-harness/cmd/ai_spec_harness/version.go:93.20,95.3 1 1
github.com/JailtonJunior94/ai-spec-harness/cmd/ai_spec_harness/version.go:96.2,97.16 2 0
github.com/JailtonJunior94/ai-spec-harness/cmd/ai_spec_harness/version.go:97.16,99.3 1 0
github.com/JailtonJunior94/ai-spec-harness/cmd/ai_spec_harness/version.go:100.2,100.17 1 0
github.com/JailtonJunior94/ai-spec-harness/cmd/ai_spec_harness/version.go:108.69,112.16 3 1
github.com/JailtonJunior94/ai-spec-harness/cmd/ai_spec_harness/version.go:112.16,114.3 1 0
github.com/JailtonJunior94/ai-spec-harness/cmd/ai_spec_harness/version.go:116.2,117.28 2 1
github.com/JailtonJunior94/ai-spec-harness/cmd/ai_spec_harness/version.go:117.28,118.17 1 1
github.com/JailtonJunior94/ai-spec-harness/cmd/ai_spec_harness/version.go:118.17,119.12 1 0
github.com/JailtonJunior94/ai-spec-harness/cmd/ai_spec_harness/version.go:121.3,124.17 4 1
github.com/JailtonJunior94/ai-spec-harness/cmd/ai_spec_harness/version.go:124.17,126.12 2 0
github.com/JailtonJunior94/ai-spec-harness/cmd/ai_spec_harness/version.go:128.3,130.17 3 1
github.com/JailtonJunior94/ai-spec-harness/cmd/ai_spec_harness/version.go:130.17,132.4 1 0
github.com/JailtonJunior94/ai-spec-harness/cmd/ai_spec_harness/version.go:133.3,133.71 1 1
github.com/JailtonJunior94/ai-spec-harness/cmd/ai_spec_harness/version.go:136.2,136.41 1 1
github.com/JailtonJunior94/ai-spec-harness/cmd/ai_spec_harness/version.go:136.41,138.3 1 1
github.com/JailtonJunior94/ai-spec-harness/cmd/ai_spec_harness/version.go:139.2,139.20 1 1
github.com/JailtonJunior94/ai-spec-harness/cmd/ai_spec_harness/version.go:142.88,144.54 2 1
github.com/JailtonJunior94/ai-spec-harness/cmd/ai_spec_harness/version.go:144.54,146.3 1 1
github.com/JailtonJunior94/ai-spec-harness/cmd/ai_spec_harness/version.go:148.2,149.16 2 1
github.com/JailtonJunior94/ai-spec-harness/cmd/ai_spec_harness/version.go:149.16,151.3 1 0
github.com/JailtonJunior94/ai-spec-harness/cmd/ai_spec_harness/version.go:153.2,154.28 2 1
github.com/JailtonJunior94/ai-spec-harness/cmd/ai_spec_harness/version.go:154.28,155.17 1 1
github.com/JailtonJunior94/ai-spec-harness/cmd/ai_spec_harness/version.go:155.17,156.12 1 0
github.com/JailtonJunior94/ai-spec-harness/cmd/ai_spec_harness/version.go:158.3,161.17 4 1
github.com/JailtonJunior94/ai-spec-harness/cmd/ai_spec_harness/version.go:161.17,163.12 2 0
github.com/JailtonJunior94/ai-spec-harness/cmd/ai_spec_harness/version.go:165.3,167.17 3 1
github.com/JailtonJunior94/ai-spec-harness/cmd/ai_spec_harness/version.go:167.17,169.4 1 0
github.com/JailtonJunior94/ai-spec-harness/cmd/ai_spec_harness/version.go:170.3,170.71 1 1
github.com/JailtonJunior94/ai-spec-harness/cmd/ai_spec_harness/version.go:173.2,173.41 1 1
github.com/JailtonJunior94/ai-spec-harness/cmd/ai_spec_harness/version.go:173.41,175.3 1 0
github.com/JailtonJunior94/ai-spec-harness/cmd/ai_spec_harness/version.go:176.2,176.20 1 1
github.com/JailtonJunior94/ai-spec-harness/cmd/ai_spec_harness/version.go:179.73,180.22 1 1
github.com/JailtonJunior94/ai-spec-harness/cmd/ai_spec_harness/version.go:180.22,183.3 2 1
github.com/JailtonJunior94/ai-spec-harness/cmd/ai_spec_harness/version.go:184.2,184.27 1 1
github.com/JailtonJunior94/ai-spec-harness/cmd/ai_spec_harness/version.go:184.27,186.16 2 1
github.com/JailtonJunior94/ai-spec-harness/cmd/ai_spec_harness/version.go:186.16,188.4 1 1
github.com/JailtonJunior94/ai-spec-harness/cmd/ai_spec_harness/version.go:189.3,189.46 1 1
github.com/JailtonJunior94/ai-spec-harness/cmd/ai_spec_harness/wrapper.go:12.37,37.55 1 1
github.com/JailtonJunior94/ai-spec-harness/cmd/ai_spec_harness/wrapper.go:37.55,42.33 3 0
github.com/JailtonJunior94/ai-spec-harness/cmd/ai_spec_harness/wrapper.go:42.33,45.5 2 0
github.com/JailtonJunior94/ai-spec-harness/cmd/ai_spec_harness/wrapper.go:47.4,49.22 3 0
github.com/JailtonJunior94/ai-spec-harness/cmd/ai_spec_harness/wrapper.go:49.22,52.5 2 0
github.com/JailtonJunior94/ai-spec-harness/cmd/ai_spec_harness/wrapper.go:54.4,56.18 3 0
github.com/JailtonJunior94/ai-spec-harness/cmd/ai_spec_harness/wrapper.go:56.18,59.5 2 0
github.com/JailtonJunior94/ai-spec-harness/cmd/ai_spec_harness/wrapper.go:61.4,62.14 2 0
github.com/JailtonJunior94/ai-spec-harness/cmd/ai_spec_harness/wrapper.go:65.2,65.12 1 1
github.com/JailtonJunior94/ai-spec-harness/internal/contextgen/contextgen.go:23.75,25.2 1 1
github.com/JailtonJunior94/ai-spec-harness/internal/contextgen/contextgen.go:30.164,32.26 2 1
github.com/JailtonJunior94/ai-spec-harness/internal/contextgen/contextgen.go:32.26,34.3 1 1
github.com/JailtonJunior94/ai-spec-harness/internal/contextgen/contextgen.go:37.2,38.50 2 1
github.com/JailtonJunior94/ai-spec-harness/internal/contextgen/contextgen.go:38.50,40.3 1 1
github.com/JailtonJunior94/ai-spec-harness/internal/contextgen/contextgen.go:42.2,42.12 1 1
github.com/JailtonJunior94/ai-spec-harness/internal/contextgen/contextgen.go:42.12,44.33 2 1
github.com/JailtonJunior94/ai-spec-harness/internal/contextgen/contextgen.go:44.33,46.4 1 1
github.com/JailtonJunior94/ai-spec-harness/internal/contextgen/contextgen.go:47.3,47.33 1 1
github.com/JailtonJunior94/ai-spec-harness/internal/contextgen/contextgen.go:47.33,49.4 1 1
github.com/JailtonJunior94/ai-spec-harness/internal/contextgen/contextgen.go:50.3,50.34 1 1
github.com/JailtonJunior94/ai-spec-harness/internal/contextgen/contextgen.go:50.34,52.4 1 1
github.com/JailtonJunior94/ai-spec-harness/internal/contextgen/contextgen.go:53.3,53.32 1 1
github.com/JailtonJunior94/ai-spec-harness/internal/contextgen/contextgen.go:53.32,55.4 1 1
github.com/JailtonJunior94/ai-spec-harness/internal/contextgen/contextgen.go:56.3,56.13 1 1
github.com/JailtonJunior94/ai-spec-harness/internal/contextgen/contextgen.go:59.2,70.25 9 1
github.com/JailtonJunior94/ai-spec-harness/internal/contextgen/contextgen.go:70.25,72.3 1 0
github.com/JailtonJunior94/ai-spec-harness/internal/contextgen/contextgen.go:73.2,90.36 10 1
github.com/JailtonJunior94/ai-spec-harness/internal/contextgen/contextgen.go:90.36,92.3 1 1
github.com/JailtonJunior94/ai-spec-harness/internal/contextgen/contextgen.go:94.2,94.102 1 1
github.com/JailtonJunior94/ai-spec-harness/internal/contextgen/contextgen.go:94.102,96.3 1 0
github.com/JailtonJunior94/ai-spec-harness/internal/contextgen/contextgen.go:99.2,100.28 2 1
github.com/JailtonJunior94/ai-spec-harness/internal/contextgen/contextgen.go:100.28,102.17 2 0
github.com/JailtonJunior94/ai-spec-harness/internal/contextgen/contextgen.go:102.17,106.4 3 0
github.com/JailtonJunior94/ai-spec-harness/internal/contextgen/contextgen.go:110.2,113.32 2 1
github.com/JailtonJunior94/ai-spec-harness/internal/contextgen/contextgen.go:113.32,121.97 2 1
github.com/JailtonJunior94/ai-spec-harness/internal/contextgen/contextgen.go:121.97,123.4 1 0
github.com/JailtonJunior94/ai-spec-harness/internal/contextgen/contextgen.go:127.2,127.32 1 1
github.com/JailtonJunior94/ai-spec-harness/internal/contextgen/contextgen.go:127.32,136.97 3 1
github.com/JailtonJunior94/ai-spec-harness/internal/contextgen/contextgen.go:136.97,138.4 1 0
github.com/JailtonJunior94/ai-spec-harness/internal/contextgen/contextgen.go:142.2,142.33 1 1
github.com/JailtonJunior94/ai-spec-harness/internal/contextgen/contextgen.go:142.33,153.70 5 1
github.com/JailtonJunior94/ai-spec-harness/internal/contextgen/contextgen.go:153.70,155.4 1 0
github.com/JailtonJunior94/ai-spec-harness/internal/contextgen/contextgen.go:159.2,159.31 1 1
github.com/JailtonJunior94/ai-spec-harness/internal/contextgen/contextgen.go:159.31,163.97 4 1
github.com/JailtonJunior94/ai-spec-harness/internal/contextgen/contextgen.go:163.97,165.4 1 0
github.com/JailtonJunior94/ai-spec-harness/internal/contextgen/contextgen.go:168.2,173.12 5 1
github.com/JailtonJunior94/ai-spec-harness/internal/contextgen/contextgen.go:176.66,190.2 6 1
github.com/JailtonJunior94/ai-spec-harness/internal/contextgen/contextgen.go:192.123,193.29 1 1
github.com/JailtonJunior94/ai-spec-harness/internal/contextgen/contextgen.go:193.29,195.3 1 0
github.com/JailtonJunior94/ai-spec-harness/internal/contextgen/contextgen.go:197.2,198.16 2 1
github.com/JailtonJunior94/ai-spec-harness/internal/contextgen/contextgen.go:198.16,200.3 1 0
github.com/JailtonJunior94/ai-spec-harness/internal/contextgen/contextgen.go:202.2,202.28 1 1
github.com/JailtonJunior94/ai-spec-harness/internal/contextgen/contextgen.go:202.28,203.30 1 1
github.com/JailtonJunior94/ai-spec-harness/internal/contextgen/contextgen.go:203.30,205.4 1 0
github.com/JailtonJunior94/ai-spec-harness/internal/contextgen/contextgen.go:207.3,208.36 2 1
github.com/JailtonJunior94/ai-spec-harness/internal/contextgen/contextgen.go:208.36,209.12 1 1
github.com/JailtonJunior94/ai-spec-harness/internal/contextgen/contextgen.go:211.3,211.38 1 1
github.com/JailtonJunior94/ai-spec-harness/internal/contextgen/contextgen.go:211.38,212.12 1 1
github.com/JailtonJunior94/ai-spec-harness/internal/contextgen/contextgen.go:215.3,218.16 3 1
github.com/JailtonJunior94/ai-spec-harness/internal/contextgen/contextgen.go:218.16,220.4 1 1
github.com/JailtonJunior94/ai-spec-harness/internal/contextgen/contextgen.go:224.67,230.11 5 1
github.com/JailtonJunior94/ai-spec-harness/internal/contextgen/contextgen.go:230.11,232.3 1 1
github.com/JailtonJunior94/ai-spec-harness/internal/contextgen/contextgen.go:233.2,233.13 1 1
github.com/JailtonJunior94/ai-spec-harness/internal/contextgen/contextgen.go:233.13,235.3 1 1
github.com/JailtonJunior94/ai-spec-harness/internal/contextgen/contextgen.go:236.2,236.15 1 1
github.com/JailtonJunior94/ai-spec-harness/internal/contextgen/contextgen.go:236.15,238.3 1 1
github.com/JailtonJunior94/ai-spec-harness/internal/contextgen/contextgen.go:240.2,240.21 1 1
github.com/JailtonJunior94/ai-spec-harness/internal/contextgen/contextgen.go:240.21,244.3 1 1
github.com/JailtonJunior94/ai-spec-harness/internal/contextgen/contextgen.go:246.2,246.11 1 1
github.com/JailtonJunior94/ai-spec-harness/internal/contextgen/contextgen.go:246.11,250.3 1 1
github.com/JailtonJunior94/ai-spec-harness/internal/contextgen/contextgen.go:252.2,252.13 1 1
github.com/JailtonJunior94/ai-spec-harness/internal/contextgen/contextgen.go:252.13,256.3 1 1
github.com/JailtonJunior94/ai-spec-harness/internal/contextgen/contextgen.go:258.2,258.15 1 1
github.com/JailtonJunior94/ai-spec-harness/internal/contextgen/contextgen.go:258.15,262.3 1 1
github.com/JailtonJunior94/ai-spec-harness/internal/contextgen/contextgen.go:264.2,265.86 1 1
github.com/JailtonJunior94/ai-spec-harness/internal/contextgen/contextgen.go:268.66,274.11 5 1
github.com/JailtonJunior94/ai-spec-harness/internal/contextgen/contextgen.go:274.11,282.3 1 1
github.com/JailtonJunior94/ai-spec-harness/internal/contextgen/contextgen.go:284.2,284.13 1 1
github.com/JailtonJunior94/ai-spec-harness/internal/contextgen/contextgen.go:284.13,288.3 1 1
github.com/JailtonJunior94/ai-spec-harness/internal/contextgen/contextgen.go:290.2,290.15 1 1
github.com/JailtonJunior94/ai-spec-harness/internal/contextgen/contextgen.go:290.15,294.3 1 1
github.com/JailtonJunior94/ai-spec-harness/internal/contextgen/contextgen.go:296.2,296.29 1 1
github.com/JailtonJunior94/ai-spec-harness/internal/contextgen/contextgen.go:296.29,300.3 1 0
github.com/JailtonJunior94/ai-spec-harness/internal/contextgen/contextgen.go:302.2,302.36 1 1
github.com/JailtonJunior94/ai-spec-harness/internal/contextgen/contextgen.go:306.55,308.26 2 1
github.com/JailtonJunior94/ai-spec-harness/internal/contextgen/contextgen.go:308.26,309.48 1 1
github.com/JailtonJunior94/ai-spec-harness/internal/contextgen/contextgen.go:309.48,311.4 1 0
github.com/JailtonJunior94/ai-spec-harness/internal/contextgen/contextgen.go:314.2,315.16 2 1
github.com/JailtonJunior94/ai-spec-harness/internal/contextgen/contextgen.go:315.16,317.3 1 0
github.com/JailtonJunior94/ai-spec-harness/internal/contextgen/contextgen.go:318.2,318.28 1 1
github.com/JailtonJunior94/ai-spec-harness/internal/contextgen/contextgen.go:318.28,320.76 2 1
github.com/JailtonJunior94/ai-spec-harness/internal/contextgen/contextgen.go:320.76,322.4 1 0
github.com/JailtonJunior94/ai-spec-harness/internal/contextgen/contextgen.go:324.2,324.14 1 1
github.com/JailtonJunior94/ai-spec-harness/internal/contextgen/contextgen.go:327.86,333.56 5 1
github.com/JailtonJunior94/ai-spec-harness/internal/contextgen/contextgen.go:333.56,335.10 2 1
github.com/JailtonJunior94/ai-spec-harness/internal/contextgen/contextgen.go:335.10,336.12 1 1
github.com/JailtonJunior94/ai-spec-harness/internal/contextgen/contextgen.go:338.3,341.22 4 1
github.com/JailtonJunior94/ai-spec-harness/internal/contextgen/contextgen.go:341.22,344.4 2 1
github.com/JailtonJunior94/ai-spec-harness/internal/contextgen/contextgen.go:345.3,345.23 1 1
github.com/JailtonJunior94/ai-spec-harness/internal/contextgen/contextgen.go:345.23,348.4 2 1
github.com/JailtonJunior94/ai-spec-harness/internal/contextgen/contextgen.go:349.3,349.23 1 1
github.com/JailtonJunior94/ai-spec-harness/internal/contextgen/contextgen.go:349.23,351.4 1 1
github.com/JailtonJunior94/ai-spec-harness/internal/contextgen/contextgen.go:354.2,354.34 1 1
github.com/JailtonJunior94/ai-spec-harness/internal/contextgen/contextgen.go:357.65,360.54 2 1
github.com/JailtonJunior94/ai-spec-harness/internal/contextgen/contextgen.go:360.54,363.3 2 1
github.com/JailtonJunior94/ai-spec-harness/internal/contextgen/contextgen.go:364.2,364.119 1 1
github.com/JailtonJunior94/ai-spec-harness/internal/contextgen/contextgen.go:364.119,367.3 2 1
github.com/JailtonJunior94/ai-spec-harness/internal/contextgen/contextgen.go:368.2,368.124 1 1
github.com/JailtonJunior94/ai-spec-harness/internal/contextgen/contextgen.go:368.124,371.3 2 1
github.com/JailtonJunior94/ai-spec-harness/internal/contextgen/contextgen.go:372.2,372.29 1 1
github.com/JailtonJunior94/ai-spec-harness/internal/contextgen/contextgen.go:372.29,375.3 2 0
github.com/JailtonJunior94/ai-spec-harness/internal/contextgen/contextgen.go:377.2,377.21 1 1
github.com/JailtonJunior94/ai-spec-harness/internal/contextgen/contextgen.go:377.21,379.3 1 1
github.com/JailtonJunior94/ai-spec-harness/internal/contextgen/contextgen.go:380.2,380.58 1 1
github.com/JailtonJunior94/ai-spec-harness/internal/contextgen/contextgen.go:390.78,393.28 2 1
github.com/JailtonJunior94/ai-spec-harness/internal/contextgen/contextgen.go:393.28,395.3 1 1
github.com/JailtonJunior94/ai-spec-harness/internal/contextgen/contextgen.go:397.2,397.98 1 1
github.com/JailtonJunior94/ai-spec-harness/internal/contextgen/contextgen.go:397.98,399.3 1 0
github.com/JailtonJunior94/ai-spec-harness/internal/contextgen/contextgen.go:400.2,400.100 1 1
github.com/JailtonJunior94/ai-spec-harness/internal/contextgen/contextgen.go:400.100,402.3 1 0
github.com/JailtonJunior94/ai-spec-harness/internal/contextgen/contextgen.go:403.2,403.102 1 1
github.com/JailtonJunior94/ai-spec-harness/internal/contextgen/contextgen.go:403.102,405.3 1 0
github.com/JailtonJunior94/ai-spec-harness/internal/contextgen/contextgen.go:406.2,406.109 1 1
github.com/JailtonJunior94/ai-spec-harness/internal/contextgen/contextgen.go:406.109,408.3 1 0
github.com/JailtonJunior94/ai-spec-harness/internal/contextgen/contextgen.go:410.2,411.35 2 1
github.com/JailtonJunior94/ai-spec-harness/internal/contextgen/contextgen.go:411.35,413.3 1 1
github.com/JailtonJunior94/ai-spec-harness/internal/contextgen/contextgen.go:414.2,414.19 1 1
github.com/JailtonJunior94/ai-spec-harness/internal/contextgen/contextgen.go:420.10,552.2 1 1
github.com/JailtonJunior94/ai-spec-harness/internal/contextgen/contextgen.go:556.10,575.2 2 1
github.com/JailtonJunior94/ai-spec-harness/internal/contextgen/contextgen.go:606.65,610.2 3 1
github.com/JailtonJunior94/ai-spec-harness/internal/contextgen/contextgen.go:614.82,616.20 2 1
github.com/JailtonJunior94/ai-spec-harness/internal/contextgen/contextgen.go:616.20,618.46 1 0
github.com/JailtonJunior94/ai-spec-harness/internal/contextgen/contextgen.go:618.46,620.4 1 0
github.com/JailtonJunior94/ai-spec-harness/internal/contextgen/contextgen.go:620.9,622.4 1 0
github.com/JailtonJunior94/ai-spec-harness/internal/contextgen/contextgen.go:625.2,626.20 2 1
github.com/JailtonJunior94/ai-spec-harness/internal/contextgen/contextgen.go:626.20,628.3 1 0
github.com/JailtonJunior94/ai-spec-harness/internal/contextgen/contextgen.go:628.8,630.3 1 1
github.com/JailtonJunior94/ai-spec-harness/internal/contextgen/contextgen.go:633.2,635.21 3 1
github.com/JailtonJunior94/ai-spec-harness/internal/contextgen/contextgen.go:635.21,638.3 1 0
github.com/JailtonJunior94/ai-spec-harness/internal/contextgen/contextgen.go:640.2,641.48 2 1
github.com/JailtonJunior94/ai-spec-harness/internal/contextgen/loader.go:55.44,57.2 1 1
github.com/JailtonJunior94/ai-spec-harness/internal/contextgen/loader.go:61.79,63.16 2 1
github.com/JailtonJunior94/ai-spec-harness/internal/contextgen/loader.go:63.16,65.3 1 0
github.com/JailtonJunior94/ai-spec-harness/internal/contextgen/loader.go:66.2,68.16 2 1
github.com/JailtonJunior94/ai-spec-harness/internal/contextgen/loader.go:68.16,70.3 1 1
github.com/JailtonJunior94/ai-spec-harness/internal/contextgen/loader.go:71.2,71.21 1 1
github.com/JailtonJunior94/ai-spec-harness/internal/contextgen/loader.go:76.100,78.17 2 1
github.com/JailtonJunior94/ai-spec-harness/internal/contextgen/loader.go:78.17,80.3 1 0
github.com/JailtonJunior94/ai-spec-harness/internal/contextgen/loader.go:82.2,82.32 1 1
github.com/JailtonJunior94/ai-spec-harness/internal/contextgen/loader.go:82.32,84.3 1 1
github.com/JailtonJunior94/ai-spec-harness/internal/contextgen/loader.go:86.2,88.16 3 1
github.com/JailtonJunior94/ai-spec-harness/internal/contextgen/loader.go:88.16,90.3 1 0
github.com/JailtonJunior94/ai-spec-harness/internal/contextgen/loader.go:92.2,93.28 2 1
github.com/JailtonJunior94/ai-spec-harness/internal/contextgen/loader.go:93.28,94.16 1 1
github.com/JailtonJunior94/ai-spec-harness/internal/contextgen/loader.go:94.16,95.12 1 0
github.com/JailtonJunior94/ai-spec-harness/internal/contextgen/loader.go:97.3,98.38 2 1
github.com/JailtonJunior94/ai-spec-harness/internal/contextgen/loader.go:98.38,99.12 1 0
github.com/JailtonJunior94/ai-spec-harness/internal/contextgen/loader.go:102.3,102.58 1 1
github.com/JailtonJunior94/ai-spec-harness/internal/contextgen/loader.go:102.58,103.12 1 1
github.com/JailtonJunior94/ai-spec-harness/internal/contextgen/loader.go:106.3,107.17 2 1
github.com/JailtonJunior94/ai-spec-harness/internal/contextgen/loader.go:107.17,108.12 1 0
github.com/JailtonJunior94/ai-spec-harness/internal/contextgen/loader.go:110.3,110.25 1 1
github.com/JailtonJunior94/ai-spec-harness/internal/contextgen/loader.go:113.2,113.20 1 1
github.com/JailtonJunior94/ai-spec-harness/internal/contextgen/loader.go:118.53,120.14 2 1
github.com/JailtonJunior94/ai-spec-harness/internal/contextgen/loader.go:120.14,122.3 1 1
github.com/JailtonJunior94/ai-spec-harness/internal/contextgen/loader.go:123.2,123.32 1 1
github.com/JailtonJunior94/ai-spec-harness/internal/doctor/doctor.go:29.117,31.2 1 1
github.com/JailtonJunior94/ai-spec-harness/internal/doctor/doctor.go:33.52,35.16 2 1
github.com/JailtonJunior94/ai-spec-harness/internal/doctor/doctor.go:35.16,37.3 1 0
github.com/JailtonJunior94/ai-spec-harness/internal/doctor/doctor.go:39.2,39.25 1 1
github.com/JailtonJunior94/ai-spec-harness/internal/doctor/doctor.go:39.25,41.3 1 1
github.com/JailtonJunior94/ai-spec-harness/internal/doctor/doctor.go:43.2,49.27 5 0
github.com/JailtonJunior94/ai-spec-harness/internal/doctor/doctor.go:49.27,51.19 2 0
github.com/JailtonJunior94/ai-spec-harness/internal/doctor/doctor.go:52.15,53.18 1 0
github.com/JailtonJunior94/ai-spec-harness/internal/doctor/doctor.go:54.15,56.15 2 0
github.com/JailtonJunior94/ai-spec-harness/internal/doctor/doctor.go:58.3,58.62 1 0
github.com/JailtonJunior94/ai-spec-harness/internal/doctor/doctor.go:61.2,62.19 2 0
github.com/JailtonJunior94/ai-spec-harness/internal/doctor/doctor.go:62.19,65.3 2 0
github.com/JailtonJunior94/ai-spec-harness/internal/doctor/doctor.go:66.2,67.12 2 0
github.com/JailtonJunior94/ai-spec-harness/internal/doctor/doctor.go:70.56,92.2 8 1
github.com/JailtonJunior94/ai-spec-harness/internal/doctor/doctor.go:94.53,95.30 1 1
github.com/JailtonJunior94/ai-spec-harness/internal/doctor/doctor.go:95.30,97.3 1 1
github.com/JailtonJunior94/ai-spec-harness/internal/doctor/doctor.go:98.2,98.91 1 1
github.com/JailtonJunior94/ai-spec-harness/internal/doctor/doctor.go:101.59,103.27 2 1
github.com/JailtonJunior94/ai-spec-harness/internal/doctor/doctor.go:103.27,105.17 2 1
github.com/JailtonJunior94/ai-spec-harness/internal/doctor/doctor.go:105.17,107.30 2 1
github.com/JailtonJunior94/ai-spec-harness/internal/doctor/doctor.go:107.30,108.18 1 1
github.com/JailtonJunior94/ai-spec-harness/internal/doctor/doctor.go:108.18,110.6 1 1
github.com/JailtonJunior94/ai-spec-harness/internal/doctor/doctor.go:112.4,112.112 1 1
github.com/JailtonJunior94/ai-spec-harness/internal/doctor/doctor.go:115.2,115.94 1 1
github.com/JailtonJunior94/ai-spec-harness/internal/doctor/doctor.go:118.58,119.35 1 1
github.com/JailtonJunior94/ai-spec-harness/internal/doctor/doctor.go:119.35,121.17 2 1
github.com/JailtonJunior94/ai-spec-harness/internal/doctor/doctor.go:121.17,123.4 1 1
github.com/JailtonJunior94/ai-spec-harness/internal/doctor/doctor.go:124.3,124.94 1 1
github.com/JailtonJunior94/ai-spec-harness/internal/doctor/doctor.go:126.2,126.97 1 1
github.com/JailtonJunior94/ai-spec-harness/internal/doctor/doctor.go:129.60,132.28 3 1
github.com/JailtonJunior94/ai-spec-harness/internal/doctor/doctor.go:132.28,134.3 1 1
github.com/JailtonJunior94/ai-spec-harness/internal/doctor/doctor.go:136.2,137.16 2 1
github.com/JailtonJunior94/ai-spec-harness/internal/doctor/doctor.go:137.16,139.3 1 0
github.com/JailtonJunior94/ai-spec-harness/internal/doctor/doctor.go:141.2,142.28 2 1
github.com/JailtonJunior94/ai-spec-harness/internal/doctor/doctor.go:142.28,144.27 2 1
github.com/JailtonJunior94/ai-spec-harness/internal/doctor/doctor.go:144.27,145.26 1 1
github.com/JailtonJunior94/ai-spec-harness/internal/doctor/doctor.go:145.26,147.5 1 0
github.com/JailtonJunior94/ai-spec-harness/internal/doctor/doctor.go:151.2,151.21 1 1
github.com/JailtonJunior94/ai-spec-harness/internal/doctor/doctor.go:151.21,157.3 1 0
github.com/JailtonJunior94/ai-spec-harness/internal/doctor/doctor.go:157.8,163.3 1 1
github.com/JailtonJunior94/ai-spec-harness/internal/doctor/doctor.go:165.2,165.15 1 1
github.com/JailtonJunior94/ai-spec-harness/internal/doctor/doctor.go:168.61,169.31 1 1
github.com/JailtonJunior94/ai-spec-harness/internal/doctor/doctor.go:169.31,171.3 1 1
github.com/JailtonJunior94/ai-spec-harness/internal/doctor/doctor.go:172.2,172.97 1 1
github.com/JailtonJunior94/ai-spec-harness/internal/doctor/doctor.go:175.42,176.48 1 1
github.com/JailtonJunior94/ai-spec-harness/internal/doctor/doctor.go:176.48,178.3 1 0
github.com/JailtonJunior94/ai-spec-harness/internal/doctor/doctor.go:179.2,179.73 1 1
github.com/JailtonJunior94/ai-spec-harness/internal/git/git.go:21.40,21.67 1 1
github.com/JailtonJunior94/ai-spec-harness/internal/git/git.go:23.50,27.2 3 1
github.com/JailtonJunior94/ai-spec-harness/internal/git/git.go:29.59,32.16 3 1
github.com/JailtonJunior94/ai-spec-harness/internal/git/git.go:32.16,34.3 1 1
github.com/JailtonJunior94/ai-spec-harness/internal/git/git.go:35.2,35.60 1 1
github.com/JailtonJunior94/ai-spec-harness/internal/git/git.go:38.64,41.16 3 0
github.com/JailtonJunior94/ai-spec-harness/internal/git/git.go:41.16,43.3 1 0
github.com/JailtonJunior94/ai-spec-harness/internal/git/git.go:44.2,44.44 1 0
github.com/JailtonJunior94/ai-spec-harness/internal/runtime/clock.go:16.37,18.2 1 1
github.com/JailtonJunior94/ai-spec-harness/internal/runtime/clock.go:20.34,22.2 1 1
github.com/JailtonJunior94/ai-spec-harness/internal/runtime/options.go:11.49,12.28 1 0
github.com/JailtonJunior94/ai-spec-harness/internal/runtime/options.go:12.28,14.3 1 0
github.com/JailtonJunior94/ai-spec-harness/internal/runtime/options.go:18.47,19.28 1 1
github.com/JailtonJunior94/ai-spec-harness/internal/runtime/options.go:19.28,21.3 1 1
github.com/JailtonJunior94/ai-spec-harness/internal/runtime/options.go:25.68,26.28 1 1
github.com/JailtonJunior94/ai-spec-harness/internal/runtime/options.go:26.28,28.3 1 1
github.com/JailtonJunior94/ai-spec-harness/internal/runtime/options.go:32.72,33.28 1 1
github.com/JailtonJunior94/ai-spec-harness/internal/runtime/options.go:33.28,35.3 1 1
github.com/JailtonJunior94/ai-spec-harness/internal/runtime/options.go:39.54,40.28 1 1
github.com/JailtonJunior94/ai-spec-harness/internal/runtime/options.go:40.28,42.3 1 1
github.com/JailtonJunior94/ai-spec-harness/internal/runtime/options.go:47.53,48.28 1 0
github.com/JailtonJunior94/ai-spec-harness/internal/runtime/options.go:48.28,50.3 1 0
github.com/JailtonJunior94/ai-spec-harness/internal/runtime/options.go:56.68,57.28 1 1
github.com/JailtonJunior94/ai-spec-harness/internal/runtime/options.go:57.28,59.3 1 1
github.com/JailtonJunior94/ai-spec-harness/internal/runtime/r1_catalog.go:6.28,8.2 1 1
github.com/JailtonJunior94/ai-spec-harness/internal/runtime/retry.go:23.43,25.2 1 1
github.com/JailtonJunior94/ai-spec-harness/internal/runtime/retry.go:36.62,37.16 1 1
github.com/JailtonJunior94/ai-spec-harness/internal/runtime/retry.go:37.16,39.3 1 1
github.com/JailtonJunior94/ai-spec-harness/internal/runtime/retry.go:40.2,45.4 1 1
github.com/JailtonJunior94/ai-spec-harness/internal/runtime/retry.go:45.4,46.28 1 1
github.com/JailtonJunior94/ai-spec-harness/internal/runtime/retry.go:46.28,48.4 1 1
github.com/JailtonJunior94/ai-spec-harness/internal/runtime/retry.go:50.2,50.13 1 1
github.com/JailtonJunior94/ai-spec-harness/internal/runtime/retry.go:57.102,58.50 1 1
github.com/JailtonJunior94/ai-spec-harness/internal/runtime/retry.go:58.50,60.3 1 1
github.com/JailtonJunior94/ai-spec-harness/internal/runtime/retry.go:61.2,62.31 2 1
github.com/JailtonJunior94/ai-spec-harness/internal/runtime/retry.go:62.31,64.3 1 1
github.com/JailtonJunior94/ai-spec-harness/internal/runtime/retry.go:65.2,65.46 1 1
github.com/JailtonJunior94/ai-spec-harness/internal/runtime/runner.go:65.32,67.2 1 1
github.com/JailtonJunior94/ai-spec-harness/internal/runtime/runner.go:69.103,71.2 1 0
github.com/JailtonJunior94/ai-spec-harness/internal/runtime/runner.go:95.63,103.25 2 1
github.com/JailtonJunior94/ai-spec-harness/internal/runtime/runner.go:103.25,105.3 1 1
github.com/JailtonJunior94/ai-spec-harness/internal/runtime/runner.go:106.2,106.10 1 1
github.com/JailtonJunior94/ai-spec-harness/internal/runtime/runner.go:125.70,131.16 4 1
github.com/JailtonJunior94/ai-spec-harness/internal/runtime/runner.go:131.16,133.3 1 1
github.com/JailtonJunior94/ai-spec-harness/internal/runtime/runner.go:136.2,137.16 2 1
github.com/JailtonJunior94/ai-spec-harness/internal/runtime/runner.go:137.16,139.3 1 0
github.com/JailtonJunior94/ai-spec-harness/internal/runtime/runner.go:143.2,164.96 9 1
github.com/JailtonJunior94/ai-spec-harness/internal/runtime/runner.go:164.96,166.3 1 0
github.com/JailtonJunior94/ai-spec-harness/internal/runtime/runner.go:169.2,173.42 2 1
github.com/JailtonJunior94/ai-spec-harness/internal/runtime/runner.go:173.42,174.64 1 1
github.com/JailtonJunior94/ai-spec-harness/internal/runtime/runner.go:174.64,176.4 1 1
github.com/JailtonJunior94/ai-spec-harness/internal/runtime/runner.go:178.2,178.15 1 1
github.com/JailtonJunior94/ai-spec-harness/internal/runtime/runner.go:178.15,178.32 1 1
github.com/JailtonJunior94/ai-spec-harness/internal/runtime/runner.go:179.2,181.65 2 1
github.com/JailtonJunior94/ai-spec-harness/internal/runtime/runner.go:181.65,183.3 1 0
github.com/JailtonJunior94/ai-spec-harness/internal/runtime/runner.go:186.2,202.57 10 1
github.com/JailtonJunior94/ai-spec-harness/internal/runtime/runner.go:202.57,204.3 1 1
github.com/JailtonJunior94/ai-spec-harness/internal/runtime/runner.go:207.2,216.18 5 1
github.com/JailtonJunior94/ai-spec-harness/internal/runtime/runner.go:216.18,218.23 2 1
github.com/JailtonJunior94/ai-spec-harness/internal/runtime/runner.go:218.23,225.4 3 1
github.com/JailtonJunior94/ai-spec-harness/internal/runtime/runner.go:225.9,227.4 1 0
github.com/JailtonJunior94/ai-spec-harness/internal/runtime/runner.go:230.2,230.63 1 1
github.com/JailtonJunior94/ai-spec-harness/internal/runtime/runner.go:235.80,236.33 1 1
github.com/JailtonJunior94/ai-spec-harness/internal/runtime/runner.go:236.33,238.3 1 0
github.com/JailtonJunior94/ai-spec-harness/internal/runtime/runner.go:239.2,240.16 2 1
github.com/JailtonJunior94/ai-spec-harness/internal/runtime/runner.go:240.16,242.3 1 0
github.com/JailtonJunior94/ai-spec-harness/internal/runtime/runner.go:243.2,243.15 1 1
github.com/JailtonJunior94/ai-spec-harness/internal/runtime/runner.go:248.70,252.2 3 1
github.com/JailtonJunior94/ai-spec-harness/internal/runtime/runner.go:255.137,266.59 3 1
github.com/JailtonJunior94/ai-spec-harness/internal/runtime/runner.go:266.59,268.3 1 1
github.com/JailtonJunior94/ai-spec-harness/internal/runtime/runner.go:274.125,280.17 1 1
github.com/JailtonJunior94/ai-spec-harness/internal/runtime/runner.go:280.17,282.3 1 0
github.com/JailtonJunior94/ai-spec-harness/internal/runtime/runner.go:283.2,287.17 2 1
github.com/JailtonJunior94/ai-spec-harness/internal/runtime/runner.go:287.17,289.3 1 0
github.com/JailtonJunior94/ai-spec-harness/internal/runtime/runner.go:290.2,293.17 1 1
github.com/JailtonJunior94/ai-spec-harness/internal/runtime/runner.go:293.17,295.3 1 0
github.com/JailtonJunior94/ai-spec-harness/internal/runtime/runner.go:296.2,296.12 1 1
github.com/JailtonJunior94/ai-spec-harness/internal/runtime/runner.go:312.19,327.31 4 1
github.com/JailtonJunior94/ai-spec-harness/internal/runtime/runner.go:327.31,335.39 2 1
github.com/JailtonJunior94/ai-spec-harness/internal/runtime/runner.go:335.39,337.4 1 1
github.com/JailtonJunior94/ai-spec-harness/internal/runtime/runner.go:339.3,339.45 1 1
github.com/JailtonJunior94/ai-spec-harness/internal/runtime/runner.go:339.45,341.4 1 1
github.com/JailtonJunior94/ai-spec-harness/internal/runtime/runner.go:343.3,345.39 2 1
github.com/JailtonJunior94/ai-spec-harness/internal/runtime/runner.go:345.39,347.36 2 1
github.com/JailtonJunior94/ai-spec-harness/internal/runtime/runner.go:347.36,349.41 2 1
github.com/JailtonJunior94/ai-spec-harness/internal/runtime/runner.go:349.41,352.6 2 1
github.com/JailtonJunior94/ai-spec-harness/internal/runtime/runner.go:354.9,356.4 1 1
github.com/JailtonJunior94/ai-spec-harness/internal/runtime/runner.go:360.3,363.75 2 1
github.com/JailtonJunior94/ai-spec-harness/internal/runtime/runner.go:363.75,365.4 1 1
github.com/JailtonJunior94/ai-spec-harness/internal/runtime/runner.go:367.3,367.21 1 1
github.com/JailtonJunior94/ai-spec-harness/internal/runtime/runner.go:367.21,369.4 1 1
github.com/JailtonJunior94/ai-spec-harness/internal/runtime/runner.go:371.3,371.46 1 1
github.com/JailtonJunior94/ai-spec-harness/internal/runtime/runner.go:371.46,373.4 1 1
github.com/JailtonJunior94/ai-spec-harness/internal/runtime/runner.go:375.3,375.15 1 1
github.com/JailtonJunior94/ai-spec-harness/internal/runtime/runner.go:375.15,377.4 1 1
github.com/JailtonJunior94/ai-spec-harness/internal/runtime/runner.go:380.2,386.3 1 1
github.com/JailtonJunior94/ai-spec-harness/internal/runtime/runner.go:392.166,407.2 4 1
github.com/JailtonJunior94/ai-spec-harness/internal/runtime/runner.go:410.108,411.20 1 1
github.com/JailtonJunior94/ai-spec-harness/internal/runtime/runner.go:411.20,413.3 1 0
github.com/JailtonJunior94/ai-spec-harness/internal/runtime/runner.go:414.2,415.35 2 1
github.com/JailtonJunior94/ai-spec-harness/internal/runtime/runner.go:419.60,420.26 1 1
github.com/JailtonJunior94/ai-spec-harness/internal/runtime/runner.go:420.26,424.3 2 1
github.com/JailtonJunior94/ai-spec-harness/internal/runtime/runner.go:435.3,444.2 1 1
github.com/JailtonJunior94/ai-spec-harness/internal/runtime/runner.go:447.79,448.57 1 1
github.com/JailtonJunior94/ai-spec-harness/internal/runtime/runner.go:448.57,450.3 1 1
github.com/JailtonJunior94/ai-spec-harness/internal/runtime/runner.go:451.2,451.22 1 1
github.com/JailtonJunior94/ai-spec-harness/internal/runtime/runner.go:451.22,453.3 1 1
github.com/JailtonJunior94/ai-spec-harness/internal/runtime/runner.go:454.2,454.17 1 1
github.com/JailtonJunior94/ai-spec-harness/internal/runtime/runner.go:463.58,464.22 1 1
github.com/JailtonJunior94/ai-spec-harness/internal/runtime/runner.go:464.22,466.3 1 1
github.com/JailtonJunior94/ai-spec-harness/internal/runtime/runner.go:469.2,470.39 2 0
github.com/JailtonJunior94/ai-spec-harness/internal/runtime/runner.go:476.95,477.18 1 1
github.com/JailtonJunior94/ai-spec-harness/internal/runtime/runner.go:477.18,479.3 1 1
github.com/JailtonJunior94/ai-spec-harness/internal/runtime/runner.go:481.2,484.73 3 0
github.com/JailtonJunior94/ai-spec-harness/internal/runtime/runner.go:490.105,496.30 4 1
github.com/JailtonJunior94/ai-spec-harness/internal/runtime/runner.go:496.30,498.3 1 1
github.com/JailtonJunior94/ai-spec-harness/internal/runtime/runner.go:500.2,503.17 3 1
github.com/JailtonJunior94/ai-spec-harness/internal/runtime/runner.go:503.17,506.3 2 1
github.com/JailtonJunior94/ai-spec-harness/internal/runtime/runner.go:508.2,508.13 1 1
github.com/JailtonJunior94/ai-spec-harness/internal/runtime/runner.go:508.13,511.3 2 1
github.com/JailtonJunior94/ai-spec-harness/internal/runtime/runner.go:515.2,515.82 1 1
github.com/JailtonJunior94/ai-spec-harness/internal/runtime/runner.go:515.82,517.3 1 1
github.com/JailtonJunior94/ai-spec-harness/internal/runtime/runner.go:519.2,519.20 1 1
github.com/JailtonJunior94/ai-spec-harness/internal/runtime/runner.go:528.132,531.20 2 1
github.com/JailtonJunior94/ai-spec-harness/internal/runtime/runner.go:531.20,533.3 1 1
github.com/JailtonJunior94/ai-spec-harness/internal/runtime/runner.go:536.2,547.18 4 1
github.com/JailtonJunior94/ai-spec-harness/internal/runtime/runner.go:547.18,549.3 1 0
github.com/JailtonJunior94/ai-spec-harness/internal/runtime/runner.go:551.2,551.13 1 1
github.com/JailtonJunior94/ai-spec-harness/internal/runtime/runner.go:558.136,559.17 1 1
github.com/JailtonJunior94/ai-spec-harness/internal/runtime/runner.go:559.18,559.19 0 1
github.com/JailtonJunior94/ai-spec-harness/internal/runtime/runner.go:561.2,561.40 1 1
github.com/JailtonJunior94/ai-spec-harness/internal/runtime/runner.go:561.40,563.3 1 1
github.com/JailtonJunior94/ai-spec-harness/internal/runtime/runner.go:567.2,568.16 2 0
github.com/JailtonJunior94/ai-spec-harness/internal/runtime/runner.go:568.16,572.3 2 0
github.com/JailtonJunior94/ai-spec-harness/internal/runtime/runner.go:573.2,574.16 2 0
github.com/JailtonJunior94/ai-spec-harness/internal/runtime/runner.go:574.16,579.3 4 0
github.com/JailtonJunior94/ai-spec-harness/internal/runtime/runner.go:581.2,584.12 2 0
github.com/JailtonJunior94/ai-spec-harness/internal/runtime/runner.go:584.12,585.16 1 0
github.com/JailtonJunior94/ai-spec-harness/internal/runtime/runner.go:585.16,588.4 2 0
github.com/JailtonJunior94/ai-spec-harness/internal/runtime/runner.go:589.3,589.105 1 0
github.com/JailtonJunior94/ai-spec-harness/internal/runtime/runner.go:589.105,591.4 1 0
github.com/JailtonJunior94/ai-spec-harness/internal/runtime/runner.go:594.2,594.19 1 0
github.com/JailtonJunior94/ai-spec-harness/internal/runtime/runner.go:594.19,598.3 3 0
github.com/JailtonJunior94/ai-spec-harness/internal/runtime/runner.go:605.2,609.34 4 0
github.com/JailtonJunior94/ai-spec-harness/internal/runtime/runner.go:621.93,622.19 1 1
github.com/JailtonJunior94/ai-spec-harness/internal/runtime/runner.go:622.19,624.3 1 0
github.com/JailtonJunior94/ai-spec-harness/internal/runtime/runner.go:625.2,625.44 1 1
github.com/JailtonJunior94/ai-spec-harness/internal/runtime/runner.go:625.44,627.3 1 1
github.com/JailtonJunior94/ai-spec-harness/internal/runtime/runner.go:628.2,629.15 2 1
github.com/JailtonJunior94/ai-spec-harness/internal/runtime/runner.go:629.15,631.3 1 0
github.com/JailtonJunior94/ai-spec-harness/internal/runtime/runner.go:634.2,635.16 2 1
github.com/JailtonJunior94/ai-spec-harness/internal/runtime/runner.go:635.16,638.3 1 0
github.com/JailtonJunior94/ai-spec-harness/internal/runtime/runner.go:640.2,644.16 4 1
github.com/JailtonJunior94/ai-spec-harness/internal/runtime/runner.go:644.16,647.3 1 0
github.com/JailtonJunior94/ai-spec-harness/internal/runtime/runner.go:649.2,649.65 1 1
github.com/JailtonJunior94/ai-spec-harness/internal/runtime/runner.go:653.85,654.18 1 1
github.com/JailtonJunior94/ai-spec-harness/internal/runtime/runner.go:654.18,655.55 1 1
github.com/JailtonJunior94/ai-spec-harness/internal/runtime/runner.go:655.55,657.4 1 1
github.com/JailtonJunior94/ai-spec-harness/internal/runtime/runner.go:658.3,658.33 1 1
github.com/JailtonJunior94/ai-spec-harness/internal/runtime/runner.go:660.2,660.9 1 1
github.com/JailtonJunior94/ai-spec-harness/internal/runtime/runner.go:661.44,662.44 1 1
github.com/JailtonJunior94/ai-spec-harness/internal/runtime/runner.go:663.45,664.45 1 0
github.com/JailtonJunior94/ai-spec-harness/internal/runtime/runner.go:665.56,666.45 1 0
github.com/JailtonJunior94/ai-spec-harness/internal/runtime/runner.go:667.10,668.44 1 0
github.com/JailtonJunior94/ai-spec-harness/internal/runtime/runner.go:673.46,675.2 1 1
github.com/JailtonJunior94/ai-spec-harness/internal/runtime/runner.go:679.112,681.2 1 1
github.com/JailtonJunior94/ai-spec-harness/internal/runtime/runner.go:683.135,692.2 1 1
github.com/JailtonJunior94/ai-spec-harness/internal/runtime/runner_autoreview.go:45.71,52.2 1 1
github.com/JailtonJunior94/ai-spec-harness/internal/runtime/runner_autoreview.go:60.65,63.46 1 1
github.com/JailtonJunior94/ai-spec-harness/internal/runtime/runner_autoreview.go:63.46,65.3 1 1
github.com/JailtonJunior94/ai-spec-harness/internal/runtime/runner_autoreview.go:66.2,66.13 1 1
github.com/JailtonJunior94/ai-spec-harness/internal/runtime/runner_autoreview.go:70.67,72.57 2 1
github.com/JailtonJunior94/ai-spec-harness/internal/runtime/runner_autoreview.go:72.57,75.39 1 1
github.com/JailtonJunior94/ai-spec-harness/internal/runtime/runner_autoreview.go:75.39,77.4 1 1
github.com/JailtonJunior94/ai-spec-harness/internal/runtime/runner_autoreview.go:79.2,79.15 1 1
github.com/JailtonJunior94/ai-spec-harness/internal/runtime/runner_autoreview.go:85.57,87.65 2 1
github.com/JailtonJunior94/ai-spec-harness/internal/runtime/runner_autoreview.go:87.65,89.59 2 0
github.com/JailtonJunior94/ai-spec-harness/internal/runtime/runner_autoreview.go:89.59,91.4 1 0
github.com/JailtonJunior94/ai-spec-harness/internal/runtime/runner_autoreview.go:94.2,98.32 3 1
github.com/JailtonJunior94/ai-spec-harness/internal/runtime/runner_autoreview.go:98.32,100.3 1 0
github.com/JailtonJunior94/ai-spec-harness/internal/runtime/runner_autoreview.go:103.2,104.34 2 1
github.com/JailtonJunior94/ai-spec-harness/internal/runtime/runner_autoreview.go:104.34,105.19 1 0
github.com/JailtonJunior94/ai-spec-harness/internal/runtime/runner_autoreview.go:105.19,107.4 1 0
github.com/JailtonJunior94/ai-spec-harness/internal/runtime/runner_autoreview.go:108.3,108.27 1 0
github.com/JailtonJunior94/ai-spec-harness/internal/runtime/runner_autoreview.go:111.2,112.28 2 1
github.com/JailtonJunior94/ai-spec-harness/internal/runtime/runner_autoreview.go:112.28,115.3 2 0
github.com/JailtonJunior94/ai-spec-harness/internal/runtime/runner_autoreview.go:117.2,117.18 1 1
github.com/JailtonJunior94/ai-spec-harness/internal/runtime/runner_autoreview.go:117.18,119.3 1 1
github.com/JailtonJunior94/ai-spec-harness/internal/runtime/runner_autoreview.go:121.2,121.15 1 1
github.com/JailtonJunior94/ai-spec-harness/internal/runtime/runner_autoreview.go:125.78,132.34 7 1
github.com/JailtonJunior94/ai-spec-harness/internal/runtime/runner_autoreview.go:132.34,134.3 1 1
github.com/JailtonJunior94/ai-spec-harness/internal/runtime/runner_autoreview.go:135.2,135.26 1 0
github.com/JailtonJunior94/ai-spec-harness/internal/runtime/runner_autoreview.go:145.85,148.16 2 1
github.com/JailtonJunior94/ai-spec-harness/internal/runtime/runner_autoreview.go:148.16,150.3 1 0
github.com/JailtonJunior94/ai-spec-harness/internal/runtime/runner_autoreview.go:152.2,177.29 7 1
github.com/JailtonJunior94/ai-spec-harness/internal/runtime/runner_autoreview.go:177.29,179.3 1 1
github.com/JailtonJunior94/ai-spec-harness/internal/runtime/runner_autoreview.go:179.8,181.3 1 0
github.com/JailtonJunior94/ai-spec-harness/internal/runtime/runner_autoreview.go:183.2,196.8 6 1
github.com/JailtonJunior94/ai-spec-harness/internal/runtime/runner_autoreview.go:200.69,204.16 3 1
github.com/JailtonJunior94/ai-spec-harness/internal/runtime/runner_autoreview.go:204.16,206.3 1 1
github.com/JailtonJunior94/ai-spec-harness/internal/runtime/runner_autoreview.go:208.2,209.16 2 0
github.com/JailtonJunior94/ai-spec-harness/internal/runtime/runner_autoreview.go:209.16,211.3 1 0
github.com/JailtonJunior94/ai-spec-harness/internal/runtime/runner_autoreview.go:212.2,212.26 1 0
github.com/JailtonJunior94/ai-spec-harness/internal/runtime/runner_autoreview.go:217.91,227.2 4 0
github.com/JailtonJunior94/ai-spec-harness/internal/runtime/runner_autoreview.go:233.80,234.19 1 0
github.com/JailtonJunior94/ai-spec-harness/internal/runtime/runner_autoreview.go:234.19,236.3 1 0
github.com/JailtonJunior94/ai-spec-harness/internal/runtime/runner_autoreview.go:237.2,237.47 1 0
github.com/JailtonJunior94/ai-spec-harness/internal/runtime/runner_autoreview.go:237.47,239.3 1 0
github.com/JailtonJunior94/ai-spec-harness/internal/runtime/runner_autoreview.go:240.2,240.48 1 0
github.com/JailtonJunior94/ai-spec-harness/internal/runtime/runner_autoreview.go:244.73,247.2 1 1
github.com/JailtonJunior94/ai-spec-harness/internal/runtime/runner_autoreview.go:251.62,254.2 2 1
github.com/JailtonJunior94/ai-spec-harness/internal/runtime/runner_autoreview.go:258.66,260.2 1 1
github.com/JailtonJunior94/ai-spec-harness/internal/runtime/runner_autoreview.go:264.78,266.2 1 1
github.com/JailtonJunior94/ai-spec-harness/internal/runtime/types.go:34.41,35.23 1 1
github.com/JailtonJunior94/ai-spec-harness/internal/runtime/types.go:35.23,37.3 1 1
github.com/JailtonJunior94/ai-spec-harness/internal/runtime/types.go:38.2,38.22 1 1
github.com/JailtonJunior94/ai-spec-harness/internal/runtime/types.go:38.22,40.3 1 1
github.com/JailtonJunior94/ai-spec-harness/internal/runtime/watchdog.go:47.121,48.18 1 1
github.com/JailtonJunior94/ai-spec-harness/internal/runtime/watchdog.go:48.18,50.3 1 1
github.com/JailtonJunior94/ai-spec-harness/internal/runtime/watchdog.go:51.2,59.10 3 1
github.com/JailtonJunior94/ai-spec-harness/internal/runtime/watchdog.go:63.36,65.2 1 1
github.com/JailtonJunior94/ai-spec-harness/internal/runtime/watchdog.go:71.55,72.26 1 1
github.com/JailtonJunior94/ai-spec-harness/internal/runtime/watchdog.go:72.26,74.3 1 1
github.com/JailtonJunior94/ai-spec-harness/internal/runtime/watchdog.go:77.2,82.12 4 1
github.com/JailtonJunior94/ai-spec-harness/internal/runtime/watchdog.go:82.12,86.7 3 1
github.com/JailtonJunior94/ai-spec-harness/internal/runtime/watchdog.go:86.7,87.11 1 1
github.com/JailtonJunior94/ai-spec-harness/internal/runtime/watchdog.go:88.22,89.11 1 1
github.com/JailtonJunior94/ai-spec-harness/internal/runtime/watchdog.go:90.20,91.11 1 1
github.com/JailtonJunior94/ai-spec-harness/internal/runtime/watchdog.go:92.20,96.45 3 1
github.com/JailtonJunior94/ai-spec-harness/internal/runtime/watchdog.go:96.45,99.6 2 1
github.com/JailtonJunior94/ai-spec-harness/internal/runtime/watchdog.go:101.5,102.39 2 1
github.com/JailtonJunior94/ai-spec-harness/internal/runtime/watchdog.go:102.39,105.6 2 1
github.com/JailtonJunior94/ai-spec-harness/internal/runtime/watchdog.go:113.35,114.23 1 1
github.com/JailtonJunior94/ai-spec-harness/internal/runtime/watchdog.go:114.23,116.3 1 1
github.com/JailtonJunior94/ai-spec-harness/internal/runtime/watchdog.go:120.59,122.31 2 1
github.com/JailtonJunior94/ai-spec-harness/internal/runtime/watchdog.go:122.31,124.3 1 1
github.com/JailtonJunior94/ai-spec-harness/internal/runtime/watchdog.go:125.2,125.31 1 1
github.com/JailtonJunior94/ai-spec-harness/internal/runtime/watchdog.go:125.31,127.3 1 1
github.com/JailtonJunior94/ai-spec-harness/internal/runtime/watchdog.go:128.2,128.13 1 1
github.com/JailtonJunior94/ai-spec-harness/internal/install/install.go:82.12,93.2 1 1
github.com/JailtonJunior94/ai-spec-harness/internal/install/install.go:103.12,107.2 3 1
github.com/JailtonJunior94/ai-spec-harness/internal/install/install.go:120.12,126.2 5 1
github.com/JailtonJunior94/ai-spec-harness/internal/install/install.go:128.61,130.26 1 1
github.com/JailtonJunior94/ai-spec-harness/internal/install/install.go:130.26,134.17 2 1
github.com/JailtonJunior94/ai-spec-harness/internal/install/install.go:134.17,136.4 1 0
github.com/JailtonJunior94/ai-spec-harness/internal/install/install.go:137.3,137.25 1 1
github.com/JailtonJunior94/ai-spec-harness/internal/install/install.go:137.25,140.4 2 1
github.com/JailtonJunior94/ai-spec-harness/internal/install/install.go:141.3,142.24 2 1
github.com/JailtonJunior94/ai-spec-harness/internal/install/install.go:148.2,148.26 1 1
github.com/JailtonJunior94/ai-spec-harness/internal/install/install.go:148.26,150.29 2 1
github.com/JailtonJunior94/ai-spec-harness/internal/install/install.go:150.29,153.4 2 1
github.com/JailtonJunior94/ai-spec-harness/internal/install/install.go:156.2,156.41 1 1
github.com/JailtonJunior94/ai-spec-harness/internal/install/install.go:156.41,158.3 1 1
github.com/JailtonJunior94/ai-spec-harness/internal/install/install.go:161.2,161.26 1 1
github.com/JailtonJunior94/ai-spec-harness/internal/install/install.go:161.26,163.17 2 1
github.com/JailtonJunior94/ai-spec-harness/internal/install/install.go:163.17,165.4 1 0
github.com/JailtonJunior94/ai-spec-harness/internal/install/install.go:166.3,169.42 3 1
github.com/JailtonJunior94/ai-spec-harness/internal/install/install.go:169.42,171.4 1 0
github.com/JailtonJunior94/ai-spec-harness/internal/install/install.go:174.2,175.16 2 1
github.com/JailtonJunior94/ai-spec-harness/internal/install/install.go:175.16,177.3 1 0
github.com/JailtonJunior94/ai-spec-harness/internal/install/install.go:180.2,181.38 2 1
github.com/JailtonJunior94/ai-spec-harness/internal/install/install.go:181.38,183.17 2 1
github.com/JailtonJunior94/ai-spec-harness/internal/install/install.go:183.17,185.4 1 0
github.com/JailtonJunior94/ai-spec-harness/internal/install/install.go:186.3,188.51 2 1
github.com/JailtonJunior94/ai-spec-harness/internal/install/install.go:188.51,190.4 1 0
github.com/JailtonJunior94/ai-spec-harness/internal/install/install.go:191.3,191.52 1 1
github.com/JailtonJunior94/ai-spec-harness/internal/install/install.go:192.8,194.17 2 1
github.com/JailtonJunior94/ai-spec-harness/internal/install/install.go:194.17,196.4 1 0
github.com/JailtonJunior94/ai-spec-harness/internal/install/install.go:197.3,197.19 1 1
github.com/JailtonJunior94/ai-spec-harness/internal/install/install.go:200.2,200.29 1 1
github.com/JailtonJunior94/ai-spec-harness/internal/install/install.go:200.29,202.3 1 1
github.com/JailtonJunior94/ai-spec-harness/internal/install/install.go:204.2,206.64 3 1
github.com/JailtonJunior94/ai-spec-harness/internal/install/install.go:206.64,209.3 2 0
github.com/JailtonJunior94/ai-spec-harness/internal/install/install.go:211.2,218.130 5 1
github.com/JailtonJunior94/ai-spec-harness/internal/install/install.go:218.130,220.3 1 1
github.com/JailtonJunior94/ai-spec-harness/internal/install/install.go:223.2,223.34 1 1
github.com/JailtonJunior94/ai-spec-harness/internal/install/install.go:223.34,224.121 1 1
github.com/JailtonJunior94/ai-spec-harness/internal/install/install.go:224.121,226.4 1 0
github.com/JailtonJunior94/ai-spec-harness/internal/install/install.go:233.2,233.18 1 1
github.com/JailtonJunior94/ai-spec-harness/internal/install/install.go:233.18,235.3 1 1
github.com/JailtonJunior94/ai-spec-harness/internal/install/install.go:238.2,238.18 1 1
github.com/JailtonJunior94/ai-spec-harness/internal/install/install.go:238.18,239.107 1 1
github.com/JailtonJunior94/ai-spec-harness/internal/install/install.go:239.107,241.4 1 0
github.com/JailtonJunior94/ai-spec-harness/internal/install/install.go:247.2,247.18 1 1
github.com/JailtonJunior94/ai-spec-harness/internal/install/install.go:247.18,248.64 1 1
github.com/JailtonJunior94/ai-spec-harness/internal/install/install.go:248.64,250.4 1 0
github.com/JailtonJunior94/ai-spec-harness/internal/install/install.go:256.2,256.18 1 1
github.com/JailtonJunior94/ai-spec-harness/internal/install/install.go:256.18,257.68 1 1
github.com/JailtonJunior94/ai-spec-harness/internal/install/install.go:257.68,259.4 1 0
github.com/JailtonJunior94/ai-spec-harness/internal/install/install.go:263.2,263.22 1 1
github.com/JailtonJunior94/ai-spec-harness/internal/install/install.go:263.22,265.142 2 1
github.com/JailtonJunior94/ai-spec-harness/internal/install/install.go:265.142,267.4 1 0
github.com/JailtonJunior94/ai-spec-harness/internal/install/install.go:271.2,271.18 1 1
github.com/JailtonJunior94/ai-spec-harness/internal/install/install.go:271.18,286.57 3 1
github.com/JailtonJunior94/ai-spec-harness/internal/install/install.go:286.57,288.4 1 0
github.com/JailtonJunior94/ai-spec-harness/internal/install/install.go:291.2,291.17 1 1
github.com/JailtonJunior94/ai-spec-harness/internal/install/install.go:291.17,294.3 2 1
github.com/JailtonJunior94/ai-spec-harness/internal/install/install.go:294.8,298.3 3 1
github.com/JailtonJunior94/ai-spec-harness/internal/install/install.go:300.2,300.12 1 1
github.com/JailtonJunior94/ai-spec-harness/internal/install/install.go:306.54,308.16 2 1
github.com/JailtonJunior94/ai-spec-harness/internal/install/install.go:308.16,310.3 1 0
github.com/JailtonJunior94/ai-spec-harness/internal/install/install.go:311.2,311.44 1 1
github.com/JailtonJunior94/ai-spec-harness/internal/install/install.go:320.76,323.38 2 1
github.com/JailtonJunior94/ai-spec-harness/internal/install/install.go:323.38,325.17 2 0
github.com/JailtonJunior94/ai-spec-harness/internal/install/install.go:325.17,327.4 1 0
github.com/JailtonJunior94/ai-spec-harness/internal/install/install.go:328.3,328.25 1 0
github.com/JailtonJunior94/ai-spec-harness/internal/install/install.go:329.8,331.17 2 1
github.com/JailtonJunior94/ai-spec-harness/internal/install/install.go:331.17,333.4 1 0
github.com/JailtonJunior94/ai-spec-harness/internal/install/install.go:334.3,334.19 1 1
github.com/JailtonJunior94/ai-spec-harness/internal/install/install.go:338.2,340.21 3 1
github.com/JailtonJunior94/ai-spec-harness/internal/install/install.go:340.21,342.17 2 0
github.com/JailtonJunior94/ai-spec-harness/internal/install/install.go:342.17,344.4 1 0
github.com/JailtonJunior94/ai-spec-harness/internal/install/install.go:345.3,346.21 2 0
github.com/JailtonJunior94/ai-spec-harness/internal/install/install.go:348.2,348.20 1 1
github.com/JailtonJunior94/ai-spec-harness/internal/install/install.go:348.20,350.3 1 0
github.com/JailtonJunior94/ai-spec-harness/internal/install/install.go:352.2,353.16 2 1
github.com/JailtonJunior94/ai-spec-harness/internal/install/install.go:353.16,355.3 1 0
github.com/JailtonJunior94/ai-spec-harness/internal/install/install.go:358.2,360.35 3 1
github.com/JailtonJunior94/ai-spec-harness/internal/install/install.go:360.35,362.17 2 1
github.com/JailtonJunior94/ai-spec-harness/internal/install/install.go:362.17,363.44 1 1
github.com/JailtonJunior94/ai-spec-harness/internal/install/install.go:363.44,365.5 1 0
github.com/JailtonJunior94/ai-spec-harness/internal/install/install.go:366.4,366.44 1 1
github.com/JailtonJunior94/ai-spec-harness/internal/install/install.go:366.44,368.5 1 1
github.com/JailtonJunior94/ai-spec-harness/internal/install/install.go:371.2,371.21 1 1
github.com/JailtonJunior94/ai-spec-harness/internal/install/install.go:371.21,373.3 1 1
github.com/JailtonJunior94/ai-spec-harness/internal/install/install.go:375.2,379.29 3 1
github.com/JailtonJunior94/ai-spec-harness/internal/install/install.go:379.29,388.9 6 1
github.com/JailtonJunior94/ai-spec-harness/internal/install/install.go:388.9,390.4 1 1
github.com/JailtonJunior94/ai-spec-harness/internal/install/install.go:391.3,396.5 1 1
github.com/JailtonJunior94/ai-spec-harness/internal/install/install.go:400.2,400.21 1 1
github.com/JailtonJunior94/ai-spec-harness/internal/install/install.go:400.21,401.35 1 0
github.com/JailtonJunior94/ai-spec-harness/internal/install/install.go:401.35,409.4 2 0
github.com/JailtonJunior94/ai-spec-harness/internal/install/install.go:412.2,412.19 1 1
github.com/JailtonJunior94/ai-spec-harness/internal/install/install.go:421.85,422.25 1 1
github.com/JailtonJunior94/ai-spec-harness/internal/install/install.go:422.25,423.59 1 1
github.com/JailtonJunior94/ai-spec-harness/internal/install/install.go:423.59,425.4 1 1
github.com/JailtonJunior94/ai-spec-harness/internal/install/install.go:427.2,427.45 1 1
github.com/JailtonJunior94/ai-spec-harness/internal/install/install.go:430.80,433.16 3 1
github.com/JailtonJunior94/ai-spec-harness/internal/install/install.go:433.16,435.3 1 0
github.com/JailtonJunior94/ai-spec-harness/internal/install/install.go:437.2,438.32 2 1
github.com/JailtonJunior94/ai-spec-harness/internal/install/install.go:438.32,439.77 1 1
github.com/JailtonJunior94/ai-spec-harness/internal/install/install.go:439.77,440.12 1 0
github.com/JailtonJunior94/ai-spec-harness/internal/install/install.go:445.3,445.77 1 1
github.com/JailtonJunior94/ai-spec-harness/internal/install/install.go:445.77,446.12 1 1
github.com/JailtonJunior94/ai-spec-harness/internal/install/install.go:448.3,448.34 1 1
github.com/JailtonJunior94/ai-spec-harness/internal/install/install.go:450.2,450.12 1 1
github.com/JailtonJunior94/ai-spec-harness/internal/install/install.go:453.117,457.34 2 1
github.com/JailtonJunior94/ai-spec-harness/internal/install/install.go:457.34,465.3 2 1
github.com/JailtonJunior94/ai-spec-harness/internal/install/install.go:467.2,467.14 1 1
github.com/JailtonJunior94/ai-spec-harness/internal/install/install.go:472.68,473.14 1 1
github.com/JailtonJunior94/ai-spec-harness/internal/install/install.go:474.25,475.43 1 1
github.com/JailtonJunior94/ai-spec-harness/internal/install/install.go:476.24,477.42 1 1
github.com/JailtonJunior94/ai-spec-harness/internal/install/install.go:478.25,479.43 1 1
github.com/JailtonJunior94/ai-spec-harness/internal/install/install.go:480.26,481.44 1 1
github.com/JailtonJunior94/ai-spec-harness/internal/install/install.go:482.10,483.29 1 1
github.com/JailtonJunior94/ai-spec-harness/internal/install/install.go:490.70,492.9 2 1
github.com/JailtonJunior94/ai-spec-harness/internal/install/install.go:492.9,494.3 1 0
github.com/JailtonJunior94/ai-spec-harness/internal/install/install.go:495.2,502.16 5 1
github.com/JailtonJunior94/ai-spec-harness/internal/install/install.go:502.16,504.3 1 1
github.com/JailtonJunior94/ai-spec-harness/internal/install/install.go:505.2,505.27 1 1
github.com/JailtonJunior94/ai-spec-harness/internal/install/install.go:510.58,511.29 1 1
github.com/JailtonJunior94/ai-spec-harness/internal/install/install.go:511.29,513.10 2 1
github.com/JailtonJunior94/ai-spec-harness/internal/install/install.go:513.10,514.12 1 0
github.com/JailtonJunior94/ai-spec-harness/internal/install/install.go:516.3,521.17 5 1
github.com/JailtonJunior94/ai-spec-harness/internal/install/install.go:521.17,523.4 1 1
github.com/JailtonJunior94/ai-spec-harness/internal/install/install.go:523.9,525.4 1 1
github.com/JailtonJunior94/ai-spec-harness/internal/install/install.go:532.84,536.33 2 1
github.com/JailtonJunior94/ai-spec-harness/internal/install/install.go:536.33,538.3 1 1
github.com/JailtonJunior94/ai-spec-harness/internal/install/install.go:540.2,541.33 2 1
github.com/JailtonJunior94/ai-spec-harness/internal/install/install.go:541.33,544.3 1 0
github.com/JailtonJunior94/ai-spec-harness/internal/install/install.go:548.2,549.16 2 1
github.com/JailtonJunior94/ai-spec-harness/internal/install/install.go:550.24,551.28 1 1
github.com/JailtonJunior94/ai-spec-harness/internal/install/install.go:552.29,553.28 1 0
github.com/JailtonJunior94/ai-spec-harness/internal/install/install.go:554.10,556.28 1 1
github.com/JailtonJunior94/ai-spec-harness/internal/install/install.go:564.91,565.30 1 1
github.com/JailtonJunior94/ai-spec-harness/internal/install/install.go:565.30,567.3 1 1
github.com/JailtonJunior94/ai-spec-harness/internal/install/install.go:569.2,572.32 3 1
github.com/JailtonJunior94/ai-spec-harness/internal/install/install.go:572.32,574.3 1 0
github.com/JailtonJunior94/ai-spec-harness/internal/install/install.go:576.2,576.30 1 1
github.com/JailtonJunior94/ai-spec-harness/internal/install/install.go:576.30,578.3 1 1
github.com/JailtonJunior94/ai-spec-harness/internal/install/install.go:580.2,580.39 1 1
github.com/JailtonJunior94/ai-spec-harness/internal/install/install.go:583.62,586.38 1 1
github.com/JailtonJunior94/ai-spec-harness/internal/install/install.go:586.38,587.28 1 1
github.com/JailtonJunior94/ai-spec-harness/internal/install/install.go:587.28,589.4 1 0
github.com/JailtonJunior94/ai-spec-harness/internal/install/install.go:590.3,590.35 1 1
github.com/JailtonJunior94/ai-spec-harness/internal/install/install.go:590.35,592.4 1 1
github.com/JailtonJunior94/ai-spec-harness/internal/install/install.go:593.3,593.38 1 1
github.com/JailtonJunior94/ai-spec-harness/internal/install/install.go:593.38,595.4 1 0
github.com/JailtonJunior94/ai-spec-harness/internal/install/install.go:597.2,597.57 1 1
github.com/JailtonJunior94/ai-spec-harness/internal/install/install.go:597.57,599.3 1 0
github.com/JailtonJunior94/ai-spec-harness/internal/install/install.go:602.2,602.26 1 1
github.com/JailtonJunior94/ai-spec-harness/internal/install/install.go:602.26,604.3 1 0
github.com/JailtonJunior94/ai-spec-harness/internal/install/install.go:605.2,605.12 1 1
github.com/JailtonJunior94/ai-spec-harness/internal/install/install.go:608.157,612.102 3 1
github.com/JailtonJunior94/ai-spec-harness/internal/install/install.go:612.102,614.3 1 1
github.com/JailtonJunior94/ai-spec-harness/internal/install/install.go:616.2,616.12 1 1
github.com/JailtonJunior94/ai-spec-harness/internal/install/install.go:616.12,618.3 1 1
github.com/JailtonJunior94/ai-spec-harness/internal/install/install.go:618.8,619.50 1 1
github.com/JailtonJunior94/ai-spec-harness/internal/install/install.go:619.50,621.4 1 0
github.com/JailtonJunior94/ai-spec-harness/internal/install/install.go:624.2,624.34 1 1
github.com/JailtonJunior94/ai-spec-harness/internal/install/install.go:624.34,628.23 3 1
github.com/JailtonJunior94/ai-spec-harness/internal/install/install.go:628.23,630.12 2 1
github.com/JailtonJunior94/ai-spec-harness/internal/install/install.go:633.3,633.13 1 1
github.com/JailtonJunior94/ai-spec-harness/internal/install/install.go:633.13,635.12 2 1
github.com/JailtonJunior94/ai-spec-harness/internal/install/install.go:638.3,638.54 1 1
github.com/JailtonJunior94/ai-spec-harness/internal/install/install.go:638.54,640.4 1 0
github.com/JailtonJunior94/ai-spec-harness/internal/install/install.go:641.3,641.47 1 1
github.com/JailtonJunior94/ai-spec-harness/internal/install/install.go:643.2,643.12 1 1
github.com/JailtonJunior94/ai-spec-harness/internal/install/install.go:646.161,649.14 2 1
github.com/JailtonJunior94/ai-spec-harness/internal/install/install.go:650.25,651.73 1 1
github.com/JailtonJunior94/ai-spec-harness/internal/install/install.go:652.25,653.56 1 1
github.com/JailtonJunior94/ai-spec-harness/internal/install/install.go:654.24,655.80 1 1
github.com/JailtonJunior94/ai-spec-harness/internal/install/install.go:656.26,657.74 1 1
github.com/JailtonJunior94/ai-spec-harness/internal/install/install.go:659.2,659.12 1 0
github.com/JailtonJunior94/ai-spec-harness/internal/install/install.go:662.124,672.25 2 1
github.com/JailtonJunior94/ai-spec-harness/internal/install/install.go:672.25,673.13 1 1
github.com/JailtonJunior94/ai-spec-harness/internal/install/install.go:673.13,675.4 1 1
github.com/JailtonJunior94/ai-spec-harness/internal/install/install.go:675.9,675.49 1 1
github.com/JailtonJunior94/ai-spec-harness/internal/install/install.go:675.49,677.4 1 0
github.com/JailtonJunior94/ai-spec-harness/internal/install/install.go:681.2,681.34 1 1
github.com/JailtonJunior94/ai-spec-harness/internal/install/install.go:681.34,686.23 4 1
github.com/JailtonJunior94/ai-spec-harness/internal/install/install.go:686.23,687.12 1 1
github.com/JailtonJunior94/ai-spec-harness/internal/install/install.go:690.3,690.13 1 1
github.com/JailtonJunior94/ai-spec-harness/internal/install/install.go:690.13,692.12 2 1
github.com/JailtonJunior94/ai-spec-harness/internal/install/install.go:695.3,695.30 1 1
github.com/JailtonJunior94/ai-spec-harness/internal/install/install.go:695.30,696.46 1 1
github.com/JailtonJunior94/ai-spec-harness/internal/install/install.go:696.46,698.5 1 0
github.com/JailtonJunior94/ai-spec-harness/internal/install/install.go:699.4,699.49 1 1
github.com/JailtonJunior94/ai-spec-harness/internal/install/install.go:699.49,701.5 1 0
github.com/JailtonJunior94/ai-spec-harness/internal/install/install.go:702.9,703.55 1 0
github.com/JailtonJunior94/ai-spec-harness/internal/install/install.go:703.55,705.5 1 0
github.com/JailtonJunior94/ai-spec-harness/internal/install/install.go:709.2,709.12 1 1
github.com/JailtonJunior94/ai-spec-harness/internal/install/install.go:709.12,722.3 12 1
github.com/JailtonJunior94/ai-spec-harness/internal/install/install.go:724.2,725.27 2 1
github.com/JailtonJunior94/ai-spec-harness/internal/install/install.go:725.27,726.113 1 1
github.com/JailtonJunior94/ai-spec-harness/internal/install/install.go:726.113,728.4 1 0
github.com/JailtonJunior94/ai-spec-harness/internal/install/install.go:731.2,732.33 2 1
github.com/JailtonJunior94/ai-spec-harness/internal/install/install.go:732.33,733.133 1 1
github.com/JailtonJunior94/ai-spec-harness/internal/install/install.go:733.133,735.4 1 0
github.com/JailtonJunior94/ai-spec-harness/internal/install/install.go:738.2,739.31 2 1
github.com/JailtonJunior94/ai-spec-harness/internal/install/install.go:739.31,740.133 1 1
github.com/JailtonJunior94/ai-spec-harness/internal/install/install.go:740.133,742.4 1 0
github.com/JailtonJunior94/ai-spec-harness/internal/install/install.go:745.2,746.33 2 1
github.com/JailtonJunior94/ai-spec-harness/internal/install/install.go:746.33,747.137 1 1
github.com/JailtonJunior94/ai-spec-harness/internal/install/install.go:747.137,749.4 1 0
github.com/JailtonJunior94/ai-spec-harness/internal/install/install.go:752.2,753.31 2 1
github.com/JailtonJunior94/ai-spec-harness/internal/install/install.go:753.31,754.133 1 1
github.com/JailtonJunior94/ai-spec-harness/internal/install/install.go:754.133,756.4 1 0
github.com/JailtonJunior94/ai-spec-harness/internal/install/install.go:759.2,761.26 3 1
github.com/JailtonJunior94/ai-spec-harness/internal/install/install.go:761.26,762.98 1 1
github.com/JailtonJunior94/ai-spec-harness/internal/install/install.go:762.98,764.4 1 0
github.com/JailtonJunior94/ai-spec-harness/internal/install/install.go:767.2,768.30 2 1
github.com/JailtonJunior94/ai-spec-harness/internal/install/install.go:768.30,769.99 1 1
github.com/JailtonJunior94/ai-spec-harness/internal/install/install.go:769.99,771.4 1 0
github.com/JailtonJunior94/ai-spec-harness/internal/install/install.go:775.2,775.106 1 1
github.com/JailtonJunior94/ai-spec-harness/internal/install/install.go:775.106,777.3 1 0
github.com/JailtonJunior94/ai-spec-harness/internal/install/install.go:779.2,780.33 2 1
github.com/JailtonJunior94/ai-spec-harness/internal/install/install.go:780.33,781.123 1 1
github.com/JailtonJunior94/ai-spec-harness/internal/install/install.go:781.123,783.4 1 0
github.com/JailtonJunior94/ai-spec-harness/internal/install/install.go:786.2,787.29 2 1
github.com/JailtonJunior94/ai-spec-harness/internal/install/install.go:787.29,788.125 1 1
github.com/JailtonJunior94/ai-spec-harness/internal/install/install.go:788.125,790.4 1 0
github.com/JailtonJunior94/ai-spec-harness/internal/install/install.go:793.2,794.27 2 1
github.com/JailtonJunior94/ai-spec-harness/internal/install/install.go:794.27,795.89 1 1
github.com/JailtonJunior94/ai-spec-harness/internal/install/install.go:795.89,797.4 1 0
github.com/JailtonJunior94/ai-spec-harness/internal/install/install.go:800.2,801.32 2 1
github.com/JailtonJunior94/ai-spec-harness/internal/install/install.go:801.32,802.99 1 1
github.com/JailtonJunior94/ai-spec-harness/internal/install/install.go:802.99,804.4 1 0
github.com/JailtonJunior94/ai-spec-harness/internal/install/install.go:805.8,805.65 1 1
github.com/JailtonJunior94/ai-spec-harness/internal/install/install.go:805.65,807.112 2 1
github.com/JailtonJunior94/ai-spec-harness/internal/install/install.go:807.112,809.4 1 0
github.com/JailtonJunior94/ai-spec-harness/internal/install/install.go:812.2,813.12 2 1
github.com/JailtonJunior94/ai-spec-harness/internal/install/install.go:816.82,818.12 2 1
github.com/JailtonJunior94/ai-spec-harness/internal/install/install.go:818.12,826.3 7 1
github.com/JailtonJunior94/ai-spec-harness/internal/install/install.go:828.2,828.46 1 1
github.com/JailtonJunior94/ai-spec-harness/internal/install/install.go:828.46,830.3 1 0
github.com/JailtonJunior94/ai-spec-harness/internal/install/install.go:831.2,836.32 5 1
github.com/JailtonJunior94/ai-spec-harness/internal/install/install.go:836.32,837.48 1 1
github.com/JailtonJunior94/ai-spec-harness/internal/install/install.go:837.48,839.4 1 0
github.com/JailtonJunior94/ai-spec-harness/internal/install/install.go:840.3,840.101 1 1
github.com/JailtonJunior94/ai-spec-harness/internal/install/install.go:840.101,842.4 1 0
github.com/JailtonJunior94/ai-spec-harness/internal/install/install.go:845.2,846.35 2 1
github.com/JailtonJunior94/ai-spec-harness/internal/install/install.go:846.35,847.48 1 1
github.com/JailtonJunior94/ai-spec-harness/internal/install/install.go:847.48,849.4 1 0
github.com/JailtonJunior94/ai-spec-harness/internal/install/install.go:850.3,850.107 1 1
github.com/JailtonJunior94/ai-spec-harness/internal/install/install.go:850.107,852.4 1 0
github.com/JailtonJunior94/ai-spec-harness/internal/install/install.go:855.2,855.106 1 1
github.com/JailtonJunior94/ai-spec-harness/internal/install/install.go:855.106,857.3 1 0
github.com/JailtonJunior94/ai-spec-harness/internal/install/install.go:859.2,860.34 2 1
github.com/JailtonJunior94/ai-spec-harness/internal/install/install.go:860.34,861.101 1 1
github.com/JailtonJunior94/ai-spec-harness/internal/install/install.go:861.101,863.4 1 0
github.com/JailtonJunior94/ai-spec-harness/internal/install/install.go:864.8,864.67 1 0
github.com/JailtonJunior94/ai-spec-harness/internal/install/install.go:864.67,865.61 1 0
github.com/JailtonJunior94/ai-spec-harness/internal/install/install.go:865.61,867.4 1 0
github.com/JailtonJunior94/ai-spec-harness/internal/install/install.go:870.2,871.27 2 1
github.com/JailtonJunior94/ai-spec-harness/internal/install/install.go:871.27,872.89 1 1
github.com/JailtonJunior94/ai-spec-harness/internal/install/install.go:872.89,874.4 1 0
github.com/JailtonJunior94/ai-spec-harness/internal/install/install.go:877.2,877.12 1 1
github.com/JailtonJunior94/ai-spec-harness/internal/install/install.go:918.73,923.43 4 1
github.com/JailtonJunior94/ai-spec-harness/internal/install/install.go:923.43,925.24 2 1
github.com/JailtonJunior94/ai-spec-harness/internal/install/install.go:925.24,927.4 1 1
github.com/JailtonJunior94/ai-spec-harness/internal/install/install.go:928.3,928.24 1 1
github.com/JailtonJunior94/ai-spec-harness/internal/install/install.go:928.24,929.12 1 1
github.com/JailtonJunior94/ai-spec-harness/internal/install/install.go:931.3,931.47 1 1
github.com/JailtonJunior94/ai-spec-harness/internal/install/install.go:931.47,933.4 1 0
github.com/JailtonJunior94/ai-spec-harness/internal/install/install.go:934.3,935.49 2 1
github.com/JailtonJunior94/ai-spec-harness/internal/install/install.go:935.49,937.4 1 0
github.com/JailtonJunior94/ai-spec-harness/internal/install/install.go:938.3,938.46 1 1
github.com/JailtonJunior94/ai-spec-harness/internal/install/install.go:938.46,940.4 1 1
github.com/JailtonJunior94/ai-spec-harness/internal/install/install.go:942.2,942.12 1 1
github.com/JailtonJunior94/ai-spec-harness/internal/install/install.go:956.69,960.38 3 1
github.com/JailtonJunior94/ai-spec-harness/internal/install/install.go:960.38,962.24 2 1
github.com/JailtonJunior94/ai-spec-harness/internal/install/install.go:962.24,963.12 1 1
github.com/JailtonJunior94/ai-spec-harness/internal/install/install.go:965.3,965.47 1 1
github.com/JailtonJunior94/ai-spec-harness/internal/install/install.go:965.47,967.4 1 0
github.com/JailtonJunior94/ai-spec-harness/internal/install/install.go:968.3,969.49 2 1
github.com/JailtonJunior94/ai-spec-harness/internal/install/install.go:969.49,971.4 1 0
github.com/JailtonJunior94/ai-spec-harness/internal/install/install.go:972.3,972.46 1 1
github.com/JailtonJunior94/ai-spec-harness/internal/install/install.go:972.46,974.4 1 1
github.com/JailtonJunior94/ai-spec-harness/internal/install/install.go:976.2,976.12 1 1
github.com/JailtonJunior94/ai-spec-harness/internal/install/install.go:991.92,995.44 3 1
github.com/JailtonJunior94/ai-spec-harness/internal/install/install.go:995.44,997.24 2 1
github.com/JailtonJunior94/ai-spec-harness/internal/install/install.go:997.24,998.12 1 1
github.com/JailtonJunior94/ai-spec-harness/internal/install/install.go:1000.3,1000.47 1 1
github.com/JailtonJunior94/ai-spec-harness/internal/install/install.go:1000.47,1002.4 1 0
github.com/JailtonJunior94/ai-spec-harness/internal/install/install.go:1003.3,1004.49 2 1
github.com/JailtonJunior94/ai-spec-harness/internal/install/install.go:1004.49,1006.4 1 0
github.com/JailtonJunior94/ai-spec-harness/internal/install/install.go:1007.3,1007.46 1 1
github.com/JailtonJunior94/ai-spec-harness/internal/install/install.go:1007.46,1009.4 1 1
github.com/JailtonJunior94/ai-spec-harness/internal/install/install.go:1011.2,1011.12 1 1
github.com/JailtonJunior94/ai-spec-harness/internal/install/install.go:1017.90,1021.42 3 1
github.com/JailtonJunior94/ai-spec-harness/internal/install/install.go:1021.42,1023.24 2 1
github.com/JailtonJunior94/ai-spec-harness/internal/install/install.go:1023.24,1024.12 1 1
github.com/JailtonJunior94/ai-spec-harness/internal/install/install.go:1026.3,1026.47 1 1
github.com/JailtonJunior94/ai-spec-harness/internal/install/install.go:1026.47,1028.4 1 0
github.com/JailtonJunior94/ai-spec-harness/internal/install/install.go:1029.3,1030.49 2 1
github.com/JailtonJunior94/ai-spec-harness/internal/install/install.go:1030.49,1032.4 1 0
github.com/JailtonJunior94/ai-spec-harness/internal/install/install.go:1035.3,1035.46 1 1
github.com/JailtonJunior94/ai-spec-harness/internal/install/install.go:1035.46,1038.4 1 0
github.com/JailtonJunior94/ai-spec-harness/internal/install/install.go:1040.2,1040.12 1 1
github.com/JailtonJunior94/ai-spec-harness/internal/install/install.go:1050.66,1052.30 2 1
github.com/JailtonJunior94/ai-spec-harness/internal/install/install.go:1052.30,1053.31 1 1
github.com/JailtonJunior94/ai-spec-harness/internal/install/install.go:1053.31,1055.4 1 1
github.com/JailtonJunior94/ai-spec-harness/internal/install/install.go:1057.2,1057.12 1 1
github.com/JailtonJunior94/ai-spec-harness/internal/install/install.go:1060.122,1062.12 2 1
github.com/JailtonJunior94/ai-spec-harness/internal/install/install.go:1062.12,1068.3 5 0
github.com/JailtonJunior94/ai-spec-harness/internal/install/install.go:1070.2,1070.48 1 1
github.com/JailtonJunior94/ai-spec-harness/internal/install/install.go:1070.48,1072.3 1 0
github.com/JailtonJunior94/ai-spec-harness/internal/install/install.go:1074.2,1075.28 2 1
github.com/JailtonJunior94/ai-spec-harness/internal/install/install.go:1075.28,1077.3 1 1
github.com/JailtonJunior94/ai-spec-harness/internal/install/install.go:1079.2,1081.96 3 1
github.com/JailtonJunior94/ai-spec-harness/internal/install/install.go:1081.96,1083.3 1 0
github.com/JailtonJunior94/ai-spec-harness/internal/install/install.go:1085.2,1085.119 1 1
github.com/JailtonJunior94/ai-spec-harness/internal/install/install.go:1085.119,1087.3 1 0
github.com/JailtonJunior94/ai-spec-harness/internal/install/install.go:1089.2,1091.107 2 1
github.com/JailtonJunior94/ai-spec-harness/internal/install/install.go:1091.107,1093.3 1 0
github.com/JailtonJunior94/ai-spec-harness/internal/install/install.go:1095.2,1095.105 1 1
github.com/JailtonJunior94/ai-spec-harness/internal/install/install.go:1095.105,1097.3 1 0
github.com/JailtonJunior94/ai-spec-harness/internal/install/install.go:1099.2,1099.12 1 1
github.com/JailtonJunior94/ai-spec-harness/internal/install/install.go:1102.125,1108.25 2 1
github.com/JailtonJunior94/ai-spec-harness/internal/install/install.go:1108.25,1109.13 1 1
github.com/JailtonJunior94/ai-spec-harness/internal/install/install.go:1109.13,1111.4 1 1
github.com/JailtonJunior94/ai-spec-harness/internal/install/install.go:1111.9,1111.49 1 1
github.com/JailtonJunior94/ai-spec-harness/internal/install/install.go:1111.49,1113.4 1 0
github.com/JailtonJunior94/ai-spec-harness/internal/install/install.go:1116.2,1116.34 1 1
github.com/JailtonJunior94/ai-spec-harness/internal/install/install.go:1116.34,1121.23 4 1
github.com/JailtonJunior94/ai-spec-harness/internal/install/install.go:1121.23,1122.12 1 1
github.com/JailtonJunior94/ai-spec-harness/internal/install/install.go:1125.3,1125.13 1 1
github.com/JailtonJunior94/ai-spec-harness/internal/install/install.go:1125.13,1127.12 2 1
github.com/JailtonJunior94/ai-spec-harness/internal/install/install.go:1130.3,1130.30 1 1
github.com/JailtonJunior94/ai-spec-harness/internal/install/install.go:1130.30,1131.46 1 1
github.com/JailtonJunior94/ai-spec-harness/internal/install/install.go:1131.46,1133.5 1 0
github.com/JailtonJunior94/ai-spec-harness/internal/install/install.go:1134.4,1134.49 1 1
github.com/JailtonJunior94/ai-spec-harness/internal/install/install.go:1134.49,1136.5 1 0
github.com/JailtonJunior94/ai-spec-harness/internal/install/install.go:1137.9,1138.55 1 0
github.com/JailtonJunior94/ai-spec-harness/internal/install/install.go:1138.55,1140.5 1 0
github.com/JailtonJunior94/ai-spec-harness/internal/install/install.go:1144.2,1144.13 1 1
github.com/JailtonJunior94/ai-spec-harness/internal/install/install.go:1144.13,1146.109 2 1
github.com/JailtonJunior94/ai-spec-harness/internal/install/install.go:1146.109,1148.4 1 0
github.com/JailtonJunior94/ai-spec-harness/internal/install/install.go:1149.3,1149.107 1 1
github.com/JailtonJunior94/ai-spec-harness/internal/install/install.go:1149.107,1151.4 1 0
github.com/JailtonJunior94/ai-spec-harness/internal/install/install.go:1152.3,1153.31 2 1
github.com/JailtonJunior94/ai-spec-harness/internal/install/install.go:1153.31,1154.96 1 1
github.com/JailtonJunior94/ai-spec-harness/internal/install/install.go:1154.96,1156.5 1 0
github.com/JailtonJunior94/ai-spec-harness/internal/install/install.go:1158.8,1161.3 2 1
github.com/JailtonJunior94/ai-spec-harness/internal/install/install.go:1163.2,1163.12 1 1
github.com/JailtonJunior94/ai-spec-harness/internal/install/install.go:1166.87,1167.26 1 1
github.com/JailtonJunior94/ai-spec-harness/internal/install/install.go:1167.26,1169.3 1 1
github.com/JailtonJunior94/ai-spec-harness/internal/install/install.go:1171.2,1178.28 2 1
github.com/JailtonJunior94/ai-spec-harness/internal/install/install.go:1178.28,1180.3 1 1
github.com/JailtonJunior94/ai-spec-harness/internal/install/install.go:1182.2,1183.34 2 1
github.com/JailtonJunior94/ai-spec-harness/internal/install/install.go:1183.34,1184.77 1 1
github.com/JailtonJunior94/ai-spec-harness/internal/install/install.go:1184.77,1186.4 1 1
github.com/JailtonJunior94/ai-spec-harness/internal/install/install.go:1188.2,1188.27 1 1
github.com/JailtonJunior94/ai-spec-harness/internal/install/install.go:1191.50,1230.2 1 1
github.com/JailtonJunior94/ai-spec-harness/internal/install/install.go:1235.50,1273.2 1 1
github.com/JailtonJunior94/ai-spec-harness/internal/install/install.go:1278.48,1303.2 1 1
github.com/JailtonJunior94/ai-spec-harness/internal/install/install.go:1309.46,1337.2 1 1
github.com/JailtonJunior94/ai-spec-harness/internal/install/install.go:1342.48,1360.2 1 1
github.com/JailtonJunior94/ai-spec-harness/internal/install/install.go:1362.75,1363.29 1 1
github.com/JailtonJunior94/ai-spec-harness/internal/install/install.go:1363.29,1366.3 2 1
github.com/JailtonJunior94/ai-spec-harness/internal/install/install.go:1367.2,1367.31 1 0
github.com/JailtonJunior94/ai-spec-harness/internal/install/install.go:1370.92,1372.34 2 1
github.com/JailtonJunior94/ai-spec-harness/internal/install/install.go:1372.34,1375.17 3 1
github.com/JailtonJunior94/ai-spec-harness/internal/install/install.go:1375.17,1376.12 1 1
github.com/JailtonJunior94/ai-spec-harness/internal/install/install.go:1378.3,1378.26 1 1
github.com/JailtonJunior94/ai-spec-harness/internal/install/install.go:1380.2,1380.18 1 1
github.com/JailtonJunior94/ai-spec-harness/internal/install/install.go:1383.97,1385.34 2 1
github.com/JailtonJunior94/ai-spec-harness/internal/install/install.go:1385.34,1388.17 3 1
github.com/JailtonJunior94/ai-spec-harness/internal/install/install.go:1388.17,1389.12 1 1
github.com/JailtonJunior94/ai-spec-harness/internal/install/install.go:1392.3,1393.23 2 1
github.com/JailtonJunior94/ai-spec-harness/internal/install/install.go:1393.23,1395.4 1 1
github.com/JailtonJunior94/ai-spec-harness/internal/install/install.go:1398.2,1398.17 1 1
github.com/JailtonJunior94/ai-spec-harness/internal/install/install.go:1401.59,1403.26 2 1
github.com/JailtonJunior94/ai-spec-harness/internal/install/install.go:1403.26,1405.3 1 1
github.com/JailtonJunior94/ai-spec-harness/internal/install/install.go:1406.2,1406.12 1 1
github.com/JailtonJunior94/ai-spec-harness/internal/install/install.go:1409.59,1411.26 2 1
github.com/JailtonJunior94/ai-spec-harness/internal/install/install.go:1411.26,1413.3 1 1
github.com/JailtonJunior94/ai-spec-harness/internal/install/install.go:1414.2,1414.12 1 1
github.com/JailtonJunior94/ai-spec-harness/internal/install/r1_receiver.go:6.26,6.46 1 1
github.com/JailtonJunior94/ai-spec-harness/internal/runtime/mcpserver/engine.go:34.98,43.61 5 1
github.com/JailtonJunior94/ai-spec-harness/internal/runtime/mcpserver/engine.go:43.61,45.3 1 0
github.com/JailtonJunior94/ai-spec-harness/internal/runtime/mcpserver/engine.go:48.2,49.16 2 1
github.com/JailtonJunior94/ai-spec-harness/internal/runtime/mcpserver/engine.go:49.16,51.3 1 0
github.com/JailtonJunior94/ai-spec-harness/internal/runtime/mcpserver/engine.go:56.2,58.15 3 1
github.com/JailtonJunior94/ai-spec-harness/internal/runtime/mcpserver/engine.go:58.15,59.20 1 1
github.com/JailtonJunior94/ai-spec-harness/internal/runtime/mcpserver/engine.go:59.20,61.4 1 1
github.com/JailtonJunior94/ai-spec-harness/internal/runtime/mcpserver/engine.go:61.9,63.4 1 0
github.com/JailtonJunior94/ai-spec-harness/internal/runtime/mcpserver/engine.go:67.2,71.17 3 1
github.com/JailtonJunior94/ai-spec-harness/internal/runtime/mcpserver/engine.go:71.17,73.3 1 1
github.com/JailtonJunior94/ai-spec-harness/internal/runtime/mcpserver/engine.go:75.2,76.21 2 1
github.com/JailtonJunior94/ai-spec-harness/internal/runtime/mcpserver/engine.go:76.21,78.3 1 0
github.com/JailtonJunior94/ai-spec-harness/internal/runtime/mcpserver/engine.go:80.2,94.29 3 1
github.com/JailtonJunior94/ai-spec-harness/internal/runtime/mcpserver/engine.go:94.29,96.3 1 0
github.com/JailtonJunior94/ai-spec-harness/internal/runtime/mcpserver/engine.go:98.2,100.16 3 1
github.com/JailtonJunior94/ai-spec-harness/internal/runtime/mcpserver/engine.go:100.16,102.3 1 1
github.com/JailtonJunior94/ai-spec-harness/internal/runtime/mcpserver/engine.go:104.2,107.8 1 0
github.com/JailtonJunior94/ai-spec-harness/internal/runtime/mcpserver/engine.go:112.75,113.27 1 1
github.com/JailtonJunior94/ai-spec-harness/internal/runtime/mcpserver/engine.go:114.15,115.36 1 1
github.com/JailtonJunior94/ai-spec-harness/internal/runtime/mcpserver/engine.go:116.17,117.38 1 1
github.com/JailtonJunior94/ai-spec-harness/internal/runtime/mcpserver/engine.go:118.10,120.37 1 1
github.com/JailtonJunior94/ai-spec-harness/internal/runtime/mcpserver/engine.go:126.62,129.2 2 1
github.com/JailtonJunior94/ai-spec-harness/internal/runtime/mcpserver/engine.go:133.85,134.35 1 1
github.com/JailtonJunior94/ai-spec-harness/internal/runtime/mcpserver/engine.go:134.35,136.3 1 1
github.com/JailtonJunior94/ai-spec-harness/internal/runtime/mcpserver/engine.go:137.2,137.77 1 1
github.com/JailtonJunior94/ai-spec-harness/internal/runtime/mcpserver/engine.go:142.92,143.24 1 1
github.com/JailtonJunior94/ai-spec-harness/internal/runtime/mcpserver/engine.go:143.24,145.3 1 1
github.com/JailtonJunior94/ai-spec-harness/internal/runtime/mcpserver/engine.go:146.2,146.73 1 1
github.com/JailtonJunior94/ai-spec-harness/internal/runtime/mcpserver/engine.go:150.70,158.2 1 0
github.com/JailtonJunior94/ai-spec-harness/internal/runtime/mcpserver/r1_catalog.go:6.28,8.2 1 1
github.com/JailtonJunior94/ai-spec-harness/internal/runtime/mcpserver/server.go:80.102,81.19 1 1
github.com/JailtonJunior94/ai-spec-harness/internal/runtime/mcpserver/server.go:81.19,83.3 1 1
github.com/JailtonJunior94/ai-spec-harness/internal/runtime/mcpserver/server.go:84.2,88.3 1 1
github.com/JailtonJunior94/ai-spec-harness/internal/runtime/mcpserver/server.go:92.41,93.42 1 1
github.com/JailtonJunior94/ai-spec-harness/internal/runtime/mcpserver/server.go:93.42,94.53 1 0
github.com/JailtonJunior94/ai-spec-harness/internal/runtime/mcpserver/server.go:94.53,96.4 1 0
github.com/JailtonJunior94/ai-spec-harness/internal/runtime/mcpserver/server.go:98.2,98.24 1 1
github.com/JailtonJunior94/ai-spec-harness/internal/runtime/mcpserver/server.go:102.80,108.6 3 1
github.com/JailtonJunior94/ai-spec-harness/internal/runtime/mcpserver/server.go:108.6,109.10 1 1
github.com/JailtonJunior94/ai-spec-harness/internal/runtime/mcpserver/server.go:110.21,111.20 1 1
github.com/JailtonJunior94/ai-spec-harness/internal/runtime/mcpserver/server.go:112.11,112.11 0 1
github.com/JailtonJunior94/ai-spec-harness/internal/runtime/mcpserver/server.go:115.3,116.20 2 1
github.com/JailtonJunior94/ai-spec-harness/internal/runtime/mcpserver/server.go:116.20,118.4 1 1
github.com/JailtonJunior94/ai-spec-harness/internal/runtime/mcpserver/server.go:119.3,119.17 1 1
github.com/JailtonJunior94/ai-spec-harness/internal/runtime/mcpserver/server.go:119.17,122.12 2 0
github.com/JailtonJunior94/ai-spec-harness/internal/runtime/mcpserver/server.go:125.3,125.81 1 1
github.com/JailtonJunior94/ai-spec-harness/internal/runtime/mcpserver/server.go:125.81,128.4 1 0
github.com/JailtonJunior94/ai-spec-harness/internal/runtime/mcpserver/server.go:138.9,139.20 1 1
github.com/JailtonJunior94/ai-spec-harness/internal/runtime/mcpserver/server.go:140.20,141.40 1 1
github.com/JailtonJunior94/ai-spec-harness/internal/runtime/mcpserver/server.go:142.35,144.13 1 0
github.com/JailtonJunior94/ai-spec-harness/internal/runtime/mcpserver/server.go:145.20,146.39 1 1
github.com/JailtonJunior94/ai-spec-harness/internal/runtime/mcpserver/server.go:147.20,148.55 1 1
github.com/JailtonJunior94/ai-spec-harness/internal/runtime/mcpserver/server.go:149.10,151.58 1 1
github.com/JailtonJunior94/ai-spec-harness/internal/runtime/mcpserver/server.go:156.78,168.2 2 1
github.com/JailtonJunior94/ai-spec-harness/internal/runtime/mcpserver/server.go:171.77,182.2 2 1
github.com/JailtonJunior94/ai-spec-harness/internal/runtime/mcpserver/server.go:190.9,192.60 2 1
github.com/JailtonJunior94/ai-spec-harness/internal/runtime/mcpserver/server.go:192.60,195.3 1 0
github.com/JailtonJunior94/ai-spec-harness/internal/runtime/mcpserver/server.go:197.2,197.37 1 1
github.com/JailtonJunior94/ai-spec-harness/internal/runtime/mcpserver/server.go:197.37,200.3 1 0
github.com/JailtonJunior94/ai-spec-harness/internal/runtime/mcpserver/server.go:202.2,203.31 2 1
github.com/JailtonJunior94/ai-spec-harness/internal/runtime/mcpserver/server.go:203.31,204.66 1 1
github.com/JailtonJunior94/ai-spec-harness/internal/runtime/mcpserver/server.go:204.66,207.4 1 0
github.com/JailtonJunior94/ai-spec-harness/internal/runtime/mcpserver/server.go:211.2,211.27 1 1
github.com/JailtonJunior94/ai-spec-harness/internal/runtime/mcpserver/server.go:211.27,213.3 1 1
github.com/JailtonJunior94/ai-spec-harness/internal/runtime/mcpserver/server.go:216.2,217.31 2 1
github.com/JailtonJunior94/ai-spec-harness/internal/runtime/mcpserver/server.go:217.31,220.3 1 1
github.com/JailtonJunior94/ai-spec-harness/internal/runtime/mcpserver/server.go:223.2,224.16 2 1
github.com/JailtonJunior94/ai-spec-harness/internal/runtime/mcpserver/server.go:224.16,227.3 1 1
github.com/JailtonJunior94/ai-spec-harness/internal/runtime/mcpserver/server.go:230.2,231.21 2 1
github.com/JailtonJunior94/ai-spec-harness/internal/runtime/mcpserver/server.go:231.21,233.3 1 0
github.com/JailtonJunior94/ai-spec-harness/internal/runtime/mcpserver/server.go:234.2,234.29 1 1
github.com/JailtonJunior94/ai-spec-harness/internal/runtime/mcpserver/server.go:234.29,236.3 1 0
github.com/JailtonJunior94/ai-spec-harness/internal/runtime/mcpserver/server.go:239.2,257.16 5 1
github.com/JailtonJunior94/ai-spec-harness/internal/runtime/mcpserver/server.go:257.16,259.49 2 1
github.com/JailtonJunior94/ai-spec-harness/internal/runtime/mcpserver/server.go:259.49,262.4 2 0
github.com/JailtonJunior94/ai-spec-harness/internal/runtime/mcpserver/server.go:263.3,263.56 1 1
github.com/JailtonJunior94/ai-spec-harness/internal/runtime/mcpserver/server.go:267.2,273.42 3 0
github.com/JailtonJunior94/ai-spec-harness/internal/runtime/mcpserver/server.go:278.62,280.15 2 1
github.com/JailtonJunior94/ai-spec-harness/internal/runtime/mcpserver/server.go:280.15,282.3 1 1
github.com/JailtonJunior94/ai-spec-harness/internal/runtime/mcpserver/server.go:283.2,284.57 2 1
github.com/JailtonJunior94/ai-spec-harness/internal/runtime/mcpserver/server.go:284.57,286.3 1 1
github.com/JailtonJunior94/ai-spec-harness/internal/runtime/mcpserver/server.go:287.2,287.11 1 1
github.com/JailtonJunior94/ai-spec-harness/internal/runtime/mcpserver/server.go:291.56,316.2 1 1
github.com/JailtonJunior94/ai-spec-harness/internal/gitref/gitref.go:23.30,25.2 1 1
github.com/JailtonJunior94/ai-spec-harness/internal/gitref/gitref.go:29.72,30.48 1 1
github.com/JailtonJunior94/ai-spec-harness/internal/gitref/gitref.go:30.48,32.3 1 0
github.com/JailtonJunior94/ai-spec-harness/internal/gitref/gitref.go:34.2,35.50 2 1
github.com/JailtonJunior94/ai-spec-harness/internal/gitref/gitref.go:35.50,37.3 1 1
github.com/JailtonJunior94/ai-spec-harness/internal/gitref/gitref.go:37.8,39.3 1 1
github.com/JailtonJunior94/ai-spec-harness/internal/gitref/gitref.go:41.2,43.16 3 1
github.com/JailtonJunior94/ai-spec-harness/internal/gitref/gitref.go:43.16,45.3 1 1
github.com/JailtonJunior94/ai-spec-harness/internal/gitref/gitref.go:46.2,49.16 3 1
github.com/JailtonJunior94/ai-spec-harness/internal/gitref/gitref.go:49.16,51.3 1 0
github.com/JailtonJunior94/ai-spec-harness/internal/gitref/gitref.go:53.2,57.16 4 1
github.com/JailtonJunior94/ai-spec-harness/internal/gitref/gitref.go:57.16,60.3 2 0
github.com/JailtonJunior94/ai-spec-harness/internal/gitref/gitref.go:61.2,63.43 2 1
github.com/JailtonJunior94/ai-spec-harness/internal/gitref/gitref.go:63.43,66.3 2 0
github.com/JailtonJunior94/ai-spec-harness/internal/gitref/gitref.go:67.2,67.39 1 1
github.com/JailtonJunior94/ai-spec-harness/internal/gitref/gitref.go:67.39,71.3 3 0
github.com/JailtonJunior94/ai-spec-harness/internal/gitref/gitref.go:72.2,72.42 1 1
github.com/JailtonJunior94/ai-spec-harness/internal/gitref/gitref.go:72.42,76.3 3 0
github.com/JailtonJunior94/ai-spec-harness/internal/gitref/gitref.go:77.2,77.38 1 1
github.com/JailtonJunior94/ai-spec-harness/internal/gitref/gitref.go:77.38,80.3 2 0
github.com/JailtonJunior94/ai-spec-harness/internal/gitref/gitref.go:82.2,86.19 1 1
github.com/JailtonJunior94/ai-spec-harness/internal/gitref/gitref.go:86.19,88.4 1 1
github.com/JailtonJunior94/ai-spec-harness/internal/semver/semver.go:26.28,28.2 1 1
github.com/JailtonJunior94/ai-spec-harness/internal/semver/semver.go:53.64,56.16 3 1
github.com/JailtonJunior94/ai-spec-harness/internal/semver/semver.go:56.16,58.3 1 1
github.com/JailtonJunior94/ai-spec-harness/internal/semver/semver.go:59.2,59.44 1 1
github.com/JailtonJunior94/ai-spec-harness/internal/semver/semver.go:63.92,66.16 3 1
github.com/JailtonJunior94/ai-spec-harness/internal/semver/semver.go:66.16,68.3 1 0
github.com/JailtonJunior94/ai-spec-harness/internal/semver/semver.go:70.2,71.75 2 1
github.com/JailtonJunior94/ai-spec-harness/internal/semver/semver.go:71.75,72.17 1 1
github.com/JailtonJunior94/ai-spec-harness/internal/semver/semver.go:72.17,73.12 1 0
github.com/JailtonJunior94/ai-spec-harness/internal/semver/semver.go:75.3,76.21 2 1
github.com/JailtonJunior94/ai-spec-harness/internal/semver/semver.go:76.21,77.12 1 0
github.com/JailtonJunior94/ai-spec-harness/internal/semver/semver.go:79.3,80.31 2 1
github.com/JailtonJunior94/ai-spec-harness/internal/semver/semver.go:84.2,84.28 1 1
github.com/JailtonJunior94/ai-spec-harness/internal/semver/semver.go:84.28,86.62 2 1
github.com/JailtonJunior94/ai-spec-harness/internal/semver/semver.go:86.62,88.4 1 1
github.com/JailtonJunior94/ai-spec-harness/internal/semver/semver.go:91.2,91.21 1 1
github.com/JailtonJunior94/ai-spec-harness/internal/semver/semver.go:94.72,97.16 3 1
github.com/JailtonJunior94/ai-spec-harness/internal/semver/semver.go:97.16,99.3 1 0
github.com/JailtonJunior94/ai-spec-harness/internal/semver/semver.go:100.2,100.25 1 1
github.com/JailtonJunior94/ai-spec-harness/internal/semver/semver.go:103.60,106.50 2 1
github.com/JailtonJunior94/ai-spec-harness/internal/semver/semver.go:106.50,108.3 1 0
github.com/JailtonJunior94/ai-spec-harness/internal/semver/semver.go:110.2,111.13 2 1
github.com/JailtonJunior94/ai-spec-harness/internal/semver/semver.go:111.13,113.3 1 0
github.com/JailtonJunior94/ai-spec-harness/internal/semver/semver.go:115.2,118.36 3 1
github.com/JailtonJunior94/ai-spec-harness/internal/semver/semver.go:118.36,121.3 2 1
github.com/JailtonJunior94/ai-spec-harness/internal/semver/semver.go:124.2,124.59 1 1
github.com/JailtonJunior94/ai-spec-harness/internal/semver/semver.go:124.59,126.3 1 0
github.com/JailtonJunior94/ai-spec-harness/internal/semver/semver.go:128.2,129.10 2 1
github.com/JailtonJunior94/ai-spec-harness/internal/semver/semver.go:133.60,135.28 2 1
github.com/JailtonJunior94/ai-spec-harness/internal/semver/semver.go:135.28,137.39 2 1
github.com/JailtonJunior94/ai-spec-harness/internal/semver/semver.go:137.39,139.4 1 1
github.com/JailtonJunior94/ai-spec-harness/internal/semver/semver.go:141.2,141.13 1 1
github.com/JailtonJunior94/ai-spec-harness/internal/semver/semver.go:144.52,145.16 1 1
github.com/JailtonJunior94/ai-spec-harness/internal/semver/semver.go:145.16,147.3 1 1
github.com/JailtonJunior94/ai-spec-harness/internal/semver/semver.go:148.2,148.16 1 1
github.com/JailtonJunior94/ai-spec-harness/internal/semver/semver.go:149.14,150.19 1 1
github.com/JailtonJunior94/ai-spec-harness/internal/semver/semver.go:151.33,152.19 1 1
github.com/JailtonJunior94/ai-spec-harness/internal/semver/semver.go:154.2,154.17 1 1
github.com/JailtonJunior94/ai-spec-harness/internal/semver/semver.go:157.44,158.11 1 1
github.com/JailtonJunior94/ai-spec-harness/internal/semver/semver.go:159.17,160.11 1 1
github.com/JailtonJunior94/ai-spec-harness/internal/semver/semver.go:161.17,162.11 1 1
github.com/JailtonJunior94/ai-spec-harness/internal/semver/semver.go:163.17,164.11 1 1
github.com/JailtonJunior94/ai-spec-harness/internal/semver/semver.go:166.2,166.10 1 1
github.com/JailtonJunior94/ai-spec-harness/internal/semver/semver.go:171.69,174.21 3 1
github.com/JailtonJunior94/ai-spec-harness/internal/semver/semver.go:174.21,176.3 1 0
github.com/JailtonJunior94/ai-spec-harness/internal/semver/semver.go:177.2,181.14 4 1
github.com/JailtonJunior94/ai-spec-harness/internal/semver/semver.go:182.17,185.12 3 1
github.com/JailtonJunior94/ai-spec-harness/internal/semver/semver.go:186.17,188.12 2 1
github.com/JailtonJunior94/ai-spec-harness/internal/semver/semver.go:189.17,190.10 1 1
github.com/JailtonJunior94/ai-spec-harness/internal/semver/semver.go:193.2,193.53 1 1
github.com/JailtonJunior94/ai-spec-harness/internal/semver/semver.go:196.59,198.16 2 1
github.com/JailtonJunior94/ai-spec-harness/internal/semver/semver.go:198.16,200.3 1 1
github.com/JailtonJunior94/ai-spec-harness/internal/semver/semver.go:201.2,202.13 2 0
github.com/JailtonJunior94/ai-spec-harness/internal/semver/semver.go:202.13,204.3 1 0
github.com/JailtonJunior94/ai-spec-harness/internal/semver/semver.go:205.2,205.35 1 0
github.com/JailtonJunior94/ai-spec-harness/internal/semver/semver.go:209.64,213.33 3 1
github.com/JailtonJunior94/ai-spec-harness/internal/semver/semver.go:213.33,221.3 7 1
github.com/JailtonJunior94/ai-spec-harness/internal/semver/semver.go:223.2,228.16 5 1
github.com/JailtonJunior94/ai-spec-harness/internal/semver/semver.go:228.16,230.3 1 0
github.com/JailtonJunior94/ai-spec-harness/internal/semver/semver.go:231.2,236.22 4 1
github.com/JailtonJunior94/ai-spec-harness/internal/semver/semver.go:236.22,239.3 2 1
github.com/JailtonJunior94/ai-spec-harness/internal/semver/semver.go:239.8,243.3 3 1
github.com/JailtonJunior94/ai-spec-harness/internal/semver/semver.go:245.2,245.15 1 1
github.com/JailtonJunior94/ai-spec-harness/internal/runtime/client/client.go:68.46,70.2 1 1
github.com/JailtonJunior94/ai-spec-harness/internal/runtime/client/client.go:72.59,75.2 1 1
github.com/JailtonJunior94/ai-spec-harness/internal/runtime/client/client.go:80.55,82.2 1 1
github.com/JailtonJunior94/ai-spec-harness/internal/runtime/client/client.go:137.121,138.14 1 1
github.com/JailtonJunior94/ai-spec-harness/internal/runtime/client/client.go:138.14,140.3 1 0
github.com/JailtonJunior94/ai-spec-harness/internal/runtime/client/client.go:141.2,147.3 1 1
github.com/JailtonJunior94/ai-spec-harness/internal/runtime/client/client.go:152.93,157.25 4 1
github.com/JailtonJunior94/ai-spec-harness/internal/runtime/client/client.go:157.25,160.17 2 1
github.com/JailtonJunior94/ai-spec-harness/internal/runtime/client/client.go:160.17,162.4 1 0
github.com/JailtonJunior94/ai-spec-harness/internal/runtime/client/client.go:163.8,166.17 2 1
github.com/JailtonJunior94/ai-spec-harness/internal/runtime/client/client.go:166.17,168.4 1 1
github.com/JailtonJunior94/ai-spec-harness/internal/runtime/client/client.go:171.2,172.16 2 1
github.com/JailtonJunior94/ai-spec-harness/internal/runtime/client/client.go:172.16,173.19 1 1
github.com/JailtonJunior94/ai-spec-harness/internal/runtime/client/client.go:173.19,175.4 1 1
github.com/JailtonJunior94/ai-spec-harness/internal/runtime/client/client.go:176.3,176.13 1 1
github.com/JailtonJunior94/ai-spec-harness/internal/runtime/client/client.go:179.2,193.12 6 1
github.com/JailtonJunior94/ai-spec-harness/internal/runtime/client/client.go:193.12,194.10 1 1
github.com/JailtonJunior94/ai-spec-harness/internal/runtime/client/client.go:195.27,196.23 1 1
github.com/JailtonJunior94/ai-spec-harness/internal/runtime/client/client.go:197.21,197.21 0 1
github.com/JailtonJunior94/ai-spec-harness/internal/runtime/client/client.go:201.2,201.12 1 1
github.com/JailtonJunior94/ai-spec-harness/internal/runtime/client/client.go:205.110,211.21 3 1
github.com/JailtonJunior94/ai-spec-harness/internal/runtime/client/client.go:211.21,213.3 1 1
github.com/JailtonJunior94/ai-spec-harness/internal/runtime/client/client.go:214.2,223.16 4 1
github.com/JailtonJunior94/ai-spec-harness/internal/runtime/client/client.go:223.16,225.3 1 0
github.com/JailtonJunior94/ai-spec-harness/internal/runtime/client/client.go:226.2,227.16 2 1
github.com/JailtonJunior94/ai-spec-harness/internal/runtime/client/client.go:227.16,229.3 1 0
github.com/JailtonJunior94/ai-spec-harness/internal/runtime/client/client.go:231.2,231.38 1 1
github.com/JailtonJunior94/ai-spec-harness/internal/runtime/client/client.go:231.38,233.3 1 1
github.com/JailtonJunior94/ai-spec-harness/internal/runtime/client/client.go:235.2,235.35 1 1
github.com/JailtonJunior94/ai-spec-harness/internal/runtime/client/client.go:239.138,243.24 1 1
github.com/JailtonJunior94/ai-spec-harness/internal/runtime/client/client.go:243.24,248.21 5 1
github.com/JailtonJunior94/ai-spec-harness/internal/runtime/client/client.go:248.21,250.5 1 1
github.com/JailtonJunior94/ai-spec-harness/internal/runtime/client/client.go:253.2,264.16 3 1
github.com/JailtonJunior94/ai-spec-harness/internal/runtime/client/client.go:264.16,266.3 1 1
github.com/JailtonJunior94/ai-spec-harness/internal/runtime/client/client.go:268.2,272.16 2 1
github.com/JailtonJunior94/ai-spec-harness/internal/runtime/client/client.go:272.16,274.3 1 0
github.com/JailtonJunior94/ai-spec-harness/internal/runtime/client/client.go:276.2,276.38 1 1
github.com/JailtonJunior94/ai-spec-harness/internal/runtime/client/client.go:280.120,281.15 1 1
github.com/JailtonJunior94/ai-spec-harness/internal/runtime/client/client.go:281.15,283.35 2 1
github.com/JailtonJunior94/ai-spec-harness/internal/runtime/client/client.go:283.35,286.4 2 1
github.com/JailtonJunior94/ai-spec-harness/internal/runtime/client/client.go:287.3,287.22 1 1
github.com/JailtonJunior94/ai-spec-harness/internal/runtime/client/client.go:290.2,294.16 2 1
github.com/JailtonJunior94/ai-spec-harness/internal/runtime/client/client.go:294.16,295.35 1 1
github.com/JailtonJunior94/ai-spec-harness/internal/runtime/client/client.go:295.35,298.4 2 1
github.com/JailtonJunior94/ai-spec-harness/internal/runtime/client/client.go:299.3,299.23 1 1
github.com/JailtonJunior94/ai-spec-harness/internal/runtime/client/client.go:299.23,302.4 2 1
github.com/JailtonJunior94/ai-spec-harness/internal/runtime/client/client.go:303.3,304.9 2 0
github.com/JailtonJunior94/ai-spec-harness/internal/runtime/client/client.go:307.2,307.88 1 1
github.com/JailtonJunior94/ai-spec-harness/internal/runtime/client/client.go:307.88,308.10 1 1
github.com/JailtonJunior94/ai-spec-harness/internal/runtime/client/client.go:309.25,309.25 0 1
github.com/JailtonJunior94/ai-spec-harness/internal/runtime/client/client.go:310.21,310.21 0 0
github.com/JailtonJunior94/ai-spec-harness/internal/runtime/client/client.go:315.100,322.16 2 1
github.com/JailtonJunior94/ai-spec-harness/internal/runtime/client/client.go:322.16,324.3 1 0
github.com/JailtonJunior94/ai-spec-harness/internal/runtime/client/client.go:325.2,325.80 1 1
github.com/JailtonJunior94/ai-spec-harness/internal/runtime/client/client.go:331.45,332.19 1 1
github.com/JailtonJunior94/ai-spec-harness/internal/runtime/client/client.go:332.19,334.17 2 1
github.com/JailtonJunior94/ai-spec-harness/internal/runtime/client/client.go:334.17,336.4 1 1
github.com/JailtonJunior94/ai-spec-harness/internal/runtime/client/client.go:337.3,341.20 5 1
github.com/JailtonJunior94/ai-spec-harness/internal/runtime/client/client.go:355.47,358.21 3 1
github.com/JailtonJunior94/ai-spec-harness/internal/runtime/client/client.go:358.21,360.3 1 0
github.com/JailtonJunior94/ai-spec-harness/internal/runtime/client/client.go:363.2,363.9 1 1
github.com/JailtonJunior94/ai-spec-harness/internal/runtime/client/client.go:364.24,365.9 1 1
github.com/JailtonJunior94/ai-spec-harness/internal/runtime/client/client.go:366.10,366.10 0 0
github.com/JailtonJunior94/ai-spec-harness/internal/runtime/client/client.go:370.2,370.27 1 0
github.com/JailtonJunior94/ai-spec-harness/internal/runtime/client/client.go:370.27,374.3 2 0
github.com/JailtonJunior94/ai-spec-harness/internal/runtime/client/client.go:377.2,379.9 3 0
github.com/JailtonJunior94/ai-spec-harness/internal/runtime/client/client.go:380.24,381.25 1 0
github.com/JailtonJunior94/ai-spec-harness/internal/runtime/client/client.go:382.17,383.26 1 0
github.com/JailtonJunior94/ai-spec-harness/internal/runtime/client/client.go:389.44,391.2 1 1
github.com/JailtonJunior94/ai-spec-harness/internal/runtime/client/client.go:395.45,397.2 1 1
github.com/JailtonJunior94/ai-spec-harness/internal/runtime/client/client.go:400.51,402.2 1 1
github.com/JailtonJunior94/ai-spec-harness/internal/runtime/client/client.go:405.33,409.2 3 1
github.com/JailtonJunior94/ai-spec-harness/internal/runtime/client/client.go:412.35,413.43 1 1
github.com/JailtonJunior94/ai-spec-harness/internal/runtime/client/client.go:413.43,415.3 1 1
github.com/JailtonJunior94/ai-spec-harness/internal/runtime/client/client.go:416.2,416.24 1 1
github.com/JailtonJunior94/ai-spec-harness/internal/runtime/client/client.go:422.41,423.23 1 1
github.com/JailtonJunior94/ai-spec-harness/internal/runtime/client/client.go:423.23,428.39 4 1
github.com/JailtonJunior94/ai-spec-harness/internal/runtime/client/client.go:428.39,430.4 1 1
github.com/JailtonJunior94/ai-spec-harness/internal/runtime/client/client.go:432.3,434.13 3 1
github.com/JailtonJunior94/ai-spec-harness/internal/runtime/client/client.go:434.13,434.35 1 1
github.com/JailtonJunior94/ai-spec-harness/internal/runtime/client/client.go:436.3,436.10 1 1
github.com/JailtonJunior94/ai-spec-harness/internal/runtime/client/client.go:437.15,437.15 0 1
github.com/JailtonJunior94/ai-spec-harness/internal/runtime/client/client.go:438.38,440.10 2 0
github.com/JailtonJunior94/ai-spec-harness/internal/runtime/client/client.go:443.2,443.12 1 1
github.com/JailtonJunior94/ai-spec-harness/internal/runtime/client/client.go:453.89,457.2 3 1
github.com/JailtonJunior94/ai-spec-harness/internal/runtime/client/client.go:462.133,463.26 1 1
github.com/JailtonJunior94/ai-spec-harness/internal/runtime/client/client.go:463.26,464.35 1 1
github.com/JailtonJunior94/ai-spec-harness/internal/runtime/client/client.go:464.35,465.104 1 1
github.com/JailtonJunior94/ai-spec-harness/internal/runtime/client/client.go:465.104,469.5 1 1
github.com/JailtonJunior94/ai-spec-harness/internal/runtime/client/client.go:473.2,473.28 1 1
github.com/JailtonJunior94/ai-spec-harness/internal/runtime/client/client.go:473.28,475.3 1 1
github.com/JailtonJunior94/ai-spec-harness/internal/runtime/client/client.go:476.2,480.8 1 1
github.com/JailtonJunior94/ai-spec-harness/internal/runtime/client/client.go:483.116,485.2 1 1
github.com/JailtonJunior94/ai-spec-harness/internal/runtime/client/client.go:487.119,489.2 1 1
github.com/JailtonJunior94/ai-spec-harness/internal/runtime/client/client.go:491.122,493.2 1 0
github.com/JailtonJunior94/ai-spec-harness/internal/runtime/client/client.go:495.116,497.2 1 1
github.com/JailtonJunior94/ai-spec-harness/internal/runtime/client/client.go:499.125,501.2 1 1
github.com/JailtonJunior94/ai-spec-harness/internal/runtime/client/client.go:503.122,505.2 1 1
github.com/JailtonJunior94/ai-spec-harness/internal/runtime/client/client.go:507.137,509.2 1 1
github.com/JailtonJunior94/ai-spec-harness/internal/runtime/client/process_unix.go:17.56,19.28 2 1
github.com/JailtonJunior94/ai-spec-harness/internal/runtime/client/process_unix.go:19.28,20.25 1 1
github.com/JailtonJunior94/ai-spec-harness/internal/runtime/client/process_unix.go:20.25,22.4 1 0
github.com/JailtonJunior94/ai-spec-harness/internal/runtime/client/process_unix.go:23.3,23.57 1 1
github.com/JailtonJunior94/ai-spec-harness/internal/runtime/client/process_unix.go:25.2,25.34 1 1
github.com/JailtonJunior94/ai-spec-harness/internal/runtime/client/process_unix.go:30.57,32.2 1 1
github.com/JailtonJunior94/ai-spec-harness/internal/runtime/client/process_unix.go:35.56,37.2 1 0
github.com/JailtonJunior94/ai-spec-harness/internal/runtime/client/r1_catalog.go:6.28,8.2 1 1
github.com/JailtonJunior94/ai-spec-harness/internal/runtime/client/testing.go:17.66,19.2 1 1
github.com/JailtonJunior94/ai-spec-harness/internal/runtime/client/testing.go:24.69,26.2 1 1
github.com/JailtonJunior94/ai-spec-harness/internal/runtime/client/testing.go:30.124,32.2 1 1
github.com/JailtonJunior94/ai-spec-harness/internal/skillbump/diff.go:14.96,17.16 3 1
github.com/JailtonJunior94/ai-spec-harness/internal/skillbump/diff.go:17.16,19.3 1 0
github.com/JailtonJunior94/ai-spec-harness/internal/skillbump/diff.go:21.2,22.75 2 1
github.com/JailtonJunior94/ai-spec-harness/internal/skillbump/diff.go:22.75,23.17 1 1
github.com/JailtonJunior94/ai-spec-harness/internal/skillbump/diff.go:23.17,24.12 1 1
github.com/JailtonJunior94/ai-spec-harness/internal/skillbump/diff.go:27.3,28.10 2 1
github.com/JailtonJunior94/ai-spec-harness/internal/skillbump/diff.go:28.10,29.12 1 0
github.com/JailtonJunior94/ai-spec-harness/internal/skillbump/diff.go:31.3,31.26 1 1
github.com/JailtonJunior94/ai-spec-harness/internal/skillbump/diff.go:34.2,35.25 2 1
github.com/JailtonJunior94/ai-spec-harness/internal/skillbump/diff.go:35.25,37.3 1 1
github.com/JailtonJunior94/ai-spec-harness/internal/skillbump/diff.go:38.2,40.19 2 1
github.com/JailtonJunior94/ai-spec-harness/internal/skillbump/diff.go:44.116,48.16 4 1
github.com/JailtonJunior94/ai-spec-harness/internal/skillbump/diff.go:48.16,50.3 1 0
github.com/JailtonJunior94/ai-spec-harness/internal/skillbump/diff.go:52.2,53.39 2 1
github.com/JailtonJunior94/ai-spec-harness/internal/skillbump/diff.go:53.39,55.3 1 0
github.com/JailtonJunior94/ai-spec-harness/internal/skillbump/diff.go:57.2,58.29 2 1
github.com/JailtonJunior94/ai-spec-harness/internal/skillbump/diff.go:58.29,59.17 1 1
github.com/JailtonJunior94/ai-spec-harness/internal/skillbump/diff.go:59.17,60.12 1 0
github.com/JailtonJunior94/ai-spec-harness/internal/skillbump/diff.go:63.3,64.22 2 1
github.com/JailtonJunior94/ai-spec-harness/internal/skillbump/diff.go:64.22,65.12 1 0
github.com/JailtonJunior94/ai-spec-harness/internal/skillbump/diff.go:68.3,69.17 2 1
github.com/JailtonJunior94/ai-spec-harness/internal/skillbump/diff.go:69.17,71.4 1 0
github.com/JailtonJunior94/ai-spec-harness/internal/skillbump/diff.go:72.3,72.36 1 1
github.com/JailtonJunior94/ai-spec-harness/internal/skillbump/diff.go:75.2,75.21 1 1
github.com/JailtonJunior94/ai-spec-harness/internal/skillbump/diff.go:78.99,82.16 4 1
github.com/JailtonJunior94/ai-spec-harness/internal/skillbump/diff.go:82.16,84.3 1 0
github.com/JailtonJunior94/ai-spec-harness/internal/skillbump/diff.go:86.2,86.17 1 1
github.com/JailtonJunior94/ai-spec-harness/internal/skillbump/diff.go:89.87,95.50 2 1
github.com/JailtonJunior94/ai-spec-harness/internal/skillbump/diff.go:95.50,97.3 1 0
github.com/JailtonJunior94/ai-spec-harness/internal/skillbump/diff.go:99.2,100.13 2 1
github.com/JailtonJunior94/ai-spec-harness/internal/skillbump/diff.go:100.13,102.3 1 1
github.com/JailtonJunior94/ai-spec-harness/internal/skillbump/diff.go:104.2,106.36 3 1
github.com/JailtonJunior94/ai-spec-harness/internal/skillbump/diff.go:106.36,109.3 2 0
github.com/JailtonJunior94/ai-spec-harness/internal/skillbump/diff.go:111.2,111.59 1 1
github.com/JailtonJunior94/ai-spec-harness/internal/skillbump/diff.go:111.59,113.3 1 1
github.com/JailtonJunior94/ai-spec-harness/internal/skillbump/diff.go:114.2,117.16 3 1
github.com/JailtonJunior94/ai-spec-harness/internal/skillbump/diff.go:117.16,119.3 1 0
github.com/JailtonJunior94/ai-spec-harness/internal/skillbump/diff.go:120.2,120.47 1 1
github.com/JailtonJunior94/ai-spec-harness/internal/skillbump/diff.go:120.47,122.3 1 0
github.com/JailtonJunior94/ai-spec-harness/internal/skillbump/diff.go:124.2,124.20 1 1
github.com/JailtonJunior94/ai-spec-harness/internal/skillbump/diff.go:127.74,130.16 3 1
github.com/JailtonJunior94/ai-spec-harness/internal/skillbump/diff.go:130.16,132.3 1 0
github.com/JailtonJunior94/ai-spec-harness/internal/skillbump/diff.go:133.2,133.25 1 1
github.com/JailtonJunior94/ai-spec-harness/internal/skillbump/diff.go:136.76,140.43 4 1
github.com/JailtonJunior94/ai-spec-harness/internal/skillbump/diff.go:140.43,142.3 1 0
github.com/JailtonJunior94/ai-spec-harness/internal/skillbump/diff.go:144.2,146.20 3 1
github.com/JailtonJunior94/ai-spec-harness/internal/skillbump/diff.go:146.20,148.3 1 0
github.com/JailtonJunior94/ai-spec-harness/internal/skillbump/diff.go:150.2,151.9 2 1
github.com/JailtonJunior94/ai-spec-harness/internal/skillbump/diff.go:152.49,153.20 1 1
github.com/JailtonJunior94/ai-spec-harness/internal/skillbump/diff.go:154.77,155.20 1 1
github.com/JailtonJunior94/ai-spec-harness/internal/skillbump/diff.go:156.10,157.19 1 0
github.com/JailtonJunior94/ai-spec-harness/internal/skillbump/frontmatter.go:15.96,17.16 2 1
github.com/JailtonJunior94/ai-spec-harness/internal/skillbump/frontmatter.go:17.16,19.3 1 0
github.com/JailtonJunior94/ai-spec-harness/internal/skillbump/frontmatter.go:21.2,22.43 2 1
github.com/JailtonJunior94/ai-spec-harness/internal/skillbump/frontmatter.go:22.43,25.3 2 1
github.com/JailtonJunior94/ai-spec-harness/internal/skillbump/frontmatter.go:27.2,28.64 2 1
github.com/JailtonJunior94/ai-spec-harness/internal/skillbump/frontmatter.go:28.64,30.3 1 0
github.com/JailtonJunior94/ai-spec-harness/internal/skillbump/frontmatter.go:31.2,32.81 2 1
github.com/JailtonJunior94/ai-spec-harness/internal/skillbump/frontmatter.go:35.99,41.2 5 1
github.com/JailtonJunior94/ai-spec-harness/internal/skillbump/frontmatter.go:43.83,45.38 2 1
github.com/JailtonJunior94/ai-spec-harness/internal/skillbump/frontmatter.go:45.38,47.3 1 1
github.com/JailtonJunior94/ai-spec-harness/internal/skillbump/frontmatter.go:49.2,49.18 1 1
github.com/JailtonJunior94/ai-spec-harness/internal/skillbump/frontmatter.go:49.18,51.3 1 0
github.com/JailtonJunior94/ai-spec-harness/internal/skillbump/frontmatter.go:53.2,53.39 1 1
github.com/JailtonJunior94/ai-spec-harness/internal/skillbump/frontmatter.go:53.39,55.46 2 1
github.com/JailtonJunior94/ai-spec-harness/internal/skillbump/frontmatter.go:55.46,57.4 1 1
github.com/JailtonJunior94/ai-spec-harness/internal/skillbump/frontmatter.go:58.3,58.16 1 1
github.com/JailtonJunior94/ai-spec-harness/internal/skillbump/frontmatter.go:61.2,61.58 1 0
github.com/JailtonJunior94/ai-spec-harness/internal/skillbump/frontmatter.go:64.62,66.16 2 1
github.com/JailtonJunior94/ai-spec-harness/internal/skillbump/frontmatter.go:66.16,68.3 1 1
github.com/JailtonJunior94/ai-spec-harness/internal/skillbump/frontmatter.go:70.2,71.81 2 1
github.com/JailtonJunior94/ai-spec-harness/internal/skillbump/frontmatter.go:71.81,73.3 1 1
github.com/JailtonJunior94/ai-spec-harness/internal/skillbump/frontmatter.go:74.2,74.24 1 1
github.com/JailtonJunior94/ai-spec-harness/internal/skillbump/frontmatter.go:74.24,76.3 1 0
github.com/JailtonJunior94/ai-spec-harness/internal/skillbump/frontmatter.go:78.2,78.12 1 1
github.com/JailtonJunior94/ai-spec-harness/internal/skillbump/frontmatter.go:81.78,82.27 1 1
github.com/JailtonJunior94/ai-spec-harness/internal/skillbump/frontmatter.go:82.27,84.3 1 0
github.com/JailtonJunior94/ai-spec-harness/internal/skillbump/frontmatter.go:86.2,88.13 3 1
github.com/JailtonJunior94/ai-spec-harness/internal/skillbump/frontmatter.go:88.13,91.3 2 0
github.com/JailtonJunior94/ai-spec-harness/internal/skillbump/frontmatter.go:93.2,96.41 4 1
github.com/JailtonJunior94/ai-spec-harness/internal/skillbump/frontmatter.go:96.41,98.3 1 0
github.com/JailtonJunior94/ai-spec-harness/internal/skillbump/frontmatter.go:100.2,100.36 1 1
github.com/JailtonJunior94/ai-spec-harness/internal/skillbump/r1_receiver.go:6.28,6.49 1 1
github.com/JailtonJunior94/ai-spec-harness/internal/skillbump/skillbump.go:37.74,39.2 1 1
github.com/JailtonJunior94/ai-spec-harness/internal/skillbump/skillbump.go:42.90,44.16 2 1
github.com/JailtonJunior94/ai-spec-harness/internal/skillbump/skillbump.go:44.16,46.3 1 0
github.com/JailtonJunior94/ai-spec-harness/internal/skillbump/skillbump.go:48.2,49.16 2 1
github.com/JailtonJunior94/ai-spec-harness/internal/skillbump/skillbump.go:49.16,50.36 1 1
github.com/JailtonJunior94/ai-spec-harness/internal/skillbump/skillbump.go:50.36,52.4 1 1
github.com/JailtonJunior94/ai-spec-harness/internal/skillbump/skillbump.go:53.3,53.18 1 1
github.com/JailtonJunior94/ai-spec-harness/internal/skillbump/skillbump.go:55.2,55.19 1 1
github.com/JailtonJunior94/ai-spec-harness/internal/skillbump/skillbump.go:55.19,57.3 1 0
github.com/JailtonJunior94/ai-spec-harness/internal/skillbump/skillbump.go:59.2,60.16 2 1
github.com/JailtonJunior94/ai-spec-harness/internal/skillbump/skillbump.go:60.16,62.3 1 0
github.com/JailtonJunior94/ai-spec-harness/internal/skillbump/skillbump.go:63.2,63.29 1 1
github.com/JailtonJunior94/ai-spec-harness/internal/skillbump/skillbump.go:63.29,65.3 1 1
github.com/JailtonJunior94/ai-spec-harness/internal/skillbump/skillbump.go:67.2,70.42 3 1
github.com/JailtonJunior94/ai-spec-harness/internal/skillbump/skillbump.go:70.42,72.17 2 1
github.com/JailtonJunior94/ai-spec-harness/internal/skillbump/skillbump.go:72.17,74.12 2 0
github.com/JailtonJunior94/ai-spec-harness/internal/skillbump/skillbump.go:76.3,76.14 1 1
github.com/JailtonJunior94/ai-spec-harness/internal/skillbump/skillbump.go:76.14,78.4 1 1
github.com/JailtonJunior94/ai-spec-harness/internal/skillbump/skillbump.go:81.2,81.9 1 1
github.com/JailtonJunior94/ai-spec-harness/internal/skillbump/skillbump.go:82.26,83.44 1 0
github.com/JailtonJunior94/ai-spec-harness/internal/skillbump/skillbump.go:84.25,85.27 1 1
github.com/JailtonJunior94/ai-spec-harness/internal/skillbump/skillbump.go:86.10,87.22 1 1
github.com/JailtonJunior94/ai-spec-harness/internal/skillbump/skillbump.go:91.116,93.16 2 1
github.com/JailtonJunior94/ai-spec-harness/internal/skillbump/skillbump.go:93.16,95.3 1 0
github.com/JailtonJunior94/ai-spec-harness/internal/skillbump/skillbump.go:97.2,100.16 4 1
github.com/JailtonJunior94/ai-spec-harness/internal/skillbump/skillbump.go:100.16,101.37 1 1
github.com/JailtonJunior94/ai-spec-harness/internal/skillbump/skillbump.go:101.37,104.4 2 1
github.com/JailtonJunior94/ai-spec-harness/internal/skillbump/skillbump.go:105.3,105.86 1 0
github.com/JailtonJunior94/ai-spec-harness/internal/skillbump/skillbump.go:108.2,108.66 1 1
github.com/JailtonJunior94/ai-spec-harness/internal/skillbump/skillbump.go:108.66,111.3 2 1
github.com/JailtonJunior94/ai-spec-harness/internal/skillbump/skillbump.go:113.2,114.9 2 1
github.com/JailtonJunior94/ai-spec-harness/internal/skillbump/skillbump.go:115.29,117.34 2 1
github.com/JailtonJunior94/ai-spec-harness/internal/skillbump/skillbump.go:118.59,120.34 2 0
github.com/JailtonJunior94/ai-spec-harness/internal/skillbump/skillbump.go:123.2,124.114 2 1
github.com/JailtonJunior94/ai-spec-harness/internal/skillbump/skillbump.go:124.114,126.84 2 1
github.com/JailtonJunior94/ai-spec-harness/internal/skillbump/skillbump.go:126.84,128.4 1 1
github.com/JailtonJunior94/ai-spec-harness/internal/skillbump/skillbump.go:131.2,131.107 1 1
github.com/JailtonJunior94/ai-spec-harness/internal/skillbump/skillbump.go:131.107,133.3 1 1
github.com/JailtonJunior94/ai-spec-harness/internal/skillbump/skillbump.go:135.2,135.13 1 1
github.com/JailtonJunior94/ai-spec-harness/internal/skillbump/skillbump.go:135.13,137.17 2 1
github.com/JailtonJunior94/ai-spec-harness/internal/skillbump/skillbump.go:137.17,139.4 1 0
github.com/JailtonJunior94/ai-spec-harness/internal/skillbump/skillbump.go:140.3,140.60 1 1
github.com/JailtonJunior94/ai-spec-harness/internal/skillbump/skillbump.go:140.60,142.4 1 0
github.com/JailtonJunior94/ai-spec-harness/internal/skillbump/skillbump.go:145.2,151.14 1 1
github.com/JailtonJunior94/ai-spec-harness/internal/skillbump/skillbump.go:154.73,155.81 1 1
github.com/JailtonJunior94/ai-spec-harness/internal/skillbump/skillbump.go:155.81,157.3 1 1
github.com/JailtonJunior94/ai-spec-harness/internal/skillbump/skillbump.go:158.2,158.25 1 1
github.com/JailtonJunior94/ai-spec-harness/internal/skillbump/skillbump.go:161.89,162.33 1 1
github.com/JailtonJunior94/ai-spec-harness/internal/skillbump/skillbump.go:162.33,163.51 1 1
github.com/JailtonJunior94/ai-spec-harness/internal/skillbump/skillbump.go:163.51,165.4 1 1
github.com/JailtonJunior94/ai-spec-harness/internal/skillbump/skillbump.go:167.2,167.22 1 0
github.com/JailtonJunior94/ai-spec-harness/internal/skillbump/skillbump.go:167.22,169.3 1 0
github.com/JailtonJunior94/ai-spec-harness/internal/skillbump/skillbump.go:170.2,170.28 1 0
github.com/JailtonJunior94/ai-spec-harness/internal/skillbump/skillbump.go:173.87,174.14 1 1
github.com/JailtonJunior94/ai-spec-harness/internal/skillbump/skillbump.go:175.24,176.25 1 0
github.com/JailtonJunior94/ai-spec-harness/internal/skillbump/skillbump.go:177.24,178.31 1 1
github.com/JailtonJunior94/ai-spec-harness/internal/skillbump/skillbump.go:179.24,180.14 1 1
github.com/JailtonJunior94/ai-spec-harness/internal/skillbump/skillbump.go:181.10,182.15 1 0
github.com/JailtonJunior94/ai-spec-harness/internal/skillbump/skillbump.go:186.65,189.16 3 1
github.com/JailtonJunior94/ai-spec-harness/internal/skillbump/skillbump.go:189.16,191.107 2 1
github.com/JailtonJunior94/ai-spec-harness/internal/skillbump/skillbump.go:191.107,193.4 1 1
github.com/JailtonJunior94/ai-spec-harness/internal/skillbump/skillbump.go:194.3,194.66 1 1
github.com/JailtonJunior94/ai-spec-harness/internal/skillbump/skillbump.go:197.2,198.15 2 1
github.com/JailtonJunior94/ai-spec-harness/internal/skillbump/skillbump.go:198.15,200.3 1 0
github.com/JailtonJunior94/ai-spec-harness/internal/skillbump/skillbump.go:202.2,202.17 1 1
github.com/JailtonJunior94/ai-spec-harness/internal/taskloop/acceptance.go:46.81,48.2 1 1
github.com/JailtonJunior94/ai-spec-harness/internal/taskloop/acceptance.go:51.120,55.16 3 1
github.com/JailtonJunior94/ai-spec-harness/internal/taskloop/acceptance.go:55.16,57.3 1 0
github.com/JailtonJunior94/ai-spec-harness/internal/taskloop/acceptance.go:59.2,74.22 12 1
github.com/JailtonJunior94/ai-spec-harness/internal/taskloop/acceptance.go:74.22,76.3 1 1
github.com/JailtonJunior94/ai-spec-harness/internal/taskloop/acceptance.go:77.2,77.20 1 1
github.com/JailtonJunior94/ai-spec-harness/internal/taskloop/acceptance.go:77.20,79.3 1 1
github.com/JailtonJunior94/ai-spec-harness/internal/taskloop/acceptance.go:80.2,80.19 1 1
github.com/JailtonJunior94/ai-spec-harness/internal/taskloop/acceptance.go:80.19,82.3 1 1
github.com/JailtonJunior94/ai-spec-harness/internal/taskloop/acceptance.go:83.2,83.20 1 1
github.com/JailtonJunior94/ai-spec-harness/internal/taskloop/acceptance.go:83.20,85.3 1 1
github.com/JailtonJunior94/ai-spec-harness/internal/taskloop/acceptance.go:87.2,87.29 1 1
github.com/JailtonJunior94/ai-spec-harness/internal/taskloop/acceptance.go:87.29,89.3 1 1
github.com/JailtonJunior94/ai-spec-harness/internal/taskloop/acceptance.go:91.2,92.20 2 1
github.com/JailtonJunior94/ai-spec-harness/internal/taskloop/acceptance.go:97.99,101.29 3 1
github.com/JailtonJunior94/ai-spec-harness/internal/taskloop/acceptance.go:101.29,105.48 2 1
github.com/JailtonJunior94/ai-spec-harness/internal/taskloop/acceptance.go:105.48,107.12 2 1
github.com/JailtonJunior94/ai-spec-harness/internal/taskloop/acceptance.go:111.3,111.99 1 1
github.com/JailtonJunior94/ai-spec-harness/internal/taskloop/acceptance.go:111.99,112.9 1 1
github.com/JailtonJunior94/ai-spec-harness/internal/taskloop/acceptance.go:115.3,115.17 1 1
github.com/JailtonJunior94/ai-spec-harness/internal/taskloop/acceptance.go:115.17,116.12 1 1
github.com/JailtonJunior94/ai-spec-harness/internal/taskloop/acceptance.go:120.3,120.40 1 1
github.com/JailtonJunior94/ai-spec-harness/internal/taskloop/acceptance.go:120.40,123.21 2 1
github.com/JailtonJunior94/ai-spec-harness/internal/taskloop/acceptance.go:123.21,124.13 1 0
github.com/JailtonJunior94/ai-spec-harness/internal/taskloop/acceptance.go:126.4,131.18 5 1
github.com/JailtonJunior94/ai-spec-harness/internal/taskloop/acceptance.go:131.18,132.13 1 0
github.com/JailtonJunior94/ai-spec-harness/internal/taskloop/acceptance.go:134.4,135.16 2 1
github.com/JailtonJunior94/ai-spec-harness/internal/taskloop/acceptance.go:135.16,137.5 1 1
github.com/JailtonJunior94/ai-spec-harness/internal/taskloop/acceptance.go:141.2,141.29 1 1
github.com/JailtonJunior94/ai-spec-harness/internal/taskloop/acceptance.go:144.57,150.2 2 1
github.com/JailtonJunior94/ai-spec-harness/internal/taskloop/acpinvoker.go:62.81,63.29 1 0
github.com/JailtonJunior94/ai-spec-harness/internal/taskloop/acpinvoker.go:63.29,63.59 1 0
github.com/JailtonJunior94/ai-spec-harness/internal/taskloop/acpinvoker.go:68.84,69.29 1 0
github.com/JailtonJunior94/ai-spec-harness/internal/taskloop/acpinvoker.go:69.29,69.52 1 0
github.com/JailtonJunior94/ai-spec-harness/internal/taskloop/acpinvoker.go:74.73,75.29 1 0
github.com/JailtonJunior94/ai-spec-harness/internal/taskloop/acpinvoker.go:75.29,75.49 1 0
github.com/JailtonJunior94/ai-spec-harness/internal/taskloop/acpinvoker.go:80.74,81.29 1 0
github.com/JailtonJunior94/ai-spec-harness/internal/taskloop/acpinvoker.go:81.29,81.54 1 0
github.com/JailtonJunior94/ai-spec-harness/internal/taskloop/acpinvoker.go:86.77,87.29 1 0
github.com/JailtonJunior94/ai-spec-harness/internal/taskloop/acpinvoker.go:87.29,87.57 1 0
github.com/JailtonJunior94/ai-spec-harness/internal/taskloop/acpinvoker.go:92.97,93.29 1 0
github.com/JailtonJunior94/ai-spec-harness/internal/taskloop/acpinvoker.go:93.29,96.3 2 0
github.com/JailtonJunior94/ai-spec-harness/internal/taskloop/acpinvoker.go:101.97,102.29 1 0
github.com/JailtonJunior94/ai-spec-harness/internal/taskloop/acpinvoker.go:102.29,105.3 2 0
github.com/JailtonJunior94/ai-spec-harness/internal/taskloop/acpinvoker.go:110.86,111.29 1 0
github.com/JailtonJunior94/ai-spec-harness/internal/taskloop/acpinvoker.go:111.29,111.66 1 0
github.com/JailtonJunior94/ai-spec-harness/internal/taskloop/acpinvoker.go:116.78,117.29 1 0
github.com/JailtonJunior94/ai-spec-harness/internal/taskloop/acpinvoker.go:117.29,117.58 1 0
github.com/JailtonJunior94/ai-spec-harness/internal/taskloop/acpinvoker.go:122.71,123.29 1 1
github.com/JailtonJunior94/ai-spec-harness/internal/taskloop/acpinvoker.go:123.29,123.49 1 1
github.com/JailtonJunior94/ai-spec-harness/internal/taskloop/acpinvoker.go:128.75,129.29 1 0
github.com/JailtonJunior94/ai-spec-harness/internal/taskloop/acpinvoker.go:129.29,129.55 1 0
github.com/JailtonJunior94/ai-spec-harness/internal/taskloop/acpinvoker.go:135.79,136.29 1 1
github.com/JailtonJunior94/ai-spec-harness/internal/taskloop/acpinvoker.go:136.29,136.59 1 1
github.com/JailtonJunior94/ai-spec-harness/internal/taskloop/acpinvoker.go:142.68,143.29 1 1
github.com/JailtonJunior94/ai-spec-harness/internal/taskloop/acpinvoker.go:143.29,143.49 1 1
github.com/JailtonJunior94/ai-spec-harness/internal/taskloop/acpinvoker.go:149.84,150.29 1 1
github.com/JailtonJunior94/ai-spec-harness/internal/taskloop/acpinvoker.go:150.29,150.61 1 1
github.com/JailtonJunior94/ai-spec-harness/internal/taskloop/acpinvoker.go:155.82,156.29 1 1
github.com/JailtonJunior94/ai-spec-harness/internal/taskloop/acpinvoker.go:156.29,156.53 1 1
github.com/JailtonJunior94/ai-spec-harness/internal/taskloop/acpinvoker.go:161.96,162.29 1 1
github.com/JailtonJunior94/ai-spec-harness/internal/taskloop/acpinvoker.go:162.29,162.55 1 1
github.com/JailtonJunior94/ai-spec-harness/internal/taskloop/acpinvoker.go:168.107,169.29 1 1
github.com/JailtonJunior94/ai-spec-harness/internal/taskloop/acpinvoker.go:169.29,169.47 1 1
github.com/JailtonJunior94/ai-spec-harness/internal/taskloop/acpinvoker.go:175.131,186.25 4 1
github.com/JailtonJunior94/ai-spec-harness/internal/taskloop/acpinvoker.go:186.25,188.3 1 1
github.com/JailtonJunior94/ai-spec-harness/internal/taskloop/acpinvoker.go:189.2,189.12 1 1
github.com/JailtonJunior94/ai-spec-harness/internal/taskloop/acpinvoker.go:193.78,194.12 1 0
github.com/JailtonJunior94/ai-spec-harness/internal/taskloop/acpinvoker.go:194.12,196.3 1 0
github.com/JailtonJunior94/ai-spec-harness/internal/taskloop/acpinvoker.go:197.2,197.9 1 0
github.com/JailtonJunior94/ai-spec-harness/internal/taskloop/acpinvoker.go:198.23,199.13 1 0
github.com/JailtonJunior94/ai-spec-harness/internal/taskloop/acpinvoker.go:200.20,201.19 1 0
github.com/JailtonJunior94/ai-spec-harness/internal/taskloop/acpinvoker.go:206.42,208.2 1 1
github.com/JailtonJunior94/ai-spec-harness/internal/taskloop/acpinvoker.go:213.106,215.16 2 1
github.com/JailtonJunior94/ai-spec-harness/internal/taskloop/acpinvoker.go:215.16,217.3 1 0
github.com/JailtonJunior94/ai-spec-harness/internal/taskloop/acpinvoker.go:219.2,255.55 4 1
github.com/JailtonJunior94/ai-spec-harness/internal/taskloop/acpinvoker.go:255.55,256.18 1 1
github.com/JailtonJunior94/ai-spec-harness/internal/taskloop/acpinvoker.go:256.18,259.57 2 1
github.com/JailtonJunior94/ai-spec-harness/internal/taskloop/acpinvoker.go:259.57,262.10 2 0
github.com/JailtonJunior94/ai-spec-harness/internal/taskloop/acpinvoker.go:264.4,265.27 2 1
github.com/JailtonJunior94/ai-spec-harness/internal/taskloop/acpinvoker.go:268.3,272.62 3 1
github.com/JailtonJunior94/ai-spec-harness/internal/taskloop/acpinvoker.go:272.62,273.9 1 1
github.com/JailtonJunior94/ai-spec-harness/internal/taskloop/acpinvoker.go:279.2,294.37 5 1
github.com/JailtonJunior94/ai-spec-harness/internal/taskloop/acpinvoker.go:298.49,301.2 2 1
github.com/JailtonJunior94/ai-spec-harness/internal/taskloop/acpinvoker.go:309.63,310.16 1 1
github.com/JailtonJunior94/ai-spec-harness/internal/taskloop/acpinvoker.go:311.31,312.11 1 1
github.com/JailtonJunior94/ai-spec-harness/internal/taskloop/acpinvoker.go:313.43,314.11 1 1
github.com/JailtonJunior94/ai-spec-harness/internal/taskloop/acpinvoker.go:315.10,316.11 1 1
github.com/JailtonJunior94/ai-spec-harness/internal/taskloop/acpinvoker.go:320.68,322.20 2 1
github.com/JailtonJunior94/ai-spec-harness/internal/taskloop/acpinvoker.go:322.20,324.3 1 1
github.com/JailtonJunior94/ai-spec-harness/internal/taskloop/acpinvoker.go:325.2,327.22 3 1
github.com/JailtonJunior94/ai-spec-harness/internal/taskloop/acpinvoker.go:327.22,329.3 1 0
github.com/JailtonJunior94/ai-spec-harness/internal/taskloop/acpinvoker.go:330.2,330.63 1 1
github.com/JailtonJunior94/ai-spec-harness/internal/taskloop/agent.go:29.57,30.14 1 1
github.com/JailtonJunior94/ai-spec-harness/internal/taskloop/agent.go:31.16,32.31 1 1
github.com/JailtonJunior94/ai-spec-harness/internal/taskloop/agent.go:33.15,34.30 1 1
github.com/JailtonJunior94/ai-spec-harness/internal/taskloop/agent.go:35.16,36.31 1 1
github.com/JailtonJunior94/ai-spec-harness/internal/taskloop/agent.go:37.17,38.32 1 1
github.com/JailtonJunior94/ai-spec-harness/internal/taskloop/agent.go:39.10,40.106 1 1
github.com/JailtonJunior94/ai-spec-harness/internal/taskloop/agent.go:53.64,56.16 3 0
github.com/JailtonJunior94/ai-spec-harness/internal/taskloop/agent.go:56.16,58.3 1 0
github.com/JailtonJunior94/ai-spec-harness/internal/taskloop/agent.go:59.2,59.12 1 0
github.com/JailtonJunior94/ai-spec-harness/internal/taskloop/agent.go:92.160,107.18 9 1
github.com/JailtonJunior94/ai-spec-harness/internal/taskloop/agent.go:107.18,111.3 3 1
github.com/JailtonJunior94/ai-spec-harness/internal/taskloop/agent.go:113.2,113.12 1 1
github.com/JailtonJunior94/ai-spec-harness/internal/taskloop/agent.go:119.63,125.4 1 1
github.com/JailtonJunior94/ai-spec-harness/internal/taskloop/agent.go:125.4,127.14 2 1
github.com/JailtonJunior94/ai-spec-harness/internal/taskloop/agent.go:127.14,128.12 1 1
github.com/JailtonJunior94/ai-spec-harness/internal/taskloop/agent.go:130.3,132.13 3 1
github.com/JailtonJunior94/ai-spec-harness/internal/taskloop/agent.go:132.13,133.12 1 0
github.com/JailtonJunior94/ai-spec-harness/internal/taskloop/agent.go:135.3,137.15 3 1
github.com/JailtonJunior94/ai-spec-harness/internal/taskloop/agent.go:137.15,139.4 1 1
github.com/JailtonJunior94/ai-spec-harness/internal/taskloop/agent.go:139.9,141.4 1 1
github.com/JailtonJunior94/ai-spec-harness/internal/taskloop/agent.go:142.3,142.26 1 1
github.com/JailtonJunior94/ai-spec-harness/internal/taskloop/agent.go:142.26,144.4 1 1
github.com/JailtonJunior94/ai-spec-harness/internal/taskloop/agent.go:145.3,145.20 1 1
github.com/JailtonJunior94/ai-spec-harness/internal/taskloop/agent.go:145.20,147.4 1 1
github.com/JailtonJunior94/ai-spec-harness/internal/taskloop/agent.go:149.2,149.55 1 1
github.com/JailtonJunior94/ai-spec-harness/internal/taskloop/agent.go:154.59,158.105 3 1
github.com/JailtonJunior94/ai-spec-harness/internal/taskloop/agent.go:158.105,160.3 1 1
github.com/JailtonJunior94/ai-spec-harness/internal/taskloop/agent.go:161.2,161.88 1 1
github.com/JailtonJunior94/ai-spec-harness/internal/taskloop/agent.go:161.88,163.3 1 1
github.com/JailtonJunior94/ai-spec-harness/internal/taskloop/agent.go:164.2,164.141 1 1
github.com/JailtonJunior94/ai-spec-harness/internal/taskloop/agent.go:164.141,166.3 1 1
github.com/JailtonJunior94/ai-spec-harness/internal/taskloop/agent.go:167.2,167.135 1 1
github.com/JailtonJunior94/ai-spec-harness/internal/taskloop/agent.go:167.135,169.3 1 0
github.com/JailtonJunior94/ai-spec-harness/internal/taskloop/agent.go:171.2,171.119 1 1
github.com/JailtonJunior94/ai-spec-harness/internal/taskloop/agent.go:171.119,173.3 1 1
github.com/JailtonJunior94/ai-spec-harness/internal/taskloop/agent.go:174.2,174.103 1 1
github.com/JailtonJunior94/ai-spec-harness/internal/taskloop/agent.go:174.103,176.3 1 1
github.com/JailtonJunior94/ai-spec-harness/internal/taskloop/agent.go:178.2,179.33 2 1
github.com/JailtonJunior94/ai-spec-harness/internal/taskloop/agent.go:183.73,184.29 1 1
github.com/JailtonJunior94/ai-spec-harness/internal/taskloop/agent.go:184.29,185.29 1 1
github.com/JailtonJunior94/ai-spec-harness/internal/taskloop/agent.go:185.29,187.4 1 1
github.com/JailtonJunior94/ai-spec-harness/internal/taskloop/agent.go:189.2,189.14 1 1
github.com/JailtonJunior94/ai-spec-harness/internal/taskloop/agent.go:196.89,207.16 3 1
github.com/JailtonJunior94/ai-spec-harness/internal/taskloop/agent.go:207.16,209.3 1 0
github.com/JailtonJunior94/ai-spec-harness/internal/taskloop/agent.go:211.2,212.49 2 1
github.com/JailtonJunior94/ai-spec-harness/internal/taskloop/agent.go:212.49,214.3 1 0
github.com/JailtonJunior94/ai-spec-harness/internal/taskloop/agent.go:216.2,216.21 1 1
github.com/JailtonJunior94/ai-spec-harness/internal/taskloop/agent.go:228.51,240.29 3 1
github.com/JailtonJunior94/ai-spec-harness/internal/taskloop/agent.go:240.29,241.33 1 1
github.com/JailtonJunior94/ai-spec-harness/internal/taskloop/agent.go:241.33,243.4 1 1
github.com/JailtonJunior94/ai-spec-harness/internal/taskloop/agent.go:245.2,245.14 1 1
github.com/JailtonJunior94/ai-spec-harness/internal/taskloop/agent.go:249.52,250.14 1 1
github.com/JailtonJunior94/ai-spec-harness/internal/taskloop/agent.go:251.16,252.143 1 1
github.com/JailtonJunior94/ai-spec-harness/internal/taskloop/agent.go:253.17,254.68 1 1
github.com/JailtonJunior94/ai-spec-harness/internal/taskloop/agent.go:255.16,256.83 1 1
github.com/JailtonJunior94/ai-spec-harness/internal/taskloop/agent.go:257.15,258.76 1 1
github.com/JailtonJunior94/ai-spec-harness/internal/taskloop/agent.go:259.10,260.78 1 1
github.com/JailtonJunior94/ai-spec-harness/internal/taskloop/agent.go:269.43,270.42 1 1
github.com/JailtonJunior94/ai-spec-harness/internal/taskloop/agent.go:270.42,272.3 1 1
github.com/JailtonJunior94/ai-spec-harness/internal/taskloop/agent.go:273.2,274.16 2 1
github.com/JailtonJunior94/ai-spec-harness/internal/taskloop/agent.go:274.16,276.3 1 0
github.com/JailtonJunior94/ai-spec-harness/internal/taskloop/agent.go:277.2,278.37 2 1
github.com/JailtonJunior94/ai-spec-harness/internal/taskloop/agent.go:278.37,281.3 1 0
github.com/JailtonJunior94/ai-spec-harness/internal/taskloop/agent.go:282.2,282.11 1 1
github.com/JailtonJunior94/ai-spec-harness/internal/taskloop/agent.go:285.39,288.24 3 1
github.com/JailtonJunior94/ai-spec-harness/internal/taskloop/agent.go:288.24,289.51 1 1
github.com/JailtonJunior94/ai-spec-harness/internal/taskloop/agent.go:289.51,290.12 1 1
github.com/JailtonJunior94/ai-spec-harness/internal/taskloop/agent.go:292.3,292.31 1 1
github.com/JailtonJunior94/ai-spec-harness/internal/taskloop/agent.go:294.2,295.16 2 1
github.com/JailtonJunior94/ai-spec-harness/internal/taskloop/agent.go:307.45,308.54 1 1
github.com/JailtonJunior94/ai-spec-harness/internal/taskloop/agent.go:308.54,310.3 1 1
github.com/JailtonJunior94/ai-spec-harness/internal/taskloop/agent.go:311.2,311.17 1 0
github.com/JailtonJunior94/ai-spec-harness/internal/taskloop/agent.go:314.52,314.69 1 0
github.com/JailtonJunior94/ai-spec-harness/internal/taskloop/agent.go:316.113,319.17 3 1
github.com/JailtonJunior94/ai-spec-harness/internal/taskloop/agent.go:319.17,321.3 1 1
github.com/JailtonJunior94/ai-spec-harness/internal/taskloop/agent.go:322.2,322.27 1 1
github.com/JailtonJunior94/ai-spec-harness/internal/taskloop/agent.go:322.27,324.3 1 1
github.com/JailtonJunior94/ai-spec-harness/internal/taskloop/agent.go:325.2,325.24 1 1
github.com/JailtonJunior94/ai-spec-harness/internal/taskloop/agent.go:325.24,329.3 1 1
github.com/JailtonJunior94/ai-spec-harness/internal/taskloop/agent.go:329.8,331.3 1 0
github.com/JailtonJunior94/ai-spec-harness/internal/taskloop/agent.go:332.2,332.67 1 1
github.com/JailtonJunior94/ai-spec-harness/internal/taskloop/agent.go:354.44,354.62 1 1
github.com/JailtonJunior94/ai-spec-harness/internal/taskloop/agent.go:356.51,356.68 1 0
github.com/JailtonJunior94/ai-spec-harness/internal/taskloop/agent.go:358.112,360.14 2 1
github.com/JailtonJunior94/ai-spec-harness/internal/taskloop/agent.go:360.14,362.3 1 1
github.com/JailtonJunior94/ai-spec-harness/internal/taskloop/agent.go:363.2,363.33 1 1
github.com/JailtonJunior94/ai-spec-harness/internal/taskloop/agent.go:363.33,365.3 1 1
github.com/JailtonJunior94/ai-spec-harness/internal/taskloop/agent.go:366.2,368.17 3 1
github.com/JailtonJunior94/ai-spec-harness/internal/taskloop/agent.go:368.17,370.3 1 1
github.com/JailtonJunior94/ai-spec-harness/internal/taskloop/agent.go:371.2,372.71 2 1
github.com/JailtonJunior94/ai-spec-harness/internal/taskloop/agent.go:381.45,381.64 1 1
github.com/JailtonJunior94/ai-spec-harness/internal/taskloop/agent.go:383.52,383.69 1 0
github.com/JailtonJunior94/ai-spec-harness/internal/taskloop/agent.go:385.113,387.17 2 1
github.com/JailtonJunior94/ai-spec-harness/internal/taskloop/agent.go:387.17,389.3 1 1
github.com/JailtonJunior94/ai-spec-harness/internal/taskloop/agent.go:390.2,391.72 2 1
github.com/JailtonJunior94/ai-spec-harness/internal/taskloop/agent.go:408.46,408.66 1 1
github.com/JailtonJunior94/ai-spec-harness/internal/taskloop/agent.go:410.53,410.70 1 0
github.com/JailtonJunior94/ai-spec-harness/internal/taskloop/agent.go:412.114,414.14 2 1
github.com/JailtonJunior94/ai-spec-harness/internal/taskloop/agent.go:414.14,416.3 1 1
github.com/JailtonJunior94/ai-spec-harness/internal/taskloop/agent.go:417.2,417.23 1 1
github.com/JailtonJunior94/ai-spec-harness/internal/taskloop/agent.go:417.23,419.3 1 1
github.com/JailtonJunior94/ai-spec-harness/internal/taskloop/agent.go:420.2,421.17 2 1
github.com/JailtonJunior94/ai-spec-harness/internal/taskloop/agent.go:421.17,423.3 1 1
github.com/JailtonJunior94/ai-spec-harness/internal/taskloop/agent.go:424.2,425.73 2 1
github.com/JailtonJunior94/ai-spec-harness/internal/taskloop/agent_livewriter.go:17.51,21.2 3 1
github.com/JailtonJunior94/ai-spec-harness/internal/taskloop/agent_unix.go:14.140,24.28 5 1
github.com/JailtonJunior94/ai-spec-harness/internal/taskloop/agent_unix.go:24.28,26.3 1 0
github.com/JailtonJunior94/ai-spec-harness/internal/taskloop/agent_unix.go:29.2,32.20 3 1
github.com/JailtonJunior94/ai-spec-harness/internal/taskloop/agent_unix.go:32.20,41.3 3 1
github.com/JailtonJunior94/ai-spec-harness/internal/taskloop/agent_unix.go:41.8,44.3 2 1
github.com/JailtonJunior94/ai-spec-harness/internal/taskloop/agent_unix.go:46.2,48.16 3 1
github.com/JailtonJunior94/ai-spec-harness/internal/taskloop/agent_unix.go:48.16,49.47 1 0
github.com/JailtonJunior94/ai-spec-harness/internal/taskloop/agent_unix.go:49.47,51.4 1 0
github.com/JailtonJunior94/ai-spec-harness/internal/taskloop/agent_unix.go:51.9,53.4 1 0
github.com/JailtonJunior94/ai-spec-harness/internal/taskloop/agent_unix.go:55.2,55.62 1 1
github.com/JailtonJunior94/ai-spec-harness/internal/taskloop/bugfix.go:65.116,66.19 1 1
github.com/JailtonJunior94/ai-spec-harness/internal/taskloop/bugfix.go:66.19,68.3 1 1
github.com/JailtonJunior94/ai-spec-harness/internal/taskloop/bugfix.go:69.2,74.3 1 1
github.com/JailtonJunior94/ai-spec-harness/internal/taskloop/bugfix.go:83.120,87.24 3 1
github.com/JailtonJunior94/ai-spec-harness/internal/taskloop/bugfix.go:87.24,91.3 3 1
github.com/JailtonJunior94/ai-spec-harness/internal/taskloop/bugfix.go:93.2,94.35 2 1
github.com/JailtonJunior94/ai-spec-harness/internal/taskloop/bugfix.go:94.35,95.35 1 1
github.com/JailtonJunior94/ai-spec-harness/internal/taskloop/bugfix.go:95.35,97.4 1 1
github.com/JailtonJunior94/ai-spec-harness/internal/taskloop/bugfix.go:99.3,100.17 2 1
github.com/JailtonJunior94/ai-spec-harness/internal/taskloop/bugfix.go:100.17,102.4 1 1
github.com/JailtonJunior94/ai-spec-harness/internal/taskloop/bugfix.go:103.3,104.17 2 1
github.com/JailtonJunior94/ai-spec-harness/internal/taskloop/bugfix.go:104.17,106.4 1 1
github.com/JailtonJunior94/ai-spec-harness/internal/taskloop/bugfix.go:108.3,109.17 2 1
github.com/JailtonJunior94/ai-spec-harness/internal/taskloop/bugfix.go:109.17,111.4 1 0
github.com/JailtonJunior94/ai-spec-harness/internal/taskloop/bugfix.go:112.3,115.17 3 1
github.com/JailtonJunior94/ai-spec-harness/internal/taskloop/bugfix.go:115.17,117.4 1 1
github.com/JailtonJunior94/ai-spec-harness/internal/taskloop/bugfix.go:119.3,131.29 3 1
github.com/JailtonJunior94/ai-spec-harness/internal/taskloop/bugfix.go:131.29,135.4 3 1
github.com/JailtonJunior94/ai-spec-harness/internal/taskloop/bugfix.go:137.3,138.21 2 1
github.com/JailtonJunior94/ai-spec-harness/internal/taskloop/bugfix.go:141.2,148.35 5 1
github.com/JailtonJunior94/ai-spec-harness/internal/taskloop/bugfix.go:159.80,164.59 2 1
github.com/JailtonJunior94/ai-spec-harness/internal/taskloop/bugfix.go:164.59,166.3 1 1
github.com/JailtonJunior94/ai-spec-harness/internal/taskloop/bugfix.go:167.2,167.22 1 1
github.com/JailtonJunior94/ai-spec-harness/internal/taskloop/bugfix.go:170.77,171.51 1 1
github.com/JailtonJunior94/ai-spec-harness/internal/taskloop/bugfix.go:171.51,174.32 3 1
github.com/JailtonJunior94/ai-spec-harness/internal/taskloop/bugfix.go:174.32,176.40 2 1
github.com/JailtonJunior94/ai-spec-harness/internal/taskloop/bugfix.go:176.40,178.5 1 1
github.com/JailtonJunior94/ai-spec-harness/internal/taskloop/bugfix.go:181.2,181.11 1 1
github.com/JailtonJunior94/ai-spec-harness/internal/taskloop/bugfix.go:186.65,188.35 2 1
github.com/JailtonJunior94/ai-spec-harness/internal/taskloop/bugfix.go:188.35,190.23 2 1
github.com/JailtonJunior94/ai-spec-harness/internal/taskloop/bugfix.go:190.23,192.4 1 1
github.com/JailtonJunior94/ai-spec-harness/internal/taskloop/bugfix.go:193.3,193.21 1 1
github.com/JailtonJunior94/ai-spec-harness/internal/taskloop/bugfix.go:193.21,195.4 1 1
github.com/JailtonJunior94/ai-spec-harness/internal/taskloop/bugfix.go:196.3,196.60 1 1
github.com/JailtonJunior94/ai-spec-harness/internal/taskloop/bugfix.go:198.2,198.36 1 1
github.com/JailtonJunior94/ai-spec-harness/internal/taskloop/bugfix.go:204.81,206.9 2 1
github.com/JailtonJunior94/ai-spec-harness/internal/taskloop/bugfix.go:206.9,208.3 1 1
github.com/JailtonJunior94/ai-spec-harness/internal/taskloop/bugfix.go:209.2,209.21 1 1
github.com/JailtonJunior94/ai-spec-harness/internal/taskloop/bugfix.go:212.74,213.25 1 1
github.com/JailtonJunior94/ai-spec-harness/internal/taskloop/bugfix.go:213.25,215.3 1 1
github.com/JailtonJunior94/ai-spec-harness/internal/taskloop/bugfix.go:216.2,216.67 1 1
github.com/JailtonJunior94/ai-spec-harness/internal/taskloop/bugfix.go:216.67,218.3 1 0
github.com/JailtonJunior94/ai-spec-harness/internal/taskloop/bugfix.go:219.2,219.55 1 1
github.com/JailtonJunior94/ai-spec-harness/internal/taskloop/bugfix.go:222.64,224.29 2 1
github.com/JailtonJunior94/ai-spec-harness/internal/taskloop/bugfix.go:224.29,225.37 1 1
github.com/JailtonJunior94/ai-spec-harness/internal/taskloop/bugfix.go:225.37,227.4 1 1
github.com/JailtonJunior94/ai-spec-harness/internal/taskloop/bugfix.go:229.2,229.12 1 1
github.com/JailtonJunior94/ai-spec-harness/internal/taskloop/bugfix.go:234.64,235.57 1 1
github.com/JailtonJunior94/ai-spec-harness/internal/taskloop/bugfix.go:235.57,237.85 2 1
github.com/JailtonJunior94/ai-spec-harness/internal/taskloop/bugfix.go:237.85,239.4 1 1
github.com/JailtonJunior94/ai-spec-harness/internal/taskloop/bugfix.go:241.2,241.11 1 1
github.com/JailtonJunior94/ai-spec-harness/internal/taskloop/compatibility.go:18.50,54.2 1 1
github.com/JailtonJunior94/ai-spec-harness/internal/taskloop/compatibility.go:59.67,60.17 1 1
github.com/JailtonJunior94/ai-spec-harness/internal/taskloop/compatibility.go:60.17,64.3 2 1
github.com/JailtonJunior94/ai-spec-harness/internal/taskloop/compatibility.go:66.2,67.9 2 1
github.com/JailtonJunior94/ai-spec-harness/internal/taskloop/compatibility.go:67.9,69.3 1 1
github.com/JailtonJunior94/ai-spec-harness/internal/taskloop/compatibility.go:71.2,71.27 1 1
github.com/JailtonJunior94/ai-spec-harness/internal/taskloop/compatibility.go:71.27,72.17 1 1
github.com/JailtonJunior94/ai-spec-harness/internal/taskloop/compatibility.go:72.17,74.4 1 1
github.com/JailtonJunior94/ai-spec-harness/internal/taskloop/compatibility.go:77.2,77.14 1 1
github.com/JailtonJunior94/ai-spec-harness/internal/taskloop/compatibility.go:82.59,84.2 1 1
github.com/JailtonJunior94/ai-spec-harness/internal/taskloop/compatibility.go:88.76,89.32 1 1
github.com/JailtonJunior94/ai-spec-harness/internal/taskloop/compatibility.go:89.32,91.3 1 1
github.com/JailtonJunior94/ai-spec-harness/internal/taskloop/compatibility.go:93.2,93.17 1 1
github.com/JailtonJunior94/ai-spec-harness/internal/taskloop/compatibility.go:93.17,95.3 1 1
github.com/JailtonJunior94/ai-spec-harness/internal/taskloop/compatibility.go:97.2,97.98 1 1
github.com/JailtonJunior94/ai-spec-harness/internal/taskloop/compatibility.go:104.83,105.33 1 1
github.com/JailtonJunior94/ai-spec-harness/internal/taskloop/compatibility.go:105.33,107.3 1 1
github.com/JailtonJunior94/ai-spec-harness/internal/taskloop/compatibility.go:109.2,110.35 2 1
github.com/JailtonJunior94/ai-spec-harness/internal/taskloop/compatibility.go:110.35,112.3 1 1
github.com/JailtonJunior94/ai-spec-harness/internal/taskloop/compatibility.go:114.2,115.24 2 1
github.com/JailtonJunior94/ai-spec-harness/internal/taskloop/compatibility.go:115.24,118.3 1 1
github.com/JailtonJunior94/ai-spec-harness/internal/taskloop/compatibility.go:120.2,121.50 1 1
github.com/JailtonJunior94/ai-spec-harness/internal/taskloop/evidence.go:32.63,34.2 1 1
github.com/JailtonJunior94/ai-spec-harness/internal/taskloop/evidence.go:38.109,40.16 2 1
github.com/JailtonJunior94/ai-spec-harness/internal/taskloop/evidence.go:40.16,42.3 1 1
github.com/JailtonJunior94/ai-spec-harness/internal/taskloop/evidence.go:44.2,47.60 3 1
github.com/JailtonJunior94/ai-spec-harness/internal/taskloop/evidence.go:47.60,49.3 1 0
github.com/JailtonJunior94/ai-spec-harness/internal/taskloop/evidence.go:50.2,50.12 1 1
github.com/JailtonJunior94/ai-spec-harness/internal/taskloop/evidence.go:53.65,60.26 7 1
github.com/JailtonJunior94/ai-spec-harness/internal/taskloop/evidence.go:60.26,62.3 1 1
github.com/JailtonJunior94/ai-spec-harness/internal/taskloop/evidence.go:63.2,63.25 1 1
github.com/JailtonJunior94/ai-spec-harness/internal/taskloop/evidence.go:63.25,65.3 1 0
github.com/JailtonJunior94/ai-spec-harness/internal/taskloop/evidence.go:66.2,66.24 1 1
github.com/JailtonJunior94/ai-spec-harness/internal/taskloop/evidence.go:66.24,68.3 1 0
github.com/JailtonJunior94/ai-spec-harness/internal/taskloop/evidence.go:69.2,70.18 2 1
github.com/JailtonJunior94/ai-spec-harness/internal/taskloop/evidence.go:73.67,80.57 5 1
github.com/JailtonJunior94/ai-spec-harness/internal/taskloop/evidence.go:80.57,88.3 6 1
github.com/JailtonJunior94/ai-spec-harness/internal/taskloop/evidence.go:91.2,97.40 6 1
github.com/JailtonJunior94/ai-spec-harness/internal/taskloop/evidence.go:97.40,99.3 1 1
github.com/JailtonJunior94/ai-spec-harness/internal/taskloop/evidence.go:100.2,100.20 1 1
github.com/JailtonJunior94/ai-spec-harness/internal/taskloop/evidence.go:100.20,103.3 2 1
github.com/JailtonJunior94/ai-spec-harness/internal/taskloop/evidence.go:104.2,104.18 1 1
github.com/JailtonJunior94/ai-spec-harness/internal/taskloop/isolation.go:29.118,31.2 1 1
github.com/JailtonJunior94/ai-spec-harness/internal/taskloop/isolation.go:33.150,35.16 2 1
github.com/JailtonJunior94/ai-spec-harness/internal/taskloop/isolation.go:35.16,37.3 1 0
github.com/JailtonJunior94/ai-spec-harness/internal/taskloop/isolation.go:39.2,40.16 2 1
github.com/JailtonJunior94/ai-spec-harness/internal/taskloop/isolation.go:40.16,42.3 1 0
github.com/JailtonJunior94/ai-spec-harness/internal/taskloop/isolation.go:44.2,45.16 2 1
github.com/JailtonJunior94/ai-spec-harness/internal/taskloop/isolation.go:45.16,47.3 1 0
github.com/JailtonJunior94/ai-spec-harness/internal/taskloop/isolation.go:49.2,50.16 2 1
github.com/JailtonJunior94/ai-spec-harness/internal/taskloop/isolation.go:50.16,52.3 1 0
github.com/JailtonJunior94/ai-spec-harness/internal/taskloop/isolation.go:54.2,59.8 1 1
github.com/JailtonJunior94/ai-spec-harness/internal/taskloop/isolation.go:62.150,64.2 1 1
github.com/JailtonJunior94/ai-spec-harness/internal/taskloop/isolation.go:66.154,68.2 1 1
github.com/JailtonJunior94/ai-spec-harness/internal/taskloop/isolation.go:70.182,72.16 2 1
github.com/JailtonJunior94/ai-spec-harness/internal/taskloop/isolation.go:72.16,74.3 1 0
github.com/JailtonJunior94/ai-spec-harness/internal/taskloop/isolation.go:76.2,77.16 2 1
github.com/JailtonJunior94/ai-spec-harness/internal/taskloop/isolation.go:77.16,79.3 1 0
github.com/JailtonJunior94/ai-spec-harness/internal/taskloop/isolation.go:81.2,81.46 1 1
github.com/JailtonJunior94/ai-spec-harness/internal/taskloop/isolation.go:81.46,83.3 1 0
github.com/JailtonJunior94/ai-spec-harness/internal/taskloop/isolation.go:85.2,85.145 1 1
github.com/JailtonJunior94/ai-spec-harness/internal/taskloop/isolation.go:85.145,87.3 1 1
github.com/JailtonJunior94/ai-spec-harness/internal/taskloop/isolation.go:89.2,90.16 2 1
github.com/JailtonJunior94/ai-spec-harness/internal/taskloop/isolation.go:90.16,92.3 1 0
github.com/JailtonJunior94/ai-spec-harness/internal/taskloop/isolation.go:94.2,94.154 1 1
github.com/JailtonJunior94/ai-spec-harness/internal/taskloop/isolation.go:94.154,96.3 1 1
github.com/JailtonJunior94/ai-spec-harness/internal/taskloop/isolation.go:98.2,99.16 2 1
github.com/JailtonJunior94/ai-spec-harness/internal/taskloop/isolation.go:99.16,101.3 1 0
github.com/JailtonJunior94/ai-spec-harness/internal/taskloop/isolation.go:103.2,103.107 1 1
github.com/JailtonJunior94/ai-spec-harness/internal/taskloop/isolation.go:103.107,105.3 1 1
github.com/JailtonJunior94/ai-spec-harness/internal/taskloop/isolation.go:107.2,107.12 1 1
github.com/JailtonJunior94/ai-spec-harness/internal/taskloop/isolation.go:110.127,112.16 2 1
github.com/JailtonJunior94/ai-spec-harness/internal/taskloop/isolation.go:112.16,114.3 1 0
github.com/JailtonJunior94/ai-spec-harness/internal/taskloop/isolation.go:115.2,115.37 1 1
github.com/JailtonJunior94/ai-spec-harness/internal/taskloop/isolation.go:115.37,116.44 1 1
github.com/JailtonJunior94/ai-spec-harness/internal/taskloop/isolation.go:116.44,117.12 1 1
github.com/JailtonJunior94/ai-spec-harness/internal/taskloop/isolation.go:119.3,119.43 1 1
github.com/JailtonJunior94/ai-spec-harness/internal/taskloop/isolation.go:119.43,121.4 1 0
github.com/JailtonJunior94/ai-spec-harness/internal/taskloop/isolation.go:124.2,125.16 2 1
github.com/JailtonJunior94/ai-spec-harness/internal/taskloop/isolation.go:125.16,127.3 1 0
github.com/JailtonJunior94/ai-spec-harness/internal/taskloop/isolation.go:128.2,128.36 1 1
github.com/JailtonJunior94/ai-spec-harness/internal/taskloop/isolation.go:128.36,129.43 1 1
github.com/JailtonJunior94/ai-spec-harness/internal/taskloop/isolation.go:129.43,130.12 1 1
github.com/JailtonJunior94/ai-spec-harness/internal/taskloop/isolation.go:132.3,132.43 1 1
github.com/JailtonJunior94/ai-spec-harness/internal/taskloop/isolation.go:132.43,134.4 1 0
github.com/JailtonJunior94/ai-spec-harness/internal/taskloop/isolation.go:137.2,137.100 1 1
github.com/JailtonJunior94/ai-spec-harness/internal/taskloop/isolation.go:137.100,139.3 1 0
github.com/JailtonJunior94/ai-spec-harness/internal/taskloop/isolation.go:141.2,141.48 1 1
github.com/JailtonJunior94/ai-spec-harness/internal/taskloop/isolation.go:141.48,142.55 1 1
github.com/JailtonJunior94/ai-spec-harness/internal/taskloop/isolation.go:142.55,144.4 1 0
github.com/JailtonJunior94/ai-spec-harness/internal/taskloop/isolation.go:147.2,147.47 1 1
github.com/JailtonJunior94/ai-spec-harness/internal/taskloop/isolation.go:147.47,148.55 1 1
github.com/JailtonJunior94/ai-spec-harness/internal/taskloop/isolation.go:148.55,150.4 1 0
github.com/JailtonJunior94/ai-spec-harness/internal/taskloop/isolation.go:153.2,153.12 1 1
github.com/JailtonJunior94/ai-spec-harness/internal/taskloop/isolation.go:156.136,157.36 1 1
github.com/JailtonJunior94/ai-spec-harness/internal/taskloop/isolation.go:157.36,159.10 2 1
github.com/JailtonJunior94/ai-spec-harness/internal/taskloop/isolation.go:159.10,161.4 1 0
github.com/JailtonJunior94/ai-spec-harness/internal/taskloop/isolation.go:162.3,162.54 1 1
github.com/JailtonJunior94/ai-spec-harness/internal/taskloop/isolation.go:162.54,163.12 1 1
github.com/JailtonJunior94/ai-spec-harness/internal/taskloop/isolation.go:165.3,165.28 1 1
github.com/JailtonJunior94/ai-spec-harness/internal/taskloop/isolation.go:165.28,167.4 1 1
github.com/JailtonJunior94/ai-spec-harness/internal/taskloop/isolation.go:170.2,170.24 1 1
github.com/JailtonJunior94/ai-spec-harness/internal/taskloop/isolation.go:170.24,171.31 1 1
github.com/JailtonJunior94/ai-spec-harness/internal/taskloop/isolation.go:171.31,173.4 1 0
github.com/JailtonJunior94/ai-spec-harness/internal/taskloop/isolation.go:176.2,176.12 1 1
github.com/JailtonJunior94/ai-spec-harness/internal/taskloop/isolation.go:179.139,180.42 1 1
github.com/JailtonJunior94/ai-spec-harness/internal/taskloop/isolation.go:180.42,182.10 2 1
github.com/JailtonJunior94/ai-spec-harness/internal/taskloop/isolation.go:182.10,184.4 1 0
github.com/JailtonJunior94/ai-spec-harness/internal/taskloop/isolation.go:185.3,185.58 1 1
github.com/JailtonJunior94/ai-spec-harness/internal/taskloop/isolation.go:185.58,186.12 1 1
github.com/JailtonJunior94/ai-spec-harness/internal/taskloop/isolation.go:188.3,188.48 1 1
github.com/JailtonJunior94/ai-spec-harness/internal/taskloop/isolation.go:188.48,190.4 1 1
github.com/JailtonJunior94/ai-spec-harness/internal/taskloop/isolation.go:193.2,193.26 1 1
github.com/JailtonJunior94/ai-spec-harness/internal/taskloop/isolation.go:193.26,194.58 1 1
github.com/JailtonJunior94/ai-spec-harness/internal/taskloop/isolation.go:194.58,195.12 1 1
github.com/JailtonJunior94/ai-spec-harness/internal/taskloop/isolation.go:197.3,197.33 1 1
github.com/JailtonJunior94/ai-spec-harness/internal/taskloop/isolation.go:197.33,199.4 1 1
github.com/JailtonJunior94/ai-spec-harness/internal/taskloop/isolation.go:202.2,202.12 1 1
github.com/JailtonJunior94/ai-spec-harness/internal/taskloop/isolation.go:205.92,206.42 1 1
github.com/JailtonJunior94/ai-spec-harness/internal/taskloop/isolation.go:206.42,208.10 2 1
github.com/JailtonJunior94/ai-spec-harness/internal/taskloop/isolation.go:208.10,210.4 1 0
github.com/JailtonJunior94/ai-spec-harness/internal/taskloop/isolation.go:211.3,211.48 1 1
github.com/JailtonJunior94/ai-spec-harness/internal/taskloop/isolation.go:211.48,213.4 1 1
github.com/JailtonJunior94/ai-spec-harness/internal/taskloop/isolation.go:216.2,216.26 1 1
github.com/JailtonJunior94/ai-spec-harness/internal/taskloop/isolation.go:216.26,217.33 1 1
github.com/JailtonJunior94/ai-spec-harness/internal/taskloop/isolation.go:217.33,219.4 1 1
github.com/JailtonJunior94/ai-spec-harness/internal/taskloop/isolation.go:222.2,222.12 1 1
github.com/JailtonJunior94/ai-spec-harness/internal/taskloop/isolation.go:225.98,227.16 2 1
github.com/JailtonJunior94/ai-spec-harness/internal/taskloop/isolation.go:227.16,229.3 1 0
github.com/JailtonJunior94/ai-spec-harness/internal/taskloop/isolation.go:231.2,232.32 2 1
github.com/JailtonJunior94/ai-spec-harness/internal/taskloop/isolation.go:232.32,233.20 1 1
github.com/JailtonJunior94/ai-spec-harness/internal/taskloop/isolation.go:233.20,234.12 1 1
github.com/JailtonJunior94/ai-spec-harness/internal/taskloop/isolation.go:237.3,238.44 2 1
github.com/JailtonJunior94/ai-spec-harness/internal/taskloop/isolation.go:238.44,239.12 1 1
github.com/JailtonJunior94/ai-spec-harness/internal/taskloop/isolation.go:242.3,244.17 3 1
github.com/JailtonJunior94/ai-spec-harness/internal/taskloop/isolation.go:244.17,246.4 1 0
github.com/JailtonJunior94/ai-spec-harness/internal/taskloop/isolation.go:247.3,247.52 1 1
github.com/JailtonJunior94/ai-spec-harness/internal/taskloop/isolation.go:250.2,250.19 1 1
github.com/JailtonJunior94/ai-spec-harness/internal/taskloop/isolation.go:253.130,255.76 2 1
github.com/JailtonJunior94/ai-spec-harness/internal/taskloop/isolation.go:255.76,256.62 1 1
github.com/JailtonJunior94/ai-spec-harness/internal/taskloop/isolation.go:256.62,258.4 1 1
github.com/JailtonJunior94/ai-spec-harness/internal/taskloop/isolation.go:259.3,260.17 2 1
github.com/JailtonJunior94/ai-spec-harness/internal/taskloop/isolation.go:260.17,262.4 1 0
github.com/JailtonJunior94/ai-spec-harness/internal/taskloop/isolation.go:263.3,264.13 2 1
github.com/JailtonJunior94/ai-spec-harness/internal/taskloop/isolation.go:265.17,267.3 1 0
github.com/JailtonJunior94/ai-spec-harness/internal/taskloop/isolation.go:268.2,268.19 1 1
github.com/JailtonJunior94/ai-spec-harness/internal/taskloop/isolation.go:271.99,273.16 2 1
github.com/JailtonJunior94/ai-spec-harness/internal/taskloop/isolation.go:273.16,275.3 1 0
github.com/JailtonJunior94/ai-spec-harness/internal/taskloop/isolation.go:277.2,277.32 1 1
github.com/JailtonJunior94/ai-spec-harness/internal/taskloop/isolation.go:277.32,279.20 2 1
github.com/JailtonJunior94/ai-spec-harness/internal/taskloop/isolation.go:279.20,280.72 1 1
github.com/JailtonJunior94/ai-spec-harness/internal/taskloop/isolation.go:280.72,282.5 1 0
github.com/JailtonJunior94/ai-spec-harness/internal/taskloop/isolation.go:283.4,283.12 1 1
github.com/JailtonJunior94/ai-spec-harness/internal/taskloop/isolation.go:285.3,285.41 1 1
github.com/JailtonJunior94/ai-spec-harness/internal/taskloop/isolation.go:285.41,287.4 1 0
github.com/JailtonJunior94/ai-spec-harness/internal/taskloop/isolation.go:290.2,290.12 1 1
github.com/JailtonJunior94/ai-spec-harness/internal/taskloop/isolation.go:293.95,295.16 2 1
github.com/JailtonJunior94/ai-spec-harness/internal/taskloop/isolation.go:295.16,297.3 1 0
github.com/JailtonJunior94/ai-spec-harness/internal/taskloop/isolation.go:298.2,300.67 2 1
github.com/JailtonJunior94/ai-spec-harness/internal/taskloop/isolation.go:300.67,302.3 1 1
github.com/JailtonJunior94/ai-spec-harness/internal/taskloop/isolation.go:309.2,309.50 1 1
github.com/JailtonJunior94/ai-spec-harness/internal/taskloop/isolation.go:309.50,311.3 1 1
github.com/JailtonJunior94/ai-spec-harness/internal/taskloop/isolation.go:312.2,312.88 1 1
github.com/JailtonJunior94/ai-spec-harness/internal/taskloop/isolation.go:312.88,314.3 1 1
github.com/JailtonJunior94/ai-spec-harness/internal/taskloop/isolation.go:315.2,315.13 1 1
github.com/JailtonJunior94/ai-spec-harness/internal/taskloop/isolation.go:321.63,322.70 1 1
github.com/JailtonJunior94/ai-spec-harness/internal/taskloop/isolation.go:322.70,323.83 1 1
github.com/JailtonJunior94/ai-spec-harness/internal/taskloop/isolation.go:323.83,325.4 1 1
github.com/JailtonJunior94/ai-spec-harness/internal/taskloop/isolation.go:327.2,327.14 1 1
github.com/JailtonJunior94/ai-spec-harness/internal/taskloop/isolation.go:330.63,334.2 1 1
github.com/JailtonJunior94/ai-spec-harness/internal/taskloop/isolation.go:336.55,337.37 1 1
github.com/JailtonJunior94/ai-spec-harness/internal/taskloop/isolation.go:337.37,339.3 1 1
github.com/JailtonJunior94/ai-spec-harness/internal/taskloop/isolation.go:340.2,340.69 1 1
github.com/JailtonJunior94/ai-spec-harness/internal/taskloop/isolation.go:340.69,342.3 1 1
github.com/JailtonJunior94/ai-spec-harness/internal/taskloop/isolation.go:343.2,343.114 1 1
github.com/JailtonJunior94/ai-spec-harness/internal/taskloop/isolation.go:343.114,345.3 1 1
github.com/JailtonJunior94/ai-spec-harness/internal/taskloop/isolation.go:346.2,346.49 1 1
github.com/JailtonJunior94/ai-spec-harness/internal/taskloop/isolation.go:349.78,354.29 4 1
github.com/JailtonJunior94/ai-spec-harness/internal/taskloop/isolation.go:354.29,356.40 2 1
github.com/JailtonJunior94/ai-spec-harness/internal/taskloop/isolation.go:356.40,357.12 1 1
github.com/JailtonJunior94/ai-spec-harness/internal/taskloop/isolation.go:359.3,362.20 3 1
github.com/JailtonJunior94/ai-spec-harness/internal/taskloop/isolation.go:362.20,364.12 1 0
github.com/JailtonJunior94/ai-spec-harness/internal/taskloop/isolation.go:367.3,368.15 2 1
github.com/JailtonJunior94/ai-spec-harness/internal/taskloop/isolation.go:368.15,370.4 1 0
github.com/JailtonJunior94/ai-spec-harness/internal/taskloop/isolation.go:371.3,371.21 1 1
github.com/JailtonJunior94/ai-spec-harness/internal/taskloop/isolation.go:374.2,374.12 1 1
github.com/JailtonJunior94/ai-spec-harness/internal/taskloop/isolation.go:374.12,376.3 1 0
github.com/JailtonJunior94/ai-spec-harness/internal/taskloop/isolation.go:378.2,378.18 1 1
github.com/JailtonJunior94/ai-spec-harness/internal/taskloop/orchestrator.go:39.98,41.16 2 1
github.com/JailtonJunior94/ai-spec-harness/internal/taskloop/orchestrator.go:41.16,43.3 1 0
github.com/JailtonJunior94/ai-spec-harness/internal/taskloop/orchestrator.go:44.2,45.16 2 1
github.com/JailtonJunior94/ai-spec-harness/internal/taskloop/orchestrator.go:45.16,47.3 1 0
github.com/JailtonJunior94/ai-spec-harness/internal/taskloop/orchestrator.go:48.2,48.19 1 1
github.com/JailtonJunior94/ai-spec-harness/internal/taskloop/orchestrator.go:48.19,50.3 1 0
github.com/JailtonJunior94/ai-spec-harness/internal/taskloop/orchestrator.go:52.2,55.38 4 1
github.com/JailtonJunior94/ai-spec-harness/internal/taskloop/orchestrator.go:55.38,57.3 1 1
github.com/JailtonJunior94/ai-spec-harness/internal/taskloop/orchestrator.go:58.2,58.26 1 1
github.com/JailtonJunior94/ai-spec-harness/internal/taskloop/orchestrator.go:79.41,80.44 1 1
github.com/JailtonJunior94/ai-spec-harness/internal/taskloop/orchestrator.go:80.44,82.3 1 0
github.com/JailtonJunior94/ai-spec-harness/internal/taskloop/orchestrator.go:83.2,83.93 1 1
github.com/JailtonJunior94/ai-spec-harness/internal/taskloop/orchestrator.go:83.93,85.3 1 1
github.com/JailtonJunior94/ai-spec-harness/internal/taskloop/orchestrator.go:86.2,87.31 2 1
github.com/JailtonJunior94/ai-spec-harness/internal/taskloop/orchestrator.go:87.31,88.72 1 1
github.com/JailtonJunior94/ai-spec-harness/internal/taskloop/orchestrator.go:88.72,90.4 1 0
github.com/JailtonJunior94/ai-spec-harness/internal/taskloop/orchestrator.go:91.3,91.41 1 1
github.com/JailtonJunior94/ai-spec-harness/internal/taskloop/orchestrator.go:91.41,93.123 2 1
github.com/JailtonJunior94/ai-spec-harness/internal/taskloop/orchestrator.go:93.123,95.5 1 0
github.com/JailtonJunior94/ai-spec-harness/internal/taskloop/orchestrator.go:96.4,96.34 1 1
github.com/JailtonJunior94/ai-spec-harness/internal/taskloop/orchestrator.go:96.34,97.58 1 1
github.com/JailtonJunior94/ai-spec-harness/internal/taskloop/orchestrator.go:97.58,99.6 1 1
github.com/JailtonJunior94/ai-spec-harness/internal/taskloop/orchestrator.go:101.4,101.29 1 1
github.com/JailtonJunior94/ai-spec-harness/internal/taskloop/orchestrator.go:104.2,104.12 1 0
github.com/JailtonJunior94/ai-spec-harness/internal/taskloop/orchestrator.go:107.44,110.2 2 1
github.com/JailtonJunior94/ai-spec-harness/internal/taskloop/orchestrator.go:122.62,131.2 3 1
github.com/JailtonJunior94/ai-spec-harness/internal/taskloop/orchestrator.go:140.54,141.18 1 1
github.com/JailtonJunior94/ai-spec-harness/internal/taskloop/orchestrator.go:141.18,143.3 1 0
github.com/JailtonJunior94/ai-spec-harness/internal/taskloop/orchestrator.go:144.2,144.36 1 1
github.com/JailtonJunior94/ai-spec-harness/internal/taskloop/orchestrator.go:148.75,150.16 2 1
github.com/JailtonJunior94/ai-spec-harness/internal/taskloop/orchestrator.go:150.16,152.3 1 0
github.com/JailtonJunior94/ai-spec-harness/internal/taskloop/orchestrator.go:153.2,153.82 1 1
github.com/JailtonJunior94/ai-spec-harness/internal/taskloop/orchestrator.go:158.121,159.86 1 1
github.com/JailtonJunior94/ai-spec-harness/internal/taskloop/orchestrator.go:159.86,161.3 1 0
github.com/JailtonJunior94/ai-spec-harness/internal/taskloop/orchestrator.go:162.2,163.16 2 1
github.com/JailtonJunior94/ai-spec-harness/internal/taskloop/orchestrator.go:163.16,165.3 1 1
github.com/JailtonJunior94/ai-spec-harness/internal/taskloop/orchestrator.go:166.2,166.15 1 1
github.com/JailtonJunior94/ai-spec-harness/internal/taskloop/orchestrator.go:166.15,167.63 1 1
github.com/JailtonJunior94/ai-spec-harness/internal/taskloop/orchestrator.go:167.63,169.4 1 0
github.com/JailtonJunior94/ai-spec-harness/internal/taskloop/orchestrator.go:172.2,172.64 1 1
github.com/JailtonJunior94/ai-spec-harness/internal/taskloop/orchestrator.go:175.117,177.16 2 1
github.com/JailtonJunior94/ai-spec-harness/internal/taskloop/orchestrator.go:177.16,179.3 1 0
github.com/JailtonJunior94/ai-spec-harness/internal/taskloop/orchestrator.go:180.2,180.26 1 1
github.com/JailtonJunior94/ai-spec-harness/internal/taskloop/orchestrator.go:180.26,182.3 1 0
github.com/JailtonJunior94/ai-spec-harness/internal/taskloop/orchestrator.go:183.2,183.48 1 1
github.com/JailtonJunior94/ai-spec-harness/internal/taskloop/orchestrator.go:183.48,185.3 1 1
github.com/JailtonJunior94/ai-spec-harness/internal/taskloop/orchestrator.go:186.2,186.47 1 1
github.com/JailtonJunior94/ai-spec-harness/internal/taskloop/orchestrator.go:186.47,190.3 1 1
github.com/JailtonJunior94/ai-spec-harness/internal/taskloop/orchestrator.go:191.2,193.52 2 1
github.com/JailtonJunior94/ai-spec-harness/internal/taskloop/orchestrator.go:193.52,195.3 1 0
github.com/JailtonJunior94/ai-spec-harness/internal/taskloop/orchestrator.go:196.2,196.19 1 1
github.com/JailtonJunior94/ai-spec-harness/internal/taskloop/orchestrator.go:201.103,202.64 1 1
github.com/JailtonJunior94/ai-spec-harness/internal/taskloop/orchestrator.go:202.64,204.3 1 0
github.com/JailtonJunior94/ai-spec-harness/internal/taskloop/orchestrator.go:205.2,206.16 2 1
github.com/JailtonJunior94/ai-spec-harness/internal/taskloop/orchestrator.go:206.16,208.3 1 0
github.com/JailtonJunior94/ai-spec-harness/internal/taskloop/orchestrator.go:209.2,209.15 1 1
github.com/JailtonJunior94/ai-spec-harness/internal/taskloop/orchestrator.go:209.15,210.63 1 1
github.com/JailtonJunior94/ai-spec-harness/internal/taskloop/orchestrator.go:210.63,212.4 1 0
github.com/JailtonJunior94/ai-spec-harness/internal/taskloop/orchestrator.go:215.2,215.39 1 1
github.com/JailtonJunior94/ai-spec-harness/internal/taskloop/orchestrator.go:218.99,220.16 2 1
github.com/JailtonJunior94/ai-spec-harness/internal/taskloop/orchestrator.go:220.16,222.3 1 0
github.com/JailtonJunior94/ai-spec-harness/internal/taskloop/orchestrator.go:223.2,223.33 1 1
github.com/JailtonJunior94/ai-spec-harness/internal/taskloop/orchestrator.go:223.33,225.3 1 0
github.com/JailtonJunior94/ai-spec-harness/internal/taskloop/orchestrator.go:226.2,226.62 1 1
github.com/JailtonJunior94/ai-spec-harness/internal/taskloop/orchestrator.go:226.62,228.3 1 1
github.com/JailtonJunior94/ai-spec-harness/internal/taskloop/orchestrator.go:229.2,231.52 2 1
github.com/JailtonJunior94/ai-spec-harness/internal/taskloop/orchestrator.go:231.52,233.3 1 0
github.com/JailtonJunior94/ai-spec-harness/internal/taskloop/orchestrator.go:234.2,234.19 1 1
github.com/JailtonJunior94/ai-spec-harness/internal/taskloop/orchestrator.go:237.90,238.37 1 1
github.com/JailtonJunior94/ai-spec-harness/internal/taskloop/orchestrator.go:238.37,239.133 1 1
github.com/JailtonJunior94/ai-spec-harness/internal/taskloop/orchestrator.go:239.133,241.4 1 1
github.com/JailtonJunior94/ai-spec-harness/internal/taskloop/orchestrator.go:243.2,243.14 1 1
github.com/JailtonJunior94/ai-spec-harness/internal/taskloop/orchestrator.go:246.91,247.37 1 1
github.com/JailtonJunior94/ai-spec-harness/internal/taskloop/orchestrator.go:247.37,248.207 1 1
github.com/JailtonJunior94/ai-spec-harness/internal/taskloop/orchestrator.go:248.207,250.4 1 1
github.com/JailtonJunior94/ai-spec-harness/internal/taskloop/orchestrator.go:252.2,252.14 1 1
github.com/JailtonJunior94/ai-spec-harness/internal/taskloop/orchestrator.go:258.102,259.47 1 1
github.com/JailtonJunior94/ai-spec-harness/internal/taskloop/orchestrator.go:259.47,261.3 1 0
github.com/JailtonJunior94/ai-spec-harness/internal/taskloop/orchestrator.go:262.2,263.16 2 1
github.com/JailtonJunior94/ai-spec-harness/internal/taskloop/orchestrator.go:263.16,265.3 1 0
github.com/JailtonJunior94/ai-spec-harness/internal/taskloop/orchestrator.go:266.2,267.19 2 1
github.com/JailtonJunior94/ai-spec-harness/internal/taskloop/orchestrator.go:267.19,269.3 1 0
github.com/JailtonJunior94/ai-spec-harness/internal/taskloop/orchestrator.go:270.2,271.36 2 1
github.com/JailtonJunior94/ai-spec-harness/internal/taskloop/orchestrator.go:271.36,273.3 1 0
github.com/JailtonJunior94/ai-spec-harness/internal/taskloop/orchestrator.go:274.2,274.61 1 1
github.com/JailtonJunior94/ai-spec-harness/internal/taskloop/orchestrator.go:280.86,282.16 2 0
github.com/JailtonJunior94/ai-spec-harness/internal/taskloop/orchestrator.go:282.16,284.3 1 0
github.com/JailtonJunior94/ai-spec-harness/internal/taskloop/orchestrator.go:285.2,285.17 1 0
github.com/JailtonJunior94/ai-spec-harness/internal/taskloop/orchestrator_lock_unix.go:12.65,14.16 2 1
github.com/JailtonJunior94/ai-spec-harness/internal/taskloop/orchestrator_lock_unix.go:14.16,16.3 1 0
github.com/JailtonJunior94/ai-spec-harness/internal/taskloop/orchestrator_lock_unix.go:17.2,17.84 1 1
github.com/JailtonJunior94/ai-spec-harness/internal/taskloop/orchestrator_lock_unix.go:17.84,19.76 2 1
github.com/JailtonJunior94/ai-spec-harness/internal/taskloop/orchestrator_lock_unix.go:19.76,21.4 1 1
github.com/JailtonJunior94/ai-spec-harness/internal/taskloop/orchestrator_lock_unix.go:22.3,22.70 1 0
github.com/JailtonJunior94/ai-spec-harness/internal/taskloop/orchestrator_lock_unix.go:24.2,24.22 1 1
github.com/JailtonJunior94/ai-spec-harness/internal/taskloop/orchestrator_lock_unix.go:24.22,25.69 1 1
github.com/JailtonJunior94/ai-spec-harness/internal/taskloop/orchestrator_lock_unix.go:25.69,28.4 2 0
github.com/JailtonJunior94/ai-spec-harness/internal/taskloop/orchestrator_lock_unix.go:29.3,29.35 1 1
github.com/JailtonJunior94/ai-spec-harness/internal/taskloop/orchestrator_lock_unix.go:29.35,31.4 1 0
github.com/JailtonJunior94/ai-spec-harness/internal/taskloop/orchestrator_lock_unix.go:32.3,32.13 1 1
github.com/JailtonJunior94/ai-spec-harness/internal/taskloop/parser.go:34.71,44.29 5 1
github.com/JailtonJunior94/ai-spec-harness/internal/taskloop/parser.go:44.29,46.36 2 1
github.com/JailtonJunior94/ai-spec-harness/internal/taskloop/parser.go:46.36,47.12 1 1
github.com/JailtonJunior94/ai-spec-harness/internal/taskloop/parser.go:49.3,50.67 2 1
github.com/JailtonJunior94/ai-spec-harness/internal/taskloop/parser.go:50.67,51.9 1 1
github.com/JailtonJunior94/ai-spec-harness/internal/taskloop/parser.go:55.2,55.29 1 1
github.com/JailtonJunior94/ai-spec-harness/internal/taskloop/parser.go:55.29,57.37 2 1
github.com/JailtonJunior94/ai-spec-harness/internal/taskloop/parser.go:57.37,58.12 1 1
github.com/JailtonJunior94/ai-spec-harness/internal/taskloop/parser.go:61.3,62.27 2 1
github.com/JailtonJunior94/ai-spec-harness/internal/taskloop/parser.go:62.27,63.12 1 1
github.com/JailtonJunior94/ai-spec-harness/internal/taskloop/parser.go:66.3,67.15 2 1
github.com/JailtonJunior94/ai-spec-harness/internal/taskloop/parser.go:67.15,68.12 1 1
github.com/JailtonJunior94/ai-spec-harness/internal/taskloop/parser.go:70.3,81.5 5 1
github.com/JailtonJunior94/ai-spec-harness/internal/taskloop/parser.go:84.2,84.23 1 1
github.com/JailtonJunior94/ai-spec-harness/internal/taskloop/parser.go:84.23,86.3 1 1
github.com/JailtonJunior94/ai-spec-harness/internal/taskloop/parser.go:87.2,87.21 1 1
github.com/JailtonJunior94/ai-spec-harness/internal/taskloop/parser.go:91.61,93.22 2 1
github.com/JailtonJunior94/ai-spec-harness/internal/taskloop/parser.go:93.22,95.3 1 1
github.com/JailtonJunior94/ai-spec-harness/internal/taskloop/parser.go:96.2,98.45 2 1
github.com/JailtonJunior94/ai-spec-harness/internal/taskloop/parser.go:98.45,100.48 2 1
github.com/JailtonJunior94/ai-spec-harness/internal/taskloop/parser.go:100.48,102.4 1 1
github.com/JailtonJunior94/ai-spec-harness/internal/taskloop/parser.go:104.2,105.22 2 1
github.com/JailtonJunior94/ai-spec-harness/internal/taskloop/parser.go:105.22,107.3 1 1
github.com/JailtonJunior94/ai-spec-harness/internal/taskloop/parser.go:108.2,108.48 1 1
github.com/JailtonJunior94/ai-spec-harness/internal/taskloop/parser.go:114.88,116.26 2 1
github.com/JailtonJunior94/ai-spec-harness/internal/taskloop/parser.go:116.26,118.3 1 1
github.com/JailtonJunior94/ai-spec-harness/internal/taskloop/parser.go:120.2,122.26 3 1
github.com/JailtonJunior94/ai-spec-harness/internal/taskloop/parser.go:122.26,123.65 1 1
github.com/JailtonJunior94/ai-spec-harness/internal/taskloop/parser.go:123.65,124.12 1 1
github.com/JailtonJunior94/ai-spec-harness/internal/taskloop/parser.go:126.3,127.38 2 1
github.com/JailtonJunior94/ai-spec-harness/internal/taskloop/parser.go:127.38,128.32 1 1
github.com/JailtonJunior94/ai-spec-harness/internal/taskloop/parser.go:128.32,130.10 2 1
github.com/JailtonJunior94/ai-spec-harness/internal/taskloop/parser.go:133.3,133.18 1 1
github.com/JailtonJunior94/ai-spec-harness/internal/taskloop/parser.go:133.18,134.33 1 1
github.com/JailtonJunior94/ai-spec-harness/internal/taskloop/parser.go:134.33,136.13 2 1
github.com/JailtonJunior94/ai-spec-harness/internal/taskloop/parser.go:138.4,138.32 1 1
github.com/JailtonJunior94/ai-spec-harness/internal/taskloop/parser.go:141.2,141.39 1 1
github.com/JailtonJunior94/ai-spec-harness/internal/taskloop/parser.go:144.57,146.2 1 1
github.com/JailtonJunior94/ai-spec-harness/internal/taskloop/parser.go:148.110,150.28 2 1
github.com/JailtonJunior94/ai-spec-harness/internal/taskloop/parser.go:150.28,151.60 1 1
github.com/JailtonJunior94/ai-spec-harness/internal/taskloop/parser.go:151.60,152.12 1 1
github.com/JailtonJunior94/ai-spec-harness/internal/taskloop/parser.go:154.3,155.17 2 1
github.com/JailtonJunior94/ai-spec-harness/internal/taskloop/parser.go:155.17,156.12 1 1
github.com/JailtonJunior94/ai-spec-harness/internal/taskloop/parser.go:158.3,158.82 1 1
github.com/JailtonJunior94/ai-spec-harness/internal/taskloop/parser.go:158.82,160.4 1 1
github.com/JailtonJunior94/ai-spec-harness/internal/taskloop/parser.go:162.2,162.19 1 1
github.com/JailtonJunior94/ai-spec-harness/internal/taskloop/parser.go:166.105,171.16 3 1
github.com/JailtonJunior94/ai-spec-harness/internal/taskloop/parser.go:171.16,173.3 1 0
github.com/JailtonJunior94/ai-spec-harness/internal/taskloop/parser.go:175.2,175.28 1 1
github.com/JailtonJunior94/ai-spec-harness/internal/taskloop/parser.go:175.28,176.16 1 1
github.com/JailtonJunior94/ai-spec-harness/internal/taskloop/parser.go:176.16,177.12 1 0
github.com/JailtonJunior94/ai-spec-harness/internal/taskloop/parser.go:179.3,180.38 2 1
github.com/JailtonJunior94/ai-spec-harness/internal/taskloop/parser.go:180.38,181.12 1 1
github.com/JailtonJunior94/ai-spec-harness/internal/taskloop/parser.go:184.3,184.70 1 1
github.com/JailtonJunior94/ai-spec-harness/internal/taskloop/parser.go:184.70,185.12 1 1
github.com/JailtonJunior94/ai-spec-harness/internal/taskloop/parser.go:187.3,187.92 1 1
github.com/JailtonJunior94/ai-spec-harness/internal/taskloop/parser.go:187.92,188.12 1 1
github.com/JailtonJunior94/ai-spec-harness/internal/taskloop/parser.go:191.3,191.60 1 1
github.com/JailtonJunior94/ai-spec-harness/internal/taskloop/parser.go:191.60,193.4 1 1
github.com/JailtonJunior94/ai-spec-harness/internal/taskloop/parser.go:196.2,196.94 1 1
github.com/JailtonJunior94/ai-spec-harness/internal/taskloop/parser.go:199.75,201.32 1 1
github.com/JailtonJunior94/ai-spec-harness/internal/taskloop/parser.go:201.32,203.3 1 1
github.com/JailtonJunior94/ai-spec-harness/internal/taskloop/parser.go:206.2,206.75 1 1
github.com/JailtonJunior94/ai-spec-harness/internal/taskloop/parser.go:206.75,208.3 1 1
github.com/JailtonJunior94/ai-spec-harness/internal/taskloop/parser.go:211.2,211.75 1 1
github.com/JailtonJunior94/ai-spec-harness/internal/taskloop/parser.go:211.75,213.3 1 0
github.com/JailtonJunior94/ai-spec-harness/internal/taskloop/parser.go:216.2,217.79 2 1
github.com/JailtonJunior94/ai-spec-harness/internal/taskloop/parser.go:217.79,219.3 1 1
github.com/JailtonJunior94/ai-spec-harness/internal/taskloop/parser.go:222.2,224.40 3 1
github.com/JailtonJunior94/ai-spec-harness/internal/taskloop/parser.go:224.40,227.72 3 1
github.com/JailtonJunior94/ai-spec-harness/internal/taskloop/parser.go:227.72,229.4 1 1
github.com/JailtonJunior94/ai-spec-harness/internal/taskloop/parser.go:230.3,230.42 1 1
github.com/JailtonJunior94/ai-spec-harness/internal/taskloop/parser.go:230.42,232.20 2 1
github.com/JailtonJunior94/ai-spec-harness/internal/taskloop/parser.go:232.20,234.5 1 0
github.com/JailtonJunior94/ai-spec-harness/internal/taskloop/parser.go:235.4,235.24 1 1
github.com/JailtonJunior94/ai-spec-harness/internal/taskloop/parser.go:235.24,237.5 1 1
github.com/JailtonJunior94/ai-spec-harness/internal/taskloop/parser.go:241.2,241.14 1 1
github.com/JailtonJunior94/ai-spec-harness/internal/taskloop/parser.go:247.84,249.27 2 1
github.com/JailtonJunior94/ai-spec-harness/internal/taskloop/parser.go:249.27,251.12 2 1
github.com/JailtonJunior94/ai-spec-harness/internal/taskloop/parser.go:252.17,254.22 2 1
github.com/JailtonJunior94/ai-spec-harness/internal/taskloop/parser.go:255.79,256.16 1 1
github.com/JailtonJunior94/ai-spec-harness/internal/taskloop/parser.go:259.2,259.20 1 1
github.com/JailtonJunior94/ai-spec-harness/internal/taskloop/parser.go:262.58,263.85 1 1
github.com/JailtonJunior94/ai-spec-harness/internal/taskloop/parser.go:263.85,265.3 1 1
github.com/JailtonJunior94/ai-spec-harness/internal/taskloop/parser.go:266.2,268.26 3 1
github.com/JailtonJunior94/ai-spec-harness/internal/taskloop/parser.go:268.26,270.14 2 1
github.com/JailtonJunior94/ai-spec-harness/internal/taskloop/parser.go:270.14,271.12 1 0
github.com/JailtonJunior94/ai-spec-harness/internal/taskloop/parser.go:273.3,273.25 1 1
github.com/JailtonJunior94/ai-spec-harness/internal/taskloop/parser.go:275.2,275.13 1 1
github.com/JailtonJunior94/ai-spec-harness/internal/taskloop/parser.go:278.52,280.11 2 1
github.com/JailtonJunior94/ai-spec-harness/internal/taskloop/parser.go:281.47,282.16 1 1
github.com/JailtonJunior94/ai-spec-harness/internal/taskloop/parser.go:283.54,284.23 1 1
github.com/JailtonJunior94/ai-spec-harness/internal/taskloop/parser.go:285.18,286.19 1 1
github.com/JailtonJunior94/ai-spec-harness/internal/taskloop/parser.go:287.32,288.19 1 1
github.com/JailtonJunior94/ai-spec-harness/internal/taskloop/parser.go:289.25,290.18 1 1
github.com/JailtonJunior94/ai-spec-harness/internal/taskloop/parser.go:291.51,292.23 1 0
github.com/JailtonJunior94/ai-spec-harness/internal/taskloop/parser.go:294.2,294.10 1 1
github.com/JailtonJunior94/ai-spec-harness/internal/taskloop/parser.go:298.55,299.26 1 1
github.com/JailtonJunior94/ai-spec-harness/internal/taskloop/parser.go:299.26,300.19 1 1
github.com/JailtonJunior94/ai-spec-harness/internal/taskloop/parser.go:301.36,302.12 1 1
github.com/JailtonJunior94/ai-spec-harness/internal/taskloop/parser.go:303.11,304.16 1 1
github.com/JailtonJunior94/ai-spec-harness/internal/taskloop/parser.go:307.2,307.13 1 1
github.com/JailtonJunior94/ai-spec-harness/internal/taskloop/parser.go:311.74,313.16 2 1
github.com/JailtonJunior94/ai-spec-harness/internal/taskloop/parser.go:313.16,315.3 1 1
github.com/JailtonJunior94/ai-spec-harness/internal/taskloop/parser.go:316.2,316.46 1 1
github.com/JailtonJunior94/ai-spec-harness/internal/taskloop/profile.go:33.53,35.2 1 1
github.com/JailtonJunior94/ai-spec-harness/internal/taskloop/profile.go:49.78,50.46 1 1
github.com/JailtonJunior94/ai-spec-harness/internal/taskloop/profile.go:50.46,52.3 1 1
github.com/JailtonJunior94/ai-spec-harness/internal/taskloop/profile.go:54.2,55.9 2 1
github.com/JailtonJunior94/ai-spec-harness/internal/taskloop/profile.go:55.9,57.3 1 1
github.com/JailtonJunior94/ai-spec-harness/internal/taskloop/profile.go:59.2,64.8 1 1
github.com/JailtonJunior94/ai-spec-harness/internal/taskloop/profile.go:68.41,68.58 1 1
github.com/JailtonJunior94/ai-spec-harness/internal/taskloop/profile.go:71.41,71.58 1 1
github.com/JailtonJunior94/ai-spec-harness/internal/taskloop/profile.go:74.45,74.66 1 1
github.com/JailtonJunior94/ai-spec-harness/internal/taskloop/profile.go:77.42,77.60 1 1
github.com/JailtonJunior94/ai-spec-harness/internal/taskloop/profile.go:89.64,90.13 1 1
github.com/JailtonJunior94/ai-spec-harness/internal/taskloop/profile.go:91.16,92.42 1 1
github.com/JailtonJunior94/ai-spec-harness/internal/taskloop/profile.go:93.10,94.98 1 0
github.com/JailtonJunior94/ai-spec-harness/internal/taskloop/profile.go:103.152,111.15 3 1
github.com/JailtonJunior94/ai-spec-harness/internal/taskloop/profile.go:111.15,113.3 1 0
github.com/JailtonJunior94/ai-spec-harness/internal/taskloop/profile.go:115.2,116.16 2 1
github.com/JailtonJunior94/ai-spec-harness/internal/taskloop/profile.go:116.16,118.3 1 0
github.com/JailtonJunior94/ai-spec-harness/internal/taskloop/profile.go:122.2,122.97 1 1
github.com/JailtonJunior94/ai-spec-harness/internal/taskloop/profile.go:122.97,124.3 1 1
github.com/JailtonJunior94/ai-spec-harness/internal/taskloop/profile.go:127.2,131.16 4 1
github.com/JailtonJunior94/ai-spec-harness/internal/taskloop/profile.go:131.16,133.3 1 0
github.com/JailtonJunior94/ai-spec-harness/internal/taskloop/profile.go:135.2,139.8 1 1
github.com/JailtonJunior94/ai-spec-harness/internal/taskloop/profile.go:145.112,147.53 1 1
github.com/JailtonJunior94/ai-spec-harness/internal/taskloop/profile.go:147.53,149.3 1 1
github.com/JailtonJunior94/ai-spec-harness/internal/taskloop/profile.go:152.2,152.39 1 1
github.com/JailtonJunior94/ai-spec-harness/internal/taskloop/profile.go:152.39,154.3 1 1
github.com/JailtonJunior94/ai-spec-harness/internal/taskloop/profile.go:157.2,157.37 1 1
github.com/JailtonJunior94/ai-spec-harness/internal/taskloop/profile.go:157.37,159.3 1 1
github.com/JailtonJunior94/ai-spec-harness/internal/taskloop/profile.go:162.2,162.16 1 1
github.com/JailtonJunior94/ai-spec-harness/internal/taskloop/profile.go:162.16,164.3 1 1
github.com/JailtonJunior94/ai-spec-harness/internal/taskloop/profile.go:167.2,168.16 2 1
github.com/JailtonJunior94/ai-spec-harness/internal/taskloop/profile.go:168.16,170.3 1 1
github.com/JailtonJunior94/ai-spec-harness/internal/taskloop/profile.go:173.2,174.19 2 1
github.com/JailtonJunior94/ai-spec-harness/internal/taskloop/profile.go:174.19,176.24 2 1
github.com/JailtonJunior94/ai-spec-harness/internal/taskloop/profile.go:176.24,178.4 1 0
github.com/JailtonJunior94/ai-spec-harness/internal/taskloop/profile.go:179.3,179.24 1 1
github.com/JailtonJunior94/ai-spec-harness/internal/taskloop/profile.go:180.8,182.20 2 1
github.com/JailtonJunior94/ai-spec-harness/internal/taskloop/profile.go:182.20,184.4 1 1
github.com/JailtonJunior94/ai-spec-harness/internal/taskloop/profile.go:185.3,185.25 1 1
github.com/JailtonJunior94/ai-spec-harness/internal/taskloop/profile.go:188.2,192.8 1 1
github.com/JailtonJunior94/ai-spec-harness/internal/taskloop/r1_catalog.go:6.28,8.2 1 1
github.com/JailtonJunior94/ai-spec-harness/internal/taskloop/report.go:60.34,61.26 1 1
github.com/JailtonJunior94/ai-spec-harness/internal/taskloop/report.go:61.26,63.3 1 1
github.com/JailtonJunior94/ai-spec-harness/internal/taskloop/report.go:64.2,64.26 1 1
github.com/JailtonJunior94/ai-spec-harness/internal/taskloop/report.go:67.41,75.25 5 1
github.com/JailtonJunior94/ai-spec-harness/internal/taskloop/report.go:75.25,77.3 1 1
github.com/JailtonJunior94/ai-spec-harness/internal/taskloop/report.go:78.2,86.27 7 1
github.com/JailtonJunior94/ai-spec-harness/internal/taskloop/report.go:86.27,90.35 4 1
github.com/JailtonJunior94/ai-spec-harness/internal/taskloop/report.go:90.35,94.4 1 1
github.com/JailtonJunior94/ai-spec-harness/internal/taskloop/report.go:95.3,95.22 1 1
github.com/JailtonJunior94/ai-spec-harness/internal/taskloop/report.go:99.2,99.27 1 1
github.com/JailtonJunior94/ai-spec-harness/internal/taskloop/report.go:99.27,101.35 2 1
github.com/JailtonJunior94/ai-spec-harness/internal/taskloop/report.go:101.35,102.11 1 1
github.com/JailtonJunior94/ai-spec-harness/internal/taskloop/report.go:107.33,108.14 1 1
github.com/JailtonJunior94/ai-spec-harness/internal/taskloop/report.go:109.55,110.18 1 1
github.com/JailtonJunior94/ai-spec-harness/internal/taskloop/report.go:111.12,112.19 1 1
github.com/JailtonJunior94/ai-spec-harness/internal/taskloop/report.go:115.3,118.57 4 1
github.com/JailtonJunior94/ai-spec-harness/internal/taskloop/report.go:122.2,122.27 1 1
github.com/JailtonJunior94/ai-spec-harness/internal/taskloop/report.go:122.27,126.34 4 1
github.com/JailtonJunior94/ai-spec-harness/internal/taskloop/report.go:126.34,128.4 1 1
github.com/JailtonJunior94/ai-spec-harness/internal/taskloop/report.go:129.3,129.22 1 1
github.com/JailtonJunior94/ai-spec-harness/internal/taskloop/report.go:133.2,134.34 2 1
github.com/JailtonJunior94/ai-spec-harness/internal/taskloop/report.go:134.34,135.20 1 1
github.com/JailtonJunior94/ai-spec-harness/internal/taskloop/report.go:135.20,137.4 1 1
github.com/JailtonJunior94/ai-spec-harness/internal/taskloop/report.go:139.2,139.22 1 1
github.com/JailtonJunior94/ai-spec-harness/internal/taskloop/report.go:139.22,141.30 2 1
github.com/JailtonJunior94/ai-spec-harness/internal/taskloop/report.go:141.30,143.4 1 1
github.com/JailtonJunior94/ai-spec-harness/internal/taskloop/report.go:144.3,144.22 1 1
github.com/JailtonJunior94/ai-spec-harness/internal/taskloop/report.go:148.2,148.27 1 1
github.com/JailtonJunior94/ai-spec-harness/internal/taskloop/report.go:148.27,150.35 2 1
github.com/JailtonJunior94/ai-spec-harness/internal/taskloop/report.go:150.35,155.21 5 1
github.com/JailtonJunior94/ai-spec-harness/internal/taskloop/report.go:155.21,157.5 1 1
github.com/JailtonJunior94/ai-spec-harness/internal/taskloop/report.go:158.4,158.28 1 1
github.com/JailtonJunior94/ai-spec-harness/internal/taskloop/report.go:158.28,160.36 2 1
github.com/JailtonJunior94/ai-spec-harness/internal/taskloop/report.go:160.36,162.6 1 1
github.com/JailtonJunior94/ai-spec-harness/internal/taskloop/report.go:163.5,165.54 3 1
github.com/JailtonJunior94/ai-spec-harness/internal/taskloop/report.go:165.54,169.6 3 1
github.com/JailtonJunior94/ai-spec-harness/internal/taskloop/report.go:170.5,170.29 1 1
github.com/JailtonJunior94/ai-spec-harness/internal/taskloop/report.go:172.4,172.23 1 1
github.com/JailtonJunior94/ai-spec-harness/internal/taskloop/report.go:176.2,176.27 1 1
github.com/JailtonJunior94/ai-spec-harness/internal/taskloop/report.go:179.42,188.30 6 1
github.com/JailtonJunior94/ai-spec-harness/internal/taskloop/report.go:188.30,191.3 2 1
github.com/JailtonJunior94/ai-spec-harness/internal/taskloop/report.go:192.2,192.30 1 1
github.com/JailtonJunior94/ai-spec-harness/internal/taskloop/report.go:192.30,195.3 2 1
github.com/JailtonJunior94/ai-spec-harness/internal/taskloop/report.go:195.8,197.3 1 1
github.com/JailtonJunior94/ai-spec-harness/internal/taskloop/report.go:198.2,206.27 6 1
github.com/JailtonJunior94/ai-spec-harness/internal/taskloop/report.go:206.27,210.35 4 1
github.com/JailtonJunior94/ai-spec-harness/internal/taskloop/report.go:210.35,212.18 2 1
github.com/JailtonJunior94/ai-spec-harness/internal/taskloop/report.go:212.18,214.5 1 1
github.com/JailtonJunior94/ai-spec-harness/internal/taskloop/report.go:215.4,220.30 2 1
github.com/JailtonJunior94/ai-spec-harness/internal/taskloop/report.go:220.30,224.5 2 1
github.com/JailtonJunior94/ai-spec-harness/internal/taskloop/report.go:226.4,226.30 1 1
github.com/JailtonJunior94/ai-spec-harness/internal/taskloop/report.go:226.30,230.5 2 1
github.com/JailtonJunior94/ai-spec-harness/internal/taskloop/report.go:232.3,232.22 1 1
github.com/JailtonJunior94/ai-spec-harness/internal/taskloop/report.go:236.2,236.27 1 1
github.com/JailtonJunior94/ai-spec-harness/internal/taskloop/report.go:236.27,238.35 2 1
github.com/JailtonJunior94/ai-spec-harness/internal/taskloop/report.go:238.35,239.11 1 1
github.com/JailtonJunior94/ai-spec-harness/internal/taskloop/report.go:244.33,245.14 1 1
github.com/JailtonJunior94/ai-spec-harness/internal/taskloop/report.go:246.55,247.18 1 1
github.com/JailtonJunior94/ai-spec-harness/internal/taskloop/report.go:248.12,249.19 1 1
github.com/JailtonJunior94/ai-spec-harness/internal/taskloop/report.go:252.3,255.57 4 1
github.com/JailtonJunior94/ai-spec-harness/internal/taskloop/report.go:259.2,259.27 1 1
github.com/JailtonJunior94/ai-spec-harness/internal/taskloop/report.go:259.27,263.34 4 1
github.com/JailtonJunior94/ai-spec-harness/internal/taskloop/report.go:263.34,265.4 1 1
github.com/JailtonJunior94/ai-spec-harness/internal/taskloop/report.go:266.3,266.22 1 1
github.com/JailtonJunior94/ai-spec-harness/internal/taskloop/report.go:270.2,271.34 2 1
github.com/JailtonJunior94/ai-spec-harness/internal/taskloop/report.go:271.34,272.20 1 1
github.com/JailtonJunior94/ai-spec-harness/internal/taskloop/report.go:272.20,274.4 1 1
github.com/JailtonJunior94/ai-spec-harness/internal/taskloop/report.go:276.2,276.22 1 1
github.com/JailtonJunior94/ai-spec-harness/internal/taskloop/report.go:276.22,278.30 2 1
github.com/JailtonJunior94/ai-spec-harness/internal/taskloop/report.go:278.30,280.4 1 1
github.com/JailtonJunior94/ai-spec-harness/internal/taskloop/report.go:281.3,281.22 1 1
github.com/JailtonJunior94/ai-spec-harness/internal/taskloop/report.go:285.2,285.27 1 1
github.com/JailtonJunior94/ai-spec-harness/internal/taskloop/report.go:285.27,287.35 2 1
github.com/JailtonJunior94/ai-spec-harness/internal/taskloop/report.go:287.35,289.18 2 1
github.com/JailtonJunior94/ai-spec-harness/internal/taskloop/report.go:289.18,291.5 1 1
github.com/JailtonJunior94/ai-spec-harness/internal/taskloop/report.go:292.4,297.21 6 1
github.com/JailtonJunior94/ai-spec-harness/internal/taskloop/report.go:297.21,299.5 1 1
github.com/JailtonJunior94/ai-spec-harness/internal/taskloop/report.go:300.4,300.28 1 1
github.com/JailtonJunior94/ai-spec-harness/internal/taskloop/report.go:300.28,302.36 2 1
github.com/JailtonJunior94/ai-spec-harness/internal/taskloop/report.go:302.36,304.6 1 0
github.com/JailtonJunior94/ai-spec-harness/internal/taskloop/report.go:305.5,307.54 3 1
github.com/JailtonJunior94/ai-spec-harness/internal/taskloop/report.go:307.54,311.6 3 1
github.com/JailtonJunior94/ai-spec-harness/internal/taskloop/report.go:312.5,312.29 1 1
github.com/JailtonJunior94/ai-spec-harness/internal/taskloop/report.go:314.4,314.30 1 1
github.com/JailtonJunior94/ai-spec-harness/internal/taskloop/report.go:314.30,319.22 5 1
github.com/JailtonJunior94/ai-spec-harness/internal/taskloop/report.go:319.22,321.6 1 1
github.com/JailtonJunior94/ai-spec-harness/internal/taskloop/report.go:322.5,322.24 1 1
github.com/JailtonJunior94/ai-spec-harness/internal/taskloop/report.go:322.24,324.37 2 1
github.com/JailtonJunior94/ai-spec-harness/internal/taskloop/report.go:324.37,326.7 1 0
github.com/JailtonJunior94/ai-spec-harness/internal/taskloop/report.go:327.6,329.55 3 1
github.com/JailtonJunior94/ai-spec-harness/internal/taskloop/report.go:329.55,333.7 3 1
github.com/JailtonJunior94/ai-spec-harness/internal/taskloop/report.go:334.6,334.30 1 1
github.com/JailtonJunior94/ai-spec-harness/internal/taskloop/report.go:337.4,337.30 1 1
github.com/JailtonJunior94/ai-spec-harness/internal/taskloop/report.go:337.30,342.22 5 1
github.com/JailtonJunior94/ai-spec-harness/internal/taskloop/report.go:342.22,344.6 1 1
github.com/JailtonJunior94/ai-spec-harness/internal/taskloop/report.go:345.5,345.24 1 1
github.com/JailtonJunior94/ai-spec-harness/internal/taskloop/report.go:345.24,347.37 2 1
github.com/JailtonJunior94/ai-spec-harness/internal/taskloop/report.go:347.37,349.7 1 1
github.com/JailtonJunior94/ai-spec-harness/internal/taskloop/report.go:350.6,352.55 3 1
github.com/JailtonJunior94/ai-spec-harness/internal/taskloop/report.go:352.55,356.7 3 1
github.com/JailtonJunior94/ai-spec-harness/internal/taskloop/report.go:357.6,357.30 1 1
github.com/JailtonJunior94/ai-spec-harness/internal/taskloop/report.go:360.4,360.23 1 1
github.com/JailtonJunior94/ai-spec-harness/internal/taskloop/report.go:364.2,364.27 1 1
github.com/JailtonJunior94/ai-spec-harness/internal/taskloop/report.go:368.55,369.17 1 1
github.com/JailtonJunior94/ai-spec-harness/internal/taskloop/report.go:369.17,371.3 1 1
github.com/JailtonJunior94/ai-spec-harness/internal/taskloop/report.go:372.2,372.14 1 1
github.com/JailtonJunior94/ai-spec-harness/internal/taskloop/reservations.go:62.87,64.2 1 1
github.com/JailtonJunior94/ai-spec-harness/internal/taskloop/reservations.go:69.106,71.24 2 1
github.com/JailtonJunior94/ai-spec-harness/internal/taskloop/reservations.go:71.24,73.3 1 1
github.com/JailtonJunior94/ai-spec-harness/internal/taskloop/reservations.go:75.2,75.29 1 1
github.com/JailtonJunior94/ai-spec-harness/internal/taskloop/reservations.go:75.29,76.35 1 1
github.com/JailtonJunior94/ai-spec-harness/internal/taskloop/reservations.go:76.35,78.4 1 1
github.com/JailtonJunior94/ai-spec-harness/internal/taskloop/reservations.go:80.3,80.23 1 1
github.com/JailtonJunior94/ai-spec-harness/internal/taskloop/reservations.go:80.23,86.12 2 1
github.com/JailtonJunior94/ai-spec-harness/internal/taskloop/reservations.go:89.3,89.24 1 1
github.com/JailtonJunior94/ai-spec-harness/internal/taskloop/reservations.go:89.24,91.4 1 1
github.com/JailtonJunior94/ai-spec-harness/internal/taskloop/reservations.go:93.3,94.17 2 1
github.com/JailtonJunior94/ai-spec-harness/internal/taskloop/reservations.go:94.17,96.4 1 1
github.com/JailtonJunior94/ai-spec-harness/internal/taskloop/reservations.go:98.3,99.65 2 1
github.com/JailtonJunior94/ai-spec-harness/internal/taskloop/reservations.go:99.65,101.4 1 1
github.com/JailtonJunior94/ai-spec-harness/internal/taskloop/reservations.go:102.3,102.52 1 1
github.com/JailtonJunior94/ai-spec-harness/internal/taskloop/reservations.go:105.2,105.18 1 1
github.com/JailtonJunior94/ai-spec-harness/internal/taskloop/reservations.go:108.65,109.18 1 1
github.com/JailtonJunior94/ai-spec-harness/internal/taskloop/reservations.go:110.39,111.13 1 1
github.com/JailtonJunior94/ai-spec-harness/internal/taskloop/reservations.go:112.21,113.24 1 1
github.com/JailtonJunior94/ai-spec-harness/internal/taskloop/reservations.go:113.24,115.4 1 1
github.com/JailtonJunior94/ai-spec-harness/internal/taskloop/reservations.go:116.3,116.13 1 1
github.com/JailtonJunior94/ai-spec-harness/internal/taskloop/reservations.go:117.10,118.80 1 1
github.com/JailtonJunior94/ai-spec-harness/internal/taskloop/reservations.go:129.105,131.16 2 1
github.com/JailtonJunior94/ai-spec-harness/internal/taskloop/reservations.go:131.16,133.3 1 0
github.com/JailtonJunior94/ai-spec-harness/internal/taskloop/reservations.go:135.2,138.58 3 1
github.com/JailtonJunior94/ai-spec-harness/internal/taskloop/reservations.go:138.58,140.3 1 0
github.com/JailtonJunior94/ai-spec-harness/internal/taskloop/reservations.go:141.2,141.12 1 1
github.com/JailtonJunior94/ai-spec-harness/internal/taskloop/reservations.go:144.64,148.30 4 1
github.com/JailtonJunior94/ai-spec-harness/internal/taskloop/reservations.go:148.30,152.3 3 0
github.com/JailtonJunior94/ai-spec-harness/internal/taskloop/reservations.go:153.2,153.35 1 1
github.com/JailtonJunior94/ai-spec-harness/internal/taskloop/reservations.go:153.35,155.25 2 1
github.com/JailtonJunior94/ai-spec-harness/internal/taskloop/reservations.go:155.25,157.4 1 1
github.com/JailtonJunior94/ai-spec-harness/internal/taskloop/reservations.go:158.3,158.16 1 1
github.com/JailtonJunior94/ai-spec-harness/internal/taskloop/reservations.go:158.16,160.4 1 0
github.com/JailtonJunior94/ai-spec-harness/internal/taskloop/reservations.go:161.3,162.24 2 1
github.com/JailtonJunior94/ai-spec-harness/internal/taskloop/reservations.go:162.24,164.4 1 1
github.com/JailtonJunior94/ai-spec-harness/internal/taskloop/reservations.go:166.2,167.18 2 1
github.com/JailtonJunior94/ai-spec-harness/internal/taskloop/reservations.go:170.69,177.57 5 1
github.com/JailtonJunior94/ai-spec-harness/internal/taskloop/reservations.go:177.57,184.3 6 1
github.com/JailtonJunior94/ai-spec-harness/internal/taskloop/reservations.go:186.2,191.40 6 1
github.com/JailtonJunior94/ai-spec-harness/internal/taskloop/reservations.go:191.40,193.3 1 1
github.com/JailtonJunior94/ai-spec-harness/internal/taskloop/reservations.go:194.2,194.20 1 1
github.com/JailtonJunior94/ai-spec-harness/internal/taskloop/reservations.go:194.20,197.3 2 0
github.com/JailtonJunior94/ai-spec-harness/internal/taskloop/reservations.go:198.2,198.18 1 1
github.com/JailtonJunior94/ai-spec-harness/internal/taskloop/reservations.go:204.100,206.20 2 1
github.com/JailtonJunior94/ai-spec-harness/internal/taskloop/reservations.go:206.20,208.3 1 1
github.com/JailtonJunior94/ai-spec-harness/internal/taskloop/reservations.go:210.2,211.16 2 1
github.com/JailtonJunior94/ai-spec-harness/internal/taskloop/reservations.go:211.16,213.3 1 0
github.com/JailtonJunior94/ai-spec-harness/internal/taskloop/reservations.go:215.2,216.16 2 1
github.com/JailtonJunior94/ai-spec-harness/internal/taskloop/reservations.go:216.16,218.3 1 0
github.com/JailtonJunior94/ai-spec-harness/internal/taskloop/reservations.go:219.2,222.25 3 1
github.com/JailtonJunior94/ai-spec-harness/internal/taskloop/reservations.go:222.25,225.3 2 1
github.com/JailtonJunior94/ai-spec-harness/internal/taskloop/reservations.go:227.2,228.59 2 1
github.com/JailtonJunior94/ai-spec-harness/internal/taskloop/reservations.go:228.59,230.3 1 0
github.com/JailtonJunior94/ai-spec-harness/internal/taskloop/reservations.go:231.2,231.12 1 1
github.com/JailtonJunior94/ai-spec-harness/internal/taskloop/reservations.go:234.82,236.35 2 1
github.com/JailtonJunior94/ai-spec-harness/internal/taskloop/reservations.go:236.35,237.33 1 1
github.com/JailtonJunior94/ai-spec-harness/internal/taskloop/reservations.go:237.33,239.4 1 1
github.com/JailtonJunior94/ai-spec-harness/internal/taskloop/reservations.go:241.2,241.12 1 1
github.com/JailtonJunior94/ai-spec-harness/internal/taskloop/reservations.go:244.57,246.26 2 1
github.com/JailtonJunior94/ai-spec-harness/internal/taskloop/reservations.go:246.26,250.14 3 1
github.com/JailtonJunior94/ai-spec-harness/internal/taskloop/reservations.go:250.14,252.4 1 1
github.com/JailtonJunior94/ai-spec-harness/internal/taskloop/reservations.go:253.3,255.28 3 1
github.com/JailtonJunior94/ai-spec-harness/internal/taskloop/reservations.go:255.28,257.4 1 1
github.com/JailtonJunior94/ai-spec-harness/internal/taskloop/reservations.go:259.2,259.16 1 1
github.com/JailtonJunior94/ai-spec-harness/internal/taskloop/reservations.go:262.54,264.15 2 1
github.com/JailtonJunior94/ai-spec-harness/internal/taskloop/reservations.go:264.15,266.3 1 0
github.com/JailtonJunior94/ai-spec-harness/internal/taskloop/reservations.go:267.2,267.30 1 1
github.com/JailtonJunior94/ai-spec-harness/internal/taskloop/reservations.go:267.30,268.17 1 1
github.com/JailtonJunior94/ai-spec-harness/internal/taskloop/reservations.go:268.17,270.4 1 1
github.com/JailtonJunior94/ai-spec-harness/internal/taskloop/reservations.go:271.3,271.84 1 1
github.com/JailtonJunior94/ai-spec-harness/internal/taskloop/reservations.go:273.2,273.73 1 0
github.com/JailtonJunior94/ai-spec-harness/internal/taskloop/reservations.go:276.56,277.17 1 1
github.com/JailtonJunior94/ai-spec-harness/internal/taskloop/reservations.go:277.17,279.3 1 1
github.com/JailtonJunior94/ai-spec-harness/internal/taskloop/reservations.go:280.2,280.22 1 0
github.com/JailtonJunior94/ai-spec-harness/internal/taskloop/reservations.go:286.66,289.26 3 1
github.com/JailtonJunior94/ai-spec-harness/internal/taskloop/reservations.go:289.26,291.70 2 1
github.com/JailtonJunior94/ai-spec-harness/internal/taskloop/reservations.go:291.70,293.9 2 1
github.com/JailtonJunior94/ai-spec-harness/internal/taskloop/reservations.go:296.2,296.21 1 1
github.com/JailtonJunior94/ai-spec-harness/internal/taskloop/reservations.go:296.21,302.3 5 0
github.com/JailtonJunior94/ai-spec-harness/internal/taskloop/reservations.go:304.2,305.46 2 1
github.com/JailtonJunior94/ai-spec-harness/internal/taskloop/reservations.go:305.46,307.35 2 1
github.com/JailtonJunior94/ai-spec-harness/internal/taskloop/reservations.go:307.35,309.12 2 1
github.com/JailtonJunior94/ai-spec-harness/internal/taskloop/reservations.go:311.3,311.8 1 1
github.com/JailtonJunior94/ai-spec-harness/internal/taskloop/reservations.go:314.2,319.45 6 1
github.com/JailtonJunior94/ai-spec-harness/internal/taskloop/reviewer.go:80.82,87.2 1 1
github.com/JailtonJunior94/ai-spec-harness/internal/taskloop/reviewer.go:92.112,99.34 5 1
github.com/JailtonJunior94/ai-spec-harness/internal/taskloop/reviewer.go:99.34,102.17 3 1
github.com/JailtonJunior94/ai-spec-harness/internal/taskloop/reviewer.go:102.17,104.4 1 0
github.com/JailtonJunior94/ai-spec-harness/internal/taskloop/reviewer.go:106.3,109.55 2 1
github.com/JailtonJunior94/ai-spec-harness/internal/taskloop/reviewer.go:109.55,111.4 1 1
github.com/JailtonJunior94/ai-spec-harness/internal/taskloop/reviewer.go:112.3,115.92 3 1
github.com/JailtonJunior94/ai-spec-harness/internal/taskloop/reviewer.go:115.92,117.4 1 1
github.com/JailtonJunior94/ai-spec-harness/internal/taskloop/reviewer.go:120.2,124.8 1 1
github.com/JailtonJunior94/ai-spec-harness/internal/taskloop/reviewer.go:127.54,128.11 1 1
github.com/JailtonJunior94/ai-spec-harness/internal/taskloop/reviewer.go:129.22,130.11 1 0
github.com/JailtonJunior94/ai-spec-harness/internal/taskloop/reviewer.go:131.23,132.11 1 1
github.com/JailtonJunior94/ai-spec-harness/internal/taskloop/reviewer.go:133.34,134.11 1 0
github.com/JailtonJunior94/ai-spec-harness/internal/taskloop/reviewer.go:135.10,136.11 1 1
github.com/JailtonJunior94/ai-spec-harness/internal/taskloop/reviewer.go:141.69,169.2 2 1
github.com/JailtonJunior94/ai-spec-harness/internal/taskloop/reviewer.go:173.63,175.49 2 1
github.com/JailtonJunior94/ai-spec-harness/internal/taskloop/reviewer.go:175.49,176.84 1 1
github.com/JailtonJunior94/ai-spec-harness/internal/taskloop/reviewer.go:176.84,177.12 1 1
github.com/JailtonJunior94/ai-spec-harness/internal/taskloop/reviewer.go:179.3,180.40 2 1
github.com/JailtonJunior94/ai-spec-harness/internal/taskloop/reviewer.go:180.40,182.4 1 1
github.com/JailtonJunior94/ai-spec-harness/internal/taskloop/reviewer.go:183.3,184.14 2 1
github.com/JailtonJunior94/ai-spec-harness/internal/taskloop/reviewer.go:185.14,186.21 1 1
github.com/JailtonJunior94/ai-spec-harness/internal/taskloop/reviewer.go:187.53,188.34 1 1
github.com/JailtonJunior94/ai-spec-harness/internal/taskloop/reviewer.go:189.14,190.25 1 1
github.com/JailtonJunior94/ai-spec-harness/internal/taskloop/reviewer.go:191.33,192.26 1 0
github.com/JailtonJunior94/ai-spec-harness/internal/taskloop/reviewer.go:195.2,195.20 1 1
github.com/JailtonJunior94/ai-spec-harness/internal/taskloop/reviewer.go:195.20,197.3 1 0
github.com/JailtonJunior94/ai-spec-harness/internal/taskloop/reviewer.go:198.2,200.35 3 1
github.com/JailtonJunior94/ai-spec-harness/internal/taskloop/reviewer.go:200.35,201.21 1 1
github.com/JailtonJunior94/ai-spec-harness/internal/taskloop/reviewer.go:201.21,203.4 1 1
github.com/JailtonJunior94/ai-spec-harness/internal/taskloop/reviewer.go:205.2,205.12 1 1
github.com/JailtonJunior94/ai-spec-harness/internal/taskloop/reviewer.go:208.63,209.35 1 1
github.com/JailtonJunior94/ai-spec-harness/internal/taskloop/reviewer.go:209.35,210.43 1 1
github.com/JailtonJunior94/ai-spec-harness/internal/taskloop/reviewer.go:210.43,212.4 1 1
github.com/JailtonJunior94/ai-spec-harness/internal/taskloop/reviewer.go:214.2,214.14 1 1
github.com/JailtonJunior94/ai-spec-harness/internal/taskloop/reviewer.go:218.67,224.2 1 1
github.com/JailtonJunior94/ai-spec-harness/internal/taskloop/reviewer.go:233.58,234.61 1 1
github.com/JailtonJunior94/ai-spec-harness/internal/taskloop/reviewer.go:234.61,236.10 2 1
github.com/JailtonJunior94/ai-spec-harness/internal/taskloop/reviewer.go:239.55,240.37 1 1
github.com/JailtonJunior94/ai-spec-harness/internal/taskloop/reviewer.go:241.82,242.25 1 1
github.com/JailtonJunior94/ai-spec-harness/internal/taskloop/reviewer.go:243.123,244.26 1 1
github.com/JailtonJunior94/ai-spec-harness/internal/taskloop/reviewer.go:245.83,246.26 1 1
github.com/JailtonJunior94/ai-spec-harness/internal/taskloop/reviewer.go:250.2,256.4 2 1
github.com/JailtonJunior94/ai-spec-harness/internal/taskloop/reviewer.go:256.4,258.3 1 1
github.com/JailtonJunior94/ai-spec-harness/internal/taskloop/reviewer.go:259.2,259.81 1 1
github.com/JailtonJunior94/ai-spec-harness/internal/taskloop/reviewer.go:259.81,261.3 1 1
github.com/JailtonJunior94/ai-spec-harness/internal/taskloop/reviewer.go:262.2,262.82 1 1
github.com/JailtonJunior94/ai-spec-harness/internal/taskloop/reviewer.go:262.82,264.3 1 1
github.com/JailtonJunior94/ai-spec-harness/internal/taskloop/reviewer.go:265.2,265.68 1 1
github.com/JailtonJunior94/ai-spec-harness/internal/taskloop/reviewer.go:265.68,267.3 1 1
github.com/JailtonJunior94/ai-spec-harness/internal/taskloop/reviewer.go:268.2,268.23 1 1
github.com/JailtonJunior94/ai-spec-harness/internal/taskloop/reviewer.go:273.55,275.48 2 1
github.com/JailtonJunior94/ai-spec-harness/internal/taskloop/reviewer.go:275.48,277.10 2 1
github.com/JailtonJunior94/ai-spec-harness/internal/taskloop/reviewer.go:277.10,278.12 1 1
github.com/JailtonJunior94/ai-spec-harness/internal/taskloop/reviewer.go:280.3,286.5 2 1
github.com/JailtonJunior94/ai-spec-harness/internal/taskloop/reviewer.go:288.2,288.17 1 1
github.com/JailtonJunior94/ai-spec-harness/internal/taskloop/reviewer.go:292.65,294.9 2 1
github.com/JailtonJunior94/ai-spec-harness/internal/taskloop/reviewer.go:295.87,296.32 1 1
github.com/JailtonJunior94/ai-spec-harness/internal/taskloop/reviewer.go:297.76,298.32 1 1
github.com/JailtonJunior94/ai-spec-harness/internal/taskloop/reviewer.go:299.77,300.33 1 1
github.com/JailtonJunior94/ai-spec-harness/internal/taskloop/reviewer.go:301.91,302.34 1 1
github.com/JailtonJunior94/ai-spec-harness/internal/taskloop/reviewer.go:303.10,304.19 1 1
github.com/JailtonJunior94/ai-spec-harness/internal/taskloop/reviewer.go:309.75,311.17 2 1
github.com/JailtonJunior94/ai-spec-harness/internal/taskloop/reviewer.go:311.17,313.14 2 1
github.com/JailtonJunior94/ai-spec-harness/internal/taskloop/reviewer.go:313.14,314.9 1 0
github.com/JailtonJunior94/ai-spec-harness/internal/taskloop/reviewer.go:316.3,317.56 2 1
github.com/JailtonJunior94/ai-spec-harness/internal/taskloop/reviewer.go:317.56,320.18 3 1
github.com/JailtonJunior94/ai-spec-harness/internal/taskloop/reviewer.go:320.18,322.5 1 1
github.com/JailtonJunior94/ai-spec-harness/internal/taskloop/reviewer.go:324.3,325.25 2 1
github.com/JailtonJunior94/ai-spec-harness/internal/taskloop/reviewer.go:325.25,326.9 1 0
github.com/JailtonJunior94/ai-spec-harness/internal/taskloop/reviewer.go:328.3,329.15 2 1
github.com/JailtonJunior94/ai-spec-harness/internal/taskloop/reviewer.go:329.15,330.9 1 1
github.com/JailtonJunior94/ai-spec-harness/internal/taskloop/reviewer.go:332.3,332.23 1 1
github.com/JailtonJunior94/ai-spec-harness/internal/taskloop/reviewer.go:334.2,334.14 1 1
github.com/JailtonJunior94/ai-spec-harness/internal/taskloop/reviewer.go:339.68,340.26 1 1
github.com/JailtonJunior94/ai-spec-harness/internal/taskloop/reviewer.go:340.26,342.3 1 1
github.com/JailtonJunior94/ai-spec-harness/internal/taskloop/reviewer.go:346.2,347.49 2 1
github.com/JailtonJunior94/ai-spec-harness/internal/taskloop/reviewer.go:347.49,349.3 1 1
github.com/JailtonJunior94/ai-spec-harness/internal/taskloop/reviewer.go:350.2,353.29 3 1
github.com/JailtonJunior94/ai-spec-harness/internal/taskloop/reviewer.go:353.29,354.65 1 1
github.com/JailtonJunior94/ai-spec-harness/internal/taskloop/reviewer.go:354.65,357.4 2 1
github.com/JailtonJunior94/ai-spec-harness/internal/taskloop/reviewer.go:358.3,359.26 2 1
github.com/JailtonJunior94/ai-spec-harness/internal/taskloop/reviewer.go:361.2,361.23 1 1
github.com/JailtonJunior94/ai-spec-harness/internal/taskloop/reviewer.go:361.23,363.3 1 1
github.com/JailtonJunior94/ai-spec-harness/internal/taskloop/reviewer.go:365.2,365.28 1 1
github.com/JailtonJunior94/ai-spec-harness/internal/taskloop/reviewer.go:365.28,367.3 1 0
github.com/JailtonJunior94/ai-spec-harness/internal/taskloop/reviewer.go:369.2,372.18 3 1
github.com/JailtonJunior94/ai-spec-harness/internal/taskloop/reviewer.go:372.18,373.24 1 1
github.com/JailtonJunior94/ai-spec-harness/internal/taskloop/reviewer.go:373.24,376.4 2 0
github.com/JailtonJunior94/ai-spec-harness/internal/taskloop/reviewer.go:379.2,379.33 1 1
github.com/JailtonJunior94/ai-spec-harness/internal/taskloop/reviewer.go:379.33,380.23 1 1
github.com/JailtonJunior94/ai-spec-harness/internal/taskloop/reviewer.go:380.23,383.12 3 1
github.com/JailtonJunior94/ai-spec-harness/internal/taskloop/reviewer.go:385.3,385.58 1 0
github.com/JailtonJunior94/ai-spec-harness/internal/taskloop/reviewer.go:385.58,387.4 1 0
github.com/JailtonJunior94/ai-spec-harness/internal/taskloop/reviewer.go:388.3,388.25 1 0
github.com/JailtonJunior94/ai-spec-harness/internal/taskloop/reviewer.go:390.2,392.19 2 1
github.com/JailtonJunior94/ai-spec-harness/internal/taskloop/reviewer.go:401.74,404.26 3 1
github.com/JailtonJunior94/ai-spec-harness/internal/taskloop/reviewer.go:404.26,405.33 1 1
github.com/JailtonJunior94/ai-spec-harness/internal/taskloop/reviewer.go:405.33,407.9 2 1
github.com/JailtonJunior94/ai-spec-harness/internal/taskloop/reviewer.go:410.2,410.20 1 1
github.com/JailtonJunior94/ai-spec-harness/internal/taskloop/reviewer.go:410.20,414.3 1 1
github.com/JailtonJunior94/ai-spec-harness/internal/taskloop/reviewer.go:416.2,421.25 5 1
github.com/JailtonJunior94/ai-spec-harness/internal/taskloop/reviewer.go:421.25,422.50 1 1
github.com/JailtonJunior94/ai-spec-harness/internal/taskloop/reviewer.go:422.50,425.4 2 1
github.com/JailtonJunior94/ai-spec-harness/internal/taskloop/reviewer.go:426.3,427.22 2 1
github.com/JailtonJunior94/ai-spec-harness/internal/taskloop/reviewer.go:429.2,429.19 1 1
github.com/JailtonJunior94/ai-spec-harness/internal/taskloop/reviewer.go:429.19,431.3 1 1
github.com/JailtonJunior94/ai-spec-harness/internal/taskloop/reviewer.go:433.2,437.26 5 1
github.com/JailtonJunior94/ai-spec-harness/internal/taskloop/reviewer.go:437.26,439.39 2 1
github.com/JailtonJunior94/ai-spec-harness/internal/taskloop/reviewer.go:439.39,440.32 1 1
github.com/JailtonJunior94/ai-spec-harness/internal/taskloop/reviewer.go:440.32,442.5 1 0
github.com/JailtonJunior94/ai-spec-harness/internal/taskloop/reviewer.go:443.4,447.12 5 1
github.com/JailtonJunior94/ai-spec-harness/internal/taskloop/reviewer.go:449.3,449.48 1 0
github.com/JailtonJunior94/ai-spec-harness/internal/taskloop/reviewer.go:449.48,453.4 3 0
github.com/JailtonJunior94/ai-spec-harness/internal/taskloop/reviewer.go:454.3,455.16 2 0
github.com/JailtonJunior94/ai-spec-harness/internal/taskloop/reviewer.go:457.2,457.30 1 1
github.com/JailtonJunior94/ai-spec-harness/internal/taskloop/reviewer.go:457.30,459.3 1 0
github.com/JailtonJunior94/ai-spec-harness/internal/taskloop/reviewer.go:460.2,460.19 1 1
github.com/JailtonJunior94/ai-spec-harness/internal/taskloop/reviewer.go:460.19,462.3 1 0
github.com/JailtonJunior94/ai-spec-harness/internal/taskloop/reviewer.go:463.2,463.12 1 1
github.com/JailtonJunior94/ai-spec-harness/internal/taskloop/reviewer.go:466.66,468.23 2 1
github.com/JailtonJunior94/ai-spec-harness/internal/taskloop/reviewer.go:468.23,470.3 1 0
github.com/JailtonJunior94/ai-spec-harness/internal/taskloop/reviewer.go:471.2,472.13 2 1
github.com/JailtonJunior94/ai-spec-harness/internal/taskloop/reviewer.go:472.13,474.3 1 0
github.com/JailtonJunior94/ai-spec-harness/internal/taskloop/reviewer.go:475.2,475.25 1 1
github.com/JailtonJunior94/ai-spec-harness/internal/taskloop/reviewer.go:506.119,508.24 2 1
github.com/JailtonJunior94/ai-spec-harness/internal/taskloop/reviewer.go:508.24,510.17 2 1
github.com/JailtonJunior94/ai-spec-harness/internal/taskloop/reviewer.go:510.17,512.4 1 1
github.com/JailtonJunior94/ai-spec-harness/internal/taskloop/reviewer.go:513.3,513.28 1 1
github.com/JailtonJunior94/ai-spec-harness/internal/taskloop/reviewer.go:514.8,516.3 1 1
github.com/JailtonJunior94/ai-spec-harness/internal/taskloop/reviewer.go:518.2,519.16 2 1
github.com/JailtonJunior94/ai-spec-harness/internal/taskloop/reviewer.go:519.16,521.3 1 1
github.com/JailtonJunior94/ai-spec-harness/internal/taskloop/reviewer.go:523.2,524.49 2 1
github.com/JailtonJunior94/ai-spec-harness/internal/taskloop/reviewer.go:524.49,526.3 1 0
github.com/JailtonJunior94/ai-spec-harness/internal/taskloop/reviewer.go:528.2,528.26 1 1
github.com/JailtonJunior94/ai-spec-harness/internal/taskloop/reviewer.go:534.78,535.47 1 1
github.com/JailtonJunior94/ai-spec-harness/internal/taskloop/reviewer.go:535.47,537.3 1 1
github.com/JailtonJunior94/ai-spec-harness/internal/taskloop/reviewer.go:539.2,541.112 2 1
github.com/JailtonJunior94/ai-spec-harness/internal/taskloop/reviewer.go:541.112,543.3 1 0
github.com/JailtonJunior94/ai-spec-harness/internal/taskloop/reviewer.go:544.2,544.100 1 1
github.com/JailtonJunior94/ai-spec-harness/internal/taskloop/reviewer.go:544.100,546.3 1 1
github.com/JailtonJunior94/ai-spec-harness/internal/taskloop/reviewer.go:548.2,549.16 2 1
github.com/JailtonJunior94/ai-spec-harness/internal/taskloop/reviewer.go:549.16,550.63 1 0
github.com/JailtonJunior94/ai-spec-harness/internal/taskloop/reviewer.go:550.63,552.4 1 0
github.com/JailtonJunior94/ai-spec-harness/internal/taskloop/reviewer.go:553.3,553.31 1 0
github.com/JailtonJunior94/ai-spec-harness/internal/taskloop/reviewer.go:555.2,555.33 1 1
github.com/JailtonJunior94/ai-spec-harness/internal/taskloop/reviewer.go:555.33,556.17 1 1
github.com/JailtonJunior94/ai-spec-harness/internal/taskloop/reviewer.go:556.17,557.12 1 0
github.com/JailtonJunior94/ai-spec-harness/internal/taskloop/reviewer.go:559.3,559.132 1 1
github.com/JailtonJunior94/ai-spec-harness/internal/taskloop/reviewer.go:559.132,561.4 1 1
github.com/JailtonJunior94/ai-spec-harness/internal/taskloop/reviewer.go:564.2,565.20 2 1
github.com/JailtonJunior94/ai-spec-harness/internal/taskloop/reviewer.go:565.20,567.3 1 1
github.com/JailtonJunior94/ai-spec-harness/internal/taskloop/reviewer.go:568.2,568.24 1 1
github.com/JailtonJunior94/ai-spec-harness/internal/taskloop/reviewer.go:571.75,574.2 2 1
github.com/JailtonJunior94/ai-spec-harness/internal/taskloop/reviewer.go:576.104,580.2 3 1
github.com/JailtonJunior94/ai-spec-harness/internal/taskloop/reviewer.go:582.111,584.16 2 1
github.com/JailtonJunior94/ai-spec-harness/internal/taskloop/reviewer.go:584.16,586.3 1 0
github.com/JailtonJunior94/ai-spec-harness/internal/taskloop/reviewer.go:587.2,588.19 2 1
github.com/JailtonJunior94/ai-spec-harness/internal/taskloop/reviewer.go:588.19,590.3 1 1
github.com/JailtonJunior94/ai-spec-harness/internal/taskloop/reviewer.go:591.2,591.42 1 1
github.com/JailtonJunior94/ai-spec-harness/internal/taskloop/reviewer.go:594.127,598.16 4 1
github.com/JailtonJunior94/ai-spec-harness/internal/taskloop/reviewer.go:598.16,601.3 2 1
github.com/JailtonJunior94/ai-spec-harness/internal/taskloop/reviewer.go:603.2,604.73 2 1
github.com/JailtonJunior94/ai-spec-harness/internal/taskloop/reviewer.go:604.73,607.3 2 1
github.com/JailtonJunior94/ai-spec-harness/internal/taskloop/reviewer.go:609.2,609.18 1 0
github.com/JailtonJunior94/ai-spec-harness/internal/taskloop/reviewer.go:614.102,621.125 5 1
github.com/JailtonJunior94/ai-spec-harness/internal/taskloop/reviewer.go:621.125,623.3 1 1
github.com/JailtonJunior94/ai-spec-harness/internal/taskloop/reviewer.go:624.2,624.131 1 1
github.com/JailtonJunior94/ai-spec-harness/internal/taskloop/reviewer.go:624.131,626.3 1 1
github.com/JailtonJunior94/ai-spec-harness/internal/taskloop/reviewer.go:627.2,627.140 1 1
github.com/JailtonJunior94/ai-spec-harness/internal/taskloop/reviewer.go:627.140,629.3 1 1
github.com/JailtonJunior94/ai-spec-harness/internal/taskloop/reviewer.go:630.2,630.130 1 1
github.com/JailtonJunior94/ai-spec-harness/internal/taskloop/reviewer.go:630.130,632.3 1 1
github.com/JailtonJunior94/ai-spec-harness/internal/taskloop/reviewer.go:633.2,633.94 1 1
github.com/JailtonJunior94/ai-spec-harness/internal/taskloop/reviewer.go:633.94,635.3 1 1
github.com/JailtonJunior94/ai-spec-harness/internal/taskloop/reviewer.go:637.2,637.21 1 1
github.com/JailtonJunior94/ai-spec-harness/internal/taskloop/reviewer.go:637.21,639.3 1 1
github.com/JailtonJunior94/ai-spec-harness/internal/taskloop/reviewer.go:640.2,640.34 1 1
github.com/JailtonJunior94/ai-spec-harness/internal/taskloop/reviewer.go:658.78,660.16 2 1
github.com/JailtonJunior94/ai-spec-harness/internal/taskloop/reviewer.go:660.16,662.3 1 0
github.com/JailtonJunior94/ai-spec-harness/internal/taskloop/reviewer.go:664.2,665.49 2 1
github.com/JailtonJunior94/ai-spec-harness/internal/taskloop/reviewer.go:665.49,667.3 1 0
github.com/JailtonJunior94/ai-spec-harness/internal/taskloop/reviewer.go:669.2,669.26 1 1
github.com/JailtonJunior94/ai-spec-harness/internal/taskloop/reviewer.go:674.99,678.34 3 1
github.com/JailtonJunior94/ai-spec-harness/internal/taskloop/reviewer.go:678.34,679.54 1 1
github.com/JailtonJunior94/ai-spec-harness/internal/taskloop/reviewer.go:679.54,682.4 2 1
github.com/JailtonJunior94/ai-spec-harness/internal/taskloop/reviewer.go:685.2,685.26 1 1
github.com/JailtonJunior94/ai-spec-harness/internal/taskloop/reviewer.go:685.26,687.3 1 1
github.com/JailtonJunior94/ai-spec-harness/internal/taskloop/reviewer.go:689.2,689.25 1 1
github.com/JailtonJunior94/ai-spec-harness/internal/taskloop/reviewer.go:689.25,691.3 1 0
github.com/JailtonJunior94/ai-spec-harness/internal/taskloop/reviewer.go:692.2,692.38 1 1
github.com/JailtonJunior94/ai-spec-harness/internal/taskloop/runloop.go:43.115,45.2 1 1
github.com/JailtonJunior94/ai-spec-harness/internal/taskloop/runloop.go:65.101,66.26 1 1
github.com/JailtonJunior94/ai-spec-harness/internal/taskloop/runloop.go:66.26,68.3 1 1
github.com/JailtonJunior94/ai-spec-harness/internal/taskloop/runloop.go:69.2,69.26 1 1
github.com/JailtonJunior94/ai-spec-harness/internal/taskloop/runloop.go:69.26,71.3 1 1
github.com/JailtonJunior94/ai-spec-harness/internal/taskloop/runloop.go:72.2,72.22 1 1
github.com/JailtonJunior94/ai-spec-harness/internal/taskloop/runloop.go:72.22,74.3 1 1
github.com/JailtonJunior94/ai-spec-harness/internal/taskloop/runloop.go:75.2,75.26 1 1
github.com/JailtonJunior94/ai-spec-harness/internal/taskloop/runloop.go:75.26,77.3 1 1
github.com/JailtonJunior94/ai-spec-harness/internal/taskloop/runloop.go:78.2,78.31 1 1
github.com/JailtonJunior94/ai-spec-harness/internal/taskloop/runloop.go:78.31,80.3 1 1
github.com/JailtonJunior94/ai-spec-harness/internal/taskloop/runloop.go:82.2,83.16 2 1
github.com/JailtonJunior94/ai-spec-harness/internal/taskloop/runloop.go:83.16,85.3 1 0
github.com/JailtonJunior94/ai-spec-harness/internal/taskloop/runloop.go:86.2,86.73 1 1
github.com/JailtonJunior94/ai-spec-harness/internal/taskloop/runloop.go:86.73,87.57 1 1
github.com/JailtonJunior94/ai-spec-harness/internal/taskloop/runloop.go:87.57,90.4 1 0
github.com/JailtonJunior94/ai-spec-harness/internal/taskloop/runloop.go:93.2,94.16 2 1
github.com/JailtonJunior94/ai-spec-harness/internal/taskloop/runloop.go:94.16,96.3 1 0
github.com/JailtonJunior94/ai-spec-harness/internal/taskloop/runloop.go:98.2,108.21 4 1
github.com/JailtonJunior94/ai-spec-harness/internal/taskloop/runloop.go:108.21,110.3 1 1
github.com/JailtonJunior94/ai-spec-harness/internal/taskloop/runloop.go:111.2,112.20 2 1
github.com/JailtonJunior94/ai-spec-harness/internal/taskloop/runloop.go:112.20,114.3 1 1
github.com/JailtonJunior94/ai-spec-harness/internal/taskloop/runloop.go:116.2,116.6 1 1
github.com/JailtonJunior94/ai-spec-harness/internal/taskloop/runloop.go:116.6,117.35 1 1
github.com/JailtonJunior94/ai-spec-harness/internal/taskloop/runloop.go:117.35,119.4 1 0
github.com/JailtonJunior94/ai-spec-harness/internal/taskloop/runloop.go:121.3,121.40 1 1
github.com/JailtonJunior94/ai-spec-harness/internal/taskloop/runloop.go:121.40,124.41 2 1
github.com/JailtonJunior94/ai-spec-harness/internal/taskloop/runloop.go:124.41,125.10 1 1
github.com/JailtonJunior94/ai-spec-harness/internal/taskloop/runloop.go:127.4,127.18 1 1
github.com/JailtonJunior94/ai-spec-harness/internal/taskloop/runloop.go:127.18,129.5 1 0
github.com/JailtonJunior94/ai-spec-harness/internal/taskloop/runloop.go:131.4,132.18 2 1
github.com/JailtonJunior94/ai-spec-harness/internal/taskloop/runloop.go:132.18,134.5 1 0
github.com/JailtonJunior94/ai-spec-harness/internal/taskloop/runloop.go:135.4,137.90 2 1
github.com/JailtonJunior94/ai-spec-harness/internal/taskloop/runloop.go:137.90,140.5 1 0
github.com/JailtonJunior94/ai-spec-harness/internal/taskloop/runloop.go:142.4,143.21 2 1
github.com/JailtonJunior94/ai-spec-harness/internal/taskloop/runloop.go:143.21,147.5 2 0
github.com/JailtonJunior94/ai-spec-harness/internal/taskloop/runloop.go:149.4,149.73 1 1
github.com/JailtonJunior94/ai-spec-harness/internal/taskloop/runloop.go:149.73,152.5 1 0
github.com/JailtonJunior94/ai-spec-harness/internal/taskloop/runloop.go:153.4,154.66 2 1
github.com/JailtonJunior94/ai-spec-harness/internal/taskloop/runloop.go:155.9,159.62 2 1
github.com/JailtonJunior94/ai-spec-harness/internal/taskloop/runloop.go:159.62,161.5 1 0
github.com/JailtonJunior94/ai-spec-harness/internal/taskloop/runloop.go:162.4,162.23 1 1
github.com/JailtonJunior94/ai-spec-harness/internal/taskloop/runloop.go:162.23,163.10 1 1
github.com/JailtonJunior94/ai-spec-harness/internal/taskloop/runloop.go:166.4,167.22 2 1
github.com/JailtonJunior94/ai-spec-harness/internal/taskloop/runloop.go:167.22,169.5 1 1
github.com/JailtonJunior94/ai-spec-harness/internal/taskloop/runloop.go:170.4,171.23 2 1
github.com/JailtonJunior94/ai-spec-harness/internal/taskloop/runloop.go:171.23,173.5 1 0
github.com/JailtonJunior94/ai-spec-harness/internal/taskloop/runloop.go:177.2,180.16 4 1
github.com/JailtonJunior94/ai-spec-harness/internal/taskloop/runloop.go:180.16,183.3 1 0
github.com/JailtonJunior94/ai-spec-harness/internal/taskloop/runloop.go:184.2,186.21 2 1
github.com/JailtonJunior94/ai-spec-harness/internal/taskloop/runloop.go:187.23,188.74 1 1
github.com/JailtonJunior94/ai-spec-harness/internal/taskloop/runloop.go:190.34,192.17 2 1
github.com/JailtonJunior94/ai-spec-harness/internal/taskloop/runloop.go:192.17,195.4 1 0
github.com/JailtonJunior94/ai-spec-harness/internal/taskloop/runloop.go:196.3,198.120 3 1
github.com/JailtonJunior94/ai-spec-harness/internal/taskloop/runloop.go:198.120,200.4 1 1
github.com/JailtonJunior94/ai-spec-harness/internal/taskloop/runloop.go:202.22,205.91 2 1
github.com/JailtonJunior94/ai-spec-harness/internal/taskloop/runloop.go:207.23,208.60 1 1
github.com/JailtonJunior94/ai-spec-harness/internal/taskloop/runloop.go:208.60,211.4 1 0
github.com/JailtonJunior94/ai-spec-harness/internal/taskloop/runloop.go:212.3,217.34 6 1
github.com/JailtonJunior94/ai-spec-harness/internal/taskloop/runloop.go:217.34,219.4 1 1
github.com/JailtonJunior94/ai-spec-harness/internal/taskloop/runloop.go:220.3,220.42 1 1
github.com/JailtonJunior94/ai-spec-harness/internal/taskloop/runloop.go:220.42,222.4 1 1
github.com/JailtonJunior94/ai-spec-harness/internal/taskloop/runloop.go:223.3,223.43 1 1
github.com/JailtonJunior94/ai-spec-harness/internal/taskloop/runloop.go:223.43,224.33 1 1
github.com/JailtonJunior94/ai-spec-harness/internal/taskloop/runloop.go:224.33,226.5 1 1
github.com/JailtonJunior94/ai-spec-harness/internal/taskloop/runloop.go:227.4,228.89 2 1
github.com/JailtonJunior94/ai-spec-harness/internal/taskloop/runloop.go:230.3,230.19 1 1
github.com/JailtonJunior94/ai-spec-harness/internal/taskloop/runloop.go:230.19,232.4 1 0
github.com/JailtonJunior94/ai-spec-harness/internal/taskloop/runloop.go:233.3,233.32 1 1
github.com/JailtonJunior94/ai-spec-harness/internal/taskloop/runloop.go:233.32,234.38 1 1
github.com/JailtonJunior94/ai-spec-harness/internal/taskloop/runloop.go:235.25,236.91 1 1
github.com/JailtonJunior94/ai-spec-harness/internal/taskloop/runloop.go:237.36,239.19 2 1
github.com/JailtonJunior94/ai-spec-harness/internal/taskloop/runloop.go:239.19,242.6 1 0
github.com/JailtonJunior94/ai-spec-harness/internal/taskloop/runloop.go:243.5,246.43 4 1
github.com/JailtonJunior94/ai-spec-harness/internal/taskloop/runloop.go:246.43,247.53 1 1
github.com/JailtonJunior94/ai-spec-harness/internal/taskloop/runloop.go:247.53,249.7 1 1
github.com/JailtonJunior94/ai-spec-harness/internal/taskloop/runloop.go:251.5,251.121 1 1
github.com/JailtonJunior94/ai-spec-harness/internal/taskloop/runloop.go:251.121,253.6 1 0
github.com/JailtonJunior94/ai-spec-harness/internal/taskloop/runloop.go:254.24,257.108 2 0
github.com/JailtonJunior94/ai-spec-harness/internal/taskloop/runloop.go:262.2,262.57 1 1
github.com/JailtonJunior94/ai-spec-harness/internal/taskloop/runloop.go:281.17,283.28 2 1
github.com/JailtonJunior94/ai-spec-harness/internal/taskloop/runloop.go:283.28,285.3 1 1
github.com/JailtonJunior94/ai-spec-harness/internal/taskloop/runloop.go:286.2,286.59 1 1
github.com/JailtonJunior94/ai-spec-harness/internal/taskloop/runloop.go:286.59,288.3 1 0
github.com/JailtonJunior94/ai-spec-harness/internal/taskloop/runloop.go:290.2,290.33 1 1
github.com/JailtonJunior94/ai-spec-harness/internal/taskloop/runloop.go:290.33,292.17 2 1
github.com/JailtonJunior94/ai-spec-harness/internal/taskloop/runloop.go:292.17,294.4 1 1
github.com/JailtonJunior94/ai-spec-harness/internal/taskloop/runloop.go:295.3,295.16 1 1
github.com/JailtonJunior94/ai-spec-harness/internal/taskloop/runloop.go:295.16,297.4 1 0
github.com/JailtonJunior94/ai-spec-harness/internal/taskloop/runloop.go:298.3,298.56 1 1
github.com/JailtonJunior94/ai-spec-harness/internal/taskloop/runloop.go:301.2,305.24 5 1
github.com/JailtonJunior94/ai-spec-harness/internal/taskloop/runloop.go:305.24,307.3 1 1
github.com/JailtonJunior94/ai-spec-harness/internal/taskloop/runloop.go:308.2,308.33 1 1
github.com/JailtonJunior94/ai-spec-harness/internal/taskloop/runloop.go:308.33,310.3 1 1
github.com/JailtonJunior94/ai-spec-harness/internal/taskloop/runloop.go:311.2,311.41 1 1
github.com/JailtonJunior94/ai-spec-harness/internal/taskloop/runloop.go:311.41,313.3 1 1
github.com/JailtonJunior94/ai-spec-harness/internal/taskloop/runloop.go:314.2,314.42 1 1
github.com/JailtonJunior94/ai-spec-harness/internal/taskloop/runloop.go:314.42,315.32 1 1
github.com/JailtonJunior94/ai-spec-harness/internal/taskloop/runloop.go:315.32,317.4 1 1
github.com/JailtonJunior94/ai-spec-harness/internal/taskloop/runloop.go:318.3,319.21 2 1
github.com/JailtonJunior94/ai-spec-harness/internal/taskloop/runloop.go:321.2,321.18 1 1
github.com/JailtonJunior94/ai-spec-harness/internal/taskloop/runloop.go:321.18,322.32 1 1
github.com/JailtonJunior94/ai-spec-harness/internal/taskloop/runloop.go:322.32,324.4 1 1
github.com/JailtonJunior94/ai-spec-harness/internal/taskloop/runloop.go:325.3,325.21 1 1
github.com/JailtonJunior94/ai-spec-harness/internal/taskloop/runloop.go:327.2,327.31 1 1
github.com/JailtonJunior94/ai-spec-harness/internal/taskloop/runloop.go:327.31,329.3 1 1
github.com/JailtonJunior94/ai-spec-harness/internal/taskloop/runloop.go:330.2,330.31 1 1
github.com/JailtonJunior94/ai-spec-harness/internal/taskloop/runloop.go:330.31,332.3 1 0
github.com/JailtonJunior94/ai-spec-harness/internal/taskloop/runloop.go:334.2,334.36 1 1
github.com/JailtonJunior94/ai-spec-harness/internal/taskloop/runloop.go:335.23,336.20 1 1
github.com/JailtonJunior94/ai-spec-harness/internal/taskloop/runloop.go:337.34,339.17 2 1
github.com/JailtonJunior94/ai-spec-harness/internal/taskloop/runloop.go:339.17,341.4 1 0
github.com/JailtonJunior94/ai-spec-harness/internal/taskloop/runloop.go:342.3,346.17 4 1
github.com/JailtonJunior94/ai-spec-harness/internal/taskloop/runloop.go:346.17,348.4 1 0
github.com/JailtonJunior94/ai-spec-harness/internal/taskloop/runloop.go:349.3,349.25 1 1
github.com/JailtonJunior94/ai-spec-harness/internal/taskloop/runloop.go:349.25,351.4 1 1
github.com/JailtonJunior94/ai-spec-harness/internal/taskloop/runloop.go:352.3,352.101 1 1
github.com/JailtonJunior94/ai-spec-harness/internal/taskloop/runloop.go:353.22,354.118 1 1
github.com/JailtonJunior94/ai-spec-harness/internal/taskloop/runloop.go:355.10,356.20 1 0
github.com/JailtonJunior94/ai-spec-harness/internal/taskloop/runloop.go:364.67,366.35 2 1
github.com/JailtonJunior94/ai-spec-harness/internal/taskloop/runloop.go:366.35,367.34 1 1
github.com/JailtonJunior94/ai-spec-harness/internal/taskloop/runloop.go:367.34,371.4 3 1
github.com/JailtonJunior94/ai-spec-harness/internal/taskloop/runloop.go:373.2,373.12 1 1
github.com/JailtonJunior94/ai-spec-harness/internal/taskloop/runloop.go:376.80,377.40 1 1
github.com/JailtonJunior94/ai-spec-harness/internal/taskloop/runloop.go:377.40,379.3 1 1
github.com/JailtonJunior94/ai-spec-harness/internal/taskloop/runloop.go:380.2,380.16 1 1
github.com/JailtonJunior94/ai-spec-harness/internal/taskloop/runloop.go:380.16,382.3 1 1
github.com/JailtonJunior94/ai-spec-harness/internal/taskloop/runloop.go:383.2,383.39 1 0
github.com/JailtonJunior94/ai-spec-harness/internal/taskloop/runloop.go:383.39,385.3 1 0
github.com/JailtonJunior94/ai-spec-harness/internal/taskloop/runloop.go:386.2,386.20 1 0
github.com/JailtonJunior94/ai-spec-harness/internal/taskloop/runloop.go:396.23,399.16 3 1
github.com/JailtonJunior94/ai-spec-harness/internal/taskloop/runloop.go:399.16,401.3 1 0
github.com/JailtonJunior94/ai-spec-harness/internal/taskloop/runloop.go:402.2,402.20 1 1
github.com/JailtonJunior94/ai-spec-harness/internal/taskloop/runloop.go:402.20,404.3 1 0
github.com/JailtonJunior94/ai-spec-harness/internal/taskloop/runloop.go:405.2,405.87 1 1
github.com/JailtonJunior94/ai-spec-harness/internal/taskloop/runloop.go:405.87,407.3 1 0
github.com/JailtonJunior94/ai-spec-harness/internal/taskloop/runloop.go:408.2,408.109 1 1
github.com/JailtonJunior94/ai-spec-harness/internal/taskloop/runloop.go:408.109,410.3 1 0
github.com/JailtonJunior94/ai-spec-harness/internal/taskloop/runloop.go:411.2,411.18 1 1
github.com/JailtonJunior94/ai-spec-harness/internal/taskloop/runloop.go:414.58,415.48 1 1
github.com/JailtonJunior94/ai-spec-harness/internal/taskloop/runloop.go:415.48,417.17 2 1
github.com/JailtonJunior94/ai-spec-harness/internal/taskloop/runloop.go:417.17,419.4 1 1
github.com/JailtonJunior94/ai-spec-harness/internal/taskloop/runloop.go:421.2,421.47 1 0
github.com/JailtonJunior94/ai-spec-harness/internal/taskloop/runloop.go:430.109,436.20 6 1
github.com/JailtonJunior94/ai-spec-harness/internal/taskloop/runloop.go:436.20,438.3 1 1
github.com/JailtonJunior94/ai-spec-harness/internal/taskloop/runloop.go:439.2,439.24 1 1
github.com/JailtonJunior94/ai-spec-harness/internal/taskloop/runloop.go:439.24,441.3 1 1
github.com/JailtonJunior94/ai-spec-harness/internal/taskloop/runloop.go:442.2,444.19 3 1
github.com/JailtonJunior94/ai-spec-harness/internal/taskloop/runloop.go:449.99,450.29 1 1
github.com/JailtonJunior94/ai-spec-harness/internal/taskloop/runloop.go:450.29,452.3 1 1
github.com/JailtonJunior94/ai-spec-harness/internal/taskloop/runloop.go:453.2,454.27 2 1
github.com/JailtonJunior94/ai-spec-harness/internal/taskloop/runloop.go:454.27,456.17 2 1
github.com/JailtonJunior94/ai-spec-harness/internal/taskloop/runloop.go:456.17,457.96 1 1
github.com/JailtonJunior94/ai-spec-harness/internal/taskloop/runloop.go:457.96,459.5 1 0
github.com/JailtonJunior94/ai-spec-harness/internal/taskloop/runloop.go:462.2,462.15 1 1
github.com/JailtonJunior94/ai-spec-harness/internal/taskloop/runloop.go:467.54,468.46 1 1
github.com/JailtonJunior94/ai-spec-harness/internal/taskloop/runloop.go:468.46,470.3 1 1
github.com/JailtonJunior94/ai-spec-harness/internal/taskloop/runloop.go:471.2,472.55 1 1
github.com/JailtonJunior94/ai-spec-harness/internal/taskloop/runloop.go:480.123,483.28 3 1
github.com/JailtonJunior94/ai-spec-harness/internal/taskloop/runloop.go:483.28,485.40 2 1
github.com/JailtonJunior94/ai-spec-harness/internal/taskloop/runloop.go:485.40,487.4 1 1
github.com/JailtonJunior94/ai-spec-harness/internal/taskloop/runloop.go:488.3,488.17 1 1
github.com/JailtonJunior94/ai-spec-harness/internal/taskloop/runloop.go:488.17,490.4 1 0
github.com/JailtonJunior94/ai-spec-harness/internal/taskloop/runloop.go:491.3,491.20 1 1
github.com/JailtonJunior94/ai-spec-harness/internal/taskloop/runloop.go:491.20,493.9 1 0
github.com/JailtonJunior94/ai-spec-harness/internal/taskloop/runloop.go:495.3,496.31 2 1
github.com/JailtonJunior94/ai-spec-harness/internal/taskloop/runloop.go:498.2,498.19 1 1
github.com/JailtonJunior94/ai-spec-harness/internal/taskloop/runloop.go:519.64,524.29 4 1
github.com/JailtonJunior94/ai-spec-harness/internal/taskloop/runloop.go:524.29,526.17 2 1
github.com/JailtonJunior94/ai-spec-harness/internal/taskloop/runloop.go:526.17,528.12 2 0
github.com/JailtonJunior94/ai-spec-harness/internal/taskloop/runloop.go:530.3,533.44 3 1
github.com/JailtonJunior94/ai-spec-harness/internal/taskloop/runloop.go:533.44,536.17 3 1
github.com/JailtonJunior94/ai-spec-harness/internal/taskloop/runloop.go:536.17,536.26 1 1
github.com/JailtonJunior94/ai-spec-harness/internal/taskloop/runloop.go:538.4,538.24 1 1
github.com/JailtonJunior94/ai-spec-harness/internal/taskloop/runloop.go:538.24,541.5 2 0
github.com/JailtonJunior94/ai-spec-harness/internal/taskloop/runloop.go:543.4,544.22 2 1
github.com/JailtonJunior94/ai-spec-harness/internal/taskloop/runloop.go:544.22,547.5 2 0
github.com/JailtonJunior94/ai-spec-harness/internal/taskloop/runloop.go:549.4,550.21 2 1
github.com/JailtonJunior94/ai-spec-harness/internal/taskloop/runloop.go:550.21,554.5 3 0
github.com/JailtonJunior94/ai-spec-harness/internal/taskloop/runloop.go:556.4,556.73 1 1
github.com/JailtonJunior94/ai-spec-harness/internal/taskloop/runloop.go:556.73,559.5 2 0
github.com/JailtonJunior94/ai-spec-harness/internal/taskloop/runloop.go:560.4,561.30 2 1
github.com/JailtonJunior94/ai-spec-harness/internal/taskloop/runloop.go:565.2,568.28 2 1
github.com/JailtonJunior94/ai-spec-harness/internal/taskloop/runloop.go:568.28,569.23 1 1
github.com/JailtonJunior94/ai-spec-harness/internal/taskloop/runloop.go:569.23,571.4 1 1
github.com/JailtonJunior94/ai-spec-harness/internal/taskloop/runloop.go:572.3,572.38 1 1
github.com/JailtonJunior94/ai-spec-harness/internal/taskloop/runloop.go:572.38,574.4 1 0
github.com/JailtonJunior94/ai-spec-harness/internal/taskloop/runloop.go:575.3,575.37 1 1
github.com/JailtonJunior94/ai-spec-harness/internal/taskloop/runloop.go:575.37,577.4 1 1
github.com/JailtonJunior94/ai-spec-harness/internal/taskloop/runloop.go:579.2,579.45 1 1
github.com/JailtonJunior94/ai-spec-harness/internal/taskloop/runtimeconfig.go:28.96,31.28 2 1
github.com/JailtonJunior94/ai-spec-harness/internal/taskloop/runtimeconfig.go:31.28,33.17 2 1
github.com/JailtonJunior94/ai-spec-harness/internal/taskloop/runtimeconfig.go:33.17,35.4 1 1
github.com/JailtonJunior94/ai-spec-harness/internal/taskloop/runtimeconfig.go:36.3,37.20 2 1
github.com/JailtonJunior94/ai-spec-harness/internal/taskloop/runtimeconfig.go:37.20,39.4 1 0
github.com/JailtonJunior94/ai-spec-harness/internal/taskloop/runtimeconfig.go:40.3,40.14 1 1
github.com/JailtonJunior94/ai-spec-harness/internal/taskloop/runtimeconfig.go:43.2,51.16 3 1
github.com/JailtonJunior94/ai-spec-harness/internal/taskloop/runtimeconfig.go:62.116,65.16 3 1
github.com/JailtonJunior94/ai-spec-harness/internal/taskloop/runtimeconfig.go:65.16,67.3 1 0
github.com/JailtonJunior94/ai-spec-harness/internal/taskloop/runtimeconfig.go:70.2,70.28 1 1
github.com/JailtonJunior94/ai-spec-harness/internal/taskloop/runtimeconfig.go:70.28,72.3 1 1
github.com/JailtonJunior94/ai-spec-harness/internal/taskloop/runtimeconfig.go:73.2,74.16 2 1
github.com/JailtonJunior94/ai-spec-harness/internal/taskloop/runtimeconfig.go:74.16,76.3 1 0
github.com/JailtonJunior94/ai-spec-harness/internal/taskloop/runtimeconfig.go:77.2,77.16 1 1
github.com/JailtonJunior94/ai-spec-harness/internal/taskloop/runtimeconfig.go:83.73,87.58 2 1
github.com/JailtonJunior94/ai-spec-harness/internal/taskloop/runtimeconfig.go:87.58,89.3 1 1
github.com/JailtonJunior94/ai-spec-harness/internal/taskloop/runtimeconfig.go:90.2,94.3 1 1
github.com/JailtonJunior94/ai-spec-harness/internal/taskloop/selector.go:34.55,36.2 1 1
github.com/JailtonJunior94/ai-spec-harness/internal/taskloop/selector.go:41.95,42.34 1 1
github.com/JailtonJunior94/ai-spec-harness/internal/taskloop/selector.go:42.34,44.3 1 1
github.com/JailtonJunior94/ai-spec-harness/internal/taskloop/selector.go:46.2,48.16 3 1
github.com/JailtonJunior94/ai-spec-harness/internal/taskloop/selector.go:48.16,50.3 1 0
github.com/JailtonJunior94/ai-spec-harness/internal/taskloop/selector.go:52.2,53.16 2 1
github.com/JailtonJunior94/ai-spec-harness/internal/taskloop/selector.go:53.16,55.3 1 1
github.com/JailtonJunior94/ai-spec-harness/internal/taskloop/selector.go:57.2,57.56 1 1
github.com/JailtonJunior94/ai-spec-harness/internal/taskloop/selector.go:57.56,59.3 1 1
github.com/JailtonJunior94/ai-spec-harness/internal/taskloop/selector.go:60.2,63.24 3 1
github.com/JailtonJunior94/ai-spec-harness/internal/taskloop/selector.go:63.24,65.3 1 1
github.com/JailtonJunior94/ai-spec-harness/internal/taskloop/selector.go:67.2,67.49 1 1
github.com/JailtonJunior94/ai-spec-harness/internal/taskloop/selector.go:67.49,68.47 1 1
github.com/JailtonJunior94/ai-spec-harness/internal/taskloop/selector.go:68.47,70.4 1 1
github.com/JailtonJunior94/ai-spec-harness/internal/taskloop/selector.go:71.3,71.41 1 1
github.com/JailtonJunior94/ai-spec-harness/internal/taskloop/selector.go:74.2,75.21 2 1
github.com/JailtonJunior94/ai-spec-harness/internal/taskloop/selector.go:79.56,82.26 3 1
github.com/JailtonJunior94/ai-spec-harness/internal/taskloop/selector.go:82.26,85.3 2 1
github.com/JailtonJunior94/ai-spec-harness/internal/taskloop/selector.go:88.2,91.29 3 1
github.com/JailtonJunior94/ai-spec-harness/internal/taskloop/selector.go:91.29,92.21 1 1
github.com/JailtonJunior94/ai-spec-harness/internal/taskloop/selector.go:92.21,94.4 1 1
github.com/JailtonJunior94/ai-spec-harness/internal/taskloop/selector.go:95.3,95.21 1 1
github.com/JailtonJunior94/ai-spec-harness/internal/taskloop/selector.go:95.21,97.4 1 1
github.com/JailtonJunior94/ai-spec-harness/internal/taskloop/selector.go:98.3,99.31 2 1
github.com/JailtonJunior94/ai-spec-harness/internal/taskloop/selector.go:99.31,100.16 1 1
github.com/JailtonJunior94/ai-spec-harness/internal/taskloop/selector.go:100.16,102.5 1 1
github.com/JailtonJunior94/ai-spec-harness/internal/taskloop/selector.go:104.3,105.15 2 1
github.com/JailtonJunior94/ai-spec-harness/internal/taskloop/selector.go:108.2,108.22 1 1
github.com/JailtonJunior94/ai-spec-harness/internal/taskloop/selector.go:108.22,109.21 1 1
github.com/JailtonJunior94/ai-spec-harness/internal/taskloop/selector.go:109.21,110.15 1 1
github.com/JailtonJunior94/ai-spec-harness/internal/taskloop/selector.go:110.15,112.5 1 1
github.com/JailtonJunior94/ai-spec-harness/internal/taskloop/selector.go:115.2,115.12 1 1
github.com/JailtonJunior94/ai-spec-harness/internal/taskloop/taskloop.go:115.71,121.2 1 1
github.com/JailtonJunior94/ai-spec-harness/internal/taskloop/taskloop.go:126.95,128.16 2 1
github.com/JailtonJunior94/ai-spec-harness/internal/taskloop/taskloop.go:128.16,130.3 1 0
github.com/JailtonJunior94/ai-spec-harness/internal/taskloop/taskloop.go:131.2,131.25 1 1
github.com/JailtonJunior94/ai-spec-harness/internal/taskloop/taskloop.go:131.25,132.41 1 0
github.com/JailtonJunior94/ai-spec-harness/internal/taskloop/taskloop.go:132.41,134.4 1 0
github.com/JailtonJunior94/ai-spec-harness/internal/taskloop/taskloop.go:136.2,136.17 1 1
github.com/JailtonJunior94/ai-spec-harness/internal/taskloop/taskloop.go:142.98,143.36 1 1
github.com/JailtonJunior94/ai-spec-harness/internal/taskloop/taskloop.go:143.36,145.3 1 1
github.com/JailtonJunior94/ai-spec-harness/internal/taskloop/taskloop.go:146.2,146.29 1 1
github.com/JailtonJunior94/ai-spec-harness/internal/taskloop/taskloop.go:153.86,161.28 5 1
github.com/JailtonJunior94/ai-spec-harness/internal/taskloop/taskloop.go:161.28,163.3 1 0
github.com/JailtonJunior94/ai-spec-harness/internal/taskloop/taskloop.go:164.2,168.35 3 1
github.com/JailtonJunior94/ai-spec-harness/internal/taskloop/taskloop.go:168.35,171.28 3 1
github.com/JailtonJunior94/ai-spec-harness/internal/taskloop/taskloop.go:171.28,173.4 1 0
github.com/JailtonJunior94/ai-spec-harness/internal/taskloop/taskloop.go:174.3,175.104 2 1
github.com/JailtonJunior94/ai-spec-harness/internal/taskloop/taskloop.go:179.2,179.39 1 1
github.com/JailtonJunior94/ai-spec-harness/internal/taskloop/taskloop.go:179.39,181.3 1 0
github.com/JailtonJunior94/ai-spec-harness/internal/taskloop/taskloop.go:181.8,183.3 1 1
github.com/JailtonJunior94/ai-spec-harness/internal/taskloop/taskloop.go:186.2,187.16 2 1
github.com/JailtonJunior94/ai-spec-harness/internal/taskloop/taskloop.go:187.16,189.3 1 0
github.com/JailtonJunior94/ai-spec-harness/internal/taskloop/taskloop.go:190.2,191.16 2 1
github.com/JailtonJunior94/ai-spec-harness/internal/taskloop/taskloop.go:191.16,193.3 1 0
github.com/JailtonJunior94/ai-spec-harness/internal/taskloop/taskloop.go:194.2,197.24 3 1
github.com/JailtonJunior94/ai-spec-harness/internal/taskloop/taskloop.go:197.24,200.3 2 0
github.com/JailtonJunior94/ai-spec-harness/internal/taskloop/taskloop.go:202.2,203.29 2 1
github.com/JailtonJunior94/ai-spec-harness/internal/taskloop/taskloop.go:203.29,205.3 1 1
github.com/JailtonJunior94/ai-spec-harness/internal/taskloop/taskloop.go:206.2,211.16 4 1
github.com/JailtonJunior94/ai-spec-harness/internal/taskloop/taskloop.go:211.16,213.3 1 0
github.com/JailtonJunior94/ai-spec-harness/internal/taskloop/taskloop.go:214.2,215.23 2 1
github.com/JailtonJunior94/ai-spec-harness/internal/taskloop/taskloop.go:215.23,217.3 1 0
github.com/JailtonJunior94/ai-spec-harness/internal/taskloop/taskloop.go:218.2,219.18 2 1
github.com/JailtonJunior94/ai-spec-harness/internal/taskloop/taskloop.go:219.18,221.3 1 0
github.com/JailtonJunior94/ai-spec-harness/internal/taskloop/taskloop.go:223.2,232.16 2 1
github.com/JailtonJunior94/ai-spec-harness/internal/taskloop/taskloop.go:232.16,234.3 1 0
github.com/JailtonJunior94/ai-spec-harness/internal/taskloop/taskloop.go:236.2,237.52 2 1
github.com/JailtonJunior94/ai-spec-harness/internal/taskloop/taskloop.go:237.52,239.3 1 1
github.com/JailtonJunior94/ai-spec-harness/internal/taskloop/taskloop.go:240.2,240.44 1 1
github.com/JailtonJunior94/ai-spec-harness/internal/taskloop/taskloop.go:244.47,246.16 2 1
github.com/JailtonJunior94/ai-spec-harness/internal/taskloop/taskloop.go:246.16,248.3 1 0
github.com/JailtonJunior94/ai-spec-harness/internal/taskloop/taskloop.go:251.2,251.73 1 1
github.com/JailtonJunior94/ai-spec-harness/internal/taskloop/taskloop.go:251.73,253.27 2 1
github.com/JailtonJunior94/ai-spec-harness/internal/taskloop/taskloop.go:253.27,255.4 1 0
github.com/JailtonJunior94/ai-spec-harness/internal/taskloop/taskloop.go:260.2,262.26 3 1
github.com/JailtonJunior94/ai-spec-harness/internal/taskloop/taskloop.go:262.26,264.19 2 1
github.com/JailtonJunior94/ai-spec-harness/internal/taskloop/taskloop.go:264.19,266.4 1 0
github.com/JailtonJunior94/ai-spec-harness/internal/taskloop/taskloop.go:267.3,272.22 6 1
github.com/JailtonJunior94/ai-spec-harness/internal/taskloop/taskloop.go:272.22,274.4 1 1
github.com/JailtonJunior94/ai-spec-harness/internal/taskloop/taskloop.go:275.3,278.27 2 1
github.com/JailtonJunior94/ai-spec-harness/internal/taskloop/taskloop.go:278.27,281.25 3 1
github.com/JailtonJunior94/ai-spec-harness/internal/taskloop/taskloop.go:281.25,283.5 1 0
github.com/JailtonJunior94/ai-spec-harness/internal/taskloop/taskloop.go:284.4,284.32 1 1
github.com/JailtonJunior94/ai-spec-harness/internal/taskloop/taskloop.go:287.3,287.53 1 1
github.com/JailtonJunior94/ai-spec-harness/internal/taskloop/taskloop.go:287.53,289.4 1 1
github.com/JailtonJunior94/ai-spec-harness/internal/taskloop/taskloop.go:293.2,293.26 1 1
github.com/JailtonJunior94/ai-spec-harness/internal/taskloop/taskloop.go:293.26,295.36 2 1
github.com/JailtonJunior94/ai-spec-harness/internal/taskloop/taskloop.go:295.36,298.4 2 1
github.com/JailtonJunior94/ai-spec-harness/internal/taskloop/taskloop.go:299.3,299.32 1 1
github.com/JailtonJunior94/ai-spec-harness/internal/taskloop/taskloop.go:303.2,303.53 1 1
github.com/JailtonJunior94/ai-spec-harness/internal/taskloop/taskloop.go:303.53,307.21 3 1
github.com/JailtonJunior94/ai-spec-harness/internal/taskloop/taskloop.go:307.21,308.31 1 1
github.com/JailtonJunior94/ai-spec-harness/internal/taskloop/taskloop.go:308.31,310.5 1 1
github.com/JailtonJunior94/ai-spec-harness/internal/taskloop/taskloop.go:311.4,312.20 2 1
github.com/JailtonJunior94/ai-spec-harness/internal/taskloop/taskloop.go:312.20,314.5 1 1
github.com/JailtonJunior94/ai-spec-harness/internal/taskloop/taskloop.go:315.4,316.41 2 1
github.com/JailtonJunior94/ai-spec-harness/internal/taskloop/taskloop.go:319.3,319.36 1 1
github.com/JailtonJunior94/ai-spec-harness/internal/taskloop/taskloop.go:319.36,321.21 2 1
github.com/JailtonJunior94/ai-spec-harness/internal/taskloop/taskloop.go:321.21,322.32 1 1
github.com/JailtonJunior94/ai-spec-harness/internal/taskloop/taskloop.go:322.32,324.6 1 0
github.com/JailtonJunior94/ai-spec-harness/internal/taskloop/taskloop.go:325.5,326.21 2 1
github.com/JailtonJunior94/ai-spec-harness/internal/taskloop/taskloop.go:326.21,328.6 1 0
github.com/JailtonJunior94/ai-spec-harness/internal/taskloop/taskloop.go:329.5,330.42 2 1
github.com/JailtonJunior94/ai-spec-harness/internal/taskloop/taskloop.go:336.2,337.26 2 1
github.com/JailtonJunior94/ai-spec-harness/internal/taskloop/taskloop.go:337.26,339.3 1 1
github.com/JailtonJunior94/ai-spec-harness/internal/taskloop/taskloop.go:342.2,343.27 2 1
github.com/JailtonJunior94/ai-spec-harness/internal/taskloop/taskloop.go:343.27,344.33 1 1
github.com/JailtonJunior94/ai-spec-harness/internal/taskloop/taskloop.go:344.33,346.4 1 1
github.com/JailtonJunior94/ai-spec-harness/internal/taskloop/taskloop.go:346.9,351.20 2 0
github.com/JailtonJunior94/ai-spec-harness/internal/taskloop/taskloop.go:351.20,353.5 1 0
github.com/JailtonJunior94/ai-spec-harness/internal/taskloop/taskloop.go:355.4,369.5 4 0
github.com/JailtonJunior94/ai-spec-harness/internal/taskloop/taskloop.go:371.8,374.24 3 1
github.com/JailtonJunior94/ai-spec-harness/internal/taskloop/taskloop.go:374.24,376.4 1 0
github.com/JailtonJunior94/ai-spec-harness/internal/taskloop/taskloop.go:379.2,379.18 1 1
github.com/JailtonJunior94/ai-spec-harness/internal/taskloop/taskloop.go:379.18,381.21 2 1
github.com/JailtonJunior94/ai-spec-harness/internal/taskloop/taskloop.go:381.21,383.4 1 0
github.com/JailtonJunior94/ai-spec-harness/internal/taskloop/taskloop.go:384.3,384.28 1 1
github.com/JailtonJunior94/ai-spec-harness/internal/taskloop/taskloop.go:384.28,385.43 1 1
github.com/JailtonJunior94/ai-spec-harness/internal/taskloop/taskloop.go:385.43,387.5 1 0
github.com/JailtonJunior94/ai-spec-harness/internal/taskloop/taskloop.go:393.3,393.31 1 1
github.com/JailtonJunior94/ai-spec-harness/internal/taskloop/taskloop.go:393.31,394.57 1 1
github.com/JailtonJunior94/ai-spec-harness/internal/taskloop/taskloop.go:394.57,396.5 1 0
github.com/JailtonJunior94/ai-spec-harness/internal/taskloop/taskloop.go:401.3,401.47 1 1
github.com/JailtonJunior94/ai-spec-harness/internal/taskloop/taskloop.go:401.47,403.22 2 0
github.com/JailtonJunior94/ai-spec-harness/internal/taskloop/taskloop.go:403.22,405.5 1 0
github.com/JailtonJunior94/ai-spec-harness/internal/taskloop/taskloop.go:406.4,406.29 1 0
github.com/JailtonJunior94/ai-spec-harness/internal/taskloop/taskloop.go:411.2,412.16 2 1
github.com/JailtonJunior94/ai-spec-harness/internal/taskloop/taskloop.go:412.16,414.3 1 0
github.com/JailtonJunior94/ai-spec-harness/internal/taskloop/taskloop.go:417.2,422.26 2 1
github.com/JailtonJunior94/ai-spec-harness/internal/taskloop/taskloop.go:422.26,426.36 4 1
github.com/JailtonJunior94/ai-spec-harness/internal/taskloop/taskloop.go:426.36,429.4 2 1
github.com/JailtonJunior94/ai-spec-harness/internal/taskloop/taskloop.go:430.8,432.3 1 1
github.com/JailtonJunior94/ai-spec-harness/internal/taskloop/taskloop.go:434.2,438.29 4 1
github.com/JailtonJunior94/ai-spec-harness/internal/taskloop/taskloop.go:438.29,440.3 1 1
github.com/JailtonJunior94/ai-spec-harness/internal/taskloop/taskloop.go:441.2,445.41 2 1
github.com/JailtonJunior94/ai-spec-harness/internal/taskloop/taskloop.go:445.41,447.3 1 1
github.com/JailtonJunior94/ai-spec-harness/internal/taskloop/taskloop.go:449.2,449.64 1 1
github.com/JailtonJunior94/ai-spec-harness/internal/taskloop/taskloop.go:449.64,452.17 2 1
github.com/JailtonJunior94/ai-spec-harness/internal/taskloop/taskloop.go:452.17,454.4 1 0
github.com/JailtonJunior94/ai-spec-harness/internal/taskloop/taskloop.go:456.3,457.17 2 1
github.com/JailtonJunior94/ai-spec-harness/internal/taskloop/taskloop.go:457.17,459.4 1 0
github.com/JailtonJunior94/ai-spec-harness/internal/taskloop/taskloop.go:460.3,463.25 3 1
github.com/JailtonJunior94/ai-spec-harness/internal/taskloop/taskloop.go:463.25,464.39 1 1
github.com/JailtonJunior94/ai-spec-harness/internal/taskloop/taskloop.go:464.39,466.5 1 1
github.com/JailtonJunior94/ai-spec-harness/internal/taskloop/taskloop.go:466.10,468.5 1 1
github.com/JailtonJunior94/ai-spec-harness/internal/taskloop/taskloop.go:469.4,470.9 2 1
github.com/JailtonJunior94/ai-spec-harness/internal/taskloop/taskloop.go:473.3,478.17 4 1
github.com/JailtonJunior94/ai-spec-harness/internal/taskloop/taskloop.go:478.17,490.12 4 0
github.com/JailtonJunior94/ai-spec-harness/internal/taskloop/taskloop.go:494.3,495.84 2 1
github.com/JailtonJunior94/ai-spec-harness/internal/taskloop/taskloop.go:495.84,497.4 1 1
github.com/JailtonJunior94/ai-spec-harness/internal/taskloop/taskloop.go:500.3,501.24 2 1
github.com/JailtonJunior94/ai-spec-harness/internal/taskloop/taskloop.go:501.24,503.4 1 0
github.com/JailtonJunior94/ai-spec-harness/internal/taskloop/taskloop.go:504.3,505.19 2 1
github.com/JailtonJunior94/ai-spec-harness/internal/taskloop/taskloop.go:505.19,507.4 1 0
github.com/JailtonJunior94/ai-spec-harness/internal/taskloop/taskloop.go:509.3,514.18 4 1
github.com/JailtonJunior94/ai-spec-harness/internal/taskloop/taskloop.go:514.18,515.28 1 1
github.com/JailtonJunior94/ai-spec-harness/internal/taskloop/taskloop.go:515.28,517.38 1 1
github.com/JailtonJunior94/ai-spec-harness/internal/taskloop/taskloop.go:517.38,519.6 1 1
github.com/JailtonJunior94/ai-spec-harness/internal/taskloop/taskloop.go:519.11,521.6 1 1
github.com/JailtonJunior94/ai-spec-harness/internal/taskloop/taskloop.go:522.10,527.5 3 1
github.com/JailtonJunior94/ai-spec-harness/internal/taskloop/taskloop.go:528.4,538.12 3 1
github.com/JailtonJunior94/ai-spec-harness/internal/taskloop/taskloop.go:542.3,543.27 2 1
github.com/JailtonJunior94/ai-spec-harness/internal/taskloop/taskloop.go:543.27,545.4 1 1
github.com/JailtonJunior94/ai-spec-harness/internal/taskloop/taskloop.go:547.3,548.17 2 1
github.com/JailtonJunior94/ai-spec-harness/internal/taskloop/taskloop.go:548.17,550.4 1 0
github.com/JailtonJunior94/ai-spec-harness/internal/taskloop/taskloop.go:553.3,560.26 7 1
github.com/JailtonJunior94/ai-spec-harness/internal/taskloop/taskloop.go:560.26,561.113 1 1
github.com/JailtonJunior94/ai-spec-harness/internal/taskloop/taskloop.go:561.113,563.5 1 0
github.com/JailtonJunior94/ai-spec-harness/internal/taskloop/taskloop.go:567.3,568.84 2 1
github.com/JailtonJunior94/ai-spec-harness/internal/taskloop/taskloop.go:568.84,570.4 1 1
github.com/JailtonJunior94/ai-spec-harness/internal/taskloop/taskloop.go:576.3,576.30 1 1
github.com/JailtonJunior94/ai-spec-harness/internal/taskloop/taskloop.go:576.30,577.104 1 1
github.com/JailtonJunior94/ai-spec-harness/internal/taskloop/taskloop.go:577.104,578.95 1 1
github.com/JailtonJunior94/ai-spec-harness/internal/taskloop/taskloop.go:578.95,579.38 1 1
github.com/JailtonJunior94/ai-spec-harness/internal/taskloop/taskloop.go:579.38,580.46 1 1
github.com/JailtonJunior94/ai-spec-harness/internal/taskloop/taskloop.go:580.46,582.13 2 1
github.com/JailtonJunior94/ai-spec-harness/internal/taskloop/taskloop.go:589.3,601.26 2 1
github.com/JailtonJunior94/ai-spec-harness/internal/taskloop/taskloop.go:601.26,606.89 5 1
github.com/JailtonJunior94/ai-spec-harness/internal/taskloop/taskloop.go:606.89,607.76 1 1
github.com/JailtonJunior94/ai-spec-harness/internal/taskloop/taskloop.go:607.76,609.6 1 1
github.com/JailtonJunior94/ai-spec-harness/internal/taskloop/taskloop.go:611.4,611.9 1 1
github.com/JailtonJunior94/ai-spec-harness/internal/taskloop/taskloop.go:614.3,616.20 2 1
github.com/JailtonJunior94/ai-spec-harness/internal/taskloop/taskloop.go:616.20,623.9 7 1
github.com/JailtonJunior94/ai-spec-harness/internal/taskloop/taskloop.go:626.3,626.25 1 1
github.com/JailtonJunior94/ai-spec-harness/internal/taskloop/taskloop.go:626.25,628.4 1 1
github.com/JailtonJunior94/ai-spec-harness/internal/taskloop/taskloop.go:630.3,630.23 1 1
github.com/JailtonJunior94/ai-spec-harness/internal/taskloop/taskloop.go:630.23,631.87 1 1
github.com/JailtonJunior94/ai-spec-harness/internal/taskloop/taskloop.go:631.87,633.5 1 1
github.com/JailtonJunior94/ai-spec-harness/internal/taskloop/taskloop.go:634.4,634.60 1 1
github.com/JailtonJunior94/ai-spec-harness/internal/taskloop/taskloop.go:635.9,635.27 1 1
github.com/JailtonJunior94/ai-spec-harness/internal/taskloop/taskloop.go:635.27,638.54 1 1
github.com/JailtonJunior94/ai-spec-harness/internal/taskloop/taskloop.go:638.54,641.5 1 1
github.com/JailtonJunior94/ai-spec-harness/internal/taskloop/taskloop.go:642.4,642.20 1 1
github.com/JailtonJunior94/ai-spec-harness/internal/taskloop/taskloop.go:642.20,644.5 1 1
github.com/JailtonJunior94/ai-spec-harness/internal/taskloop/taskloop.go:647.3,647.19 1 1
github.com/JailtonJunior94/ai-spec-harness/internal/taskloop/taskloop.go:647.19,649.4 1 1
github.com/JailtonJunior94/ai-spec-harness/internal/taskloop/taskloop.go:657.3,657.83 1 1
github.com/JailtonJunior94/ai-spec-harness/internal/taskloop/taskloop.go:657.83,659.18 2 1
github.com/JailtonJunior94/ai-spec-harness/internal/taskloop/taskloop.go:659.18,661.5 1 0
github.com/JailtonJunior94/ai-spec-harness/internal/taskloop/taskloop.go:662.4,664.33 3 1
github.com/JailtonJunior94/ai-spec-harness/internal/taskloop/taskloop.go:664.33,665.120 1 1
github.com/JailtonJunior94/ai-spec-harness/internal/taskloop/taskloop.go:665.120,667.6 1 0
github.com/JailtonJunior94/ai-spec-harness/internal/taskloop/taskloop.go:668.5,668.39 1 1
github.com/JailtonJunior94/ai-spec-harness/internal/taskloop/taskloop.go:668.39,670.6 1 0
github.com/JailtonJunior94/ai-spec-harness/internal/taskloop/taskloop.go:671.5,676.90 5 1
github.com/JailtonJunior94/ai-spec-harness/internal/taskloop/taskloop.go:676.90,677.77 1 1
github.com/JailtonJunior94/ai-spec-harness/internal/taskloop/taskloop.go:677.77,679.7 1 1
github.com/JailtonJunior94/ai-spec-harness/internal/taskloop/taskloop.go:681.5,681.10 1 1
github.com/JailtonJunior94/ai-spec-harness/internal/taskloop/taskloop.go:689.3,689.78 1 1
github.com/JailtonJunior94/ai-spec-harness/internal/taskloop/taskloop.go:689.78,691.24 2 1
github.com/JailtonJunior94/ai-spec-harness/internal/taskloop/taskloop.go:691.24,693.5 1 0
github.com/JailtonJunior94/ai-spec-harness/internal/taskloop/taskloop.go:695.4,699.33 4 1
github.com/JailtonJunior94/ai-spec-harness/internal/taskloop/taskloop.go:699.33,700.120 1 0
github.com/JailtonJunior94/ai-spec-harness/internal/taskloop/taskloop.go:700.120,702.6 1 0
github.com/JailtonJunior94/ai-spec-harness/internal/taskloop/taskloop.go:703.5,703.39 1 0
github.com/JailtonJunior94/ai-spec-harness/internal/taskloop/taskloop.go:703.39,705.6 1 0
github.com/JailtonJunior94/ai-spec-harness/internal/taskloop/taskloop.go:706.5,711.90 5 0
github.com/JailtonJunior94/ai-spec-harness/internal/taskloop/taskloop.go:711.90,712.77 1 0
github.com/JailtonJunior94/ai-spec-harness/internal/taskloop/taskloop.go:712.77,714.7 1 0
github.com/JailtonJunior94/ai-spec-harness/internal/taskloop/taskloop.go:716.5,716.10 1 0
github.com/JailtonJunior94/ai-spec-harness/internal/taskloop/taskloop.go:720.3,723.60 2 1
github.com/JailtonJunior94/ai-spec-harness/internal/taskloop/taskloop.go:726.2,726.90 1 1
github.com/JailtonJunior94/ai-spec-harness/internal/taskloop/taskloop.go:726.90,729.88 2 1
github.com/JailtonJunior94/ai-spec-harness/internal/taskloop/taskloop.go:729.88,730.70 1 1
github.com/JailtonJunior94/ai-spec-harness/internal/taskloop/taskloop.go:730.70,732.5 1 1
github.com/JailtonJunior94/ai-spec-harness/internal/taskloop/taskloop.go:736.2,740.73 3 1
github.com/JailtonJunior94/ai-spec-harness/internal/taskloop/taskloop.go:740.73,742.3 1 0
github.com/JailtonJunior94/ai-spec-harness/internal/taskloop/taskloop.go:744.2,747.12 3 1
github.com/JailtonJunior94/ai-spec-harness/internal/taskloop/taskloop.go:754.137,759.16 2 1
github.com/JailtonJunior94/ai-spec-harness/internal/taskloop/taskloop.go:759.16,763.3 1 0
github.com/JailtonJunior94/ai-spec-harness/internal/taskloop/taskloop.go:765.2,779.22 3 1
github.com/JailtonJunior94/ai-spec-harness/internal/taskloop/taskloop.go:779.22,783.3 1 0
github.com/JailtonJunior94/ai-spec-harness/internal/taskloop/taskloop.go:785.2,801.17 7 1
github.com/JailtonJunior94/ai-spec-harness/internal/taskloop/taskloop.go:801.17,803.3 1 0
github.com/JailtonJunior94/ai-spec-harness/internal/taskloop/taskloop.go:803.8,803.27 1 1
github.com/JailtonJunior94/ai-spec-harness/internal/taskloop/taskloop.go:803.27,805.3 1 1
github.com/JailtonJunior94/ai-spec-harness/internal/taskloop/taskloop.go:807.2,807.21 1 1
github.com/JailtonJunior94/ai-spec-harness/internal/taskloop/taskloop.go:813.119,815.26 2 1
github.com/JailtonJunior94/ai-spec-harness/internal/taskloop/taskloop.go:815.26,817.3 1 1
github.com/JailtonJunior94/ai-spec-harness/internal/taskloop/taskloop.go:819.2,820.16 2 1
github.com/JailtonJunior94/ai-spec-harness/internal/taskloop/taskloop.go:820.16,824.3 1 0
github.com/JailtonJunior94/ai-spec-harness/internal/taskloop/taskloop.go:826.2,834.22 2 1
github.com/JailtonJunior94/ai-spec-harness/internal/taskloop/taskloop.go:834.22,838.3 1 0
github.com/JailtonJunior94/ai-spec-harness/internal/taskloop/taskloop.go:840.2,841.26 2 1
github.com/JailtonJunior94/ai-spec-harness/internal/taskloop/taskloop.go:841.26,843.3 1 1
github.com/JailtonJunior94/ai-spec-harness/internal/taskloop/taskloop.go:845.2,858.17 8 1
github.com/JailtonJunior94/ai-spec-harness/internal/taskloop/taskloop.go:858.17,860.3 1 1
github.com/JailtonJunior94/ai-spec-harness/internal/taskloop/taskloop.go:860.8,860.27 1 1
github.com/JailtonJunior94/ai-spec-harness/internal/taskloop/taskloop.go:860.27,862.3 1 1
github.com/JailtonJunior94/ai-spec-harness/internal/taskloop/taskloop.go:864.2,864.21 1 1
github.com/JailtonJunior94/ai-spec-harness/internal/taskloop/taskloop.go:891.20,894.22 2 1
github.com/JailtonJunior94/ai-spec-harness/internal/taskloop/taskloop.go:894.22,897.3 2 1
github.com/JailtonJunior94/ai-spec-harness/internal/taskloop/taskloop.go:897.8,897.26 1 1
github.com/JailtonJunior94/ai-spec-harness/internal/taskloop/taskloop.go:897.26,899.41 2 1
github.com/JailtonJunior94/ai-spec-harness/internal/taskloop/taskloop.go:899.41,901.4 1 1
github.com/JailtonJunior94/ai-spec-harness/internal/taskloop/taskloop.go:902.3,902.68 1 1
github.com/JailtonJunior94/ai-spec-harness/internal/taskloop/taskloop.go:906.2,906.46 1 1
github.com/JailtonJunior94/ai-spec-harness/internal/taskloop/taskloop.go:906.46,908.3 1 1
github.com/JailtonJunior94/ai-spec-harness/internal/taskloop/taskloop.go:911.2,911.29 1 1
github.com/JailtonJunior94/ai-spec-harness/internal/taskloop/taskloop.go:911.29,914.3 2 1
github.com/JailtonJunior94/ai-spec-harness/internal/taskloop/taskloop.go:917.2,917.86 1 1
github.com/JailtonJunior94/ai-spec-harness/internal/taskloop/taskloop.go:917.86,919.3 1 1
github.com/JailtonJunior94/ai-spec-harness/internal/taskloop/taskloop.go:921.2,921.16 1 1
github.com/JailtonJunior94/ai-spec-harness/internal/taskloop/taskloop.go:939.58,940.43 1 1
github.com/JailtonJunior94/ai-spec-harness/internal/taskloop/taskloop.go:940.43,942.3 1 1
github.com/JailtonJunior94/ai-spec-harness/internal/taskloop/taskloop.go:943.2,943.36 1 1
github.com/JailtonJunior94/ai-spec-harness/internal/taskloop/taskloop.go:948.88,950.16 2 1
github.com/JailtonJunior94/ai-spec-harness/internal/taskloop/taskloop.go:950.16,952.3 1 0
github.com/JailtonJunior94/ai-spec-harness/internal/taskloop/taskloop.go:953.2,953.6 1 1
github.com/JailtonJunior94/ai-spec-harness/internal/taskloop/taskloop.go:953.6,954.66 1 1
github.com/JailtonJunior94/ai-spec-harness/internal/taskloop/taskloop.go:954.66,956.31 2 1
github.com/JailtonJunior94/ai-spec-harness/internal/taskloop/taskloop.go:956.31,958.5 1 1
github.com/JailtonJunior94/ai-spec-harness/internal/taskloop/taskloop.go:960.3,961.20 2 1
github.com/JailtonJunior94/ai-spec-harness/internal/taskloop/taskloop.go:961.20,963.4 1 1
github.com/JailtonJunior94/ai-spec-harness/internal/taskloop/taskloop.go:964.3,964.15 1 1
github.com/JailtonJunior94/ai-spec-harness/internal/taskloop/taskloop.go:968.57,969.22 1 1
github.com/JailtonJunior94/ai-spec-harness/internal/taskloop/taskloop.go:969.22,971.3 1 1
github.com/JailtonJunior94/ai-spec-harness/internal/taskloop/taskloop.go:972.2,972.27 1 0
github.com/JailtonJunior94/ai-spec-harness/internal/taskloop/taskloop.go:975.64,976.20 1 1
github.com/JailtonJunior94/ai-spec-harness/internal/taskloop/taskloop.go:976.20,978.3 1 1
github.com/JailtonJunior94/ai-spec-harness/internal/taskloop/taskloop.go:979.2,979.35 1 1
