github.com/JailtonJunior94/ai-spec-harness/cmd/ai_spec_harness/changelog.go:12:				newChangelogCmd				42.3%
github.com/JailtonJunior94/ai-spec-harness/cmd/ai_spec_harness/check_traceability.go:11:		newCheckTraceabilityCmd			93.1%
github.com/JailtonJunior94/ai-spec-harness/cmd/ai_spec_harness/doctor.go:12:				newDoctorCmd				12.5%
github.com/JailtonJunior94/ai-spec-harness/cmd/ai_spec_harness/exit_error.go:17:			newExitError				100.0%
github.com/JailtonJunior94/ai-spec-harness/cmd/ai_spec_harness/exit_error.go:22:			Error					100.0%
github.com/JailtonJunior94/ai-spec-harness/cmd/ai_spec_harness/exit_error.go:27:			ExitCode				100.0%
github.com/JailtonJunior94/ai-spec-harness/cmd/ai_spec_harness/exit_error.go:37:			NewExitResolver				100.0%
github.com/JailtonJunior94/ai-spec-harness/cmd/ai_spec_harness/exit_error.go:43:			CodeFor					100.0%
github.com/JailtonJunior94/ai-spec-harness/cmd/ai_spec_harness/flags.go:15:				newFlagHelper				100.0%
github.com/JailtonJunior94/ai-spec-harness/cmd/ai_spec_harness/flags.go:22:				requireFlag				100.0%
github.com/JailtonJunior94/ai-spec-harness/cmd/ai_spec_harness/flags.go:33:				parseToolsFlag				75.0%
github.com/JailtonJunior94/ai-spec-harness/cmd/ai_spec_harness/flags.go:56:				parseFocusPaths				100.0%
github.com/JailtonJunior94/ai-spec-harness/cmd/ai_spec_harness/flags.go:73:				parseLangsFlag				16.7%
github.com/JailtonJunior94/ai-spec-harness/cmd/ai_spec_harness/hash.go:14:				newHashCmd				37.5%
github.com/JailtonJunior94/ai-spec-harness/cmd/ai_spec_harness/hash.go:38:				hashFile				75.0%
github.com/JailtonJunior94/ai-spec-harness/cmd/ai_spec_harness/hookaudit_append.go:12:			newHookAuditCmd				100.0%
github.com/JailtonJunior94/ai-spec-harness/cmd/ai_spec_harness/hookaudit_append.go:18:			newHookAuditAppendCmd			52.2%
github.com/JailtonJunior94/ai-spec-harness/cmd/ai_spec_harness/hooks_git_scope.go:11:			newGitScopeCmd				26.7%
github.com/JailtonJunior94/ai-spec-harness/cmd/ai_spec_harness/hooks_inventory.go:12:			newHooksCmd				100.0%
github.com/JailtonJunior94/ai-spec-harness/cmd/ai_spec_harness/hooks_inventory.go:20:			newInventoryCmd				33.3%
github.com/JailtonJunior94/ai-spec-harness/cmd/ai_spec_harness/inspect.go:13:				newInspectCmd				19.0%
github.com/JailtonJunior94/ai-spec-harness/cmd/ai_spec_harness/install.go:21:				newInstallCmd				100.0%
github.com/JailtonJunior94/ai-spec-harness/cmd/ai_spec_harness/install.go:58:				run					80.8%
github.com/JailtonJunior94/ai-spec-harness/cmd/ai_spec_harness/lint.go:14:				newLintCmd				18.8%
github.com/JailtonJunior94/ai-spec-harness/cmd/ai_spec_harness/memory.go:20:				newMemoryCmd				100.0%
github.com/JailtonJunior94/ai-spec-harness/cmd/ai_spec_harness/memory.go:43:				leaseLocker				66.7%
github.com/JailtonJunior94/ai-spec-harness/cmd/ai_spec_harness/memory.go:50:				memoryLayerFlags			100.0%
github.com/JailtonJunior94/ai-spec-harness/cmd/ai_spec_harness/memory.go:56:				newMemoryShowCmd			60.0%
github.com/JailtonJunior94/ai-spec-harness/cmd/ai_spec_harness/memory.go:74:				runShow					87.0%
github.com/JailtonJunior94/ai-spec-harness/cmd/ai_spec_harness/memory.go:115:				newMemorySearchCmd			69.2%
github.com/JailtonJunior94/ai-spec-harness/cmd/ai_spec_harness/memory.go:136:				runSearch				87.5%
github.com/JailtonJunior94/ai-spec-harness/cmd/ai_spec_harness/memory.go:177:				newMemoryExportCmd			58.3%
github.com/JailtonJunior94/ai-spec-harness/cmd/ai_spec_harness/memory.go:197:				runExport				84.4%
github.com/JailtonJunior94/ai-spec-harness/cmd/ai_spec_harness/memory.go:244:				newMemoryCompactCmd			66.7%
github.com/JailtonJunior94/ai-spec-harness/cmd/ai_spec_harness/memory.go:266:				runCompact				52.0%
github.com/JailtonJunior94/ai-spec-harness/cmd/ai_spec_harness/memory.go:312:				newMemoryMigrateCmd			70.0%
github.com/JailtonJunior94/ai-spec-harness/cmd/ai_spec_harness/memory.go:334:				runMigrate				74.5%
github.com/JailtonJunior94/ai-spec-harness/cmd/ai_spec_harness/memory.go:410:				newMemoryHandoffCmd			100.0%
github.com/JailtonJunior94/ai-spec-harness/cmd/ai_spec_harness/memory.go:422:				newMemoryHandoffStatusCmd		70.0%
github.com/JailtonJunior94/ai-spec-harness/cmd/ai_spec_harness/memory.go:440:				runHandoffStatus			93.3%
github.com/JailtonJunior94/ai-spec-harness/cmd/ai_spec_harness/memory.go:458:				newMemoryHandoffClaimCmd		78.6%
github.com/JailtonJunior94/ai-spec-harness/cmd/ai_spec_harness/memory.go:479:				runHandoffClaim				100.0%
github.com/JailtonJunior94/ai-spec-harness/cmd/ai_spec_harness/memory.go:502:				newMemoryHandoffReleaseCmd		72.7%
github.com/JailtonJunior94/ai-spec-harness/cmd/ai_spec_harness/memory.go:521:				runHandoffRelease			83.3%
github.com/JailtonJunior94/ai-spec-harness/cmd/ai_spec_harness/memory.go:544:				handoffScope				100.0%
github.com/JailtonJunior94/ai-spec-harness/cmd/ai_spec_harness/memory.go:548:				resolveOwner				66.7%
github.com/JailtonJunior94/ai-spec-harness/cmd/ai_spec_harness/memory.go:555:				buildScopes				100.0%
github.com/JailtonJunior94/ai-spec-harness/cmd/ai_spec_harness/memory.go:569:				isUnresolvedScope			100.0%
github.com/JailtonJunior94/ai-spec-harness/cmd/ai_spec_harness/memory.go:576:				sortedFacts				100.0%
github.com/JailtonJunior94/ai-spec-harness/cmd/ai_spec_harness/metrics.go:10:				newMetricsCmd				38.7%
github.com/JailtonJunior94/ai-spec-harness/cmd/ai_spec_harness/prerequisites.go:12:			newPrerequisitesCmd			6.7%
github.com/JailtonJunior94/ai-spec-harness/cmd/ai_spec_harness/root.go:12:				newRootCmd				97.9%
github.com/JailtonJunior94/ai-spec-harness/cmd/ai_spec_harness/root.go:81:				newCommandEnv				100.0%
github.com/JailtonJunior94/ai-spec-harness/cmd/ai_spec_harness/root.go:85:				verbose					100.0%
github.com/JailtonJunior94/ai-spec-harness/cmd/ai_spec_harness/root.go:90:				Execute					0.0%
github.com/JailtonJunior94/ai-spec-harness/cmd/ai_spec_harness/scaffold.go:10:				newScaffoldCmd				60.0%
github.com/JailtonJunior94/ai-spec-harness/cmd/ai_spec_harness/sdd.go:15:				newApproveCmd				11.1%
github.com/JailtonJunior94/ai-spec-harness/cmd/ai_spec_harness/sdd.go:31:				newInvalidateCmd			30.0%
github.com/JailtonJunior94/ai-spec-harness/cmd/ai_spec_harness/sdd.go:47:				newOrchestrateCmd			10.3%
github.com/JailtonJunior94/ai-spec-harness/cmd/ai_spec_harness/sdd.go:88:				newValidateSDDCmd			16.7%
github.com/JailtonJunior94/ai-spec-harness/cmd/ai_spec_harness/sdd.go:99:				newMigrateSDDCmd			31.6%
github.com/JailtonJunior94/ai-spec-harness/cmd/ai_spec_harness/sdd.go:125:				newRollbackSDDCmd			38.5%
github.com/JailtonJunior94/ai-spec-harness/cmd/ai_spec_harness/sdd.go:144:				newRuntimeCapabilitiesCmd		14.3%
github.com/JailtonJunior94/ai-spec-harness/cmd/ai_spec_harness/sdd_result.go:13:			newValidateResultCmd			14.3%
github.com/JailtonJunior94/ai-spec-harness/cmd/ai_spec_harness/seal_evidence.go:16:			newSealEvidenceCmd			12.8%
github.com/JailtonJunior94/ai-spec-harness/cmd/ai_spec_harness/semver_next.go:12:			newSemverNextCmd			23.1%
github.com/JailtonJunior94/ai-spec-harness/cmd/ai_spec_harness/skill_bump.go:15:			newSkillBumpCmd				100.0%
github.com/JailtonJunior94/ai-spec-harness/cmd/ai_spec_harness/skill_bump.go:36:			run					0.0%
github.com/JailtonJunior94/ai-spec-harness/cmd/ai_spec_harness/skills.go:15:				newSkillsCmd				53.8%
github.com/JailtonJunior94/ai-spec-harness/cmd/ai_spec_harness/skills.go:43:				runSkillsVerify				0.0%
github.com/JailtonJunior94/ai-spec-harness/cmd/ai_spec_harness/skills.go:68:				newSkillsCheckCmd			18.2%
github.com/JailtonJunior94/ai-spec-harness/cmd/ai_spec_harness/skills.go:142:				statusIcon				0.0%
github.com/JailtonJunior94/ai-spec-harness/cmd/ai_spec_harness/spec_drift.go:13:			newCheckSpecDriftCmd			96.6%
github.com/JailtonJunior94/ai-spec-harness/cmd/ai_spec_harness/sync_spec_hash.go:11:			newSyncSpecHashCmd			15.4%
github.com/JailtonJunior94/ai-spec-harness/cmd/ai_spec_harness/task_loop.go:26:				newTaskLoopCmd				82.2%
github.com/JailtonJunior94/ai-spec-harness/cmd/ai_spec_harness/task_loop.go:264:			registerFlags				100.0%
github.com/JailtonJunior94/ai-spec-harness/cmd/ai_spec_harness/telemetry.go:13:				newTelemetryCmd				100.0%
github.com/JailtonJunior94/ai-spec-harness/cmd/ai_spec_harness/telemetry.go:25:				newTelemetryLogCmd			28.6%
github.com/JailtonJunior94/ai-spec-harness/cmd/ai_spec_harness/telemetry.go:42:				newTelemetrySummaryCmd			35.3%
github.com/JailtonJunior94/ai-spec-harness/cmd/ai_spec_harness/telemetry.go:70:				newTelemetryReportCmd			26.5%
github.com/JailtonJunior94/ai-spec-harness/cmd/ai_spec_harness/uninstall.go:10:				newUninstallCmd				60.0%
github.com/JailtonJunior94/ai-spec-harness/cmd/ai_spec_harness/update_version.go:14:			newUpdateVersionCmd			94.4%
github.com/JailtonJunior94/ai-spec-harness/cmd/ai_spec_harness/upgrade.go:20:				newUpgradeCmd				100.0%
github.com/JailtonJunior94/ai-spec-harness/cmd/ai_spec_harness/upgrade.go:51:				run					30.0%
github.com/JailtonJunior94/ai-spec-harness/cmd/ai_spec_harness/validate.go:15:				newValidateCmd				4.5%
github.com/JailtonJunior94/ai-spec-harness/cmd/ai_spec_harness/validate.go:111:				isValidSemver				0.0%
github.com/JailtonJunior94/ai-spec-harness/cmd/ai_spec_harness/validate_bugs.go:8:			newValidateBugsCmd			60.0%
github.com/JailtonJunior94/ai-spec-harness/cmd/ai_spec_harness/validate_evidence.go:11:			newValidateEvidenceCmd			88.6%
github.com/JailtonJunior94/ai-spec-harness/cmd/ai_spec_harness/verify.go:19:				newVerifyCmd				100.0%
github.com/JailtonJunior94/ai-spec-harness/cmd/ai_spec_harness/verify.go:52:				run					0.0%
github.com/JailtonJunior94/ai-spec-harness/cmd/ai_spec_harness/verify.go:200:				stateEmoji				0.0%
github.com/JailtonJunior94/ai-spec-harness/cmd/ai_spec_harness/version.go:18:				newVersionCmd				90.0%
github.com/JailtonJunior94/ai-spec-harness/cmd/ai_spec_harness/version.go:38:				run					83.8%
github.com/JailtonJunior94/ai-spec-harness/cmd/ai_spec_harness/version.go:92:				resolveInstalledDir			33.3%
github.com/JailtonJunior94/ai-spec-harness/cmd/ai_spec_harness/version.go:108:				listEmbeddedSkills			80.0%
github.com/JailtonJunior94/ai-spec-harness/cmd/ai_spec_harness/version.go:142:				listInstalledSkillsFromPath		75.0%
github.com/JailtonJunior94/ai-spec-harness/cmd/ai_spec_harness/version.go:179:				fprintSkills				100.0%
github.com/JailtonJunior94/ai-spec-harness/cmd/ai_spec_harness/wrapper.go:14:				newWrapperCmd				48.1%
github.com/JailtonJunior94/ai-spec-harness/internal/adapters/adapters.go:19:				NewGenerator				100.0%
github.com/JailtonJunior94/ai-spec-harness/internal/adapters/adapters.go:86:				GenerateClaude				90.0%
github.com/JailtonJunior94/ai-spec-harness/internal/adapters/adapters.go:134:				GenerateGitHub				90.0%
github.com/JailtonJunior94/ai-spec-harness/internal/adapters/adapters.go:182:				GenerateCodexAgents			91.2%
github.com/JailtonJunior94/ai-spec-harness/internal/adapters/adapters.go:235:				BuildCodexConfig			100.0%
github.com/JailtonJunior94/ai-spec-harness/internal/adapters/adapters.go:243:				truncateAtSentence			60.0%
github.com/JailtonJunior94/ai-spec-harness/internal/adapters/r1_receiver.go:6:				NewHelper				100.0%
github.com/JailtonJunior94/ai-spec-harness/internal/agents/agent.go:14:					String					100.0%
github.com/JailtonJunior94/ai-spec-harness/internal/agents/discovery.go:26:				discoverAgents				87.0%
github.com/JailtonJunior94/ai-spec-harness/internal/agents/discovery.go:100:				mergeWithShadowing			100.0%
github.com/JailtonJunior94/ai-spec-harness/internal/agents/precedence.go:29:				ApplyRuntimePrecedence			0.0%
github.com/JailtonJunior94/ai-spec-harness/internal/agents/precedence.go:38:				applyRuntimePrecedence			100.0%
github.com/JailtonJunior94/ai-spec-harness/internal/agents/prompt.go:18:				BuildAgentBlocks			100.0%
github.com/JailtonJunior94/ai-spec-harness/internal/agents/prompt.go:26:				buildMetadataBlock			100.0%
github.com/JailtonJunior94/ai-spec-harness/internal/agents/prompt.go:43:				buildRuntimeLine			83.3%
github.com/JailtonJunior94/ai-spec-harness/internal/agents/prompt.go:65:				buildCatalogBlock			100.0%
github.com/JailtonJunior94/ai-spec-harness/internal/agents/r1_catalog.go:6:				NewCatalog				100.0%
github.com/JailtonJunior94/ai-spec-harness/internal/agents/registry.go:40:				NewDefaultRegistry			100.0%
github.com/JailtonJunior94/ai-spec-harness/internal/agents/registry.go:50:				load					94.1%
github.com/JailtonJunior94/ai-spec-harness/internal/agents/registry.go:77:				Discover				100.0%
github.com/JailtonJunior94/ai-spec-harness/internal/agents/registry.go:88:				firstRemovedAgentError			100.0%
github.com/JailtonJunior94/ai-spec-harness/internal/agents/registry.go:98:				Resolve					100.0%
github.com/JailtonJunior94/ai-spec-harness/internal/agents/schema.go:58:				ValidateAgentFrontmatter		91.4%
github.com/JailtonJunior94/ai-spec-harness/internal/agents/schema.go:137:				extractPromptBody			92.3%
github.com/JailtonJunior94/ai-spec-harness/internal/agents/schema.go:157:				formatAgentSchemaError			25.0%
github.com/JailtonJunior94/ai-spec-harness/internal/approval/cycle.go:29:				NewCycle				58.3%
github.com/JailtonJunior94/ai-spec-harness/internal/approval/cycle.go:69:				Run					91.5%
github.com/JailtonJunior94/ai-spec-harness/internal/approval/cycle.go:137:				State					100.0%
github.com/JailtonJunior94/ai-spec-harness/internal/approval/cycle.go:141:				RoundCount				0.0%
github.com/JailtonJunior94/ai-spec-harness/internal/approval/cycle.go:145:				CurrentVerdict				0.0%
github.com/JailtonJunior94/ai-spec-harness/internal/approval/cycle.go:152:				Closed					0.0%
github.com/JailtonJunior94/ai-spec-harness/internal/approval/cycle.go:156:				Rounds					0.0%
github.com/JailtonJunior94/ai-spec-harness/internal/approval/cycle.go:160:				Events					0.0%
github.com/JailtonJunior94/ai-spec-harness/internal/approval/cycle.go:164:				roundTarget				72.7%
github.com/JailtonJunior94/ai-spec-harness/internal/approval/cycle.go:182:				reviewRound				82.6%
github.com/JailtonJunior94/ai-spec-harness/internal/approval/cycle.go:208:				downgradeOnBlockingFindings		100.0%
github.com/JailtonJunior94/ai-spec-harness/internal/approval/cycle.go:220:				fixRound				70.6%
github.com/JailtonJunior94/ai-spec-harness/internal/approval/cycle.go:244:				approve					85.7%
github.com/JailtonJunior94/ai-spec-harness/internal/approval/cycle.go:256:				closeBlocked				80.0%
github.com/JailtonJunior94/ai-spec-harness/internal/approval/cycle.go:265:				emit					100.0%
github.com/JailtonJunior94/ai-spec-harness/internal/approval/errors.go:39:				Error					100.0%
github.com/JailtonJunior94/ai-spec-harness/internal/approval/errors.go:43:				Error					100.0%
github.com/JailtonJunior94/ai-spec-harness/internal/approval/errors.go:47:				Is					100.0%
github.com/JailtonJunior94/ai-spec-harness/internal/approval/events.go:32:				EventName				100.0%
github.com/JailtonJunior94/ai-spec-harness/internal/approval/events.go:36:				EventName				100.0%
github.com/JailtonJunior94/ai-spec-harness/internal/approval/events.go:40:				EventName				100.0%
github.com/JailtonJunior94/ai-spec-harness/internal/approval/events.go:44:				EventName				100.0%
github.com/JailtonJunior94/ai-spec-harness/internal/approval/events.go:48:				EventName				100.0%
github.com/JailtonJunior94/ai-spec-harness/internal/approval/evidence.go:52:				NewCommandEvidence			100.0%
github.com/JailtonJunior94/ai-spec-harness/internal/approval/evidence.go:61:				NewFileLineEvidence			100.0%
github.com/JailtonJunior94/ai-spec-harness/internal/approval/evidence.go:72:				NewTestEvidence				100.0%
github.com/JailtonJunior94/ai-spec-harness/internal/approval/evidence.go:81:				NewAcceptanceCriterion			75.0%
github.com/JailtonJunior94/ai-spec-harness/internal/approval/evidence.go:89:				NewCriteriaMap				91.7%
github.com/JailtonJunior94/ai-spec-harness/internal/approval/evidence.go:108:				wellFormed				100.0%
github.com/JailtonJunior94/ai-spec-harness/internal/approval/evidence.go:113:				split					90.0%
github.com/JailtonJunior94/ai-spec-harness/internal/approval/evidence.go:129:				Form					100.0%
github.com/JailtonJunior94/ai-spec-harness/internal/approval/evidence.go:133:				Reference				100.0%
github.com/JailtonJunior94/ai-spec-harness/internal/approval/evidence.go:137:				Record					100.0%
github.com/JailtonJunior94/ai-spec-harness/internal/approval/evidence.go:141:				Valid					100.0%
github.com/JailtonJunior94/ai-spec-harness/internal/approval/evidence.go:145:				Description				100.0%
github.com/JailtonJunior94/ai-spec-harness/internal/approval/evidence.go:149:				Zero					100.0%
github.com/JailtonJunior94/ai-spec-harness/internal/approval/evidence.go:153:				WithEvidence				100.0%
github.com/JailtonJunior94/ai-spec-harness/internal/approval/evidence.go:163:				AsUnverifiable				100.0%
github.com/JailtonJunior94/ai-spec-harness/internal/approval/evidence.go:170:				FindingsList				100.0%
github.com/JailtonJunior94/ai-spec-harness/internal/approval/evidence.go:174:				withFindings				100.0%
github.com/JailtonJunior94/ai-spec-harness/internal/approval/evidence.go:178:				Complete				100.0%
github.com/JailtonJunior94/ai-spec-harness/internal/approval/evidence.go:182:				Bound					100.0%
github.com/JailtonJunior94/ai-spec-harness/internal/approval/evidence.go:192:				Total					100.0%
github.com/JailtonJunior94/ai-spec-harness/internal/approval/evidence.go:196:				Criteria				75.0%
github.com/JailtonJunior94/ai-spec-harness/internal/approval/evidence.go:206:				Unverifiable				75.0%
github.com/JailtonJunior94/ai-spec-harness/internal/approval/evidence.go:216:				Pending					75.0%
github.com/JailtonJunior94/ai-spec-harness/internal/approval/evidence.go:226:				update					100.0%
github.com/JailtonJunior94/ai-spec-harness/internal/approval/evidence.go:289:				normalizeMarker				100.0%
github.com/JailtonJunior94/ai-spec-harness/internal/approval/evidence.go:294:				statusFromMarker			100.0%
github.com/JailtonJunior94/ai-spec-harness/internal/approval/evidence.go:307:				ParseCriteriaMap			81.8%
github.com/JailtonJunior94/ai-spec-harness/internal/approval/evidence.go:354:				parseCriteriaEntries			58.1%
github.com/JailtonJunior94/ai-spec-harness/internal/approval/evidence.go:413:				splitCriterionEntry			75.0%
github.com/JailtonJunior94/ai-spec-harness/internal/approval/evidence.go:421:				bindCriterion				77.3%
github.com/JailtonJunior94/ai-spec-harness/internal/approval/evidence.go:456:				criterionFinding			100.0%
github.com/JailtonJunior94/ai-spec-harness/internal/approval/evidence.go:460:				evidenceFromText			100.0%
github.com/JailtonJunior94/ai-spec-harness/internal/approval/evidence.go:486:				substantiveRecord			90.0%
github.com/JailtonJunior94/ai-spec-harness/internal/approval/evidence.go:503:				referenceInDiff				92.3%
github.com/JailtonJunior94/ai-spec-harness/internal/approval/evidence.go:525:				indexDiffRanges				94.7%
github.com/JailtonJunior94/ai-spec-harness/internal/approval/evidence.go:552:				hunkRanges				100.0%
github.com/JailtonJunior94/ai-spec-harness/internal/approval/evidence.go:563:				rangeFrom				75.0%
github.com/JailtonJunior94/ai-spec-harness/internal/approval/evidence.go:582:				sameDiffFile				100.0%
github.com/JailtonJunior94/ai-spec-harness/internal/approval/finding.go:39:				splitFileLine				85.7%
github.com/JailtonJunior94/ai-spec-harness/internal/approval/finding.go:51:				NewFinding				91.7%
github.com/JailtonJunior94/ai-spec-harness/internal/approval/finding.go:76:				String					66.7%
github.com/JailtonJunior94/ai-spec-harness/internal/approval/finding.go:91:				BugLevel				100.0%
github.com/JailtonJunior94/ai-spec-harness/internal/approval/finding.go:104:				Blocks					100.0%
github.com/JailtonJunior94/ai-spec-harness/internal/approval/finding.go:108:				valid					100.0%
github.com/JailtonJunior94/ai-spec-harness/internal/approval/finding.go:112:				String					60.0%
github.com/JailtonJunior94/ai-spec-harness/internal/approval/finding.go:125:				Severity				100.0%
github.com/JailtonJunior94/ai-spec-harness/internal/approval/finding.go:129:				File					100.0%
github.com/JailtonJunior94/ai-spec-harness/internal/approval/finding.go:133:				Line					100.0%
github.com/JailtonJunior94/ai-spec-harness/internal/approval/finding.go:137:				Location				0.0%
github.com/JailtonJunior94/ai-spec-harness/internal/approval/finding.go:144:				Rule					100.0%
github.com/JailtonJunior94/ai-spec-harness/internal/approval/finding.go:148:				Description				100.0%
github.com/JailtonJunior94/ai-spec-harness/internal/approval/finding.go:152:				identityKey				100.0%
github.com/JailtonJunior94/ai-spec-harness/internal/approval/fingerprint.go:19:				NewFingerprintCalculator		100.0%
github.com/JailtonJunior94/ai-spec-harness/internal/approval/fingerprint.go:23:				Compute					100.0%
github.com/JailtonJunior94/ai-spec-harness/internal/approval/fingerprint.go:35:				Equal					100.0%
github.com/JailtonJunior94/ai-spec-harness/internal/approval/fingerprint.go:42:				Computed				0.0%
github.com/JailtonJunior94/ai-spec-harness/internal/approval/fingerprint.go:46:				String					0.0%
github.com/JailtonJunior94/ai-spec-harness/internal/approval/identities.go:16:				NewTaskIdentity				100.0%
github.com/JailtonJunior94/ai-spec-harness/internal/approval/identities.go:24:				NewAgentIdentity			100.0%
github.com/JailtonJunior94/ai-spec-harness/internal/approval/identities.go:32:				String					100.0%
github.com/JailtonJunior94/ai-spec-harness/internal/approval/identities.go:36:				Zero					100.0%
github.com/JailtonJunior94/ai-spec-harness/internal/approval/identities.go:40:				String					100.0%
github.com/JailtonJunior94/ai-spec-harness/internal/approval/identities.go:44:				Zero					100.0%
github.com/JailtonJunior94/ai-spec-harness/internal/approval/policy.go:23:				NewApprovalPolicy			100.0%
github.com/JailtonJunior94/ai-spec-harness/internal/approval/policy.go:34:				WithMaxRounds				100.0%
github.com/JailtonJunior94/ai-spec-harness/internal/approval/policy.go:40:				MaxRounds				100.0%
github.com/JailtonJunior94/ai-spec-harness/internal/approval/policy.go:44:				Decide					100.0%
github.com/JailtonJunior94/ai-spec-harness/internal/approval/ports.go:55:				NewReviewRequest			100.0%
github.com/JailtonJunior94/ai-spec-harness/internal/approval/ports.go:74:				NewFixRequest				71.4%
github.com/JailtonJunior94/ai-spec-harness/internal/approval/ports.go:93:				NewReviewerOutput			100.0%
github.com/JailtonJunior94/ai-spec-harness/internal/approval/ports.go:101:				NewCheckpoint				100.0%
github.com/JailtonJunior94/ai-spec-harness/internal/approval/ports.go:109:				NewReviewTarget				100.0%
github.com/JailtonJunior94/ai-spec-harness/internal/approval/ports.go:113:				Task					100.0%
github.com/JailtonJunior94/ai-spec-harness/internal/approval/ports.go:117:				Agent					100.0%
github.com/JailtonJunior94/ai-spec-harness/internal/approval/ports.go:121:				Round					100.0%
github.com/JailtonJunior94/ai-spec-harness/internal/approval/ports.go:125:				Target					100.0%
github.com/JailtonJunior94/ai-spec-harness/internal/approval/ports.go:129:				Criteria				100.0%
github.com/JailtonJunior94/ai-spec-harness/internal/approval/ports.go:133:				Task					100.0%
github.com/JailtonJunior94/ai-spec-harness/internal/approval/ports.go:137:				Agent					100.0%
github.com/JailtonJunior94/ai-spec-harness/internal/approval/ports.go:141:				Round					100.0%
github.com/JailtonJunior94/ai-spec-harness/internal/approval/ports.go:145:				Target					100.0%
github.com/JailtonJunior94/ai-spec-harness/internal/approval/ports.go:149:				Findings				100.0%
github.com/JailtonJunior94/ai-spec-harness/internal/approval/ports.go:153:				RawText					100.0%
github.com/JailtonJunior94/ai-spec-harness/internal/approval/ports.go:157:				Findings				100.0%
github.com/JailtonJunior94/ai-spec-harness/internal/approval/ports.go:161:				FindingsList				100.0%
github.com/JailtonJunior94/ai-spec-harness/internal/approval/ports.go:165:				CriteriaMap				100.0%
github.com/JailtonJunior94/ai-spec-harness/internal/approval/ports.go:169:				String					100.0%
github.com/JailtonJunior94/ai-spec-harness/internal/approval/ports.go:173:				Zero					100.0%
github.com/JailtonJunior94/ai-spec-harness/internal/approval/ports.go:177:				String					100.0%
github.com/JailtonJunior94/ai-spec-harness/internal/approval/ports.go:181:				Empty					100.0%
github.com/JailtonJunior94/ai-spec-harness/internal/approval/proof.go:15:				NewApprovalProof			100.0%
github.com/JailtonJunior94/ai-spec-harness/internal/approval/proof.go:25:				Remarks					100.0%
github.com/JailtonJunior94/ai-spec-harness/internal/approval/proof.go:29:				Verdict					100.0%
github.com/JailtonJunior94/ai-spec-harness/internal/approval/proof.go:33:				CriteriaMap				0.0%
github.com/JailtonJunior94/ai-spec-harness/internal/approval/proof.go:37:				Valid					100.0%
github.com/JailtonJunior94/ai-spec-harness/internal/approval/result.go:16:				NewApprovedResult			100.0%
github.com/JailtonJunior94/ai-spec-harness/internal/approval/result.go:28:				NewClosedResult				100.0%
github.com/JailtonJunior94/ai-spec-harness/internal/approval/result.go:42:				Approved				100.0%
github.com/JailtonJunior94/ai-spec-harness/internal/approval/result.go:46:				Reason					100.0%
github.com/JailtonJunior94/ai-spec-harness/internal/approval/result.go:50:				Proof					100.0%
github.com/JailtonJunior94/ai-spec-harness/internal/approval/result.go:54:				RoundCount				100.0%
github.com/JailtonJunior94/ai-spec-harness/internal/approval/result.go:58:				Rounds					100.0%
github.com/JailtonJunior94/ai-spec-harness/internal/approval/review_findings.go:70:			finding					92.9%
github.com/JailtonJunior94/ai-spec-harness/internal/approval/review_findings.go:92:			ParseReviewFindings			100.0%
github.com/JailtonJunior94/ai-spec-harness/internal/approval/review_findings.go:143:			bracketSeverity				100.0%
github.com/JailtonJunior94/ai-spec-harness/internal/approval/review_findings.go:154:			bracketFinding				85.7%
github.com/JailtonJunior94/ai-spec-harness/internal/approval/review_findings.go:166:			fieldSeverity				100.0%
github.com/JailtonJunior94/ai-spec-harness/internal/approval/round.go:17:				NewRound				100.0%
github.com/JailtonJunior94/ai-spec-harness/internal/approval/round.go:24:				Complete				100.0%
github.com/JailtonJunior94/ai-spec-harness/internal/approval/round.go:40:				Number					100.0%
github.com/JailtonJunior94/ai-spec-harness/internal/approval/round.go:44:				Verdict					100.0%
github.com/JailtonJunior94/ai-spec-harness/internal/approval/round.go:48:				Fingerprint				100.0%
github.com/JailtonJunior94/ai-spec-harness/internal/approval/round.go:52:				Concluded				100.0%
github.com/JailtonJunior94/ai-spec-harness/internal/approval/round.go:56:				Findings				100.0%
github.com/JailtonJunior94/ai-spec-harness/internal/approval/round.go:60:				CountBySeverity				100.0%
github.com/JailtonJunior94/ai-spec-harness/internal/approval/state.go:26:				NewState				100.0%
github.com/JailtonJunior94/ai-spec-harness/internal/approval/state.go:33:				String					83.3%
github.com/JailtonJunior94/ai-spec-harness/internal/approval/state.go:48:				Terminal				100.0%
github.com/JailtonJunior94/ai-spec-harness/internal/approval/state.go:53:				currentState				100.0%
github.com/JailtonJunior94/ai-spec-harness/internal/approval/state.go:57:				transition				83.3%
github.com/JailtonJunior94/ai-spec-harness/internal/approval/stop_reason.go:16:				NewStopReason				100.0%
github.com/JailtonJunior94/ai-spec-harness/internal/approval/stop_reason.go:23:				String					100.0%
github.com/JailtonJunior94/ai-spec-harness/internal/approval/stop_reason.go:40:				valid					100.0%
github.com/JailtonJunior94/ai-spec-harness/internal/approval/translator.go:11:				NewTranslator				100.0%
github.com/JailtonJunior94/ai-spec-harness/internal/approval/translator.go:15:				Translate				100.0%
github.com/JailtonJunior94/ai-spec-harness/internal/approval/translator.go:29:				declarations				100.0%
github.com/JailtonJunior94/ai-spec-harness/internal/approval/translator.go:48:				consume					100.0%
github.com/JailtonJunior94/ai-spec-harness/internal/approval/translator.go:65:				fenceDelimiter				86.7%
github.com/JailtonJunior94/ai-spec-harness/internal/approval/translator.go:88:				fromLine				100.0%
github.com/JailtonJunior94/ai-spec-harness/internal/approval/translator.go:96:				fromToken				100.0%
github.com/JailtonJunior94/ai-spec-harness/internal/approval/verdict.go:15:				NewVerdict				100.0%
github.com/JailtonJunior94/ai-spec-harness/internal/approval/verdict.go:22:				Approves				100.0%
github.com/JailtonJunior94/ai-spec-harness/internal/approval/verdict.go:26:				Closes					100.0%
github.com/JailtonJunior94/ai-spec-harness/internal/approval/verdict.go:41:				String					100.0%
github.com/JailtonJunior94/ai-spec-harness/internal/approval/verdict.go:56:				valid					100.0%
github.com/JailtonJunior94/ai-spec-harness/internal/batchreport/report.go:28:				Build					100.0%
github.com/JailtonJunior94/ai-spec-harness/internal/batchreport/report.go:53:				CountsByOutcome				100.0%
github.com/JailtonJunior94/ai-spec-harness/internal/batchreport/report.go:61:				PathsByOutcome				100.0%
github.com/JailtonJunior94/ai-spec-harness/internal/batchreport/report.go:72:				Print					100.0%
github.com/JailtonJunior94/ai-spec-harness/internal/batchreport/report.go:83:				ConflictError				100.0%
github.com/JailtonJunior94/ai-spec-harness/internal/bugschema/validator.go:16:				NewValidator				100.0%
github.com/JailtonJunior94/ai-spec-harness/internal/bugschema/validator.go:24:				Validate				90.5%
github.com/JailtonJunior94/ai-spec-harness/internal/bugschema/validator.go:62:				formatValidationError			33.3%
github.com/JailtonJunior94/ai-spec-harness/internal/bugschema/validator.go:77:				asValidationError			75.0%
github.com/JailtonJunior94/ai-spec-harness/internal/capability/capability.go:40:			Generate				88.0%
github.com/JailtonJunior94/ai-spec-harness/internal/capability/capability.go:70:			resolveProviders			100.0%
github.com/JailtonJunior94/ai-spec-harness/internal/capability/capability.go:77:			buildCell				83.3%
github.com/JailtonJunior94/ai-spec-harness/internal/capability/capability.go:106:			sortCells				100.0%
github.com/JailtonJunior94/ai-spec-harness/internal/capability/capability.go:115:			providerOrder				75.0%
github.com/JailtonJunior94/ai-spec-harness/internal/capability/capability.go:124:			RenderBoth				75.0%
github.com/JailtonJunior94/ai-spec-harness/internal/capability/capability.go:132:			RenderJSON				75.0%
github.com/JailtonJunior94/ai-spec-harness/internal/capability/capability.go:140:			RenderMarkdown				100.0%
github.com/JailtonJunior94/ai-spec-harness/internal/capability/capability.go:160:			escapeMarkdownCell			100.0%
github.com/JailtonJunior94/ai-spec-harness/internal/capability/evidence.go:20:				EvidenceCells				100.0%
github.com/JailtonJunior94/ai-spec-harness/internal/capability/evidence.go:32:				ParityTestMethodExists			78.6%
github.com/JailtonJunior94/ai-spec-harness/internal/capability/evidence.go:55:				exprString				75.0%
github.com/JailtonJunior94/ai-spec-harness/internal/capability/evidence.go:76:				parseParityTestEvidence			83.3%
github.com/JailtonJunior94/ai-spec-harness/internal/capability/evidence.go:120:				runPatternFor				100.0%
github.com/JailtonJunior94/ai-spec-harness/internal/capability/evidence.go:128:				executionProof				100.0%
github.com/JailtonJunior94/ai-spec-harness/internal/capability/evidence.go:140:				dispatchProvenFromTests			100.0%
github.com/JailtonJunior94/ai-spec-harness/internal/capability/evidence.go:152:				repoRootFromWorkingDir			80.0%
github.com/JailtonJunior94/ai-spec-harness/internal/capability/evidence.go:169:				DispatchProvenFromParityTests		60.0%
github.com/JailtonJunior94/ai-spec-harness/internal/changelog/changelog.go:15:				NewGenerator				100.0%
github.com/JailtonJunior94/ai-spec-harness/internal/changelog/changelog.go:44:				GroupByType				100.0%
github.com/JailtonJunior94/ai-spec-harness/internal/changelog/changelog.go:75:				shortHash				66.7%
github.com/JailtonJunior94/ai-spec-harness/internal/changelog/changelog.go:83:				RenderSection				97.0%
github.com/JailtonJunior94/ai-spec-harness/internal/changelog/changelog.go:128:				renderLine				100.0%
github.com/JailtonJunior94/ai-spec-harness/internal/changelog/changelog.go:139:				UpdateChangelog				91.7%
github.com/JailtonJunior94/ai-spec-harness/internal/changelog/changelog.go:161:				GenerateChangelog			0.0%
github.com/JailtonJunior94/ai-spec-harness/internal/config/config.go:17:				SourceDir				100.0%
github.com/JailtonJunior94/ai-spec-harness/internal/config/resolver.go:33:				NewDefaultResolver			100.0%
github.com/JailtonJunior94/ai-spec-harness/internal/config/resolver.go:45:				Resolve					95.8%
github.com/JailtonJunior94/ai-spec-harness/internal/config/resolver.go:80:				loadFile				80.0%
github.com/JailtonJunior94/ai-spec-harness/internal/config/resolver.go:96:				findProjectConfig			90.9%
github.com/JailtonJunior94/ai-spec-harness/internal/config/resolver.go:135:				mergeInto				96.6%
github.com/JailtonJunior94/ai-spec-harness/internal/config/runtime.go:28:				UnmarshalYAML				90.5%
github.com/JailtonJunior94/ai-spec-harness/internal/config/runtime.go:56:				NewRuntimeProvider			100.0%
github.com/JailtonJunior94/ai-spec-harness/internal/config/runtime.go:60:				DefaultRuntime				100.0%
github.com/JailtonJunior94/ai-spec-harness/internal/config/runtime.go:70:				LoadRuntime				100.0%
github.com/JailtonJunior94/ai-spec-harness/internal/config/runtime.go:76:				EnvVars					100.0%
github.com/JailtonJunior94/ai-spec-harness/internal/conformance/manifest.go:20:				Manifest				100.0%
github.com/JailtonJunior94/ai-spec-harness/internal/contextgen/claude_merge.go:16:			MergeUserContentMarkdown		83.3%
github.com/JailtonJunior94/ai-spec-harness/internal/contextgen/claude_merge.go:27:			ExtractUserContentBlock			0.0%
github.com/JailtonJunior94/ai-spec-harness/internal/contextgen/claude_merge.go:40:			mergeGeneratedMarkdown			100.0%
github.com/JailtonJunior94/ai-spec-harness/internal/contextgen/claude_merge.go:48:			extractUserContent			100.0%
github.com/JailtonJunior94/ai-spec-harness/internal/contextgen/claude_merge.go:64:			writeMergedMarkdown			80.0%
github.com/JailtonJunior94/ai-spec-harness/internal/contextgen/claude_merge.go:81:			stripGeneratedPrefix			83.3%
github.com/JailtonJunior94/ai-spec-harness/internal/contextgen/claude_merge.go:101:			recordMerge				100.0%
github.com/JailtonJunior94/ai-spec-harness/internal/contextgen/codex_merge.go:11:			MergeCodexInstallConfig			100.0%
github.com/JailtonJunior94/ai-spec-harness/internal/contextgen/codex_merge.go:21:			StripCodexGeneratedRegion		87.5%
github.com/JailtonJunior94/ai-spec-harness/internal/contextgen/codex_merge.go:34:			HasCodexGeneratedContent		100.0%
github.com/JailtonJunior94/ai-spec-harness/internal/contextgen/codex_merge.go:38:			splitCodexPreserved			100.0%
github.com/JailtonJunior94/ai-spec-harness/internal/contextgen/codex_merge.go:55:			ensureTrailingNewline			66.7%
github.com/JailtonJunior94/ai-spec-harness/internal/contextgen/codex_merge.go:87:			StripLegacyCodexGenerated		91.7%
github.com/JailtonJunior94/ai-spec-harness/internal/contextgen/codex_merge.go:106:			isCodexLegacyGeneratedLine		100.0%
github.com/JailtonJunior94/ai-spec-harness/internal/contextgen/codex_merge.go:124:			dropCodexRootKeysDeclaredBy		100.0%
github.com/JailtonJunior94/ai-spec-harness/internal/contextgen/codex_merge.go:145:			declaresCodexRootKey			100.0%
github.com/JailtonJunior94/ai-spec-harness/internal/contextgen/codex_merge.go:155:			codexRootKeyOf				100.0%
github.com/JailtonJunior94/ai-spec-harness/internal/contextgen/contextgen.go:23:			NewGenerator				100.0%
github.com/JailtonJunior94/ai-spec-harness/internal/contextgen/contextgen.go:30:			Generate				94.2%
github.com/JailtonJunior94/ai-spec-harness/internal/contextgen/contextgen.go:169:			buildDirectoryTree			100.0%
github.com/JailtonJunior94/ai-spec-harness/internal/contextgen/contextgen.go:197:			walkTree				85.7%
github.com/JailtonJunior94/ai-spec-harness/internal/contextgen/contextgen.go:232:			buildDependencyFlow			100.0%
github.com/JailtonJunior94/ai-spec-harness/internal/contextgen/contextgen.go:276:			buildLanguageRules			94.4%
github.com/JailtonJunior94/ai-spec-harness/internal/contextgen/contextgen.go:314:			hasDotNet				75.0%
github.com/JailtonJunior94/ai-spec-harness/internal/contextgen/contextgen.go:345:			buildValidationCommands			100.0%
github.com/JailtonJunior94/ai-spec-harness/internal/contextgen/contextgen.go:374:			buildStackSection			88.9%
github.com/JailtonJunior94/ai-spec-harness/internal/contextgen/contextgen.go:407:			buildCodexConfig			76.5%
github.com/JailtonJunior94/ai-spec-harness/internal/contextgen/contextgen.go:496:			buildToolNotes				100.0%
github.com/JailtonJunior94/ai-spec-harness/internal/contextgen/contextgen.go:514:			buildEnforcementMatrix			96.7%
github.com/JailtonJunior94/ai-spec-harness/internal/contextgen/contextgen.go:557:			renderAgentsTemplate			100.0%
github.com/JailtonJunior94/ai-spec-harness/internal/contextgen/contextgen.go:688:			renderAIToolTemplate			100.0%
github.com/JailtonJunior94/ai-spec-harness/internal/contextgen/contextgen.go:727:			stripCompactSections			100.0%
github.com/JailtonJunior94/ai-spec-harness/internal/contextgen/contextgen.go:735:			stripSection				66.7%
github.com/JailtonJunior94/ai-spec-harness/internal/contextgen/loader.go:55:				NewLoader				100.0%
github.com/JailtonJunior94/ai-spec-harness/internal/contextgen/loader.go:61:				LoadReference				88.9%
github.com/JailtonJunior94/ai-spec-harness/internal/contextgen/loader.go:76:				LoadSkillReferences			78.3%
github.com/JailtonJunior94/ai-spec-harness/internal/contextgen/loader.go:118:				extractTLDR				100.0%
github.com/JailtonJunior94/ai-spec-harness/internal/detect/agent.go:24:					LookPath				0.0%
github.com/JailtonJunior94/ai-spec-harness/internal/detect/agent.go:37:					UserHomeDir				0.0%
github.com/JailtonJunior94/ai-spec-harness/internal/detect/agent.go:63:					allEntries				100.0%
github.com/JailtonJunior94/ai-spec-harness/internal/detect/agent.go:83:					isDirOnDisk				100.0%
github.com/JailtonJunior94/ai-spec-harness/internal/detect/agent.go:99:					NewBinaryAgentDetector			100.0%
github.com/JailtonJunior94/ai-spec-harness/internal/detect/agent.go:115:				Detect					97.1%
github.com/JailtonJunior94/ai-spec-harness/internal/detect/architecture.go:31:				NewArchitectureDetector			100.0%
github.com/JailtonJunior94/ai-spec-harness/internal/detect/architecture.go:35:				Detect					100.0%
github.com/JailtonJunior94/ai-spec-harness/internal/detect/architecture.go:42:				detectType				86.7%
github.com/JailtonJunior94/ai-spec-harness/internal/detect/architecture.go:96:				detectPattern				92.3%
github.com/JailtonJunior94/ai-spec-harness/internal/detect/architecture.go:122:				hasAnyFiles				85.7%
github.com/JailtonJunior94/ai-spec-harness/internal/detect/architecture.go:135:				DescribeArchitecture			0.0%
github.com/JailtonJunior94/ai-spec-harness/internal/detect/architecture.go:161:				ArchitectureRules			0.0%
github.com/JailtonJunior94/ai-spec-harness/internal/detect/architecture.go:191:				ArchitectureRestrictions		0.0%
github.com/JailtonJunior94/ai-spec-harness/internal/detect/detect.go:24:				NewFileDetector				100.0%
github.com/JailtonJunior94/ai-spec-harness/internal/detect/detect.go:28:				DetectLangs				100.0%
github.com/JailtonJunior94/ai-spec-harness/internal/detect/detect.go:32:				DetectLangsIn				63.2%
github.com/JailtonJunior94/ai-spec-harness/internal/detect/detect.go:63:				detectLangsAt				100.0%
github.com/JailtonJunior94/ai-spec-harness/internal/detect/detect.go:108:				hasDotNet				83.3%
github.com/JailtonJunior94/ai-spec-harness/internal/detect/detect.go:129:				DetectTools				91.7%
github.com/JailtonJunior94/ai-spec-harness/internal/detect/framework.go:15:				NewFrameworkDetector			100.0%
github.com/JailtonJunior94/ai-spec-harness/internal/detect/framework.go:19:				Detect					68.9%
github.com/JailtonJunior94/ai-spec-harness/internal/detect/framework.go:125:				DetectPrimaryStack			92.9%
github.com/JailtonJunior94/ai-spec-harness/internal/detect/framework.go:172:				hasDotNetManifest			83.3%
github.com/JailtonJunior94/ai-spec-harness/internal/detect/framework.go:194:				JoinFrameworks				100.0%
github.com/JailtonJunior94/ai-spec-harness/internal/detect/r1_receiver.go:6:				NewCatalog				100.0%
github.com/JailtonJunior94/ai-spec-harness/internal/detect/scoring.go:9:				commonPrefixDepth			93.3%
github.com/JailtonJunior94/ai-spec-harness/internal/detect/scoring.go:32:				scoreManifest				100.0%
github.com/JailtonJunior94/ai-spec-harness/internal/detect/toolchain.go:36:				NewToolchainDetector			100.0%
github.com/JailtonJunior94/ai-spec-harness/internal/detect/toolchain.go:42:				NewToolchainDetectorStrict		100.0%
github.com/JailtonJunior94/ai-spec-harness/internal/detect/toolchain.go:46:				Detect					100.0%
github.com/JailtonJunior94/ai-spec-harness/internal/detect/toolchain.go:53:				detectDefault				100.0%
github.com/JailtonJunior94/ai-spec-harness/internal/detect/toolchain.go:81:				detectLangEntry				88.9%
github.com/JailtonJunior94/ai-spec-harness/internal/detect/toolchain.go:108:				detectWithFocusPaths			67.9%
github.com/JailtonJunior94/ai-spec-harness/internal/detect/toolchain.go:217:				warnMissingBinary			60.0%
github.com/JailtonJunior94/ai-spec-harness/internal/detect/toolchain.go:227:				detectGo				100.0%
github.com/JailtonJunior94/ai-spec-harness/internal/detect/toolchain.go:233:				detectNode				86.5%
github.com/JailtonJunior94/ai-spec-harness/internal/detect/toolchain.go:281:				detectNodeFromManifest			75.9%
github.com/JailtonJunior94/ai-spec-harness/internal/detect/toolchain.go:315:				detectPython				88.6%
github.com/JailtonJunior94/ai-spec-harness/internal/detect/toolchain.go:361:				detectPackageManager			85.7%
github.com/JailtonJunior94/ai-spec-harness/internal/detect/toolchain.go:375:				parsePackageScripts			83.3%
github.com/JailtonJunior94/ai-spec-harness/internal/detect/toolchain.go:395:				parsePackageName			77.8%
github.com/JailtonJunior94/ai-spec-harness/internal/detect/toolchain.go:410:				relativeDir				100.0%
github.com/JailtonJunior94/ai-spec-harness/internal/detect/toolchain.go:419:				hasPyDep				100.0%
github.com/JailtonJunior94/ai-spec-harness/internal/detect/toolchain.go:423:				detectMakefileFallback			93.3%
github.com/JailtonJunior94/ai-spec-harness/internal/detect/toolchain.go:446:				parseMakefileTargets			100.0%
github.com/JailtonJunior94/ai-spec-harness/internal/detect/toolchain.go:458:				findManifest				100.0%
github.com/JailtonJunior94/ai-spec-harness/internal/detect/toolchain.go:463:				findManifests				100.0%
github.com/JailtonJunior94/ai-spec-harness/internal/detect/toolchain.go:468:				findManifestsRecursive			100.0%
github.com/JailtonJunior94/ai-spec-harness/internal/detect/toolchain.go:474:				findManifestsHelper			88.9%
github.com/JailtonJunior94/ai-spec-harness/internal/detect/toolchain.go:507:				ToJSON					0.0%
github.com/JailtonJunior94/ai-spec-harness/internal/detect/toolchain_dotnet.go:10:			detectDotNet				100.0%
github.com/JailtonJunior94/ai-spec-harness/internal/detect/toolchain_dotnet.go:21:			detectDotNetManifest			66.7%
github.com/JailtonJunior94/ai-spec-harness/internal/detect/toolchain_dotnet.go:29:			findManifestsBySuffix			100.0%
github.com/JailtonJunior94/ai-spec-harness/internal/detect/toolchain_dotnet.go:33:			findManifestsBySuffixRecursive		100.0%
github.com/JailtonJunior94/ai-spec-harness/internal/detect/toolchain_dotnet.go:39:			findManifestsBySuffixHelper		88.2%
github.com/JailtonJunior94/ai-spec-harness/internal/detect/toolchain_java.go:3:				detectJava				100.0%
github.com/JailtonJunior94/ai-spec-harness/internal/doctor/doctor.go:63:				NewService				100.0%
github.com/JailtonJunior94/ai-spec-harness/internal/doctor/doctor.go:78:				Execute					100.0%
github.com/JailtonJunior94/ai-spec-harness/internal/doctor/doctor.go:82:				ExecuteWithOptions			5.9%
github.com/JailtonJunior94/ai-spec-harness/internal/doctor/doctor.go:123:				printChecks				100.0%
github.com/JailtonJunior94/ai-spec-harness/internal/doctor/doctor.go:139:				runCoreChecks				100.0%
github.com/JailtonJunior94/ai-spec-harness/internal/doctor/doctor.go:154:				checkGit				100.0%
github.com/JailtonJunior94/ai-spec-harness/internal/doctor/doctor.go:161:				checkSkillsDir				100.0%
github.com/JailtonJunior94/ai-spec-harness/internal/doctor/doctor.go:178:				checkManifest				100.0%
github.com/JailtonJunior94/ai-spec-harness/internal/doctor/doctor.go:189:				checkSymlinks				82.4%
github.com/JailtonJunior94/ai-spec-harness/internal/doctor/doctor.go:230:				checkPermissions			100.0%
github.com/JailtonJunior94/ai-spec-harness/internal/doctor/doctor.go:237:				checkGitBinary				66.7%
github.com/JailtonJunior94/ai-spec-harness/internal/doctor/doctor.go:244:				checkHookInterpreter			100.0%
github.com/JailtonJunior94/ai-spec-harness/internal/doctor/doctor.go:261:				checkContract				66.7%
github.com/JailtonJunior94/ai-spec-harness/internal/doctor/doctor.go:277:				checkSkillIntegrity			90.0%
github.com/JailtonJunior94/ai-spec-harness/internal/doctor/doctor.go:308:				checkCanonicalSync			100.0%
github.com/JailtonJunior94/ai-spec-harness/internal/doctor/doctor.go:345:				buildProviderBlocks			94.4%
github.com/JailtonJunior94/ai-spec-harness/internal/doctor/doctor.go:377:				providerDisplayName			75.0%
github.com/JailtonJunior94/ai-spec-harness/internal/doctor/doctor.go:385:				buildProviderChecks			100.0%
github.com/JailtonJunior94/ai-spec-harness/internal/doctor/doctor.go:395:				checkProviderInstructions		61.5%
github.com/JailtonJunior94/ai-spec-harness/internal/doctor/doctor.go:434:				checkProviderSkills			86.7%
github.com/JailtonJunior94/ai-spec-harness/internal/doctor/doctor.go:460:				checkProviderPolicies			73.3%
github.com/JailtonJunior94/ai-spec-harness/internal/doctor/doctor.go:486:				checkProviderEvidenceValidators		62.5%
github.com/JailtonJunior94/ai-spec-harness/internal/doctor/doctor.go:512:				checkProviderPreconditions		100.0%
github.com/JailtonJunior94/ai-spec-harness/internal/doctor/doctor.go:547:				checkCodexTrustedHash			0.0%
github.com/JailtonJunior94/ai-spec-harness/internal/embedded/embedded.go:15:				ExtractToTempDir			0.0%
github.com/JailtonJunior94/ai-spec-harness/internal/embedded/embedded.go:30:				copyFS					0.0%
github.com/JailtonJunior94/ai-spec-harness/internal/embedded/r1_receiver.go:6:				NewExtractor				0.0%
github.com/JailtonJunior94/ai-spec-harness/internal/evidence/contract.go:26:				DetectContract				100.0%
github.com/JailtonJunior94/ai-spec-harness/internal/evidence/contract.go:38:				sealedContentAtCut			86.7%
github.com/JailtonJunior94/ai-spec-harness/internal/evidence/contract.go:61:				historicalExemption			100.0%
github.com/JailtonJunior94/ai-spec-harness/internal/evidence/contract.go:69:				historicalExemptionAllowed		100.0%
github.com/JailtonJunior94/ai-spec-harness/internal/evidence/contract.go:73:				ResolveContract				100.0%
github.com/JailtonJunior94/ai-spec-harness/internal/evidence/evidence.go:33:				Validate				100.0%
github.com/JailtonJunior94/ai-spec-harness/internal/evidence/evidence.go:37:				ValidateReport				100.0%
github.com/JailtonJunior94/ai-spec-harness/internal/evidence/evidence.go:59:				hasHeading				100.0%
github.com/JailtonJunior94/ai-spec-harness/internal/evidence/evidence.go:69:				matchesRegex				100.0%
github.com/JailtonJunior94/ai-spec-harness/internal/evidence/evidence.go:74:				validateTask				100.0%
github.com/JailtonJunior94/ai-spec-harness/internal/evidence/evidence.go:124:				validateBugfix				100.0%
github.com/JailtonJunior94/ai-spec-harness/internal/evidence/evidence.go:193:				bugBlocks				95.7%
github.com/JailtonJunior94/ai-spec-harness/internal/evidence/evidence.go:226:				reconcileBugfixTotals			80.0%
github.com/JailtonJunior94/ai-spec-harness/internal/evidence/evidence.go:256:				reviewVerdict				100.0%
github.com/JailtonJunior94/ai-spec-harness/internal/evidence/evidence.go:264:				validateReview				100.0%
github.com/JailtonJunior94/ai-spec-harness/internal/evidence/evidence.go:291:				validateReviewCoherence			100.0%
github.com/JailtonJunior94/ai-spec-harness/internal/evidence/evidence.go:316:				reviewedFilePaths			100.0%
github.com/JailtonJunior94/ai-spec-harness/internal/evidence/evidence.go:341:				normalizeReviewedPath			100.0%
github.com/JailtonJunior94/ai-spec-harness/internal/evidence/evidence.go:347:				samePathOrSuffix			100.0%
github.com/JailtonJunior94/ai-spec-harness/internal/evidence/evidence.go:354:				referencedFileIsReviewed		76.9%
github.com/JailtonJunior94/ai-spec-harness/internal/evidence/evidence.go:375:				validateCriteriaMap			94.4%
github.com/JailtonJunior94/ai-spec-harness/internal/evidence/evidence.go:458:				validateRefactor			100.0%
github.com/JailtonJunior94/ai-spec-harness/internal/evidence/form.go:17:				fold					100.0%
github.com/JailtonJunior94/ai-spec-harness/internal/evidence/form.go:31:				substantiveRecord			90.0%
github.com/JailtonJunior94/ai-spec-harness/internal/evidence/form.go:48:				evidenceFormProblem			94.7%
github.com/JailtonJunior94/ai-spec-harness/internal/evidence/r1_receiver.go:6:				NewValidator				100.0%
github.com/JailtonJunior94/ai-spec-harness/internal/evidence/task_gates.go:34:				diffReviewedFindings			88.2%
github.com/JailtonJunior94/ai-spec-harness/internal/evidence/task_gates.go:65:				findingsBody				100.0%
github.com/JailtonJunior94/ai-spec-harness/internal/evidence/task_gates.go:80:				remarksClosureFindings			100.0%
github.com/JailtonJunior94/ai-spec-harness/internal/evidence/task_gates.go:91:				strongTestProofFindings			100.0%
github.com/JailtonJunior94/ai-spec-harness/internal/evidence/task_gates.go:101:				sectionBody				100.0%
github.com/JailtonJunior94/ai-spec-harness/internal/evidence/task_gates.go:117:				resolveReviewTaskPath			71.4%
github.com/JailtonJunior94/ai-spec-harness/internal/evidence/task_gates.go:139:				resolveTaskPath				78.6%
github.com/JailtonJunior94/ai-spec-harness/internal/evidence/task_gates.go:161:				countTaskCriteria			88.9%
github.com/JailtonJunior94/ai-spec-harness/internal/evidence/task_gates.go:188:				countProvenCriteria			100.0%
github.com/JailtonJunior94/ai-spec-harness/internal/evidence/task_gates.go:204:				acceptanceCriteriaFindings		85.0%
github.com/JailtonJunior94/ai-spec-harness/internal/fs/fake.go:20:					NewFakeFileSystem			100.0%
github.com/JailtonJunior94/ai-spec-harness/internal/fs/fake.go:29:					MkdirAll				100.0%
github.com/JailtonJunior94/ai-spec-harness/internal/fs/fake.go:35:					CopyFile				100.0%
github.com/JailtonJunior94/ai-spec-harness/internal/fs/fake.go:45:					CopyDir					100.0%
github.com/JailtonJunior94/ai-spec-harness/internal/fs/fake.go:59:					Symlink					100.0%
github.com/JailtonJunior94/ai-spec-harness/internal/fs/fake.go:64:					Remove					100.0%
github.com/JailtonJunior94/ai-spec-harness/internal/fs/fake.go:70:					RemoveAll				81.8%
github.com/JailtonJunior94/ai-spec-harness/internal/fs/fake.go:89:					Exists					90.9%
github.com/JailtonJunior94/ai-spec-harness/internal/fs/fake.go:109:					IsDir					100.0%
github.com/JailtonJunior94/ai-spec-harness/internal/fs/fake.go:122:					IsSymlink				100.0%
github.com/JailtonJunior94/ai-spec-harness/internal/fs/fake.go:127:					EvalSymlinks				100.0%
github.com/JailtonJunior94/ai-spec-harness/internal/fs/fake.go:131:					ReadFile				100.0%
github.com/JailtonJunior94/ai-spec-harness/internal/fs/fake.go:140:					WriteFile				100.0%
github.com/JailtonJunior94/ai-spec-harness/internal/fs/fake.go:145:					WriteFileAtomic				100.0%
github.com/JailtonJunior94/ai-spec-harness/internal/fs/fake.go:150:					AppendFile				0.0%
github.com/JailtonJunior94/ai-spec-harness/internal/fs/fake.go:159:					ReadDir					67.7%
github.com/JailtonJunior94/ai-spec-harness/internal/fs/fake.go:197:					FileHash				100.0%
github.com/JailtonJunior94/ai-spec-harness/internal/fs/fake.go:207:					DirHash					100.0%
github.com/JailtonJunior94/ai-spec-harness/internal/fs/fake.go:228:					Writable				100.0%
github.com/JailtonJunior94/ai-spec-harness/internal/fs/fake.go:232:					resolvePath				91.7%
github.com/JailtonJunior94/ai-spec-harness/internal/fs/fake.go:269:					Name					100.0%
github.com/JailtonJunior94/ai-spec-harness/internal/fs/fake.go:270:					IsDir					100.0%
github.com/JailtonJunior94/ai-spec-harness/internal/fs/fake.go:271:					Type					0.0%
github.com/JailtonJunior94/ai-spec-harness/internal/fs/fake.go:277:					Info					0.0%
github.com/JailtonJunior94/ai-spec-harness/internal/fs/fake.go:286:					relativeWithin				100.0%
github.com/JailtonJunior94/ai-spec-harness/internal/fs/fake.go:297:					withinDir				100.0%
github.com/JailtonJunior94/ai-spec-harness/internal/fs/fake.go:311:					toSlash					100.0%
github.com/JailtonJunior94/ai-spec-harness/internal/fs/fs.go:40:					NewOSFileSystem				100.0%
github.com/JailtonJunior94/ai-spec-harness/internal/fs/fs.go:42:					MkdirAll				100.0%
github.com/JailtonJunior94/ai-spec-harness/internal/fs/fs.go:46:					CopyFile				81.8%
github.com/JailtonJunior94/ai-spec-harness/internal/fs/fs.go:78:					CopyDir					80.0%
github.com/JailtonJunior94/ai-spec-harness/internal/fs/fs.go:101:					Symlink					75.0%
github.com/JailtonJunior94/ai-spec-harness/internal/fs/fs.go:109:					Remove					100.0%
github.com/JailtonJunior94/ai-spec-harness/internal/fs/fs.go:113:					RemoveAll				86.7%
github.com/JailtonJunior94/ai-spec-harness/internal/fs/fs.go:137:					Exists					100.0%
github.com/JailtonJunior94/ai-spec-harness/internal/fs/fs.go:142:					IsDir					100.0%
github.com/JailtonJunior94/ai-spec-harness/internal/fs/fs.go:147:					IsSymlink				100.0%
github.com/JailtonJunior94/ai-spec-harness/internal/fs/fs.go:152:					EvalSymlinks				0.0%
github.com/JailtonJunior94/ai-spec-harness/internal/fs/fs.go:160:					ReadFile				100.0%
github.com/JailtonJunior94/ai-spec-harness/internal/fs/fs.go:164:					WriteFile				80.0%
github.com/JailtonJunior94/ai-spec-harness/internal/fs/fs.go:174:					WriteFileAtomic				72.7%
github.com/JailtonJunior94/ai-spec-harness/internal/fs/fs.go:207:					AppendFile				0.0%
github.com/JailtonJunior94/ai-spec-harness/internal/fs/fs.go:230:					ReadDir					100.0%
github.com/JailtonJunior94/ai-spec-harness/internal/fs/fs.go:234:					FileHash				90.9%
github.com/JailtonJunior94/ai-spec-harness/internal/fs/fs.go:248:					DirHash					91.7%
github.com/JailtonJunior94/ai-spec-harness/internal/fs/fs.go:284:					Writable				100.0%
github.com/JailtonJunior94/ai-spec-harness/internal/fs/fs.go:292:					chmodTreeWritable			76.2%
github.com/JailtonJunior94/ai-spec-harness/internal/fs/fs.go:326:					writableDirMode				100.0%
github.com/JailtonJunior94/ai-spec-harness/internal/fs/fs.go:330:					writableFileMode			100.0%
github.com/JailtonJunior94/ai-spec-harness/internal/fs/symlink_guard.go:10:				RefuseExternalSymlink			0.0%
github.com/JailtonJunior94/ai-spec-harness/internal/fs/symlink_guard.go:53:				symlinkAncestors			0.0%
github.com/JailtonJunior94/ai-spec-harness/internal/fs/symlink_guard.go:70:				pathInsideRoot				0.0%
github.com/JailtonJunior94/ai-spec-harness/internal/git/git.go:21:					NewCLIRepository			100.0%
github.com/JailtonJunior94/ai-spec-harness/internal/git/git.go:23:					IsRepo					100.0%
github.com/JailtonJunior94/ai-spec-harness/internal/git/git.go:29:					Root					100.0%
github.com/JailtonJunior94/ai-spec-harness/internal/git/git.go:38:					RemoteURL				0.0%
github.com/JailtonJunior94/ai-spec-harness/internal/gitref/gitref.go:23:				NewResolver				100.0%
github.com/JailtonJunior94/ai-spec-harness/internal/gitref/gitref.go:29:				Resolve					69.6%
github.com/JailtonJunior94/ai-spec-harness/internal/harness/bridge.go:11:				NewYAMLBridge				100.0%
github.com/JailtonJunior94/ai-spec-harness/internal/harness/bridge.go:15:				Decode					80.0%
github.com/JailtonJunior94/ai-spec-harness/internal/harness/bridge.go:33:				normalizeValue				84.6%
github.com/JailtonJunior94/ai-spec-harness/internal/harness/bridge.go:74:				normalizeKey				60.0%
github.com/JailtonJunior94/ai-spec-harness/internal/harness/default.go:15:				NewEmbeddedDefault			100.0%
github.com/JailtonJunior94/ai-spec-harness/internal/harness/default.go:19:				Contract				75.0%
github.com/JailtonJunior94/ai-spec-harness/internal/harness/duplicate_keys.go:16:			NewDuplicateKeyChecker			100.0%
github.com/JailtonJunior94/ai-spec-harness/internal/harness/duplicate_keys.go:20:			OperationalKeyNames			93.3%
github.com/JailtonJunior94/ai-spec-harness/internal/harness/duplicate_keys.go:39:			findDuplicateKeys			100.0%
github.com/JailtonJunior94/ai-spec-harness/internal/harness/duplicate_keys.go:55:			Check					71.4%
github.com/JailtonJunior94/ai-spec-harness/internal/harness/errors.go:17:				Error					100.0%
github.com/JailtonJunior94/ai-spec-harness/internal/harness/errors.go:38:				Error					75.0%
github.com/JailtonJunior94/ai-spec-harness/internal/harness/errors.go:54:				Error					100.0%
github.com/JailtonJunior94/ai-spec-harness/internal/harness/errors.go:67:				NewErrorClassifier			100.0%
github.com/JailtonJunior94/ai-spec-harness/internal/harness/errors.go:71:				Classify				91.7%
github.com/JailtonJunior94/ai-spec-harness/internal/harness/errors.go:99:				findVersionError			100.0%
github.com/JailtonJunior94/ai-spec-harness/internal/harness/errors.go:110:				normalizeScalar				62.5%
github.com/JailtonJunior94/ai-spec-harness/internal/harness/errors.go:124:				isVersionConstCause			100.0%
github.com/JailtonJunior94/ai-spec-harness/internal/harness/errors.go:132:				isVersionRequiredCause			100.0%
github.com/JailtonJunior94/ai-spec-harness/internal/harness/errors.go:145:				isAdditionalPropertiesCause		100.0%
github.com/JailtonJunior94/ai-spec-harness/internal/harness/errors.go:150:				isTypeCause				100.0%
github.com/JailtonJunior94/ai-spec-harness/internal/harness/errors.go:155:				findFirstCause				100.0%
github.com/JailtonJunior94/ai-spec-harness/internal/harness/keys.go:11:					NewSchemaInspector			100.0%
github.com/JailtonJunior94/ai-spec-harness/internal/harness/keys.go:15:					KeyNames				85.7%
github.com/JailtonJunior94/ai-spec-harness/internal/harness/keys.go:28:					collectKeyNames				75.0%
github.com/JailtonJunior94/ai-spec-harness/internal/harness/loader.go:20:				NewContractDecoder			100.0%
github.com/JailtonJunior94/ai-spec-harness/internal/harness/loader.go:24:				Decode					75.0%
github.com/JailtonJunior94/ai-spec-harness/internal/harness/loader.go:58:				NewDefaultLoader			100.0%
github.com/JailtonJunior94/ai-spec-harness/internal/harness/loader.go:66:				Load					87.5%
github.com/JailtonJunior94/ai-spec-harness/internal/harness/schema.go:44:				NewSchemaValidator			100.0%
github.com/JailtonJunior94/ai-spec-harness/internal/harness/schema.go:48:				Validate				75.0%
github.com/JailtonJunior94/ai-spec-harness/internal/hookaudit/entry.go:25:				NewEntry				100.0%
github.com/JailtonJunior94/ai-spec-harness/internal/hookaudit/entry.go:48:				WithReason				100.0%
github.com/JailtonJunior94/ai-spec-harness/internal/hookaudit/entry.go:56:				WithEvidence				100.0%
github.com/JailtonJunior94/ai-spec-harness/internal/hookaudit/reader.go:19:				NewReader				100.0%
github.com/JailtonJunior94/ai-spec-harness/internal/hookaudit/reader.go:23:				ReadAll					89.3%
github.com/JailtonJunior94/ai-spec-harness/internal/hookaudit/writer.go:16:				NewWriter				71.4%
github.com/JailtonJunior94/ai-spec-harness/internal/hookaudit/writer.go:28:				Append					83.3%
github.com/JailtonJunior94/ai-spec-harness/internal/hookaudit/writer.go:49:				Path					0.0%
github.com/JailtonJunior94/ai-spec-harness/internal/hookcontract/capability.go:17:			Valid					100.0%
github.com/JailtonJunior94/ai-spec-harness/internal/hookcontract/capability.go:21:			String					0.0%
github.com/JailtonJunior94/ai-spec-harness/internal/hookcontract/capability.go:49:			NewCapability				100.0%
github.com/JailtonJunior94/ai-spec-harness/internal/hookcontract/capability.go:73:			Provider				0.0%
github.com/JailtonJunior94/ai-spec-harness/internal/hookcontract/capability.go:77:			Event					0.0%
github.com/JailtonJunior94/ai-spec-harness/internal/hookcontract/capability.go:81:			State					100.0%
github.com/JailtonJunior94/ai-spec-harness/internal/hookcontract/capability.go:85:			NativeKey				0.0%
github.com/JailtonJunior94/ai-spec-harness/internal/hookcontract/capability.go:89:			Blocking				0.0%
github.com/JailtonJunior94/ai-spec-harness/internal/hookcontract/capability.go:93:			Limitation				0.0%
github.com/JailtonJunior94/ai-spec-harness/internal/hookcontract/capability.go:97:			Valid					0.0%
github.com/JailtonJunior94/ai-spec-harness/internal/hookcontract/event.go:29:				Valid					100.0%
github.com/JailtonJunior94/ai-spec-harness/internal/hookcontract/event.go:33:				String					85.7%
github.com/JailtonJunior94/ai-spec-harness/internal/hookcontract/event.go:50:				ParseEventKind				100.0%
github.com/JailtonJunior94/ai-spec-harness/internal/hookcontract/event.go:59:				EventKinds				100.0%
github.com/JailtonJunior94/ai-spec-harness/internal/hookcontract/exitcode.go:23:			NewExitCodeTranslator			100.0%
github.com/JailtonJunior94/ai-spec-harness/internal/hookcontract/exitcode.go:27:			ToDecision				84.6%
github.com/JailtonJunior94/ai-spec-harness/internal/hookcontract/exitcode.go:51:			ToExitCode				75.0%
github.com/JailtonJunior94/ai-spec-harness/internal/hookcontract/exitcode.go:62:			unmappedResult				75.0%
github.com/JailtonJunior94/ai-spec-harness/internal/hookcontract/payload.go:46:				NewDecoder				100.0%
github.com/JailtonJunior94/ai-spec-harness/internal/hookcontract/payload.go:50:				Decode					100.0%
github.com/JailtonJunior94/ai-spec-harness/internal/hookcontract/payload.go:80:				SchemaVersionSupported			100.0%
github.com/JailtonJunior94/ai-spec-harness/internal/hookcontract/payload.go:85:				SchemaVersionDescription		100.0%
github.com/JailtonJunior94/ai-spec-harness/internal/hookcontract/result.go:19:				Valid					100.0%
github.com/JailtonJunior94/ai-spec-harness/internal/hookcontract/result.go:23:				String					85.7%
github.com/JailtonJunior94/ai-spec-harness/internal/hookcontract/result.go:54:				NewResult				100.0%
github.com/JailtonJunior94/ai-spec-harness/internal/hookcontract/result.go:75:				NewAllow				100.0%
github.com/JailtonJunior94/ai-spec-harness/internal/hookcontract/result.go:79:				NewNotApplicable			100.0%
github.com/JailtonJunior94/ai-spec-harness/internal/hookcontract/result.go:83:				WithEvidence				100.0%
github.com/JailtonJunior94/ai-spec-harness/internal/hookcontract/result.go:89:				WithMetadata				100.0%
github.com/JailtonJunior94/ai-spec-harness/internal/hookcontract/result.go:99:				Decision				100.0%
github.com/JailtonJunior94/ai-spec-harness/internal/hookcontract/result.go:103:				Reason					100.0%
github.com/JailtonJunior94/ai-spec-harness/internal/hookcontract/result.go:107:				PolicyID				0.0%
github.com/JailtonJunior94/ai-spec-harness/internal/hookcontract/result.go:111:				GateID					0.0%
github.com/JailtonJunior94/ai-spec-harness/internal/hookcontract/result.go:115:				Evidence				100.0%
github.com/JailtonJunior94/ai-spec-harness/internal/hookcontract/result.go:119:				Metadata				100.0%
github.com/JailtonJunior94/ai-spec-harness/internal/hookcontract/result.go:127:				Valid					100.0%
github.com/JailtonJunior94/ai-spec-harness/internal/hookinventory/inventory.go:38:			NewService				100.0%
github.com/JailtonJunior94/ai-spec-harness/internal/hookinventory/inventory.go:42:			Generate				66.7%
github.com/JailtonJunior94/ai-spec-harness/internal/hookinventory/inventory.go:65:			Check					71.4%
github.com/JailtonJunior94/ai-spec-harness/internal/hookinventory/inventory.go:87:			Inventory				92.3%
github.com/JailtonJunior94/ai-spec-harness/internal/hookinventory/inventory.go:104:			scan					73.3%
github.com/JailtonJunior94/ai-spec-harness/internal/hookinventory/inventory.go:127:			newEntry				90.5%
github.com/JailtonJunior94/ai-spec-harness/internal/hookinventory/inventory.go:169:			provider				100.0%
github.com/JailtonJunior94/ai-spec-harness/internal/hookinventory/inventory.go:186:			duplication				100.0%
github.com/JailtonJunior94/ai-spec-harness/internal/hookinventory/inventory.go:193:			failOpen				100.0%
github.com/JailtonJunior94/ai-spec-harness/internal/hookinventory/inventory.go:205:			critical				100.0%
github.com/JailtonJunior94/ai-spec-harness/internal/hookinventory/inventory.go:209:			markdown				100.0%
github.com/JailtonJunior94/ai-spec-harness/internal/hookinventory/inventory.go:228:			json					75.0%
github.com/JailtonJunior94/ai-spec-harness/internal/hookinventory/inventory.go:236:			matches					83.3%
github.com/JailtonJunior94/ai-spec-harness/internal/hookpolicy/artifact.go:28:				BuildGitScopeArtifact			100.0%
github.com/JailtonJunior94/ai-spec-harness/internal/hookpolicy/artifact.go:45:				encodeGitScopeArtifact			75.0%
github.com/JailtonJunior94/ai-spec-harness/internal/hookpolicy/artifact.go:59:				NewArtifactService			100.0%
github.com/JailtonJunior94/ai-spec-harness/internal/hookpolicy/artifact.go:63:				buildArtifact				71.4%
github.com/JailtonJunior94/ai-spec-harness/internal/hookpolicy/artifact.go:75:				Generate				75.0%
github.com/JailtonJunior94/ai-spec-harness/internal/hookpolicy/artifact.go:97:				Check					84.6%
github.com/JailtonJunior94/ai-spec-harness/internal/hookpolicy/git.go:19:				NewGitOperation				100.0%
github.com/JailtonJunior94/ai-spec-harness/internal/hookpolicy/git.go:30:				Subcommand				100.0%
github.com/JailtonJunior94/ai-spec-harness/internal/hookpolicy/git.go:34:				Destructive				100.0%
github.com/JailtonJunior94/ai-spec-harness/internal/hookpolicy/git.go:38:				RequiresApproval			100.0%
github.com/JailtonJunior94/ai-spec-harness/internal/hookpolicy/git.go:53:				NewGitScope				85.2%
github.com/JailtonJunior94/ai-spec-harness/internal/hookpolicy/git.go:96:				Operations				100.0%
github.com/JailtonJunior94/ai-spec-harness/internal/hookpolicy/git.go:102:				Fingerprint				91.7%
github.com/JailtonJunior94/ai-spec-harness/internal/inspect/inspect.go:22:				NewService				100.0%
github.com/JailtonJunior94/ai-spec-harness/internal/inspect/inspect.go:26:				Execute					96.7%
github.com/JailtonJunior94/ai-spec-harness/internal/inspect/inspect.go:103:				toolNames				100.0%
github.com/JailtonJunior94/ai-spec-harness/internal/inspect/inspect.go:111:				langNames				100.0%
github.com/JailtonJunior94/ai-spec-harness/internal/install/install.go:86:				NewService				100.0%
github.com/JailtonJunior94/ai-spec-harness/internal/install/install.go:106:				NewServiceWithDetector			100.0%
github.com/JailtonJunior94/ai-spec-harness/internal/install/install.go:121:				NewServiceWithOptions			100.0%
github.com/JailtonJunior94/ai-spec-harness/internal/install/install.go:138:				Execute					86.5%
github.com/JailtonJunior94/ai-spec-harness/internal/install/install.go:359:				globalInstallDir			75.0%
github.com/JailtonJunior94/ai-spec-harness/internal/install/install.go:373:				Verify					84.9%
github.com/JailtonJunior94/ai-spec-harness/internal/install/install.go:493:				detectLangs				100.0%
github.com/JailtonJunior94/ai-spec-harness/internal/install/install.go:502:				sourceSkills				91.7%
github.com/JailtonJunior94/ai-spec-harness/internal/install/install.go:525:				verifyToolSkills			100.0%
github.com/JailtonJunior94/ai-spec-harness/internal/install/install.go:544:				specForTool				100.0%
github.com/JailtonJunior94/ai-spec-harness/internal/install/install.go:555:				probeBinaryAvailable			88.9%
github.com/JailtonJunior94/ai-spec-harness/internal/install/install.go:569:				verifyPreconditions			66.7%
github.com/JailtonJunior94/ai-spec-harness/internal/install/install.go:601:				preconditionItems			100.0%
github.com/JailtonJunior94/ai-spec-harness/internal/install/install.go:624:				preconditionVerifyState			100.0%
github.com/JailtonJunior94/ai-spec-harness/internal/install/install.go:635:				enforcementNativeKeys			100.0%
github.com/JailtonJunior94/ai-spec-harness/internal/install/install.go:648:				probeBinariesWarn			90.9%
github.com/JailtonJunior94/ai-spec-harness/internal/install/install.go:670:				verifySkillFile				84.6%
github.com/JailtonJunior94/ai-spec-harness/internal/install/install.go:702:				compareSkillChecksum			91.7%
github.com/JailtonJunior94/ai-spec-harness/internal/install/install.go:721:				validate				66.7%
github.com/JailtonJunior94/ai-spec-harness/internal/install/install.go:746:				installBaseSkills			92.6%
github.com/JailtonJunior94/ai-spec-harness/internal/install/install.go:784:				installTool				88.9%
github.com/JailtonJunior94/ai-spec-harness/internal/install/install.go:800:				installClaude				82.0%
github.com/JailtonJunior94/ai-spec-harness/internal/install/install.go:946:				writeClaudeSettings			66.7%
github.com/JailtonJunior94/ai-spec-harness/internal/install/install.go:953:				writeMergedClaudeSettings		81.2%
github.com/JailtonJunior94/ai-spec-harness/internal/install/install.go:1003:				copyAgentsScripts			90.0%
github.com/JailtonJunior94/ai-spec-harness/internal/install/install.go:1037:				copyAgentsLib				87.5%
github.com/JailtonJunior94/ai-spec-harness/internal/install/install.go:1068:				copyToolValidationHooks			87.5%
github.com/JailtonJunior94/ai-spec-harness/internal/install/install.go:1092:				copyOrchestratorHooks			87.5%
github.com/JailtonJunior94/ai-spec-harness/internal/install/install.go:1120:				filterCodexSkills			100.0%
github.com/JailtonJunior94/ai-spec-harness/internal/install/install.go:1130:				installCodex				70.0%
github.com/JailtonJunior94/ai-spec-harness/internal/install/install.go:1181:				installCopilot				76.8%
github.com/JailtonJunior94/ai-spec-harness/internal/install/install.go:1271:				installOpenCode				72.2%
github.com/JailtonJunior94/ai-spec-harness/internal/install/install.go:1326:				trackInstalled				66.7%
github.com/JailtonJunior94/ai-spec-harness/internal/install/install.go:1333:				trackMerged				66.7%
github.com/JailtonJunior94/ai-spec-harness/internal/install/install.go:1340:				markExecutable				100.0%
github.com/JailtonJunior94/ai-spec-harness/internal/install/install.go:1346:				decodeWrittenPermission			80.0%
github.com/JailtonJunior94/ai-spec-harness/internal/install/install.go:1363:				skillSelectedForLangs			100.0%
github.com/JailtonJunior94/ai-spec-harness/internal/install/install.go:1375:				defaultClaudeSettings			100.0%
github.com/JailtonJunior94/ai-spec-harness/internal/install/install.go:1426:				mergeClaudeSettings			90.0%
github.com/JailtonJunior94/ai-spec-harness/internal/install/install.go:1486:				defaultCopilotHooks			100.0%
github.com/JailtonJunior94/ai-spec-harness/internal/install/install.go:1490:				mergeCopilotSettings			87.7%
github.com/JailtonJunior94/ai-spec-harness/internal/install/install.go:1575:				appendCopilotHooks			87.5%
github.com/JailtonJunior94/ai-spec-harness/internal/install/install.go:1588:				hookEntryExists				87.5%
github.com/JailtonJunior94/ai-spec-harness/internal/install/install.go:1602:				codexGovernancePreambleTOML		100.0%
github.com/JailtonJunior94/ai-spec-harness/internal/install/install.go:1613:				codexGovernanceHooksTOML		100.0%
github.com/JailtonJunior94/ai-spec-harness/internal/install/install.go:1631:				linkOrCopy				100.0%
github.com/JailtonJunior94/ai-spec-harness/internal/install/install.go:1639:				computeChecksums			100.0%
github.com/JailtonJunior94/ai-spec-harness/internal/install/install.go:1652:				collectSkillVersions			100.0%
github.com/JailtonJunior94/ai-spec-harness/internal/install/install.go:1670:				toolNames				100.0%
github.com/JailtonJunior94/ai-spec-harness/internal/install/install.go:1678:				langNames				100.0%
github.com/JailtonJunior94/ai-spec-harness/internal/install/install.go:1694:				verifyGovernanceArtifacts		90.5%
github.com/JailtonJunior94/ai-spec-harness/internal/install/install.go:1744:				verifyCanonicalValidators		90.9%
github.com/JailtonJunior94/ai-spec-harness/internal/install/install.go:1770:				verifyArtifactFile			88.9%
github.com/JailtonJunior94/ai-spec-harness/internal/install/install.go:1785:				governanceHookFiles			100.0%
github.com/JailtonJunior94/ai-spec-harness/internal/install/install.go:1792:				writeMergedMarkdownFromSource		73.3%
github.com/JailtonJunior94/ai-spec-harness/internal/install/r1_receiver.go:6:				NewHelper				100.0%
github.com/JailtonJunior94/ai-spec-harness/internal/invocation/invocation.go:19:			NewGuard				100.0%
github.com/JailtonJunior94/ai-spec-harness/internal/invocation/invocation.go:25:			CheckDepth				100.0%
github.com/JailtonJunior94/ai-spec-harness/internal/invocation/invocation.go:36:			IncrementDepth				100.0%
github.com/JailtonJunior94/ai-spec-harness/internal/invocation/invocation.go:41:			ResetDepth				100.0%
github.com/JailtonJunior94/ai-spec-harness/internal/invocation/invocation.go:53:			readInt					85.7%
github.com/JailtonJunior94/ai-spec-harness/internal/lint/lint.go:24:					String					0.0%
github.com/JailtonJunior94/ai-spec-harness/internal/lint/lint.go:47:					NewService				66.7%
github.com/JailtonJunior94/ai-spec-harness/internal/lint/lint.go:56:					Execute					100.0%
github.com/JailtonJunior94/ai-spec-harness/internal/lint/lint.go:101:					CountChecks				0.0%
github.com/JailtonJunior94/ai-spec-harness/internal/lint/lint.go:135:					checkPlaceholders			100.0%
github.com/JailtonJunior94/ai-spec-harness/internal/lint/lint.go:157:					extractPlaceholder			71.4%
github.com/JailtonJunior94/ai-spec-harness/internal/lint/lint.go:169:					checkSchemaVersion			87.5%
github.com/JailtonJunior94/ai-spec-harness/internal/lint/lint.go:185:					checkSkillFrontmatters			90.5%
github.com/JailtonJunior94/ai-spec-harness/internal/lint/lint.go:221:					thirdPartySkills			91.7%
github.com/JailtonJunior94/ai-spec-harness/internal/lint/lint.go:242:					isThirdPartySourceType			66.7%
github.com/JailtonJunior94/ai-spec-harness/internal/lint/lint.go:251:					frontmatterSchemaContent		87.5%
github.com/JailtonJunior94/ai-spec-harness/internal/manifest/manifest.go:41:				HasFileTracking				100.0%
github.com/JailtonJunior94/ai-spec-harness/internal/manifest/manifest.go:50:				NewStore				100.0%
github.com/JailtonJunior94/ai-spec-harness/internal/manifest/manifest.go:54:				Load					100.0%
github.com/JailtonJunior94/ai-spec-harness/internal/manifest/manifest.go:67:				Save					83.3%
github.com/JailtonJunior94/ai-spec-harness/internal/manifest/manifest.go:78:				Exists					100.0%
github.com/JailtonJunior94/ai-spec-harness/internal/metrics/flow.go:106:				FlowBudget				100.0%
github.com/JailtonJunior94/ai-spec-harness/internal/metrics/flow.go:115:				MeasureFlow				100.0%
github.com/JailtonJunior94/ai-spec-harness/internal/metrics/metrics.go:55:				NewService				100.0%
github.com/JailtonJunior94/ai-spec-harness/internal/metrics/metrics.go:63:				Execute					85.2%
github.com/JailtonJunior94/ai-spec-harness/internal/metrics/metrics.go:102:				gather					91.7%
github.com/JailtonJunior94/ai-spec-harness/internal/metrics/metrics.go:187:				fileMetric				80.0%
github.com/JailtonJunior94/ai-spec-harness/internal/metrics/metrics.go:201:				estimateTokens				100.0%
github.com/JailtonJunior94/ai-spec-harness/internal/metrics/metrics.go:209:				toolBudgets				100.0%
github.com/JailtonJunior94/ai-spec-harness/internal/metrics/metrics.go:218:				toolBudgetsLarge			100.0%
github.com/JailtonJunior94/ai-spec-harness/internal/metrics/metrics.go:231:				checkToolBudgetsLargeCoverage		90.0%
github.com/JailtonJunior94/ai-spec-harness/internal/metrics/metrics.go:249:				CheckToolBudgetsLargeCoverage		100.0%
github.com/JailtonJunior94/ai-spec-harness/internal/metrics/metrics.go:256:				CheckBudgetForClass			0.0%
github.com/JailtonJunior94/ai-spec-harness/internal/metrics/metrics.go:273:				CheckBudget				100.0%
github.com/JailtonJunior94/ai-spec-harness/internal/metrics/metrics.go:283:				FormatReport				88.9%
github.com/JailtonJunior94/ai-spec-harness/internal/metrics/r1_catalog.go:6:				NewCatalog				100.0%
github.com/JailtonJunior94/ai-spec-harness/internal/metrics/tokenizer.go:20:				EstimateTokens				100.0%
github.com/JailtonJunior94/ai-spec-harness/internal/metrics/tokenizer.go:24:				Name					100.0%
github.com/JailtonJunior94/ai-spec-harness/internal/metrics/tokenizer.go:27:				NewCharEstimator			100.0%
github.com/JailtonJunior94/ai-spec-harness/internal/metrics/tokenizer.go:36:				NewTiktokenEstimator			75.0%
github.com/JailtonJunior94/ai-spec-harness/internal/metrics/tokenizer.go:44:				EstimateTokens				100.0%
github.com/JailtonJunior94/ai-spec-harness/internal/metrics/tokenizer.go:48:				Name					100.0%
github.com/JailtonJunior94/ai-spec-harness/internal/metrics/tokenizer.go:53:				NewPreciseTokenizer			75.0%
github.com/JailtonJunior94/ai-spec-harness/internal/output/output.go:16:				New					100.0%
github.com/JailtonJunior94/ai-spec-harness/internal/output/output.go:20:				Info					100.0%
github.com/JailtonJunior94/ai-spec-harness/internal/output/output.go:24:				Step					100.0%
github.com/JailtonJunior94/ai-spec-harness/internal/output/output.go:28:				Debug					100.0%
github.com/JailtonJunior94/ai-spec-harness/internal/output/output.go:34:				Warn					100.0%
github.com/JailtonJunior94/ai-spec-harness/internal/output/output.go:38:				Error					100.0%
github.com/JailtonJunior94/ai-spec-harness/internal/output/output.go:42:				DryRun					100.0%
github.com/JailtonJunior94/ai-spec-harness/internal/output/output.go:47:				Status					100.0%
github.com/JailtonJunior94/ai-spec-harness/internal/parity/parity.go:76:				CanonicalProviders			100.0%
github.com/JailtonJunior94/ai-spec-harness/internal/parity/parity.go:80:				Scope					100.0%
github.com/JailtonJunior94/ai-spec-harness/internal/parity/parity.go:96:				EvidenceInvalid				100.0%
github.com/JailtonJunior94/ai-spec-harness/internal/parity/parity.go:110:				File					100.0%
github.com/JailtonJunior94/ai-spec-harness/internal/parity/parity.go:119:				hasTool					75.0%
github.com/JailtonJunior94/ai-spec-harness/internal/parity/parity.go:134:				pass					100.0%
github.com/JailtonJunior94/ai-spec-harness/internal/parity/parity.go:135:				fail					100.0%
github.com/JailtonJunior94/ai-spec-harness/internal/parity/parity.go:136:				failf					100.0%
github.com/JailtonJunior94/ai-spec-harness/internal/parity/parity.go:155:				Run					100.0%
github.com/JailtonJunior94/ai-spec-harness/internal/parity/parity.go:184:				Warnings				0.0%
github.com/JailtonJunior94/ai-spec-harness/internal/parity/parity.go:195:				Failures				0.0%
github.com/JailtonJunior94/ai-spec-harness/internal/parity/parity.go:209:				Generate				90.9%
github.com/JailtonJunior94/ai-spec-harness/internal/parity/parity.go:253:				selfSatisfiedInvariantStubPaths		100.0%
github.com/JailtonJunior94/ai-spec-harness/internal/parity/parity.go:270:				Invariants				100.0%
github.com/JailtonJunior94/ai-spec-harness/internal/parity/parity.go:606:				universalRuleStubPaths			100.0%
github.com/JailtonJunior94/ai-spec-harness/internal/parity/parity.go:624:				decodeOpenCodeDocument			75.0%
github.com/JailtonJunior94/ai-spec-harness/internal/parity/parity.go:632:				decodeOpenCodePermission		80.0%
github.com/JailtonJunior94/ai-spec-harness/internal/parity/parity.go:642:				parseEventsJSONL			88.9%
github.com/JailtonJunior94/ai-spec-harness/internal/parity/parity.go:660:				maxAgentDepth				50.0%
github.com/JailtonJunior94/ai-spec-harness/internal/parity/r1_receiver.go:6:				NewChecker				100.0%
github.com/JailtonJunior94/ai-spec-harness/internal/platform/platform.go:15:				NewDetector				100.0%
github.com/JailtonJunior94/ai-spec-harness/internal/platform/platform.go:20:				Current					100.0%
github.com/JailtonJunior94/ai-spec-harness/internal/platform/platform.go:26:				SupportsSymlinks			100.0%
github.com/JailtonJunior94/ai-spec-harness/internal/prerequisites/prerequisites.go:89:			Verify					95.0%
github.com/JailtonJunior94/ai-spec-harness/internal/prerequisites/prerequisites.go:122:			KnownSkills				100.0%
github.com/JailtonJunior94/ai-spec-harness/internal/prerequisites/prerequisites.go:130:			anyExists				100.0%
github.com/JailtonJunior94/ai-spec-harness/internal/prerequisites/r1_receiver.go:6:			NewVerifier				100.0%
github.com/JailtonJunior94/ai-spec-harness/internal/procref/liveness.go:14:				CurrentProcessRef			100.0%
github.com/JailtonJunior94/ai-spec-harness/internal/procref/liveness.go:34:				Probe					100.0%
github.com/JailtonJunior94/ai-spec-harness/internal/procref/process_unix.go:11:				checkProcessLiveness			81.8%
github.com/JailtonJunior94/ai-spec-harness/internal/qualitygate/cache.go:32:				NewFileCache				100.0%
github.com/JailtonJunior94/ai-spec-harness/internal/qualitygate/cache.go:36:				load					77.8%
github.com/JailtonJunior94/ai-spec-harness/internal/qualitygate/cache.go:52:				Get					80.0%
github.com/JailtonJunior94/ai-spec-harness/internal/qualitygate/cache.go:61:				Put					76.9%
github.com/JailtonJunior94/ai-spec-harness/internal/qualitygate/checks.go:20:				Valid					100.0%
github.com/JailtonJunior94/ai-spec-harness/internal/qualitygate/checks.go:24:				String					100.0%
github.com/JailtonJunior94/ai-spec-harness/internal/qualitygate/checks.go:37:				ParseCheckKind				100.0%
github.com/JailtonJunior94/ai-spec-harness/internal/qualitygate/checks.go:46:				CheckKinds				0.0%
github.com/JailtonJunior94/ai-spec-harness/internal/qualitygate/evidence.go:33:				CommandLines				100.0%
github.com/JailtonJunior94/ai-spec-harness/internal/qualitygate/evidence.go:53:				NewFileEvidenceWriter			100.0%
github.com/JailtonJunior94/ai-spec-harness/internal/qualitygate/evidence.go:57:				Persist					75.0%
github.com/JailtonJunior94/ai-spec-harness/internal/qualitygate/executor.go:25:				NewShellExecutor			100.0%
github.com/JailtonJunior94/ai-spec-harness/internal/qualitygate/executor.go:29:				Execute					96.2%
github.com/JailtonJunior94/ai-spec-harness/internal/qualitygate/fingerprint.go:30:			ComputeFingerprint			88.9%
github.com/JailtonJunior94/ai-spec-harness/internal/qualitygate/gate.go:34:				NewGate					100.0%
github.com/JailtonJunior94/ai-spec-harness/internal/qualitygate/gate.go:44:				Evaluate				87.5%
github.com/JailtonJunior94/ai-spec-harness/internal/qualitygate/gate.go:121:				runChecks				93.1%
github.com/JailtonJunior94/ai-spec-harness/internal/qualitygate/gate.go:167:				gatePolicyID				100.0%
github.com/JailtonJunior94/ai-spec-harness/internal/qualitygate/gate.go:171:				errorResult				100.0%
github.com/JailtonJunior94/ai-spec-harness/internal/qualitygate/gate.go:175:				errorResultWithPolicy			75.0%
github.com/JailtonJunior94/ai-spec-harness/internal/qualitygate/gate.go:183:				notApplicableSkip			83.3%
github.com/JailtonJunior94/ai-spec-harness/internal/qualitygate/gate.go:196:				buildEvidence				100.0%
github.com/JailtonJunior94/ai-spec-harness/internal/qualitygate/loader.go:28:				NewDefaultPolicyLoader			100.0%
github.com/JailtonJunior94/ai-spec-harness/internal/qualitygate/loader.go:32:				Load					90.0%
github.com/JailtonJunior94/ai-spec-harness/internal/qualitygate/loader.go:46:				DefaultPolicySet			100.0%
github.com/JailtonJunior94/ai-spec-harness/internal/qualitygate/policy.go:27:				Lookup					100.0%
github.com/JailtonJunior94/ai-spec-harness/internal/qualitygate/policy.go:35:				Version					0.0%
github.com/JailtonJunior94/ai-spec-harness/internal/qualitygate/policy.go:51:				DecodePolicySet				91.4%
github.com/JailtonJunior94/ai-spec-harness/internal/qualitygate/policy.go:100:				parseCheckKindList			100.0%
github.com/JailtonJunior94/ai-spec-harness/internal/qualitygate/resolver.go:21:				ResolveChecks				100.0%
github.com/JailtonJunior94/ai-spec-harness/internal/qualitygate/resolver.go:48:				commandFor				80.0%
github.com/JailtonJunior94/ai-spec-harness/internal/qualitygate/resolver.go:61:				PrimaryLang				83.3%
github.com/JailtonJunior94/ai-spec-harness/internal/qualitygate/risk.go:21:				Valid					0.0%
github.com/JailtonJunior94/ai-spec-harness/internal/qualitygate/risk.go:25:				String					80.0%
github.com/JailtonJunior94/ai-spec-harness/internal/qualitygate/risk.go:38:				ParseRisk				100.0%
github.com/JailtonJunior94/ai-spec-harness/internal/qualitygate/risk.go:52:				NewTaskType				100.0%
github.com/JailtonJunior94/ai-spec-harness/internal/qualitygate/selection.go:10:			NewSelection				92.9%
github.com/JailtonJunior94/ai-spec-harness/internal/qualitygate/selection.go:37:			Required				100.0%
github.com/JailtonJunior94/ai-spec-harness/internal/qualitygate/selection.go:41:			Optional				100.0%
github.com/JailtonJunior94/ai-spec-harness/internal/qualitygate/verdict.go:15:				NewVerdict				100.0%
github.com/JailtonJunior94/ai-spec-harness/internal/qualitygate/verdict.go:19:				Result					100.0%
github.com/JailtonJunior94/ai-spec-harness/internal/qualitygate/verdict.go:23:				Override				100.0%
github.com/JailtonJunior94/ai-spec-harness/internal/reviewverdict/document.go:10:			consume					0.0%
github.com/JailtonJunior94/ai-spec-harness/internal/reviewverdict/document.go:27:			fenceDelimiter				0.0%
github.com/JailtonJunior94/ai-spec-harness/internal/reviewverdict/document.go:50:			Declarations				0.0%
github.com/JailtonJunior94/ai-spec-harness/internal/reviewverdict/document.go:64:			ParseDocument				0.0%
github.com/JailtonJunior94/ai-spec-harness/internal/reviewverdict/verdict.go:37:			Parse					100.0%
github.com/JailtonJunior94/ai-spec-harness/internal/reviewverdict/verdict.go:46:			ParseText				0.0%
github.com/JailtonJunior94/ai-spec-harness/internal/reviewverdict/verdict.go:55:			canonicalToken				100.0%
github.com/JailtonJunior94/ai-spec-harness/internal/runtime/acpfake/r1_catalog.go:6:			NewCatalog				100.0%
github.com/JailtonJunior94/ai-spec-harness/internal/runtime/acpfake/script.go:29:			NewScript				100.0%
github.com/JailtonJunior94/ai-spec-harness/internal/runtime/acpfake/script.go:34:			append					100.0%
github.com/JailtonJunior94/ai-spec-harness/internal/runtime/acpfake/script.go:40:			AppendAgentMessage			100.0%
github.com/JailtonJunior94/ai-spec-harness/internal/runtime/acpfake/script.go:45:			AppendAgentMessageWithDelay		100.0%
github.com/JailtonJunior94/ai-spec-harness/internal/runtime/acpfake/script.go:50:			AppendAgentThought			100.0%
github.com/JailtonJunior94/ai-spec-harness/internal/runtime/acpfake/script.go:55:			AppendToolCall				100.0%
github.com/JailtonJunior94/ai-spec-harness/internal/runtime/acpfake/script.go:64:			AppendToolCallUpdate			100.0%
github.com/JailtonJunior94/ai-spec-harness/internal/runtime/acpfake/script.go:83:			AppendSessionEnd			100.0%
github.com/JailtonJunior94/ai-spec-harness/internal/runtime/acpfake/script.go:94:			AppendUnknown				100.0%
github.com/JailtonJunior94/ai-spec-harness/internal/runtime/acpfake/script.go:101:			AppendRequestPermission			100.0%
github.com/JailtonJunior94/ai-spec-harness/internal/runtime/acpfake/script.go:116:			Updates					100.0%
github.com/JailtonJunior94/ai-spec-harness/internal/runtime/acpfake/server.go:23:			NewServer				100.0%
github.com/JailtonJunior94/ai-spec-harness/internal/runtime/acpfake/server.go:37:			Start					100.0%
github.com/JailtonJunior94/ai-spec-harness/internal/runtime/acpfake/server.go:72:			setConn					100.0%
github.com/JailtonJunior94/ai-spec-harness/internal/runtime/acpfake/server.go:78:			getConn					100.0%
github.com/JailtonJunior94/ai-spec-harness/internal/runtime/acpfake/server.go:90:			Initialize				100.0%
github.com/JailtonJunior94/ai-spec-harness/internal/runtime/acpfake/server.go:97:			Authenticate				0.0%
github.com/JailtonJunior94/ai-spec-harness/internal/runtime/acpfake/server.go:101:			Cancel					0.0%
github.com/JailtonJunior94/ai-spec-harness/internal/runtime/acpfake/server.go:105:			NewSession				100.0%
github.com/JailtonJunior94/ai-spec-harness/internal/runtime/acpfake/server.go:109:			ListSessions				0.0%
github.com/JailtonJunior94/ai-spec-harness/internal/runtime/acpfake/server.go:113:			ResumeSession				0.0%
github.com/JailtonJunior94/ai-spec-harness/internal/runtime/acpfake/server.go:117:			CloseSession				0.0%
github.com/JailtonJunior94/ai-spec-harness/internal/runtime/acpfake/server.go:121:			SetSessionConfigOption			0.0%
github.com/JailtonJunior94/ai-spec-harness/internal/runtime/acpfake/server.go:125:			SetSessionMode				0.0%
github.com/JailtonJunior94/ai-spec-harness/internal/runtime/acpfake/server.go:130:			Prompt					87.5%
github.com/JailtonJunior94/ai-spec-harness/internal/runtime/acpfake/server.go:189:			isSessionEnd				100.0%
github.com/JailtonJunior94/ai-spec-harness/internal/runtime/acpfake/server.go:199:			isRequestPermission			83.3%
github.com/JailtonJunior94/ai-spec-harness/internal/runtime/approval_adapters.go:31:			NewRepositoryAdapter			100.0%
github.com/JailtonJunior94/ai-spec-harness/internal/runtime/approval_adapters.go:35:			Checkpoint				75.0%
github.com/JailtonJunior94/ai-spec-harness/internal/runtime/approval_adapters.go:48:			CheckpointAt				100.0%
github.com/JailtonJunior94/ai-spec-harness/internal/runtime/approval_adapters.go:55:			FullTarget				75.0%
github.com/JailtonJunior94/ai-spec-harness/internal/runtime/approval_adapters.go:63:			Delta					75.0%
github.com/JailtonJunior94/ai-spec-harness/internal/runtime/approval_adapters.go:71:			revParseHead				87.5%
github.com/JailtonJunior94/ai-spec-harness/internal/runtime/approval_adapters.go:100:			NewTaskStatusWriter			100.0%
github.com/JailtonJunior94/ai-spec-harness/internal/runtime/approval_adapters.go:104:			Force					100.0%
github.com/JailtonJunior94/ai-spec-harness/internal/runtime/approval_adapters.go:114:			writeTaskFileStatus			90.0%
github.com/JailtonJunior94/ai-spec-harness/internal/runtime/approval_adapters.go:130:			DetectTaskTableColumns			90.9%
github.com/JailtonJunior94/ai-spec-harness/internal/runtime/approval_adapters.go:149:			detectTaskStatusColumn			100.0%
github.com/JailtonJunior94/ai-spec-harness/internal/runtime/approval_adapters.go:160:			writeTasksTableStatus			96.7%
github.com/JailtonJunior94/ai-spec-harness/internal/runtime/approval_adapters.go:209:			NewRoundEvidenceWriter			100.0%
github.com/JailtonJunior94/ai-spec-harness/internal/runtime/approval_adapters.go:213:			NewRoundEvidenceWriterWithSink		0.0%
github.com/JailtonJunior94/ai-spec-harness/internal/runtime/approval_adapters.go:217:			Dir					66.7%
github.com/JailtonJunior94/ai-spec-harness/internal/runtime/approval_adapters.go:224:			Write					30.8%
github.com/JailtonJunior94/ai-spec-harness/internal/runtime/approval_adapters.go:251:			NewReviewerAdapter			100.0%
github.com/JailtonJunior94/ai-spec-harness/internal/runtime/approval_adapters.go:255:			NewReviewerAdapterWithRepository	100.0%
github.com/JailtonJunior94/ai-spec-harness/internal/runtime/approval_adapters.go:259:			Review					88.9%
github.com/JailtonJunior94/ai-spec-harness/internal/runtime/approval_adapters.go:290:			parseCycleFindings			100.0%
github.com/JailtonJunior94/ai-spec-harness/internal/runtime/approval_adapters.go:294:			priorCutPoint				100.0%
github.com/JailtonJunior94/ai-spec-harness/internal/runtime/approval_adapters.go:310:			NewFixerAdapter				100.0%
github.com/JailtonJunior94/ai-spec-harness/internal/runtime/approval_adapters.go:314:			Fix					100.0%
github.com/JailtonJunior94/ai-spec-harness/internal/runtime/approval_adapters.go:326:			buildFixPrompt				100.0%
github.com/JailtonJunior94/ai-spec-harness/internal/runtime/client/client.go:68:			NewDefaultClientFactory			100.0%
github.com/JailtonJunior94/ai-spec-harness/internal/runtime/client/client.go:72:			New					100.0%
github.com/JailtonJunior94/ai-spec-harness/internal/runtime/client/client.go:80:			SetBypassPermissions			100.0%
github.com/JailtonJunior94/ai-spec-harness/internal/runtime/client/client.go:88:			SetChildEnv				100.0%
github.com/JailtonJunior94/ai-spec-harness/internal/runtime/client/client.go:92:			SetHandshakeWaiter			100.0%
github.com/JailtonJunior94/ai-spec-harness/internal/runtime/client/client.go:151:			newACPClient				66.7%
github.com/JailtonJunior94/ai-spec-harness/internal/runtime/client/client.go:166:			Open					95.6%
github.com/JailtonJunior94/ai-spec-harness/internal/runtime/client/client.go:228:			startProcess				91.3%
github.com/JailtonJunior94/ai-spec-harness/internal/runtime/client/client.go:260:			negotiate				94.4%
github.com/JailtonJunior94/ai-spec-harness/internal/runtime/client/client.go:301:			readLoop				88.9%
github.com/JailtonJunior94/ai-spec-harness/internal/runtime/client/client.go:336:			sessionEndEventFromPromptResponse	75.0%
github.com/JailtonJunior94/ai-spec-harness/internal/runtime/client/client.go:352:			closeChannel				100.0%
github.com/JailtonJunior94/ai-spec-harness/internal/runtime/client/client.go:376:			trySend					35.7%
github.com/JailtonJunior94/ai-spec-harness/internal/runtime/client/client.go:410:			SlowPublishes				100.0%
github.com/JailtonJunior94/ai-spec-harness/internal/runtime/client/client.go:416:			DroppedUpdates				100.0%
github.com/JailtonJunior94/ai-spec-harness/internal/runtime/client/client.go:421:			Updates					100.0%
github.com/JailtonJunior94/ai-spec-harness/internal/runtime/client/client.go:426:			Err					100.0%
github.com/JailtonJunior94/ai-spec-harness/internal/runtime/client/client.go:433:			Close					100.0%
github.com/JailtonJunior94/ai-spec-harness/internal/runtime/client/client.go:443:			killProcess				88.9%
github.com/JailtonJunior94/ai-spec-harness/internal/runtime/client/client.go:474:			SessionUpdate				100.0%
github.com/JailtonJunior94/ai-spec-harness/internal/runtime/client/client.go:483:			RequestPermission			100.0%
github.com/JailtonJunior94/ai-spec-harness/internal/runtime/client/client.go:504:			ReadTextFile				100.0%
github.com/JailtonJunior94/ai-spec-harness/internal/runtime/client/client.go:508:			WriteTextFile				100.0%
github.com/JailtonJunior94/ai-spec-harness/internal/runtime/client/client.go:512:			CreateTerminal				0.0%
github.com/JailtonJunior94/ai-spec-harness/internal/runtime/client/client.go:516:			KillTerminal				100.0%
github.com/JailtonJunior94/ai-spec-harness/internal/runtime/client/client.go:520:			ReleaseTerminal				100.0%
github.com/JailtonJunior94/ai-spec-harness/internal/runtime/client/client.go:524:			TerminalOutput				100.0%
github.com/JailtonJunior94/ai-spec-harness/internal/runtime/client/client.go:528:			WaitForTerminalExit			100.0%
github.com/JailtonJunior94/ai-spec-harness/internal/runtime/client/process_unix.go:17:			configureProcessGroup			83.3%
github.com/JailtonJunior94/ai-spec-harness/internal/runtime/client/process_unix.go:30:			interruptProcess			100.0%
github.com/JailtonJunior94/ai-spec-harness/internal/runtime/client/process_unix.go:35:			killProcessHard				0.0%
github.com/JailtonJunior94/ai-spec-harness/internal/runtime/client/r1_catalog.go:6:			NewCatalog				100.0%
github.com/JailtonJunior94/ai-spec-harness/internal/runtime/client/testing.go:17:			Provide					100.0%
github.com/JailtonJunior94/ai-spec-harness/internal/runtime/client/testing.go:24:			NewTestClient				100.0%
github.com/JailtonJunior94/ai-spec-harness/internal/runtime/client/testing.go:30:			NewTestClientWithBackpressure		100.0%
github.com/JailtonJunior94/ai-spec-harness/internal/runtime/clock.go:16:				RealClock				100.0%
github.com/JailtonJunior94/ai-spec-harness/internal/runtime/clock.go:20:				Now					100.0%
github.com/JailtonJunior94/ai-spec-harness/internal/runtime/events/cancel_reason.go:30:			ParseCancelReason			100.0%
github.com/JailtonJunior94/ai-spec-harness/internal/runtime/events/convert.go:18:			rawDiscriminator			90.0%
github.com/JailtonJunior94/ai-spec-harness/internal/runtime/events/convert.go:36:			extractExitCode				70.0%
github.com/JailtonJunior94/ai-spec-harness/internal/runtime/events/convert.go:53:			extractErrorReason			88.9%
github.com/JailtonJunior94/ai-spec-harness/internal/runtime/events/convert.go:71:			contentBlockText			100.0%
github.com/JailtonJunior94/ai-spec-harness/internal/runtime/events/convert.go:79:			isFinalStatus				100.0%
github.com/JailtonJunior94/ai-spec-harness/internal/runtime/events/convert.go:89:			FromACPRaw				100.0%
github.com/JailtonJunior94/ai-spec-harness/internal/runtime/events/convert.go:117:			FromACPUpdate				96.7%
github.com/JailtonJunior94/ai-spec-harness/internal/runtime/events/convert.go:243:			ExtractClaudeMetrics			100.0%
github.com/JailtonJunior94/ai-spec-harness/internal/runtime/events/counters.go:39:			NewToolCallCounters			100.0%
github.com/JailtonJunior94/ai-spec-harness/internal/runtime/events/counters.go:48:			Record					88.0%
github.com/JailtonJunior94/ai-spec-harness/internal/runtime/events/counters.go:96:			ToolCalls				100.0%
github.com/JailtonJunior94/ai-spec-harness/internal/runtime/events/counters.go:114:			MappedCount				100.0%
github.com/JailtonJunior94/ai-spec-harness/internal/runtime/events/counters.go:119:			UnknownKinds				100.0%
github.com/JailtonJunior94/ai-spec-harness/internal/runtime/events/event.go:49:				WithNormalization			0.0%
github.com/JailtonJunior94/ai-spec-harness/internal/runtime/events/event.go:58:				NormalizedName				0.0%
github.com/JailtonJunior94/ai-spec-harness/internal/runtime/events/event.go:66:				RawToolName				0.0%
github.com/JailtonJunior94/ai-spec-harness/internal/runtime/events/event.go:74:				NewAgentMessage				100.0%
github.com/JailtonJunior94/ai-spec-harness/internal/runtime/events/event.go:87:				NewAgentThought				100.0%
github.com/JailtonJunior94/ai-spec-harness/internal/runtime/events/event.go:100:			NewToolCallStart			100.0%
github.com/JailtonJunior94/ai-spec-harness/internal/runtime/events/event.go:114:			NewToolCallUpdate			100.0%
github.com/JailtonJunior94/ai-spec-harness/internal/runtime/events/event.go:125:			NewSessionEnd				100.0%
github.com/JailtonJunior94/ai-spec-harness/internal/runtime/events/event.go:136:			NewRuntimeInit				100.0%
github.com/JailtonJunior94/ai-spec-harness/internal/runtime/events/event.go:158:			NewUnknown				100.0%
github.com/JailtonJunior94/ai-spec-harness/internal/runtime/events/event.go:168:			Kind					100.0%
github.com/JailtonJunior94/ai-spec-harness/internal/runtime/events/event.go:171:			Timestamp				100.0%
github.com/JailtonJunior94/ai-spec-harness/internal/runtime/events/event.go:174:			ToolCallID				100.0%
github.com/JailtonJunior94/ai-spec-harness/internal/runtime/events/event.go:177:			Launcher				100.0%
github.com/JailtonJunior94/ai-spec-harness/internal/runtime/events/event.go:180:			IsTerminal				100.0%
github.com/JailtonJunior94/ai-spec-harness/internal/runtime/events/event.go:183:			AgentMessage				100.0%
github.com/JailtonJunior94/ai-spec-harness/internal/runtime/events/event.go:186:			AgentThought				100.0%
github.com/JailtonJunior94/ai-spec-harness/internal/runtime/events/event.go:189:			ToolCallStart				100.0%
github.com/JailtonJunior94/ai-spec-harness/internal/runtime/events/event.go:192:			ToolCallUpdate				100.0%
github.com/JailtonJunior94/ai-spec-harness/internal/runtime/events/event.go:195:			SessionEnd				100.0%
github.com/JailtonJunior94/ai-spec-harness/internal/runtime/events/event.go:198:			RuntimeInit				100.0%
github.com/JailtonJunior94/ai-spec-harness/internal/runtime/events/event.go:201:			Unknown					100.0%
github.com/JailtonJunior94/ai-spec-harness/internal/runtime/events/event.go:205:			Raw					0.0%
github.com/JailtonJunior94/ai-spec-harness/internal/runtime/events/event.go:220:			MarshalJSON				71.4%
github.com/JailtonJunior94/ai-spec-harness/internal/runtime/events/extractor.go:23:			ExtractorFor				100.0%
github.com/JailtonJunior94/ai-spec-harness/internal/runtime/events/extractor.go:41:			Extract					100.0%
github.com/JailtonJunior94/ai-spec-harness/internal/runtime/events/extractor.go:60:			Extract					100.0%
github.com/JailtonJunior94/ai-spec-harness/internal/runtime/events/kinds.go:37:				ParseEventKind				100.0%
github.com/JailtonJunior94/ai-spec-harness/internal/runtime/events/metricset.go:31:			NewMetricSet				100.0%
github.com/JailtonJunior94/ai-spec-harness/internal/runtime/events/metricset.go:47:			max0					100.0%
github.com/JailtonJunior94/ai-spec-harness/internal/runtime/events/metricset.go:55:			TotalTokens				100.0%
github.com/JailtonJunior94/ai-spec-harness/internal/runtime/events/metricset.go:58:			CacheReadTokens				100.0%
github.com/JailtonJunior94/ai-spec-harness/internal/runtime/events/metricset.go:61:			ThinkingTokens				100.0%
github.com/JailtonJunior94/ai-spec-harness/internal/runtime/events/metricset.go:65:			Extra					100.0%
github.com/JailtonJunior94/ai-spec-harness/internal/runtime/events/metricset.go:74:			Merge					100.0%
github.com/JailtonJunior94/ai-spec-harness/internal/runtime/events/metricset.go:96:			IsZero					100.0%
github.com/JailtonJunior94/ai-spec-harness/internal/runtime/events/metricset.go:112:			Fields					100.0%
github.com/JailtonJunior94/ai-spec-harness/internal/runtime/events/normalize.go:61:			loadRules				95.8%
github.com/JailtonJunior94/ai-spec-harness/internal/runtime/events/normalize.go:96:			resolveInherit				60.0%
github.com/JailtonJunior94/ai-spec-harness/internal/runtime/events/normalize.go:124:			BuildNormalizedToolCall			100.0%
github.com/JailtonJunior94/ai-spec-harness/internal/runtime/events/normalize.go:143:			BuildNormalizedToolCallByDriver		83.3%
github.com/JailtonJunior94/ai-spec-harness/internal/runtime/events/normalize.go:155:			buildNormalized				87.5%
github.com/JailtonJunior94/ai-spec-harness/internal/runtime/events/normalize.go:183:			normalizeInput				95.8%
github.com/JailtonJunior94/ai-spec-harness/internal/runtime/events/payloads.go:9:			Text					100.0%
github.com/JailtonJunior94/ai-spec-harness/internal/runtime/events/payloads.go:19:			Text					100.0%
github.com/JailtonJunior94/ai-spec-harness/internal/runtime/events/payloads.go:30:			Name					100.0%
github.com/JailtonJunior94/ai-spec-harness/internal/runtime/events/payloads.go:35:			Input					100.0%
github.com/JailtonJunior94/ai-spec-harness/internal/runtime/events/payloads.go:47:			Output					100.0%
github.com/JailtonJunior94/ai-spec-harness/internal/runtime/events/payloads.go:52:			Status					100.0%
github.com/JailtonJunior94/ai-spec-harness/internal/runtime/events/payloads.go:57:			Final					100.0%
github.com/JailtonJunior94/ai-spec-harness/internal/runtime/events/payloads.go:68:			ExitCode				100.0%
github.com/JailtonJunior94/ai-spec-harness/internal/runtime/events/payloads.go:73:			Reason					100.0%
github.com/JailtonJunior94/ai-spec-harness/internal/runtime/events/payloads.go:87:			Launcher				100.0%
github.com/JailtonJunior94/ai-spec-harness/internal/runtime/events/payloads.go:92:			Command					100.0%
github.com/JailtonJunior94/ai-spec-harness/internal/runtime/events/payloads.go:97:			Args					100.0%
github.com/JailtonJunior94/ai-spec-harness/internal/runtime/events/payloads.go:104:			SDKVersion				100.0%
github.com/JailtonJunior94/ai-spec-harness/internal/runtime/events/payloads.go:109:			NpmVersion				100.0%
github.com/JailtonJunior94/ai-spec-harness/internal/runtime/events/payloads.go:119:			RawKind					100.0%
github.com/JailtonJunior94/ai-spec-harness/internal/runtime/events/r1_catalog.go:6:			NewCatalog				100.0%
github.com/JailtonJunior94/ai-spec-harness/internal/runtime/events/state.go:33:				Transition				100.0%
github.com/JailtonJunior94/ai-spec-harness/internal/runtime/events/timeout.go:14:			NewActivityTimeout			100.0%
github.com/JailtonJunior94/ai-spec-harness/internal/runtime/events/timeout.go:22:			Disabled				100.0%
github.com/JailtonJunior94/ai-spec-harness/internal/runtime/events/timeout.go:27:			Duration				100.0%
github.com/JailtonJunior94/ai-spec-harness/internal/runtime/events/toolcallid.go:13:			NewToolCallID				100.0%
github.com/JailtonJunior94/ai-spec-harness/internal/runtime/events/toolcallid.go:18:			IsZero					100.0%
github.com/JailtonJunior94/ai-spec-harness/internal/runtime/events/toolcallid.go:23:			String					100.0%
github.com/JailtonJunior94/ai-spec-harness/internal/runtime/events/toolcallid.go:28:			MarshalJSON				100.0%
github.com/JailtonJunior94/ai-spec-harness/internal/runtime/handshake/catalog.go:5:			NewCatalog				100.0%
github.com/JailtonJunior94/ai-spec-harness/internal/runtime/handshake/waiter.go:26:			NewWaiter				73.7%
github.com/JailtonJunior94/ai-spec-harness/internal/runtime/handshake/waiter.go:54:			Close					66.7%
github.com/JailtonJunior94/ai-spec-harness/internal/runtime/handshake/waiter.go:61:			removeStale				75.0%
github.com/JailtonJunior94/ai-spec-harness/internal/runtime/handshake/waiter.go:69:			Path					100.0%
github.com/JailtonJunior94/ai-spec-harness/internal/runtime/handshake/waiter.go:71:			Wait					100.0%
github.com/JailtonJunior94/ai-spec-harness/internal/runtime/hooks/dispatcher.go:66:			Kind					0.0%
github.com/JailtonJunior94/ai-spec-harness/internal/runtime/hooks/dispatcher.go:74:			Kind					100.0%
github.com/JailtonJunior94/ai-spec-harness/internal/runtime/hooks/dispatcher.go:86:			Kind					100.0%
github.com/JailtonJunior94/ai-spec-harness/internal/runtime/hooks/dispatcher.go:99:			Kind					0.0%
github.com/JailtonJunior94/ai-spec-harness/internal/runtime/hooks/dispatcher.go:108:			Kind					0.0%
github.com/JailtonJunior94/ai-spec-harness/internal/runtime/hooks/dispatcher.go:119:			New					100.0%
github.com/JailtonJunior94/ai-spec-harness/internal/runtime/hooks/dispatcher.go:126:			Register				100.0%
github.com/JailtonJunior94/ai-spec-harness/internal/runtime/hooks/dispatcher.go:135:			Dispatch				100.0%
github.com/JailtonJunior94/ai-spec-harness/internal/runtime/hooks/governance.go:34:			NewGovernanceHook			100.0%
github.com/JailtonJunior94/ai-spec-harness/internal/runtime/hooks/governance.go:39:			Name					100.0%
github.com/JailtonJunior94/ai-spec-harness/internal/runtime/hooks/governance.go:43:			Run					88.9%
github.com/JailtonJunior94/ai-spec-harness/internal/runtime/hooks/memory_events.go:20:			Kind					100.0%
github.com/JailtonJunior94/ai-spec-harness/internal/runtime/hooks/memory_events.go:29:			Kind					100.0%
github.com/JailtonJunior94/ai-spec-harness/internal/runtime/hooks/memory_events.go:38:			Kind					100.0%
github.com/JailtonJunior94/ai-spec-harness/internal/runtime/hooks/memory_events.go:47:			Kind					100.0%
github.com/JailtonJunior94/ai-spec-harness/internal/runtime/hooks/memory_events.go:56:			Kind					100.0%
github.com/JailtonJunior94/ai-spec-harness/internal/runtime/hooks/memory_events.go:65:			Kind					100.0%
github.com/JailtonJunior94/ai-spec-harness/internal/runtime/hooks/memory_events.go:74:			Kind					100.0%
github.com/JailtonJunior94/ai-spec-harness/internal/runtime/hooks/memory_evidence.go:20:		NewMemoryEvidenceRecorder		100.0%
github.com/JailtonJunior94/ai-spec-harness/internal/runtime/hooks/memory_evidence.go:24:		record					100.0%
github.com/JailtonJunior94/ai-spec-harness/internal/runtime/hooks/memory_evidence.go:30:		recordError				100.0%
github.com/JailtonJunior94/ai-spec-harness/internal/runtime/hooks/memory_evidence.go:36:		Entries					100.0%
github.com/JailtonJunior94/ai-spec-harness/internal/runtime/hooks/memory_evidence.go:44:		Errors					100.0%
github.com/JailtonJunior94/ai-spec-harness/internal/runtime/hooks/memory_evidence.go:58:		NewMemoryEvidenceHook			100.0%
github.com/JailtonJunior94/ai-spec-harness/internal/runtime/hooks/memory_evidence.go:62:		Name					100.0%
github.com/JailtonJunior94/ai-spec-harness/internal/runtime/hooks/memory_evidence.go:64:		Run					40.0%
github.com/JailtonJunior94/ai-spec-harness/internal/runtime/hooks/memory_persist.go:41:			NewMemoryPersistHook			100.0%
github.com/JailtonJunior94/ai-spec-harness/internal/runtime/hooks/memory_persist.go:46:			Name					100.0%
github.com/JailtonJunior94/ai-spec-harness/internal/runtime/hooks/memory_persist.go:48:			Run					95.0%
github.com/JailtonJunior94/ai-spec-harness/internal/runtime/hooks/memory_persist.go:79:			buildMemoryContent			100.0%
github.com/JailtonJunior94/ai-spec-harness/internal/runtime/hooks/projection.go:25:			CanonicalEventFor			100.0%
github.com/JailtonJunior94/ai-spec-harness/internal/runtime/hooks/projection.go:30:			PointsWithoutCanonicalEvent		100.0%
github.com/JailtonJunior94/ai-spec-harness/internal/runtime/hooks/projection.go:36:			AllPoints				100.0%
github.com/JailtonJunior94/ai-spec-harness/internal/runtime/hooks/quality_gate.go:18:			NewQualityGateHook			100.0%
github.com/JailtonJunior94/ai-spec-harness/internal/runtime/hooks/quality_gate.go:22:			Name					0.0%
github.com/JailtonJunior94/ai-spec-harness/internal/runtime/hooks/quality_gate.go:24:			Run					75.0%
github.com/JailtonJunior94/ai-spec-harness/internal/runtime/hooks/quality_gate.go:41:			RegisterQualityGate			100.0%
github.com/JailtonJunior94/ai-spec-harness/internal/runtime/hooks/spec_drift.go:40:			NewSpecDriftHook			100.0%
github.com/JailtonJunior94/ai-spec-harness/internal/runtime/hooks/spec_drift.go:45:			Name					0.0%
github.com/JailtonJunior94/ai-spec-harness/internal/runtime/hooks/spec_drift.go:55:			Run					100.0%
github.com/JailtonJunior94/ai-spec-harness/internal/runtime/hooks/token_budget.go:51:			NewTokenBudgetHook			100.0%
github.com/JailtonJunior94/ai-spec-harness/internal/runtime/hooks/token_budget.go:58:			NewTokenBudgetHookWithClass		100.0%
github.com/JailtonJunior94/ai-spec-harness/internal/runtime/hooks/token_budget.go:65:			NewTokenBudgetHookWithWindow		100.0%
github.com/JailtonJunior94/ai-spec-harness/internal/runtime/hooks/token_budget.go:73:			Name					100.0%
github.com/JailtonJunior94/ai-spec-harness/internal/runtime/hooks/token_budget.go:78:			Run					100.0%
github.com/JailtonJunior94/ai-spec-harness/internal/runtime/hooks/token_budget.go:99:			scaleLimit				100.0%
github.com/JailtonJunior94/ai-spec-harness/internal/runtime/mcpserver/engine.go:34:			spawnNestedSession			87.2%
github.com/JailtonJunior94/ai-spec-harness/internal/runtime/mcpserver/engine.go:112:			resolveAgentSpec			100.0%
github.com/JailtonJunior94/ai-spec-harness/internal/runtime/mcpserver/engine.go:122:			generateSessionID			100.0%
github.com/JailtonJunior94/ai-spec-harness/internal/runtime/mcpserver/engine.go:129:			resolveParentEvidenceDir		100.0%
github.com/JailtonJunior94/ai-spec-harness/internal/runtime/mcpserver/engine.go:138:			buildChildPrompt			100.0%
github.com/JailtonJunior94/ai-spec-harness/internal/runtime/mcpserver/engine.go:146:			buildSummaryText			0.0%
github.com/JailtonJunior94/ai-spec-harness/internal/runtime/mcpserver/r1_catalog.go:6:			NewCatalog				100.0%
github.com/JailtonJunior94/ai-spec-harness/internal/runtime/mcpserver/server.go:80:			New					100.0%
github.com/JailtonJunior94/ai-spec-harness/internal/runtime/mcpserver/server.go:92:			resolveMaxDepth				50.0%
github.com/JailtonJunior94/ai-spec-harness/internal/runtime/mcpserver/server.go:102:			Serve					84.2%
github.com/JailtonJunior94/ai-spec-harness/internal/runtime/mcpserver/server.go:133:			handleRequest				83.3%
github.com/JailtonJunior94/ai-spec-harness/internal/runtime/mcpserver/server.go:156:			handleInitialize			100.0%
github.com/JailtonJunior94/ai-spec-harness/internal/runtime/mcpserver/server.go:171:			handleToolsList				100.0%
github.com/JailtonJunior94/ai-spec-harness/internal/runtime/mcpserver/server.go:185:			handleToolsCall				72.9%
github.com/JailtonJunior94/ai-spec-harness/internal/runtime/mcpserver/server.go:278:			loadNestedContext			100.0%
github.com/JailtonJunior94/ai-spec-harness/internal/runtime/mcpserver/server.go:291:			runAgentInputSchema			100.0%
github.com/JailtonJunior94/ai-spec-harness/internal/runtime/mcpserver/wire/wire.go:120:			NewCodec				100.0%
github.com/JailtonJunior94/ai-spec-harness/internal/runtime/mcpserver/wire/wire.go:132:			ReadRequest				87.5%
github.com/JailtonJunior94/ai-spec-harness/internal/runtime/mcpserver/wire/wire.go:147:			WriteResponse				66.7%
github.com/JailtonJunior94/ai-spec-harness/internal/runtime/mcpserver/wire/wire.go:155:			WriteError				100.0%
github.com/JailtonJunior94/ai-spec-harness/internal/runtime/mcpserver/wire/wire.go:164:			WriteResult				100.0%
github.com/JailtonJunior94/ai-spec-harness/internal/runtime/memory/durable/budget_policy.go:50:		Resolve					100.0%
github.com/JailtonJunior94/ai-spec-harness/internal/runtime/memory/durable/budget_policy.go:70:		Allocate				95.8%
github.com/JailtonJunior94/ai-spec-harness/internal/runtime/memory/durable/budget_policy.go:133:	estimateTokens				100.0%
github.com/JailtonJunior94/ai-spec-harness/internal/runtime/memory/durable/compaction_policy.go:23:	Compact					95.7%
github.com/JailtonJunior94/ai-spec-harness/internal/runtime/memory/durable/durability_policy.go:7:	Classify				100.0%
github.com/JailtonJunior94/ai-spec-harness/internal/runtime/memory/durable/facade.go:84:		NewFacade				100.0%
github.com/JailtonJunior94/ai-spec-harness/internal/runtime/memory/durable/facade.go:88:		NewFacadeWithLayer			100.0%
github.com/JailtonJunior94/ai-spec-harness/internal/runtime/memory/durable/facade.go:92:		NewFacadeWithLayerAndLocker		80.0%
github.com/JailtonJunior94/ai-spec-harness/internal/runtime/memory/durable/facade.go:111:		scopeForLayer				100.0%
github.com/JailtonJunior94/ai-spec-harness/internal/runtime/memory/durable/facade.go:124:		BuildContext				83.0%
github.com/JailtonJunior94/ai-spec-harness/internal/runtime/memory/durable/facade.go:187:		withRecoveryLatency			100.0%
github.com/JailtonJunior94/ai-spec-harness/internal/runtime/memory/durable/facade.go:201:		renderBlock				81.8%
github.com/JailtonJunior94/ai-spec-harness/internal/runtime/memory/durable/facade.go:218:		RecordSession				74.2%
github.com/JailtonJunior94/ai-spec-harness/internal/runtime/memory/durable/facade.go:348:		ClaimSession				66.7%
github.com/JailtonJunior94/ai-spec-harness/internal/runtime/memory/durable/facade.go:364:		ReleaseSession				83.3%
github.com/JailtonJunior94/ai-spec-harness/internal/runtime/memory/durable/facade.go:375:		RenewSession				100.0%
github.com/JailtonJunior94/ai-spec-harness/internal/runtime/memory/durable/facade.go:382:		resolveCompactionConfig			100.0%
github.com/JailtonJunior94/ai-spec-harness/internal/runtime/memory/durable/facade.go:393:		claimBaton				87.5%
github.com/JailtonJunior94/ai-spec-harness/internal/runtime/memory/durable/facade.go:403:		leaseOwner				100.0%
github.com/JailtonJunior94/ai-spec-harness/internal/runtime/memory/durable/facade.go:410:		deriveFacts				88.9%
github.com/JailtonJunior94/ai-spec-harness/internal/runtime/memory/durable/fact.go:30:			String					80.0%
github.com/JailtonJunior94/ai-spec-harness/internal/runtime/memory/durable/fact.go:43:			durabilityFromString			83.3%
github.com/JailtonJunior94/ai-spec-harness/internal/runtime/memory/durable/fact.go:58:			MarshalYAML				100.0%
github.com/JailtonJunior94/ai-spec-harness/internal/runtime/memory/durable/fact.go:62:			UnmarshalYAML				87.5%
github.com/JailtonJunior94/ai-spec-harness/internal/runtime/memory/durable/fact.go:86:			String					100.0%
github.com/JailtonJunior94/ai-spec-harness/internal/runtime/memory/durable/fact.go:103:			factStateFromString			87.5%
github.com/JailtonJunior94/ai-spec-harness/internal/runtime/memory/durable/fact.go:122:			MarshalYAML				100.0%
github.com/JailtonJunior94/ai-spec-harness/internal/runtime/memory/durable/fact.go:126:			UnmarshalYAML				75.0%
github.com/JailtonJunior94/ai-spec-harness/internal/runtime/memory/durable/fact.go:149:			String					83.3%
github.com/JailtonJunior94/ai-spec-harness/internal/runtime/memory/durable/fact.go:164:			linkTypeFromString			85.7%
github.com/JailtonJunior94/ai-spec-harness/internal/runtime/memory/durable/fact.go:181:			MarshalYAML				100.0%
github.com/JailtonJunior94/ai-spec-harness/internal/runtime/memory/durable/fact.go:185:			UnmarshalYAML				87.5%
github.com/JailtonJunior94/ai-spec-harness/internal/runtime/memory/durable/fact.go:228:			String					80.0%
github.com/JailtonJunior94/ai-spec-harness/internal/runtime/memory/durable/fact.go:241:			targetLayerFromString			83.3%
github.com/JailtonJunior94/ai-spec-harness/internal/runtime/memory/durable/fact.go:256:			MarshalYAML				100.0%
github.com/JailtonJunior94/ai-spec-harness/internal/runtime/memory/durable/fact.go:260:			UnmarshalYAML				87.5%
github.com/JailtonJunior94/ai-spec-harness/internal/runtime/memory/durable/fact.go:273:			ValidateFact				85.7%
github.com/JailtonJunior94/ai-spec-harness/internal/runtime/memory/durable/fact.go:286:			ResolveLayer				100.0%
github.com/JailtonJunior94/ai-spec-harness/internal/runtime/memory/durable/fact.go:299:			HashContent				100.0%
github.com/JailtonJunior94/ai-spec-harness/internal/runtime/memory/durable/fact.go:313:			DetectCollision				100.0%
github.com/JailtonJunior94/ai-spec-harness/internal/runtime/memory/durable/fact.go:329:			DeriveSemanticKey			100.0%
github.com/JailtonJunior94/ai-spec-harness/internal/runtime/memory/durable/fact.go:343:			normalizeToken				100.0%
github.com/JailtonJunior94/ai-spec-harness/internal/runtime/memory/durable/handoff_lease.go:30:		String					100.0%
github.com/JailtonJunior94/ai-spec-harness/internal/runtime/memory/durable/handoff_lease.go:53:		String					100.0%
github.com/JailtonJunior94/ai-spec-harness/internal/runtime/memory/durable/handoff_lease.go:93:		HandoffLeasePath			100.0%
github.com/JailtonJunior94/ai-spec-harness/internal/runtime/memory/durable/handoff_lease.go:97:		handoffLockPath				100.0%
github.com/JailtonJunior94/ai-spec-harness/internal/runtime/memory/durable/handoff_lease.go:109:	LoadHandoffLeaseFile			77.8%
github.com/JailtonJunior94/ai-spec-harness/internal/runtime/memory/durable/handoff_lease.go:132:	SaveHandoffLeaseFile			75.0%
github.com/JailtonJunior94/ai-spec-harness/internal/runtime/memory/durable/handoff_lease.go:159:	NewHandoffLeaseStore			100.0%
github.com/JailtonJunior94/ai-spec-harness/internal/runtime/memory/durable/handoff_lease.go:163:	withLock				72.2%
github.com/JailtonJunior94/ai-spec-harness/internal/runtime/memory/durable/handoff_lease.go:190:	Load					75.0%
github.com/JailtonJunior94/ai-spec-harness/internal/runtime/memory/durable/handoff_lease.go:198:	Claim					80.0%
github.com/JailtonJunior94/ai-spec-harness/internal/runtime/memory/durable/handoff_lease.go:215:	Renew					75.0%
github.com/JailtonJunior94/ai-spec-harness/internal/runtime/memory/durable/handoff_lease.go:235:	Release					77.8%
github.com/JailtonJunior94/ai-spec-harness/internal/runtime/memory/durable/handoff_lease.go:267:	NewContinuityHandoff			100.0%
github.com/JailtonJunior94/ai-spec-harness/internal/runtime/memory/durable/handoff_lease.go:275:	Current					100.0%
github.com/JailtonJunior94/ai-spec-harness/internal/runtime/memory/durable/handoff_lease.go:283:	Claim					100.0%
github.com/JailtonJunior94/ai-spec-harness/internal/runtime/memory/durable/handoff_lease.go:287:	Renew					100.0%
github.com/JailtonJunior94/ai-spec-harness/internal/runtime/memory/durable/layer.go:28:			directory				100.0%
github.com/JailtonJunior94/ai-spec-harness/internal/runtime/memory/durable/layer.go:45:			fileName				85.7%
github.com/JailtonJunior94/ai-spec-harness/internal/runtime/memory/durable/layer.go:61:			activePath				100.0%
github.com/JailtonJunior94/ai-spec-harness/internal/runtime/memory/durable/layer.go:73:			sidecarPath				80.0%
github.com/JailtonJunior94/ai-spec-harness/internal/runtime/memory/durable/layer.go:82:			ActivePath				100.0%
github.com/JailtonJunior94/ai-spec-harness/internal/runtime/memory/durable/layer.go:86:			SidecarPath				100.0%
github.com/JailtonJunior94/ai-spec-harness/internal/runtime/memory/durable/layer.go:90:			lockPath				100.0%
github.com/JailtonJunior94/ai-spec-harness/internal/runtime/memory/durable/layer.go:117:		NewLayer				100.0%
github.com/JailtonJunior94/ai-spec-harness/internal/runtime/memory/durable/layer.go:121:		NewLayerWithLocker			100.0%
github.com/JailtonJunior94/ai-spec-harness/internal/runtime/memory/durable/layer.go:130:		Read					100.0%
github.com/JailtonJunior94/ai-spec-harness/internal/runtime/memory/durable/layer.go:151:		ReadAll					75.0%
github.com/JailtonJunior94/ai-spec-harness/internal/runtime/memory/durable/layer.go:159:		Consolidate				88.0%
github.com/JailtonJunior94/ai-spec-harness/internal/runtime/memory/durable/layer.go:198:		Archive					77.8%
github.com/JailtonJunior94/ai-spec-harness/internal/runtime/memory/durable/layer.go:242:		Promote					78.3%
github.com/JailtonJunior94/ai-spec-harness/internal/runtime/memory/durable/layer.go:309:		ensureScopeDirectory			66.7%
github.com/JailtonJunior94/ai-spec-harness/internal/runtime/memory/durable/layer.go:320:		lockInOrder				69.2%
github.com/JailtonJunior94/ai-spec-harness/internal/runtime/memory/durable/layer.go:342:		mergeFacts				100.0%
github.com/JailtonJunior94/ai-spec-harness/internal/runtime/memory/durable/layer.go:398:		readPage				90.9%
github.com/JailtonJunior94/ai-spec-harness/internal/runtime/memory/durable/layer.go:416:		writePage				92.3%
github.com/JailtonJunior94/ai-spec-harness/internal/runtime/memory/durable/layer_lock.go:9:		Lock					100.0%
github.com/JailtonJunior94/ai-spec-harness/internal/runtime/memory/durable/layer_lock_unix.go:12:	acquireLayerLock			46.7%
github.com/JailtonJunior94/ai-spec-harness/internal/runtime/memory/durable/lease_policy.go:16:		probe					66.7%
github.com/JailtonJunior94/ai-spec-harness/internal/runtime/memory/durable/lease_policy.go:23:		resolveTTL				100.0%
github.com/JailtonJunior94/ai-spec-harness/internal/runtime/memory/durable/lease_policy.go:30:		Claim					100.0%
github.com/JailtonJunior94/ai-spec-harness/internal/runtime/memory/durable/lease_policy.go:77:		Renew					100.0%
github.com/JailtonJunior94/ai-spec-harness/internal/runtime/memory/durable/page.go:48:			NewMarkdownPage				100.0%
github.com/JailtonJunior94/ai-spec-harness/internal/runtime/memory/durable/page.go:52:			Parse					95.7%
github.com/JailtonJunior94/ai-spec-harness/internal/runtime/memory/durable/page.go:121:			nextFactBlock				80.0%
github.com/JailtonJunior94/ai-spec-harness/internal/runtime/memory/durable/page.go:164:			Serialize				93.2%
github.com/JailtonJunior94/ai-spec-harness/internal/runtime/memory/durable/page.go:233:			completePageHeader			100.0%
github.com/JailtonJunior94/ai-spec-harness/internal/runtime/memory/durable/page.go:264:			validatePageHeader			100.0%
github.com/JailtonJunior94/ai-spec-harness/internal/runtime/memory/durable/r1_catalog.go:5:		NewCatalog				100.0%
github.com/JailtonJunior94/ai-spec-harness/internal/runtime/memory/durable/relevance_policy.go:9:	Rank					100.0%
github.com/JailtonJunior94/ai-spec-harness/internal/runtime/memory/durable/relevance_policy.go:20:	less					100.0%
github.com/JailtonJunior94/ai-spec-harness/internal/runtime/memory/durable/relevance_policy.go:29:	score					100.0%
github.com/JailtonJunior94/ai-spec-harness/internal/runtime/memory/durable/sanitization_policy.go:14:	NewSanitizationPattern			75.0%
github.com/JailtonJunior94/ai-spec-harness/internal/runtime/memory/durable/sanitization_policy.go:68:	Sanitize				100.0%
github.com/JailtonJunior94/ai-spec-harness/internal/runtime/memory/durable/sanitization_policy.go:88:	catalog					100.0%
github.com/JailtonJunior94/ai-spec-harness/internal/runtime/memory/durable/sanitization_policy.go:95:	applyPattern				100.0%
github.com/JailtonJunior94/ai-spec-harness/internal/runtime/memory/durable/search_policy.go:12:		Text					100.0%
github.com/JailtonJunior94/ai-spec-harness/internal/runtime/memory/durable/search_policy.go:27:		Entity					100.0%
github.com/JailtonJunior94/ai-spec-harness/internal/runtime/memory/durable/search_policy.go:44:		sorted					100.0%
github.com/JailtonJunior94/ai-spec-harness/internal/runtime/memory/r1_catalog.go:6:			NewCatalog				100.0%
github.com/JailtonJunior94/ai-spec-harness/internal/runtime/memory/store.go:31:				DefaultLimits				100.0%
github.com/JailtonJunior94/ai-spec-harness/internal/runtime/memory/store.go:81:				New					100.0%
github.com/JailtonJunior94/ai-spec-harness/internal/runtime/memory/store.go:89:				directory				100.0%
github.com/JailtonJunior94/ai-spec-harness/internal/runtime/memory/store.go:94:				workflowPath				100.0%
github.com/JailtonJunior94/ai-spec-harness/internal/runtime/memory/store.go:100:			taskPath				100.0%
github.com/JailtonJunior94/ai-spec-harness/internal/runtime/memory/store.go:105:			ensureDir				100.0%
github.com/JailtonJunior94/ai-spec-harness/internal/runtime/memory/store.go:111:			countLines				100.0%
github.com/JailtonJunior94/ai-spec-harness/internal/runtime/memory/store.go:122:			readFile				93.3%
github.com/JailtonJunior94/ai-spec-harness/internal/runtime/memory/store.go:152:			writeFile				76.9%
github.com/JailtonJunior94/ai-spec-harness/internal/runtime/memory/store.go:176:			ReadWorkflow				100.0%
github.com/JailtonJunior94/ai-spec-harness/internal/runtime/memory/store.go:181:			ReadTask				100.0%
github.com/JailtonJunior94/ai-spec-harness/internal/runtime/memory/store.go:186:			WriteWorkflow				66.7%
github.com/JailtonJunior94/ai-spec-harness/internal/runtime/memory/store.go:194:			WriteTask				66.7%
github.com/JailtonJunior94/ai-spec-harness/internal/runtime/memory/window_policy.go:31:			LimitsFor				100.0%
github.com/JailtonJunior94/ai-spec-harness/internal/runtime/memory/window_policy.go:37:			LimitsForWithOverride			100.0%
github.com/JailtonJunior94/ai-spec-harness/internal/runtime/memory/window_policy.go:61:			applyDefaultsToLimits			100.0%
github.com/JailtonJunior94/ai-spec-harness/internal/runtime/memory_metrics.go:22:			buildDurableMemoryMetrics		100.0%
github.com/JailtonJunior94/ai-spec-harness/internal/runtime/options.go:12:				WithClock				100.0%
github.com/JailtonJunior94/ai-spec-harness/internal/runtime/options.go:19:				WithProber				100.0%
github.com/JailtonJunior94/ai-spec-harness/internal/runtime/options.go:26:				WithClientFactory			100.0%
github.com/JailtonJunior94/ai-spec-harness/internal/runtime/options.go:33:				WithPersistenceFactory			100.0%
github.com/JailtonJunior94/ai-spec-harness/internal/runtime/options.go:40:				WithRenderer				100.0%
github.com/JailtonJunior94/ai-spec-harness/internal/runtime/options.go:48:				WithMCPServer				0.0%
github.com/JailtonJunior94/ai-spec-harness/internal/runtime/options.go:54:				WithHandshakeWaiterFactory		100.0%
github.com/JailtonJunior94/ai-spec-harness/internal/runtime/options.go:60:				WithPromptPostBuildTestHook		100.0%
github.com/JailtonJunior94/ai-spec-harness/internal/runtime/options.go:66:				WithSessionPostReviewTestHook		100.0%
github.com/JailtonJunior94/ai-spec-harness/internal/runtime/persistence/jsonl.go:24:			NewJSONLWriter				100.0%
github.com/JailtonJunior94/ai-spec-harness/internal/runtime/persistence/jsonl.go:41:			Append					90.0%
github.com/JailtonJunior94/ai-spec-harness/internal/runtime/persistence/jsonl.go:61:			VerifyJSONLIntegrity			84.6%
github.com/JailtonJunior94/ai-spec-harness/internal/runtime/persistence/r1_catalog.go:6:		NewCatalog				100.0%
github.com/JailtonJunior94/ai-spec-harness/internal/runtime/persistence/report.go:43:			EnrichReport				88.0%
github.com/JailtonJunior94/ai-spec-harness/internal/runtime/persistence/report.go:81:			RenderApprovalCycleSection		13.3%
github.com/JailtonJunior94/ai-spec-harness/internal/runtime/persistence/report.go:108:			orUnspecified				0.0%
github.com/JailtonJunior94/ai-spec-harness/internal/runtime/persistence/report.go:115:			formatSeverityCounts			0.0%
github.com/JailtonJunior94/ai-spec-harness/internal/runtime/persistence/report.go:131:			RenderMetricsSection			100.0%
github.com/JailtonJunior94/ai-spec-harness/internal/runtime/persistence/report.go:145:			RenderClaudeMetricsSection		100.0%
github.com/JailtonJunior94/ai-spec-harness/internal/runtime/persistence/report.go:149:			RenderMemoryEvidenceSection		100.0%
github.com/JailtonJunior94/ai-spec-harness/internal/runtime/persistence/report.go:176:			formatLayerCounts			90.0%
github.com/JailtonJunior94/ai-spec-harness/internal/runtime/persistence/report.go:192:			injectMetricsSection			100.0%
github.com/JailtonJunior94/ai-spec-harness/internal/runtime/persistence/report.go:196:			renderSection				75.0%
github.com/JailtonJunior94/ai-spec-harness/internal/runtime/persistence/report.go:204:			injectSection				100.0%
github.com/JailtonJunior94/ai-spec-harness/internal/runtime/persistence/report.go:208:			injectBoundedSection			100.0%
github.com/JailtonJunior94/ai-spec-harness/internal/runtime/persistence/report.go:212:			injectBoundedSectionBefore		100.0%
github.com/JailtonJunior94/ai-spec-harness/internal/runtime/persistence/report.go:230:			appendSection				77.8%
github.com/JailtonJunior94/ai-spec-harness/internal/runtime/persistence/session.go:22:			NewSessionPersistence			0.0%
github.com/JailtonJunior94/ai-spec-harness/internal/runtime/persistence/session.go:36:			AppendEvent				0.0%
github.com/JailtonJunior94/ai-spec-harness/internal/runtime/persistence/session.go:41:			WriteToolCalls				0.0%
github.com/JailtonJunior94/ai-spec-harness/internal/runtime/persistence/session.go:47:			EnrichReport				0.0%
github.com/JailtonJunior94/ai-spec-harness/internal/runtime/persistence/session.go:60:			NewSessionPersistenceFactory		0.0%
github.com/JailtonJunior94/ai-spec-harness/internal/runtime/persistence/session.go:65:			New					0.0%
github.com/JailtonJunior94/ai-spec-harness/internal/runtime/persistence/toolcalls.go:16:		WriteToolCalls				90.9%
github.com/JailtonJunior94/ai-spec-harness/internal/runtime/persistence/toolcalls.go:35:		buildToolCallsContent			100.0%
github.com/JailtonJunior94/ai-spec-harness/internal/runtime/precondition/codex.go:38:			NewCodexAppServerClient			100.0%
github.com/JailtonJunior94/ai-spec-harness/internal/runtime/precondition/codex.go:50:			HooksList				0.0%
github.com/JailtonJunior94/ai-spec-harness/internal/runtime/precondition/codex.go:133:			sendCodexRPCRequest			0.0%
github.com/JailtonJunior94/ai-spec-harness/internal/runtime/precondition/codex.go:149:			readCodexRPCResponse			0.0%
github.com/JailtonJunior94/ai-spec-harness/internal/runtime/precondition/codex.go:175:			State					100.0%
github.com/JailtonJunior94/ai-spec-harness/internal/runtime/precondition/codex.go:187:			EvaluateCodexTrustedHash		94.1%
github.com/JailtonJunior94/ai-spec-harness/internal/runtime/precondition/codex.go:213:			evaluateCodexEventTrust			100.0%
github.com/JailtonJunior94/ai-spec-harness/internal/runtime/precondition/copilot.go:21:			NewFileCopilotConfigReader		100.0%
github.com/JailtonJunior94/ai-spec-harness/internal/runtime/precondition/copilot.go:25:			ReadConfig				0.0%
github.com/JailtonJunior94/ai-spec-harness/internal/runtime/precondition/copilot.go:29:			DefaultCopilotConfigPath		0.0%
github.com/JailtonJunior94/ai-spec-harness/internal/runtime/precondition/copilot.go:37:			EvaluateCopilotTrustedFolder		89.7%
github.com/JailtonJunior94/ai-spec-harness/internal/runtime/precondition/copilot.go:74:			stripLineCommentsOutsideStrings		93.3%
github.com/JailtonJunior94/ai-spec-harness/internal/runtime/precondition/precondition.go:15:		Getenv					100.0%
github.com/JailtonJunior94/ai-spec-harness/internal/runtime/precondition/precondition.go:19:		EvaluateNoKillSwitch			100.0%
github.com/JailtonJunior94/ai-spec-harness/internal/runtime/precondition/precondition.go:28:		EvaluateHandshake			100.0%
github.com/JailtonJunior94/ai-spec-harness/internal/runtime/precondition/route.go:16:			Evaluate				66.7%
github.com/JailtonJunior94/ai-spec-harness/internal/runtime/probe/lookpath.go:17:			OsLookPather				0.0%
github.com/JailtonJunior94/ai-spec-harness/internal/runtime/probe/lookpath.go:21:			LookPath				0.0%
github.com/JailtonJunior94/ai-spec-harness/internal/runtime/probe/probe.go:19:				adrByID					100.0%
github.com/JailtonJunior94/ai-spec-harness/internal/runtime/probe/probe.go:30:				formatLauncherUnavailable		100.0%
github.com/JailtonJunior94/ai-spec-harness/internal/runtime/probe/probe.go:54:				EnsureAvailable				88.9%
github.com/JailtonJunior94/ai-spec-harness/internal/runtime/probe/probe.go:75:				resolve					100.0%
github.com/JailtonJunior94/ai-spec-harness/internal/runtime/probe/probe.go:102:				Resolve					0.0%
github.com/JailtonJunior94/ai-spec-harness/internal/runtime/probe/probe.go:111:				ResetCache				100.0%
github.com/JailtonJunior94/ai-spec-harness/internal/runtime/probe/r1_catalog.go:6:			NewCatalog				100.0%
github.com/JailtonJunior94/ai-spec-harness/internal/runtime/r1_catalog.go:6:				NewCatalog				100.0%
github.com/JailtonJunior94/ai-spec-harness/internal/runtime/render/human.go:20:				NewHumanRenderer			100.0%
github.com/JailtonJunior94/ai-spec-harness/internal/runtime/render/human.go:26:				Render					100.0%
github.com/JailtonJunior94/ai-spec-harness/internal/runtime/retry.go:23:				NewRetryClassifier			100.0%
github.com/JailtonJunior94/ai-spec-harness/internal/runtime/retry.go:36:				IsTransient				100.0%
github.com/JailtonJunior94/ai-spec-harness/internal/runtime/retry.go:57:				BackoffDuration				100.0%
github.com/JailtonJunior94/ai-spec-harness/internal/runtime/runner.go:76:				NewDefaultProber			100.0%
github.com/JailtonJunior94/ai-spec-harness/internal/runtime/runner.go:80:				EnsureAvailable				0.0%
github.com/JailtonJunior94/ai-spec-harness/internal/runtime/runner.go:110:				NewACPRunner				100.0%
github.com/JailtonJunior94/ai-spec-harness/internal/runtime/runner.go:125:				SpecID					0.0%
github.com/JailtonJunior94/ai-spec-harness/internal/runtime/runner.go:148:				Run					95.0%
github.com/JailtonJunior94/ai-spec-harness/internal/runtime/runner.go:329:				createPersistence			66.7%
github.com/JailtonJunior94/ai-spec-harness/internal/runtime/runner.go:342:				buildArgv				100.0%
github.com/JailtonJunior94/ai-spec-harness/internal/runtime/runner.go:349:				emitRuntimeInit				100.0%
github.com/JailtonJunior94/ai-spec-harness/internal/runtime/runner.go:368:				dispatchPreOpenHooks			62.5%
github.com/JailtonJunior94/ai-spec-harness/internal/runtime/runner.go:399:				runEventLoop				100.0%
github.com/JailtonJunior94/ai-spec-harness/internal/runtime/runner.go:497:				extractDeclaredSection			83.3%
github.com/JailtonJunior94/ai-spec-harness/internal/runtime/runner.go:511:				buildSummary				100.0%
github.com/JailtonJunior94/ai-spec-harness/internal/runtime/runner.go:529:				resolveEffectiveModel			91.7%
github.com/JailtonJunior94/ai-spec-harness/internal/runtime/runner.go:548:				persistSummary				75.0%
github.com/JailtonJunior94/ai-spec-harness/internal/runtime/runner.go:557:				emitUnknownWarnings			100.0%
github.com/JailtonJunior94/ai-spec-harness/internal/runtime/runner.go:565:				dispatchSessionPostEnd			100.0%
github.com/JailtonJunior94/ai-spec-harness/internal/runtime/runner.go:584:				mapRunError				100.0%
github.com/JailtonJunior94/ai-spec-harness/internal/runtime/runner.go:600:				prepareMemoryStore			100.0%
github.com/JailtonJunior94/ai-spec-harness/internal/runtime/runner.go:613:				prepareMemoryContext			100.0%
github.com/JailtonJunior94/ai-spec-harness/internal/runtime/runner.go:627:				injectMemoryContext			100.0%
github.com/JailtonJunior94/ai-spec-harness/internal/runtime/runner.go:665:				prepareHooksDispatcher			86.0%
github.com/JailtonJunior94/ai-spec-harness/internal/runtime/runner.go:743:				spawnMCPServer				8.8%
github.com/JailtonJunior94/ai-spec-harness/internal/runtime/runner.go:806:				normalizeEventInline			80.0%
github.com/JailtonJunior94/ai-spec-harness/internal/runtime/runner.go:838:				mapCancelReason				66.7%
github.com/JailtonJunior94/ai-spec-harness/internal/runtime/runner.go:858:				SetRenderer				100.0%
github.com/JailtonJunior94/ai-spec-harness/internal/runtime/runner.go:862:				prepareDurableMemoryFacade		100.0%
github.com/JailtonJunior94/ai-spec-harness/internal/runtime/runner.go:870:				newSessionID				100.0%
github.com/JailtonJunior94/ai-spec-harness/internal/runtime/runner.go:874:				prepareDurableMemoryPromptContext	71.4%
github.com/JailtonJunior94/ai-spec-harness/internal/runtime/runner.go:889:				recordDurableMemorySession		88.9%
github.com/JailtonJunior94/ai-spec-harness/internal/runtime/runner.go:957:				dispatchDurableMemoryEvents		60.0%
github.com/JailtonJunior94/ai-spec-harness/internal/runtime/runner.go:1012:				buildRuntimeInitRaw			100.0%
github.com/JailtonJunior94/ai-spec-harness/internal/runtime/runner.go:1037:				performAutoReview			100.0%
github.com/JailtonJunior94/ai-spec-harness/internal/runtime/runner.go:1048:				runApprovalCycle			83.3%
github.com/JailtonJunior94/ai-spec-harness/internal/runtime/runner.go:1059:				conductApprovalCycle			90.9%
github.com/JailtonJunior94/ai-spec-harness/internal/runtime/runner.go:1108:				buildCycleOutcome			100.0%
github.com/JailtonJunior94/ai-spec-harness/internal/runtime/runner.go:1132:				severityCounts				100.0%
github.com/JailtonJunior94/ai-spec-harness/internal/runtime/runner.go:1143:				criteriaFromTaskFile			80.0%
github.com/JailtonJunior94/ai-spec-harness/internal/runtime/runner_autoreview.go:47:			buildReviewPrompt			100.0%
github.com/JailtonJunior94/ai-spec-harness/internal/runtime/runner_autoreview.go:63:			extractHardIssues			100.0%
github.com/JailtonJunior94/ai-spec-harness/internal/runtime/runner_autoreview.go:81:			ResolveReviewBaseRef			62.5%
github.com/JailtonJunior94/ai-spec-harness/internal/runtime/runner_autoreview.go:96:			verifyGitRef				100.0%
github.com/JailtonJunior94/ai-spec-harness/internal/runtime/runner_autoreview.go:100:			gitOutput				100.0%
github.com/JailtonJunior94/ai-spec-harness/internal/runtime/runner_autoreview.go:113:			collectGitDiff				100.0%
github.com/JailtonJunior94/ai-spec-harness/internal/runtime/runner_autoreview.go:117:			collectGitDiffContext			69.0%
github.com/JailtonJunior94/ai-spec-harness/internal/runtime/runner_autoreview.go:165:			runGitDiff				100.0%
github.com/JailtonJunior94/ai-spec-harness/internal/runtime/runner_autoreview.go:180:			runAutoReview				100.0%
github.com/JailtonJunior94/ai-spec-harness/internal/runtime/runner_autoreview.go:184:			runAutoReviewRound			97.5%
github.com/JailtonJunior94/ai-spec-harness/internal/runtime/runner_autoreview.go:235:			roundReviewEvidenceDir			100.0%
github.com/JailtonJunior94/ai-spec-harness/internal/runtime/runner_autoreview.go:239:			writeRoundReviewEvidence		81.8%
github.com/JailtonJunior94/ai-spec-harness/internal/runtime/runner_autoreview.go:255:			ApplyRoundReviewEnv			0.0%
github.com/JailtonJunior94/ai-spec-harness/internal/runtime/runner_autoreview.go:259:			applyRoundReviewEnv			100.0%
github.com/JailtonJunior94/ai-spec-harness/internal/runtime/runner_autoreview.go:268:			applyPriorReviewSHA			77.8%
github.com/JailtonJunior94/ai-spec-harness/internal/runtime/runner_autoreview.go:285:			readReviewSkill				50.0%
github.com/JailtonJunior94/ai-spec-harness/internal/runtime/runner_autoreview.go:300:			spawnReviewSession			100.0%
github.com/JailtonJunior94/ai-spec-harness/internal/runtime/runner_autoreview.go:312:			translateReviewStatus			100.0%
github.com/JailtonJunior94/ai-spec-harness/internal/runtime/runner_autoreview.go:324:			AppendEvent				75.0%
github.com/JailtonJunior94/ai-spec-harness/internal/runtime/runner_autoreview.go:339:			WriteToolCalls				66.7%
github.com/JailtonJunior94/ai-spec-harness/internal/runtime/runner_autoreview.go:346:			EnrichReport				66.7%
github.com/JailtonJunior94/ai-spec-harness/internal/runtime/runner_autoreview.go:353:			String					100.0%
github.com/JailtonJunior94/ai-spec-harness/internal/runtime/runner_autoreview.go:362:			New					83.3%
github.com/JailtonJunior94/ai-spec-harness/internal/runtime/runner_autoreview.go:375:			mustReviewTimeout			100.0%
github.com/JailtonJunior94/ai-spec-harness/internal/runtime/runner_enforcement.go:19:			NewDefaultHandshakeWaiterFactory	100.0%
github.com/JailtonJunior94/ai-spec-harness/internal/runtime/runner_enforcement.go:23:			NewWaiter				0.0%
github.com/JailtonJunior94/ai-spec-harness/internal/runtime/runner_enforcement.go:35:			Wait					0.0%
github.com/JailtonJunior94/ai-spec-harness/internal/runtime/runner_enforcement.go:37:			Path					0.0%
github.com/JailtonJunior94/ai-spec-harness/internal/runtime/runner_enforcement.go:39:			applyEnforcement			96.4%
github.com/JailtonJunior94/ai-spec-harness/internal/runtime/specs/claude.go:38:				Claude					100.0%
github.com/JailtonJunior94/ai-spec-harness/internal/runtime/specs/codex.go:60:				Codex					100.0%
github.com/JailtonJunior94/ai-spec-harness/internal/runtime/specs/codex.go:94:				codexBootstrapArgs			100.0%
github.com/JailtonJunior94/ai-spec-harness/internal/runtime/specs/codex.go:118:				appendCodexOverrides			100.0%
github.com/JailtonJunior94/ai-spec-harness/internal/runtime/specs/copilot.go:37:			Copilot					100.0%
github.com/JailtonJunior94/ai-spec-harness/internal/runtime/specs/delegation.go:32:			scriptExecutesTarget			100.0%
github.com/JailtonJunior94/ai-spec-harness/internal/runtime/specs/delegation.go:43:			stripShellComments			100.0%
github.com/JailtonJunior94/ai-spec-harness/internal/runtime/specs/delegation.go:65:			normalizeScriptPath			86.7%
github.com/JailtonJunior94/ai-spec-harness/internal/runtime/specs/delegation.go:87:			scriptPathAssignments			100.0%
github.com/JailtonJunior94/ai-spec-harness/internal/runtime/specs/delegation.go:103:			executedScriptTargets			94.4%
github.com/JailtonJunior94/ai-spec-harness/internal/runtime/specs/delegation.go:125:			segmentExecutedTargets			90.0%
github.com/JailtonJunior94/ai-spec-harness/internal/runtime/specs/delegation.go:156:			resolveExecutedToken			85.7%
github.com/JailtonJunior94/ai-spec-harness/internal/runtime/specs/delegation.go:169:			variablesHoldingPath			100.0%
github.com/JailtonJunior94/ai-spec-harness/internal/runtime/specs/delegation.go:183:			assignmentIn				100.0%
github.com/JailtonJunior94/ai-spec-harness/internal/runtime/specs/delegation.go:196:			splitAssignment				100.0%
github.com/JailtonJunior94/ai-spec-harness/internal/runtime/specs/delegation.go:212:			commandSegments				100.0%
github.com/JailtonJunior94/ai-spec-harness/internal/runtime/specs/delegation.go:225:			segmentExecutesTarget			95.0%
github.com/JailtonJunior94/ai-spec-harness/internal/runtime/specs/delegation.go:256:			tokenPointsToTarget			85.7%
github.com/JailtonJunior94/ai-spec-harness/internal/runtime/specs/delegation.go:269:			expandsVariable				61.5%
github.com/JailtonJunior94/ai-spec-harness/internal/runtime/specs/delegation.go:288:			unquote					100.0%
github.com/JailtonJunior94/ai-spec-harness/internal/runtime/specs/driver.go:20:				ParseDriverID				100.0%
github.com/JailtonJunior94/ai-spec-harness/internal/runtime/specs/driver.go:30:				String					100.0%
github.com/JailtonJunior94/ai-spec-harness/internal/runtime/specs/enforcement.go:36:			derivedCanonicalPoints			100.0%
github.com/JailtonJunior94/ai-spec-harness/internal/runtime/specs/enforcement.go:50:			canonicalPointEvent			75.0%
github.com/JailtonJunior94/ai-spec-harness/internal/runtime/specs/enforcement.go:59:			canonicalPointName			75.0%
github.com/JailtonJunior94/ai-spec-harness/internal/runtime/specs/enforcement.go:116:			CanonicalPoints				100.0%
github.com/JailtonJunior94/ai-spec-harness/internal/runtime/specs/enforcement.go:120:			CanonicalPointEvent			100.0%
github.com/JailtonJunior94/ai-spec-harness/internal/runtime/specs/enforcement.go:124:			ParseCanonicalPoint			100.0%
github.com/JailtonJunior94/ai-spec-harness/internal/runtime/specs/enforcement.go:134:			NewPointCoverage			68.8%
github.com/JailtonJunior94/ai-spec-harness/internal/runtime/specs/enforcement.go:160:			NewObservedPointCoverage		58.3%
github.com/JailtonJunior94/ai-spec-harness/internal/runtime/specs/enforcement.go:180:			NewAdapterPointCoverage			68.8%
github.com/JailtonJunior94/ai-spec-harness/internal/runtime/specs/enforcement.go:206:			NewUnsupportedPointCoverage		100.0%
github.com/JailtonJunior94/ai-spec-harness/internal/runtime/specs/enforcement.go:219:			NewEnforcementPrecondition		100.0%
github.com/JailtonJunior94/ai-spec-harness/internal/runtime/specs/enforcement.go:229:			NewEnforcement				66.7%
github.com/JailtonJunior94/ai-spec-harness/internal/runtime/specs/enforcement.go:280:			Valid					100.0%
github.com/JailtonJunior94/ai-spec-harness/internal/runtime/specs/enforcement.go:284:			String					66.7%
github.com/JailtonJunior94/ai-spec-harness/internal/runtime/specs/enforcement.go:291:			String					0.0%
github.com/JailtonJunior94/ai-spec-harness/internal/runtime/specs/enforcement.go:306:			IsFailure				100.0%
github.com/JailtonJunior94/ai-spec-harness/internal/runtime/specs/enforcement.go:310:			String					80.0%
github.com/JailtonJunior94/ai-spec-harness/internal/runtime/specs/enforcement.go:323:			Point					100.0%
github.com/JailtonJunior94/ai-spec-harness/internal/runtime/specs/enforcement.go:325:			NativeKey				100.0%
github.com/JailtonJunior94/ai-spec-harness/internal/runtime/specs/enforcement.go:327:			ScriptPath				100.0%
github.com/JailtonJunior94/ai-spec-harness/internal/runtime/specs/enforcement.go:329:			ArtifactPath				100.0%
github.com/JailtonJunior94/ai-spec-harness/internal/runtime/specs/enforcement.go:331:			AgentID					0.0%
github.com/JailtonJunior94/ai-spec-harness/internal/runtime/specs/enforcement.go:333:			State					100.0%
github.com/JailtonJunior94/ai-spec-harness/internal/runtime/specs/enforcement.go:335:			Reason					100.0%
github.com/JailtonJunior94/ai-spec-harness/internal/runtime/specs/enforcement.go:337:			Limitation				100.0%
github.com/JailtonJunior94/ai-spec-harness/internal/runtime/specs/enforcement.go:339:			Kind					0.0%
github.com/JailtonJunior94/ai-spec-harness/internal/runtime/specs/enforcement.go:341:			Remedy					100.0%
github.com/JailtonJunior94/ai-spec-harness/internal/runtime/specs/enforcement.go:343:			RequiresExec				100.0%
github.com/JailtonJunior94/ai-spec-harness/internal/runtime/specs/enforcement.go:345:			Valid					100.0%
github.com/JailtonJunior94/ai-spec-harness/internal/runtime/specs/enforcement.go:347:			Valid					100.0%
github.com/JailtonJunior94/ai-spec-harness/internal/runtime/specs/enforcement.go:349:			Coverage				100.0%
github.com/JailtonJunior94/ai-spec-harness/internal/runtime/specs/enforcement.go:351:			Preconditions				100.0%
github.com/JailtonJunior94/ai-spec-harness/internal/runtime/specs/enforcement.go:353:			CoverageFor				75.0%
github.com/JailtonJunior94/ai-spec-harness/internal/runtime/specs/envpolicy.go:12:			NewEnvPolicy				100.0%
github.com/JailtonJunior94/ai-spec-harness/internal/runtime/specs/envpolicy.go:16:			StripVars				100.0%
github.com/JailtonJunior94/ai-spec-harness/internal/runtime/specs/envpolicy.go:20:			IsZero					100.0%
github.com/JailtonJunior94/ai-spec-harness/internal/runtime/specs/envpolicy.go:24:			Apply					100.0%
github.com/JailtonJunior94/ai-spec-harness/internal/runtime/specs/jsontext.go:20:			scanJSONObject				88.2%
github.com/JailtonJunior94/ai-spec-harness/internal/runtime/specs/jsontext.go:68:			skipJSONSpace				80.0%
github.com/JailtonJunior94/ai-spec-harness/internal/runtime/specs/jsontext.go:80:			scanJSONString				69.2%
github.com/JailtonJunior94/ai-spec-harness/internal/runtime/specs/jsontext.go:103:			scanJSONValue				85.7%
github.com/JailtonJunior94/ai-spec-harness/internal/runtime/specs/jsontext.go:118:			scanJSONContainer			88.9%
github.com/JailtonJunior94/ai-spec-harness/internal/runtime/specs/jsontext.go:147:			scanJSONScalar				83.3%
github.com/JailtonJunior94/ai-spec-harness/internal/runtime/specs/jsontext.go:160:			detectJSONIndent			87.5%
github.com/JailtonJunior94/ai-spec-harness/internal/runtime/specs/jsontext.go:173:			SetJSONTopLevelKey			91.4%
github.com/JailtonJunior94/ai-spec-harness/internal/runtime/specs/jsontext.go:222:			DeleteJSONTopLevelKey			61.9%
github.com/JailtonJunior94/ai-spec-harness/internal/runtime/specs/jsontext.go:255:			startOfEnclosingLine			0.0%
github.com/JailtonJunior94/ai-spec-harness/internal/runtime/specs/launcher.go:20:			NewBinaryLauncher			100.0%
github.com/JailtonJunior94/ai-spec-harness/internal/runtime/specs/launcher.go:31:			NewNpxLauncher				100.0%
github.com/JailtonJunior94/ai-spec-harness/internal/runtime/specs/launcher.go:40:			Kind					100.0%
github.com/JailtonJunior94/ai-spec-harness/internal/runtime/specs/launcher.go:45:			Command					100.0%
github.com/JailtonJunior94/ai-spec-harness/internal/runtime/specs/native_config.go:12:			confrontNativeConfig			91.7%
github.com/JailtonJunior94/ai-spec-harness/internal/runtime/specs/native_config.go:36:			confrontNativeConfigSource		100.0%
github.com/JailtonJunior94/ai-spec-harness/internal/runtime/specs/native_config.go:57:			nativeKeyScope				100.0%
github.com/JailtonJunior94/ai-spec-harness/internal/runtime/specs/native_config.go:68:			jsonHookKeyScope			83.3%
github.com/JailtonJunior94/ai-spec-harness/internal/runtime/specs/native_config.go:86:			collectJSONStrings			90.9%
github.com/JailtonJunior94/ai-spec-harness/internal/runtime/specs/native_config.go:107:			tomlHookKeyScope			100.0%
github.com/JailtonJunior94/ai-spec-harness/internal/runtime/specs/native_config.go:140:			jsHookKeyScope				100.0%
github.com/JailtonJunior94/ai-spec-harness/internal/runtime/specs/native_config.go:176:			jsHandlerBody				84.6%
github.com/JailtonJunior94/ai-spec-harness/internal/runtime/specs/native_config.go:196:			jsFunctionBody				100.0%
github.com/JailtonJunior94/ai-spec-harness/internal/runtime/specs/native_config.go:205:			balancedBraces				87.5%
github.com/JailtonJunior94/ai-spec-harness/internal/runtime/specs/native_config.go:223:			scriptCandidatesIn			100.0%
github.com/JailtonJunior94/ai-spec-harness/internal/runtime/specs/native_config.go:240:			ScriptDelegatesTo			0.0%
github.com/JailtonJunior94/ai-spec-harness/internal/runtime/specs/native_config.go:244:			candidateResolvesToValidator		91.3%
github.com/JailtonJunior94/ai-spec-harness/internal/runtime/specs/opencode.go:44:			ValidatePermissionBlock			100.0%
github.com/JailtonJunior94/ai-spec-harness/internal/runtime/specs/opencode.go:66:			validatePermissionValue			100.0%
github.com/JailtonJunior94/ai-spec-harness/internal/runtime/specs/opencode.go:82:			DefaultOpenCodePermission		100.0%
github.com/JailtonJunior94/ai-spec-harness/internal/runtime/specs/opencode.go:92:			MergeOpenCodeConfig			80.6%
github.com/JailtonJunior94/ai-spec-harness/internal/runtime/specs/opencode.go:141:			mergePermission				100.0%
github.com/JailtonJunior94/ai-spec-harness/internal/runtime/specs/opencode.go:166:			OpenCode				100.0%
github.com/JailtonJunior94/ai-spec-harness/internal/runtime/specs/opencode.go:188:			openCodeBootstrapArgs			100.0%
github.com/JailtonJunior94/ai-spec-harness/internal/runtime/specs/opencode.go:211:			NormalizeModelID			100.0%
github.com/JailtonJunior94/ai-spec-harness/internal/runtime/specs/opencode.go:220:			OpenCodeConfigModel			0.0%
github.com/JailtonJunior94/ai-spec-harness/internal/runtime/specs/opencode.go:232:			ResolveOpenCodeEffectiveModel		0.0%
github.com/JailtonJunior94/ai-spec-harness/internal/runtime/specs/opencode.go:247:			OpenCodeModelPrefixes			0.0%
github.com/JailtonJunior94/ai-spec-harness/internal/runtime/specs/opencode.go:255:			MatchOpenCodeModel			100.0%
github.com/JailtonJunior94/ai-spec-harness/internal/runtime/specs/opencode.go:281:			resolveOpenCodeWindow			100.0%
github.com/JailtonJunior94/ai-spec-harness/internal/runtime/specs/parity_gate.go:21:			String					0.0%
github.com/JailtonJunior94/ai-spec-harness/internal/runtime/specs/parity_gate.go:32:			ValidateParityMatrix			89.5%
github.com/JailtonJunior94/ai-spec-harness/internal/runtime/specs/parity_gate.go:82:			confrontInstalledArtifact		92.3%
github.com/JailtonJunior94/ai-spec-harness/internal/runtime/specs/parity_gate.go:103:			confrontNativeKeyDeclaration		100.0%
github.com/JailtonJunior94/ai-spec-harness/internal/runtime/specs/parity_gate.go:118:			ValidateCapabilityMatrixEvidence	100.0%
github.com/JailtonJunior94/ai-spec-harness/internal/runtime/specs/r1_catalog.go:6:			NewCatalog				100.0%
github.com/JailtonJunior94/ai-spec-harness/internal/runtime/specs/registry.go:104:			NativeConfigSourcesFor			75.0%
github.com/JailtonJunior94/ai-spec-harness/internal/runtime/specs/registry.go:112:			NativeConfigPaths			85.7%
github.com/JailtonJunior94/ai-spec-harness/internal/runtime/specs/registry.go:124:			RecognizedNativeKeys			85.7%
github.com/JailtonJunior94/ai-spec-harness/internal/runtime/specs/registry.go:136:			InstalledArtifactPath			80.0%
github.com/JailtonJunior94/ai-spec-harness/internal/runtime/specs/registry.go:176:			NewAgentIdentity			100.0%
github.com/JailtonJunior94/ai-spec-harness/internal/runtime/specs/registry.go:186:			Registry				100.0%
github.com/JailtonJunior94/ai-spec-harness/internal/runtime/specs/registry.go:190:			CanonicalOrder				100.0%
github.com/JailtonJunior94/ai-spec-harness/internal/runtime/specs/registry.go:198:			AgentByID				100.0%
github.com/JailtonJunior94/ai-spec-harness/internal/runtime/specs/registry.go:207:			ACPSpecCatalog				88.9%
github.com/JailtonJunior94/ai-spec-harness/internal/runtime/specs/registry.go:220:			VerifyCatalogSync			90.0%
github.com/JailtonJunior94/ai-spec-harness/internal/runtime/specs/registry.go:237:			ResolveACPSpec				0.0%
github.com/JailtonJunior94/ai-spec-harness/internal/runtime/specs/registry.go:245:			SpecOf					83.3%
github.com/JailtonJunior94/ai-spec-harness/internal/runtime/specs/registry.go:260:			buildRegistry				100.0%
github.com/JailtonJunior94/ai-spec-harness/internal/runtime/specs/registry.go:298:			fullCliEnforcement			100.0%
github.com/JailtonJunior94/ai-spec-harness/internal/runtime/specs/registry.go:315:			openCodeEnforcement			100.0%
github.com/JailtonJunior94/ai-spec-harness/internal/runtime/specs/registry.go:326:			mustEnforcement				75.0%
github.com/JailtonJunior94/ai-spec-harness/internal/runtime/specs/registry.go:334:			mustCoverage				71.4%
github.com/JailtonJunior94/ai-spec-harness/internal/runtime/specs/registry.go:346:			mustObservedCoverage			75.0%
github.com/JailtonJunior94/ai-spec-harness/internal/runtime/specs/registry.go:354:			mustAdapterCoverage			80.0%
github.com/JailtonJunior94/ai-spec-harness/internal/runtime/specs/registry.go:370:			mustUnsupportedCoverage			75.0%
github.com/JailtonJunior94/ai-spec-harness/internal/runtime/specs/registry.go:378:			mustPrecondition			75.0%
github.com/JailtonJunior94/ai-spec-harness/internal/runtime/specs/registry.go:386:			newAgent				100.0%
github.com/JailtonJunior94/ai-spec-harness/internal/runtime/specs/registry.go:397:			newAgentWithEnvPolicy			75.0%
github.com/JailtonJunior94/ai-spec-harness/internal/runtime/specs/registry.go:429:			ID					0.0%
github.com/JailtonJunior94/ai-spec-harness/internal/runtime/specs/registry.go:431:			DisplayName				100.0%
github.com/JailtonJunior94/ai-spec-harness/internal/runtime/specs/registry.go:433:			Valid					100.0%
github.com/JailtonJunior94/ai-spec-harness/internal/runtime/specs/registry.go:435:			String					100.0%
github.com/JailtonJunior94/ai-spec-harness/internal/runtime/specs/registry.go:437:			Command					100.0%
github.com/JailtonJunior94/ai-spec-harness/internal/runtime/specs/registry.go:439:			HomeDirs				100.0%
github.com/JailtonJunior94/ai-spec-harness/internal/runtime/specs/registry.go:441:			Identity				100.0%
github.com/JailtonJunior94/ai-spec-harness/internal/runtime/specs/registry.go:443:			ID					100.0%
github.com/JailtonJunior94/ai-spec-harness/internal/runtime/specs/registry.go:445:			SpecID					100.0%
github.com/JailtonJunior94/ai-spec-harness/internal/runtime/specs/registry.go:447:			Enforcement				100.0%
github.com/JailtonJunior94/ai-spec-harness/internal/runtime/specs/registry.go:449:			Signals					100.0%
github.com/JailtonJunior94/ai-spec-harness/internal/runtime/specs/registry.go:451:			InheritsEnv				100.0%
github.com/JailtonJunior94/ai-spec-harness/internal/runtime/specs/registry.go:453:			EnvPolicy				100.0%
github.com/JailtonJunior94/ai-spec-harness/internal/runtime/specs/registry.go:455:			RequiresHandshake			100.0%
github.com/JailtonJunior94/ai-spec-harness/internal/runtime/specs/registry.go:464:			ADRPath					100.0%
github.com/JailtonJunior94/ai-spec-harness/internal/runtime/specs/registry.go:466:			StandardBudget				100.0%
github.com/JailtonJunior94/ai-spec-harness/internal/runtime/specs/registry.go:468:			LargeBudget				100.0%
github.com/JailtonJunior94/ai-spec-harness/internal/runtime/specs/registry.go:470:			Valid					100.0%
github.com/JailtonJunior94/ai-spec-harness/internal/runtime/specs/registry.go:472:			Equal					83.3%
github.com/JailtonJunior94/ai-spec-harness/internal/runtime/specs/spec.go:57:				DriverID				100.0%
github.com/JailtonJunior94/ai-spec-harness/internal/runtime/specs/spec.go:64:				ContextWindow				100.0%
github.com/JailtonJunior94/ai-spec-harness/internal/runtime/specs/spec.go:66:				ResolveWindow				100.0%
github.com/JailtonJunior94/ai-spec-harness/internal/runtime/specs/spec.go:74:				SDKVersion				100.0%
github.com/JailtonJunior94/ai-spec-harness/internal/runtime/specs/spec.go:77:				NPMVersion				100.0%
github.com/JailtonJunior94/ai-spec-harness/internal/runtime/specs/spec.go:80:				NPMPackage				100.0%
github.com/JailtonJunior94/ai-spec-harness/internal/runtime/specs/spec.go:85:				BootstrapArgs				100.0%
github.com/JailtonJunior94/ai-spec-harness/internal/runtime/specs/spec.go:94:				ValidateFixedArgsFormat			100.0%
github.com/JailtonJunior94/ai-spec-harness/internal/runtime/specs/spec.go:112:				ValidateFallbackFixedArgsFormat		90.0%
github.com/JailtonJunior94/ai-spec-harness/internal/runtime/specs/spec.go:129:				validateFallbacksFormat			100.0%
github.com/JailtonJunior94/ai-spec-harness/internal/runtime/specs/spec.go:139:				newSpec					100.0%
github.com/JailtonJunior94/ai-spec-harness/internal/runtime/specs/spec.go:165:				newSpecWithBootstrap			100.0%
github.com/JailtonJunior94/ai-spec-harness/internal/runtime/specs/window.go:33:				Class					100.0%
github.com/JailtonJunior94/ai-spec-harness/internal/runtime/types.go:28:				ApplyDefaults				100.0%
github.com/JailtonJunior94/ai-spec-harness/internal/runtime/watchdog.go:47:				NewActivityWatchdog			100.0%
github.com/JailtonJunior94/ai-spec-harness/internal/runtime/watchdog.go:63:				Touch					100.0%
github.com/JailtonJunior94/ai-spec-harness/internal/runtime/watchdog.go:71:				Start					100.0%
github.com/JailtonJunior94/ai-spec-harness/internal/runtime/watchdog.go:113:				Stop					100.0%
github.com/JailtonJunior94/ai-spec-harness/internal/runtime/watchdog.go:120:				tickerInterval				100.0%
github.com/JailtonJunior94/ai-spec-harness/internal/scaffold/scaffold.go:18:				NewService				100.0%
github.com/JailtonJunior94/ai-spec-harness/internal/scaffold/scaffold.go:23:				Execute					94.0%
github.com/JailtonJunior94/ai-spec-harness/internal/scaffold/scaffold.go:124:				titleCase				100.0%
github.com/JailtonJunior94/ai-spec-harness/internal/sdd/result_schema.go:52:				NewResultValidator			100.0%
github.com/JailtonJunior94/ai-spec-harness/internal/sdd/result_schema.go:57:				ValidateExecutionJSON			81.8%
github.com/JailtonJunior94/ai-spec-harness/internal/sdd/result_schema.go:79:				ValidateCheckpointJSON			75.0%
github.com/JailtonJunior94/ai-spec-harness/internal/sdd/result_schema.go:88:				ValidateReviewJSON			62.5%
github.com/JailtonJunior94/ai-spec-harness/internal/sdd/result_schema.go:102:				validateEvidencePaths			85.7%
github.com/JailtonJunior94/ai-spec-harness/internal/sdd/result_schema.go:116:				validateEvidencePath			87.5%
github.com/JailtonJunior94/ai-spec-harness/internal/sdd/result_schema.go:133:				validateJSON				77.8%
github.com/JailtonJunior94/ai-spec-harness/internal/sdd/result_schema.go:148:				compileSchema				70.0%
github.com/JailtonJunior94/ai-spec-harness/internal/sdd/result_schema.go:164:				formatSchemaError			66.7%
github.com/JailtonJunior94/ai-spec-harness/internal/sdd/state.go:147:					NewStore				100.0%
github.com/JailtonJunior94/ai-spec-harness/internal/sdd/state.go:151:					StatePath				100.0%
github.com/JailtonJunior94/ai-spec-harness/internal/sdd/state.go:155:					Load					66.7%
github.com/JailtonJunior94/ai-spec-harness/internal/sdd/state.go:170:					Initialize				80.0%
github.com/JailtonJunior94/ai-spec-harness/internal/sdd/state.go:195:					Migrate					75.8%
github.com/JailtonJunior94/ai-spec-harness/internal/sdd/state.go:251:					RollbackMigration			75.0%
github.com/JailtonJunior94/ai-spec-harness/internal/sdd/state.go:271:					writeExclusive				66.7%
github.com/JailtonJunior94/ai-spec-harness/internal/sdd/state.go:286:					Save					61.5%
github.com/JailtonJunior94/ai-spec-harness/internal/sdd/state.go:324:					Approve					82.6%
github.com/JailtonJunior94/ai-spec-harness/internal/sdd/state.go:357:					Invalidate				82.4%
github.com/JailtonJunior94/ai-spec-harness/internal/sdd/state.go:382:					Validate				73.9%
github.com/JailtonJunior94/ai-spec-harness/internal/sdd/state.go:422:					ValidateDirectory			66.7%
github.com/JailtonJunior94/ai-spec-harness/internal/sdd/state.go:464:					ValidateExecutionResult			61.9%
github.com/JailtonJunior94/ai-spec-harness/internal/sdd/state.go:499:					populateOperationalModel		88.9%
github.com/JailtonJunior94/ai-spec-harness/internal/sdd/state.go:555:					importTaskCheckpoint			75.6%
github.com/JailtonJunior94/ai-spec-harness/internal/sdd/state.go:620:					compareOperationalModel			71.4%
github.com/JailtonJunior94/ai-spec-harness/internal/sdd/state.go:646:					importedTaskStatus			42.9%
github.com/JailtonJunior94/ai-spec-harness/internal/sdd/state.go:663:					resolveContainedFile			68.8%
github.com/JailtonJunior94/ai-spec-harness/internal/sdd/state.go:687:					evidenceRoot				80.0%
github.com/JailtonJunior94/ai-spec-harness/internal/sdd/state.go:704:					artifactPath				80.0%
github.com/JailtonJunior94/ai-spec-harness/internal/sdd/state.go:717:					validateApproval			84.0%
github.com/JailtonJunior94/ai-spec-harness/internal/sdd/state.go:760:					digestFile				75.0%
github.com/JailtonJunior94/ai-spec-harness/internal/sdd/state.go:769:					DigestFile				0.0%
github.com/JailtonJunior94/ai-spec-harness/internal/sdd/state.go:773:					downstream				75.0%
github.com/JailtonJunior94/ai-spec-harness/internal/sdd/state.go:784:					prerequisites				100.0%
github.com/JailtonJunior94/ai-spec-harness/internal/sdd/state.go:795:					validStatus				66.7%
github.com/JailtonJunior94/ai-spec-harness/internal/sdd/state.go:804:					validDigest				75.0%
github.com/JailtonJunior94/ai-spec-harness/internal/sdd/state.go:812:					validBaseSHA				100.0%
github.com/JailtonJunior94/ai-spec-harness/internal/sdd/tasks/parser.go:42:				NewParser				100.0%
github.com/JailtonJunior94/ai-spec-harness/internal/sdd/tasks/parser.go:47:				Parse					100.0%
github.com/JailtonJunior94/ai-spec-harness/internal/sdd/tasks/parser.go:52:				ParseAt					92.3%
github.com/JailtonJunior94/ai-spec-harness/internal/sdd/tasks/parser.go:72:				parseRequirements			85.7%
github.com/JailtonJunior94/ai-spec-harness/internal/sdd/tasks/parser.go:102:				parseTasks				90.7%
github.com/JailtonJunior94/ai-spec-harness/internal/sdd/tasks/parser.go:153:				firstTable				100.0%
github.com/JailtonJunior94/ai-spec-harness/internal/sdd/tasks/parser.go:171:				parseCoverage				72.7%
github.com/JailtonJunior94/ai-spec-harness/internal/sdd/tasks/parser.go:203:				validate				87.0%
github.com/JailtonJunior94/ai-spec-harness/internal/sdd/tasks/parser.go:239:				validateDependencies			93.9%
github.com/JailtonJunior94/ai-spec-harness/internal/sdd/tasks/parser.go:302:				validateCrossDependency			100.0%
github.com/JailtonJunior94/ai-spec-harness/internal/sdd/tasks/parser.go:308:				validateExternalTask			75.0%
github.com/JailtonJunior94/ai-spec-harness/internal/sdd/tasks/parser.go:360:				validateOwnership			100.0%
github.com/JailtonJunior94/ai-spec-harness/internal/sdd/tasks/parser.go:382:				overlaps				100.0%
github.com/JailtonJunior94/ai-spec-harness/internal/sdd/tasks/parser.go:386:				section					100.0%
github.com/JailtonJunior94/ai-spec-harness/internal/sdd/tasks/parser.go:406:				table					100.0%
github.com/JailtonJunior94/ai-spec-harness/internal/sdd/tasks/parser.go:417:				headers					100.0%
github.com/JailtonJunior94/ai-spec-harness/internal/sdd/tasks/parser.go:426:				columns					75.0%
github.com/JailtonJunior94/ai-spec-harness/internal/sdd/tasks/parser.go:434:				column					75.0%
github.com/JailtonJunior94/ai-spec-harness/internal/sdd/tasks/parser.go:443:				references				100.0%
github.com/JailtonJunior94/ai-spec-harness/internal/sdd/tasks/parser.go:458:				parallel				100.0%
github.com/JailtonJunior94/ai-spec-harness/internal/semver/semver.go:27:				NewService				100.0%
github.com/JailtonJunior94/ai-spec-harness/internal/semver/semver.go:54:				FindLastTag				100.0%
github.com/JailtonJunior94/ai-spec-harness/internal/semver/semver.go:73:				ParseConventionalCommits		83.3%
github.com/JailtonJunior94/ai-spec-harness/internal/semver/semver.go:104:				getCommitBody				80.0%
github.com/JailtonJunior94/ai-spec-harness/internal/semver/semver.go:113:				parseCommit				90.0%
github.com/JailtonJunior94/ai-spec-harness/internal/semver/semver.go:143:				DetermineBump				100.0%
github.com/JailtonJunior94/ai-spec-harness/internal/semver/semver.go:154:				bumpForCommit				100.0%
github.com/JailtonJunior94/ai-spec-harness/internal/semver/semver.go:167:				bumpRank				100.0%
github.com/JailtonJunior94/ai-spec-harness/internal/semver/semver.go:181:				ComputeNext				94.7%
github.com/JailtonJunior94/ai-spec-harness/internal/semver/semver.go:206:				readVersionFile				42.9%
github.com/JailtonJunior94/ai-spec-harness/internal/semver/semver.go:219:				Evaluate				97.6%
github.com/JailtonJunior94/ai-spec-harness/internal/skillbump/diff.go:14:				ChangedSkills				89.5%
github.com/JailtonJunior94/ai-spec-harness/internal/skillbump/diff.go:44:				CommitsForSkill				75.0%
github.com/JailtonJunior94/ai-spec-harness/internal/skillbump/diff.go:78:				readSkillFileAtRef			83.3%
github.com/JailtonJunior94/ai-spec-harness/internal/skillbump/diff.go:89:				parseCommit				80.0%
github.com/JailtonJunior94/ai-spec-harness/internal/skillbump/diff.go:127:				readCommitBody				80.0%
github.com/JailtonJunior94/ai-spec-harness/internal/skillbump/diff.go:136:				extractSkillName			78.6%
github.com/JailtonJunior94/ai-spec-harness/internal/skillbump/frontmatter.go:15:			UpdateFrontmatterVersion		83.3%
github.com/JailtonJunior94/ai-spec-harness/internal/skillbump/frontmatter.go:35:			joinFrontmatter				100.0%
github.com/JailtonJunior94/ai-spec-harness/internal/skillbump/frontmatter.go:43:			frontmatterBodyRange			81.8%
github.com/JailtonJunior94/ai-spec-harness/internal/skillbump/frontmatter.go:64:			validateFrontmatter			88.9%
github.com/JailtonJunior94/ai-spec-harness/internal/skillbump/frontmatter.go:81:			readLine				69.2%
github.com/JailtonJunior94/ai-spec-harness/internal/skillbump/r1_receiver.go:6:				NewPlanner				100.0%
github.com/JailtonJunior94/ai-spec-harness/internal/skillbump/skillbump.go:37:				NewService				100.0%
github.com/JailtonJunior94/ai-spec-harness/internal/skillbump/skillbump.go:42:				Execute					80.6%
github.com/JailtonJunior94/ai-spec-harness/internal/skillbump/skillbump.go:91:				bumpSkill				82.4%
github.com/JailtonJunior94/ai-spec-harness/internal/skillbump/skillbump.go:154:				plannedBump				100.0%
github.com/JailtonJunior94/ai-spec-harness/internal/skillbump/skillbump.go:161:				describeReason				50.0%
github.com/JailtonJunior94/ai-spec-harness/internal/skillbump/skillbump.go:173:				commitMatchesBump			60.0%
github.com/JailtonJunior94/ai-spec-harness/internal/skillbump/skillbump.go:186:				findLastTag				90.9%
github.com/JailtonJunior94/ai-spec-harness/internal/skills/catalog.go:6:				NewCatalog				100.0%
github.com/JailtonJunior94/ai-spec-harness/internal/skills/complexity.go:53:				ParseComplexity				100.0%
github.com/JailtonJunior94/ai-spec-harness/internal/skills/complexity.go:64:				Classify				100.0%
github.com/JailtonJunior94/ai-spec-harness/internal/skills/complexity.go:88:				ReferencesForComplexity			100.0%
github.com/JailtonJunior94/ai-spec-harness/internal/skills/frontmatter.go:28:				ParseFrontmatterFields			97.8%
github.com/JailtonJunior94/ai-spec-harness/internal/skills/frontmatter.go:87:				ParseFrontmatter			100.0%
github.com/JailtonJunior94/ai-spec-harness/internal/skills/frontmatter.go:112:				ParseFrontmatterName			0.0%
github.com/JailtonJunior94/ai-spec-harness/internal/skills/frontmatter.go:117:				SemverGreater				92.3%
github.com/JailtonJunior94/ai-spec-harness/internal/skills/frontmatter.go:135:				parseSemver				89.5%
github.com/JailtonJunior94/ai-spec-harness/internal/skills/frontmatter.go:162:				ValidateFrontmatter			100.0%
github.com/JailtonJunior94/ai-spec-harness/internal/skills/frontmatter.go:197:				hasFrontmatterBlock			100.0%
github.com/JailtonJunior94/ai-spec-harness/internal/skills/frontmatter.go:211:				IsValidSemver				100.0%
github.com/JailtonJunior94/ai-spec-harness/internal/skills/frontmatter.go:236:				isValidPrerelease			88.9%
github.com/JailtonJunior94/ai-spec-harness/internal/skills/frontmatter.go:260:				parseDependsOn				92.9%
github.com/JailtonJunior94/ai-spec-harness/internal/skills/schema.go:52:				ValidateFrontmatterSchema		85.0%
github.com/JailtonJunior94/ai-spec-harness/internal/skills/schema.go:80:				toFrontmatterDoc			90.0%
github.com/JailtonJunior94/ai-spec-harness/internal/skills/schema.go:100:				formatFrontmatterError			33.3%
github.com/JailtonJunior94/ai-spec-harness/internal/skills/schema.go:115:				asSchemaValidationError			75.0%
github.com/JailtonJunior94/ai-spec-harness/internal/skills/skills.go:31:				Error					100.0%
github.com/JailtonJunior94/ai-spec-harness/internal/skills/skills.go:47:				canonicalTools				100.0%
github.com/JailtonJunior94/ai-spec-harness/internal/skills/skills.go:56:				ParseTool				100.0%
github.com/JailtonJunior94/ai-spec-harness/internal/skills/skills.go:67:				ResolveTool				100.0%
github.com/JailtonJunior94/ai-spec-harness/internal/skills/skills.go:94:				ParseLang				100.0%
github.com/JailtonJunior94/ai-spec-harness/internal/skills/skills.go:111:				ParseLinkMode				0.0%
github.com/JailtonJunior94/ai-spec-harness/internal/skills/skills.go:151:				LangSkills				88.9%
github.com/JailtonJunior94/ai-spec-harness/internal/skills/skills.go:172:				AllSkills				100.0%
github.com/JailtonJunior94/ai-spec-harness/internal/skillscheck/skillscheck.go:63:			NewService				100.0%
github.com/JailtonJunior94/ai-spec-harness/internal/skillscheck/skillscheck.go:68:			Check					92.6%
github.com/JailtonJunior94/ai-spec-harness/internal/skillscheck/skillscheck.go:114:			hashOf					100.0%
github.com/JailtonJunior94/ai-spec-harness/internal/skillscheck/skillscheck.go:131:			Verify					90.0%
github.com/JailtonJunior94/ai-spec-harness/internal/skillscheck/skillscheck.go:152:			classifyDrift				90.9%
github.com/JailtonJunior94/ai-spec-harness/internal/skillscheck/skillscheck.go:172:			parseMajor				75.0%
github.com/JailtonJunior94/ai-spec-harness/internal/specdigest/specdigest.go:24:			Canonical				100.0%
github.com/JailtonJunior94/ai-spec-harness/internal/specdigest/specdigest.go:32:			Normalize				100.0%
github.com/JailtonJunior94/ai-spec-harness/internal/specdrift/r1_catalog.go:6:				NewCatalog				100.0%
github.com/JailtonJunior94/ai-spec-harness/internal/specdrift/specdrift.go:42:				CheckCoverage				100.0%
github.com/JailtonJunior94/ai-spec-harness/internal/specdrift/specdrift.go:72:				CheckStructuralCoverage			100.0%
github.com/JailtonJunior94/ai-spec-harness/internal/specdrift/specdrift.go:80:				coverageTableContent			93.3%
github.com/JailtonJunior94/ai-spec-harness/internal/specdrift/specdrift.go:105:				CheckHash				100.0%
github.com/JailtonJunior94/ai-spec-harness/internal/specdrift/specdrift.go:136:				CheckTechspecPRDConsistency		100.0%
github.com/JailtonJunior94/ai-spec-harness/internal/specdrift/specdrift.go:162:				CheckDrift				100.0%
github.com/JailtonJunior94/ai-spec-harness/internal/specdrift/sync.go:19:				SyncSpecHash				97.2%
github.com/JailtonJunior94/ai-spec-harness/internal/specdrift/sync.go:63:				writeTasksFileAtomic			61.1%
github.com/JailtonJunior94/ai-spec-harness/internal/specdrift/sync.go:88:				guardApprovedState			22.2%
github.com/JailtonJunior94/ai-spec-harness/internal/taskcriteria/extract.go:5:				Extract					100.0%
github.com/JailtonJunior94/ai-spec-harness/internal/taskcriteria/extract.go:9:				Pending					100.0%
github.com/JailtonJunior94/ai-spec-harness/internal/taskcriteria/extract.go:13:				collect					100.0%
github.com/JailtonJunior94/ai-spec-harness/internal/taskcriteria/extract.go:46:				parseChecklistItem			92.3%
github.com/JailtonJunior94/ai-spec-harness/internal/taskcriteria/extract.go:69:				isAcceptanceSection			100.0%
github.com/JailtonJunior94/ai-spec-harness/internal/taskloop/acceptance.go:47:				NewAcceptanceGate			100.0%
github.com/JailtonJunior94/ai-spec-harness/internal/taskloop/acceptance.go:52:				Verify					98.7%
github.com/JailtonJunior94/ai-spec-harness/internal/taskloop/acceptance.go:96:				parseCriteriaFromTaskFile		100.0%
github.com/JailtonJunior94/ai-spec-harness/internal/taskloop/acpinvoker.go:59:				WithACPInvokerReasoningEffort		0.0%
github.com/JailtonJunior94/ai-spec-harness/internal/taskloop/acpinvoker.go:63:				WithACPInvokerAccessMode		0.0%
github.com/JailtonJunior94/ai-spec-harness/internal/taskloop/acpinvoker.go:67:				WithACPInvokerAddDirs			0.0%
github.com/JailtonJunior94/ai-spec-harness/internal/taskloop/acpinvoker.go:71:				WithACPInvokerMCPNested			0.0%
github.com/JailtonJunior94/ai-spec-harness/internal/taskloop/acpinvoker.go:75:				WithACPInvokerNoNormalize		0.0%
github.com/JailtonJunior94/ai-spec-harness/internal/taskloop/acpinvoker.go:79:				WithACPInvokerMemoryLimitLines		0.0%
github.com/JailtonJunior94/ai-spec-harness/internal/taskloop/acpinvoker.go:86:				WithACPInvokerMemoryLimitBytes		0.0%
github.com/JailtonJunior94/ai-spec-harness/internal/taskloop/acpinvoker.go:93:				WithACPInvokerMemoryLimitsExplicit	0.0%
github.com/JailtonJunior94/ai-spec-harness/internal/taskloop/acpinvoker.go:97:				WithACPInvokerDisableHooks		0.0%
github.com/JailtonJunior94/ai-spec-harness/internal/taskloop/acpinvoker.go:101:				WithACPInvokerTasksDir			100.0%
github.com/JailtonJunior94/ai-spec-harness/internal/taskloop/acpinvoker.go:105:				WithACPInvokerAutoReview		0.0%
github.com/JailtonJunior94/ai-spec-harness/internal/taskloop/acpinvoker.go:109:				WithACPInvokerMaxBugfixIterations	0.0%
github.com/JailtonJunior94/ai-spec-harness/internal/taskloop/acpinvoker.go:113:				WithACPInvokerDurableMemory		0.0%
github.com/JailtonJunior94/ai-spec-harness/internal/taskloop/acpinvoker.go:117:				WithACPInvokerHandoffLeaseTTL		0.0%
github.com/JailtonJunior94/ai-spec-harness/internal/taskloop/acpinvoker.go:121:				WithACPInvokerSkipDriftGuard		100.0%
github.com/JailtonJunior94/ai-spec-harness/internal/taskloop/acpinvoker.go:125:				WithACPInvokerMaxRetries		100.0%
github.com/JailtonJunior94/ai-spec-harness/internal/taskloop/acpinvoker.go:129:				WithACPInvokerRetryBackoffMultiplier	100.0%
github.com/JailtonJunior94/ai-spec-harness/internal/taskloop/acpinvoker.go:133:				WithACPInvokerRetryBaseDelay		100.0%
github.com/JailtonJunior94/ai-spec-harness/internal/taskloop/acpinvoker.go:137:				WithACPInvokerRetryClassifier		100.0%
github.com/JailtonJunior94/ai-spec-harness/internal/taskloop/acpinvoker.go:141:				acpInvokerSleepFnOption			100.0%
github.com/JailtonJunior94/ai-spec-harness/internal/taskloop/acpinvoker.go:145:				NewACPInvoker				100.0%
github.com/JailtonJunior94/ai-spec-harness/internal/taskloop/acpinvoker.go:162:				defaultSleepFn				0.0%
github.com/JailtonJunior94/ai-spec-harness/internal/taskloop/acpinvoker.go:174:				BinaryName				100.0%
github.com/JailtonJunior94/ai-spec-harness/internal/taskloop/acpinvoker.go:178:				Invoke					94.2%
github.com/JailtonJunior94/ai-spec-harness/internal/taskloop/acpinvoker.go:267:				SetLiveOutput				100.0%
github.com/JailtonJunior94/ai-spec-harness/internal/taskloop/acpinvoker.go:272:				MapExitCode				100.0%
github.com/JailtonJunior94/ai-spec-harness/internal/taskloop/acpinvoker.go:283:				finalStatus				80.0%
github.com/JailtonJunior94/ai-spec-harness/internal/taskloop/acpinvoker.go:293:				deriveEvidenceDir			87.5%
github.com/JailtonJunior94/ai-spec-harness/internal/taskloop/agent.go:37:				Error					100.0%
github.com/JailtonJunior94/ai-spec-harness/internal/taskloop/agent.go:44:				Unwrap					100.0%
github.com/JailtonJunior94/ai-spec-harness/internal/taskloop/agent.go:51:				NewAgentInvoker				100.0%
github.com/JailtonJunior94/ai-spec-harness/internal/taskloop/agent.go:74:				CheckAgentBinary			0.0%
github.com/JailtonJunior94/ai-spec-harness/internal/taskloop/agent.go:113:				BuildPromptContext			100.0%
github.com/JailtonJunior94/ai-spec-harness/internal/taskloop/agent.go:140:				extractArchitecture			94.4%
github.com/JailtonJunior94/ai-spec-harness/internal/taskloop/agent.go:175:				detectReferences			94.7%
github.com/JailtonJunior94/ai-spec-harness/internal/taskloop/agent.go:204:				containsAnyPattern			100.0%
github.com/JailtonJunior94/ai-spec-harness/internal/taskloop/agent.go:217:				BuildPrompt				81.8%
github.com/JailtonJunior94/ai-spec-harness/internal/taskloop/agent.go:249:				isAuthError				100.0%
github.com/JailtonJunior94/ai-spec-harness/internal/taskloop/agent.go:270:				authGuidance				100.0%
github.com/JailtonJunior94/ai-spec-harness/internal/taskloop/agent.go:288:				warnClaudeAuth				77.8%
github.com/JailtonJunior94/ai-spec-harness/internal/taskloop/agent.go:304:				cleanEnv				100.0%
github.com/JailtonJunior94/ai-spec-harness/internal/taskloop/agent.go:326:				BinaryName				66.7%
github.com/JailtonJunior94/ai-spec-harness/internal/taskloop/agent.go:333:				SetLiveOutput				0.0%
github.com/JailtonJunior94/ai-spec-harness/internal/taskloop/agent.go:335:				Invoke					90.0%
github.com/JailtonJunior94/ai-spec-harness/internal/taskloop/agent.go:373:				BinaryName				100.0%
github.com/JailtonJunior94/ai-spec-harness/internal/taskloop/agent.go:375:				SetLiveOutput				0.0%
github.com/JailtonJunior94/ai-spec-harness/internal/taskloop/agent.go:377:				Invoke					100.0%
github.com/JailtonJunior94/ai-spec-harness/internal/taskloop/agent.go:408:				BinaryName				100.0%
github.com/JailtonJunior94/ai-spec-harness/internal/taskloop/agent.go:410:				SetLiveOutput				0.0%
github.com/JailtonJunior94/ai-spec-harness/internal/taskloop/agent.go:412:				Invoke					100.0%
github.com/JailtonJunior94/ai-spec-harness/internal/taskloop/agent_livewriter.go:17:			Write					100.0%
github.com/JailtonJunior94/ai-spec-harness/internal/taskloop/agent_unix.go:15:				runCmd					97.2%
github.com/JailtonJunior94/ai-spec-harness/internal/taskloop/approval_adapters.go:39:			newReviewerPort				100.0%
github.com/JailtonJunior94/ai-spec-harness/internal/taskloop/approval_adapters.go:43:			priorCutPoint				83.3%
github.com/JailtonJunior94/ai-spec-harness/internal/taskloop/approval_adapters.go:54:			Review					78.6%
github.com/JailtonJunior94/ai-spec-harness/internal/taskloop/approval_adapters.go:86:			newPrimedReviewerPort			100.0%
github.com/JailtonJunior94/ai-spec-harness/internal/taskloop/approval_adapters.go:90:			primedReviewRequest			75.0%
github.com/JailtonJunior94/ai-spec-harness/internal/taskloop/approval_adapters.go:98:			Review					82.4%
github.com/JailtonJunior94/ai-spec-harness/internal/taskloop/approval_adapters.go:123:			translateReviewFindings			91.7%
github.com/JailtonJunior94/ai-spec-harness/internal/taskloop/approval_adapters.go:144:			translateSeverity			100.0%
github.com/JailtonJunior94/ai-spec-harness/internal/taskloop/approval_adapters.go:161:			newBugfixEvidenceRecorder		100.0%
github.com/JailtonJunior94/ai-spec-harness/internal/taskloop/approval_adapters.go:165:			record					100.0%
github.com/JailtonJunior94/ai-spec-harness/internal/taskloop/approval_adapters.go:169:			Entries					100.0%
github.com/JailtonJunior94/ai-spec-harness/internal/taskloop/approval_adapters.go:178:			newFixerPort				100.0%
github.com/JailtonJunior94/ai-spec-harness/internal/taskloop/approval_adapters.go:182:			Fix					100.0%
github.com/JailtonJunior94/ai-spec-harness/internal/taskloop/approval_adapters.go:202:			reverseFindings				100.0%
github.com/JailtonJunior94/ai-spec-harness/internal/taskloop/approval_adapters.go:206:			reverseApprovalFindings			100.0%
github.com/JailtonJunior94/ai-spec-harness/internal/taskloop/approval_adapters.go:218:			reverseVerdict				100.0%
github.com/JailtonJunior94/ai-spec-harness/internal/taskloop/approval_adapters.go:222:			reverseSeverity				100.0%
github.com/JailtonJunior94/ai-spec-harness/internal/taskloop/approval_adapters.go:242:			newRepositoryPort			100.0%
github.com/JailtonJunior94/ai-spec-harness/internal/taskloop/approval_adapters.go:246:			Checkpoint				87.5%
github.com/JailtonJunior94/ai-spec-harness/internal/taskloop/approval_adapters.go:259:			CheckpointAt				66.7%
github.com/JailtonJunior94/ai-spec-harness/internal/taskloop/approval_adapters.go:266:			contentCheckpoint			80.0%
github.com/JailtonJunior94/ai-spec-harness/internal/taskloop/approval_adapters.go:281:			diffDigest				100.0%
github.com/JailtonJunior94/ai-spec-harness/internal/taskloop/approval_adapters.go:286:			FullTarget				100.0%
github.com/JailtonJunior94/ai-spec-harness/internal/taskloop/approval_adapters.go:290:			Delta					81.8%
github.com/JailtonJunior94/ai-spec-harness/internal/taskloop/approval_adapters.go:308:			contentDelta				83.3%
github.com/JailtonJunior94/ai-spec-harness/internal/taskloop/approval_adapters.go:319:			captureTarget				66.7%
github.com/JailtonJunior94/ai-spec-harness/internal/taskloop/approval_cycle.go:22:			ReviewConsolidated			83.3%
github.com/JailtonJunior94/ai-spec-harness/internal/taskloop/approval_cycle.go:41:			InvokeBugfix				94.1%
github.com/JailtonJunior94/ai-spec-harness/internal/taskloop/approval_cycle.go:60:			formatCycleFindings			70.0%
github.com/JailtonJunior94/ai-spec-harness/internal/taskloop/approval_cycle.go:80:			CaptureDiff				0.0%
github.com/JailtonJunior94/ai-spec-harness/internal/taskloop/approval_cycle.go:84:			acceptanceCriteriaFromTaskFile		83.3%
github.com/JailtonJunior94/ai-spec-harness/internal/taskloop/approval_cycle.go:102:			acceptanceCriteriaUnion			84.2%
github.com/JailtonJunior94/ai-spec-harness/internal/taskloop/approval_cycle.go:130:			runLoopAgentIdentity			66.7%
github.com/JailtonJunior94/ai-spec-harness/internal/taskloop/approval_cycle.go:137:			cycleApprovalPolicy			100.0%
github.com/JailtonJunior94/ai-spec-harness/internal/taskloop/approval_cycle.go:146:			InvokeBugfix				0.0%
github.com/JailtonJunior94/ai-spec-harness/internal/taskloop/approval_cycle.go:150:			runBatchCycle				83.3%
github.com/JailtonJunior94/ai-spec-harness/internal/taskloop/approval_cycle.go:186:			taskDiffCapturer			66.7%
github.com/JailtonJunior94/ai-spec-harness/internal/taskloop/approval_cycle.go:193:			batchBugfixInvoker			100.0%
github.com/JailtonJunior94/ai-spec-harness/internal/taskloop/approval_cycle.go:200:			batchDiffCapturer			100.0%
github.com/JailtonJunior94/ai-spec-harness/internal/taskloop/approval_cycle.go:207:			cycleAgentIdentity			80.0%
github.com/JailtonJunior94/ai-spec-harness/internal/taskloop/approval_cycle.go:217:			bugfixResultFromCycle			100.0%
github.com/JailtonJunior94/ai-spec-harness/internal/taskloop/approval_cycle.go:235:			conductApprovalCycle			91.4%
github.com/JailtonJunior94/ai-spec-harness/internal/taskloop/approval_cycle.go:327:			cycleRoundReports			100.0%
github.com/JailtonJunior94/ai-spec-harness/internal/taskloop/approval_cycle.go:340:			cycleSeverityCounts			100.0%
github.com/JailtonJunior94/ai-spec-harness/internal/taskloop/bugfix.go:69:				NewBugfixLoop				100.0%
github.com/JailtonJunior94/ai-spec-harness/internal/taskloop/bugfix.go:87:				Run					98.0%
github.com/JailtonJunior94/ai-spec-harness/internal/taskloop/bugfix.go:162:				bugfixAttemptsFromCycle			87.5%
github.com/JailtonJunior94/ai-spec-harness/internal/taskloop/bugfix.go:195:				finalReviewFromCycleResult		87.5%
github.com/JailtonJunior94/ai-spec-harness/internal/taskloop/bugfix.go:214:				extractBugfixEvidence			100.0%
github.com/JailtonJunior94/ai-spec-harness/internal/taskloop/bugfix.go:225:				findEvidenceValue			100.0%
github.com/JailtonJunior94/ai-spec-harness/internal/taskloop/bugfix.go:241:				formatBugfixOrigin			100.0%
github.com/JailtonJunior94/ai-spec-harness/internal/taskloop/bugfix.go:259:				splitReviewContext			100.0%
github.com/JailtonJunior94/ai-spec-harness/internal/taskloop/bugfix.go:267:				attachReviewContext			80.0%
github.com/JailtonJunior94/ai-spec-harness/internal/taskloop/bugfix.go:277:				filterCritical				100.0%
github.com/JailtonJunior94/ai-spec-harness/internal/taskloop/bugfix.go:289:				extractRootCause			100.0%
github.com/JailtonJunior94/ai-spec-harness/internal/taskloop/compatibility.go:22:			NewCompatibilityTable			100.0%
github.com/JailtonJunior94/ai-spec-harness/internal/taskloop/compatibility.go:54:			IsSupported				100.0%
github.com/JailtonJunior94/ai-spec-harness/internal/taskloop/compatibility.go:83:			Models					100.0%
github.com/JailtonJunior94/ai-spec-harness/internal/taskloop/compatibility.go:89:			ValidateCombination			100.0%
github.com/JailtonJunior94/ai-spec-harness/internal/taskloop/compatibility.go:105:			ValidateModelForIDE			100.0%
github.com/JailtonJunior94/ai-spec-harness/internal/taskloop/evidence.go:32:				NewEvidenceRecorder			100.0%
github.com/JailtonJunior94/ai-spec-harness/internal/taskloop/evidence.go:38:				Append					90.9%
github.com/JailtonJunior94/ai-spec-harness/internal/taskloop/evidence.go:53:				buildEvidenceBlock			85.7%
github.com/JailtonJunior94/ai-spec-harness/internal/taskloop/evidence.go:73:				replaceEvidenceBlock			100.0%
github.com/JailtonJunior94/ai-spec-harness/internal/taskloop/isolation.go:29:				captureTaskIsolationSnapshot		100.0%
github.com/JailtonJunior94/ai-spec-harness/internal/taskloop/isolation.go:33:				captureTaskIsolationSnapshotWithMode	69.2%
github.com/JailtonJunior94/ai-spec-harness/internal/taskloop/isolation.go:62:				validateTaskIsolation			100.0%
github.com/JailtonJunior94/ai-spec-harness/internal/taskloop/isolation.go:66:				validateReviewerIsolation		100.0%
github.com/JailtonJunior94/ai-spec-harness/internal/taskloop/isolation.go:70:				validateTaskIsolationWithMode		76.2%
github.com/JailtonJunior94/ai-spec-harness/internal/taskloop/isolation.go:110:				restoreTaskIsolationSnapshotAt		72.0%
github.com/JailtonJunior94/ai-spec-harness/internal/taskloop/isolation.go:156:				validateTaskRowIsolation		83.3%
github.com/JailtonJunior94/ai-spec-harness/internal/taskloop/isolation.go:179:				validateTaskFileIsolation		92.9%
github.com/JailtonJunior94/ai-spec-harness/internal/taskloop/isolation.go:205:				validateProtectedPRDFileIsolation	90.0%
github.com/JailtonJunior94/ai-spec-harness/internal/taskloop/isolation.go:225:				readTaskFiles				87.5%
github.com/JailtonJunior94/ai-spec-harness/internal/taskloop/isolation.go:253:				readProtectedPRDFiles			81.8%
github.com/JailtonJunior94/ai-spec-harness/internal/taskloop/isolation.go:271:				walkFiles				75.0%
github.com/JailtonJunior94/ai-spec-harness/internal/taskloop/isolation.go:293:				isProtectedPRDFile			92.3%
github.com/JailtonJunior94/ai-spec-harness/internal/taskloop/isolation.go:321:				isHarnessManagedPRDDir			100.0%
github.com/JailtonJunior94/ai-spec-harness/internal/taskloop/isolation.go:336:				isAllowedExecutorArtifact		100.0%
github.com/JailtonJunior94/ai-spec-harness/internal/taskloop/isolation.go:342:				isTrackedTaskFile			100.0%
github.com/JailtonJunior94/ai-spec-harness/internal/taskloop/isolation.go:355:				extractTaskRows				88.0%
github.com/JailtonJunior94/ai-spec-harness/internal/taskloop/orchestrator.go:42:			DetectRuntimeCapabilities		78.6%
github.com/JailtonJunior94/ai-spec-harness/internal/taskloop/orchestrator.go:82:			Validate				76.5%
github.com/JailtonJunior94/ai-spec-harness/internal/taskloop/orchestrator.go:110:			pathsOverlap				100.0%
github.com/JailtonJunior94/ai-spec-harness/internal/taskloop/orchestrator.go:125:			NewSnapshot				100.0%
github.com/JailtonJunior94/ai-spec-harness/internal/taskloop/orchestrator.go:143:			NewOrchestrator				66.7%
github.com/JailtonJunior94/ai-spec-harness/internal/taskloop/orchestrator.go:151:			AcquireWriter				75.0%
github.com/JailtonJunior94/ai-spec-harness/internal/taskloop/orchestrator.go:161:			Start					77.8%
github.com/JailtonJunior94/ai-spec-harness/internal/taskloop/orchestrator.go:179:			StartNext				65.4%
github.com/JailtonJunior94/ai-spec-harness/internal/taskloop/orchestrator.go:218:			dependenciesDone			33.3%
github.com/JailtonJunior94/ai-spec-harness/internal/taskloop/orchestrator.go:230:			startLocked				66.7%
github.com/JailtonJunior94/ai-spec-harness/internal/taskloop/orchestrator.go:283:			Finish					66.7%
github.com/JailtonJunior94/ai-spec-harness/internal/taskloop/orchestrator.go:300:			finishLocked				78.3%
github.com/JailtonJunior94/ai-spec-harness/internal/taskloop/orchestrator.go:335:			ValidateExecutionEvidence		81.2%
github.com/JailtonJunior94/ai-spec-harness/internal/taskloop/orchestrator.go:376:			SealEvidence				84.0%
github.com/JailtonJunior94/ai-spec-harness/internal/taskloop/orchestrator.go:415:			VerifySealedEvidence			83.3%
github.com/JailtonJunior94/ai-spec-harness/internal/taskloop/orchestrator.go:434:			captureFinalSnapshot			72.7%
github.com/JailtonJunior94/ai-spec-harness/internal/taskloop/orchestrator.go:456:			buildExclusions				81.4%
github.com/JailtonJunior94/ai-spec-harness/internal/taskloop/orchestrator.go:520:			committedPatch				83.3%
github.com/JailtonJunior94/ai-spec-harness/internal/taskloop/orchestrator.go:531:			appendExclusions			100.0%
github.com/JailtonJunior94/ai-spec-harness/internal/taskloop/orchestrator.go:547:			semanticPatch				87.5%
github.com/JailtonJunior94/ai-spec-harness/internal/taskloop/orchestrator.go:582:			isExcluded				100.0%
github.com/JailtonJunior94/ai-spec-harness/internal/taskloop/orchestrator.go:604:			gitRun					100.0%
github.com/JailtonJunior94/ai-spec-harness/internal/taskloop/orchestrator.go:609:			gitOutput				100.0%
github.com/JailtonJunior94/ai-spec-harness/internal/taskloop/orchestrator.go:619:			validatePatchArtifact			69.2%
github.com/JailtonJunior94/ai-spec-harness/internal/taskloop/orchestrator.go:639:			sealEnvelope				75.0%
github.com/JailtonJunior94/ai-spec-harness/internal/taskloop/orchestrator.go:652:			validatePatchArtifactDigest		76.9%
github.com/JailtonJunior94/ai-spec-harness/internal/taskloop/orchestrator.go:672:			validatePhysicalEvidence		84.6%
github.com/JailtonJunior94/ai-spec-harness/internal/taskloop/orchestrator.go:711:			repositoryRoot				83.3%
github.com/JailtonJunior94/ai-spec-harness/internal/taskloop/orchestrator.go:721:			resolveEvidence				80.0%
github.com/JailtonJunior94/ai-spec-harness/internal/taskloop/orchestrator.go:754:			validSnapshot				60.0%
github.com/JailtonJunior94/ai-spec-harness/internal/taskloop/orchestrator.go:772:			snapshotMatches				100.0%
github.com/JailtonJunior94/ai-spec-harness/internal/taskloop/orchestrator.go:777:			hasStartedEvent				100.0%
github.com/JailtonJunior94/ai-spec-harness/internal/taskloop/orchestrator.go:786:			hasTerminalEvent			100.0%
github.com/JailtonJunior94/ai-spec-harness/internal/taskloop/orchestrator.go:798:			CaptureSnapshotFromGit			66.7%
github.com/JailtonJunior94/ai-spec-harness/internal/taskloop/orchestrator.go:824:			SnapshotFromGit				0.0%
github.com/JailtonJunior94/ai-spec-harness/internal/taskloop/orchestrator_lock_identity.go:18:		currentOrchestratorLockIdentity		100.0%
github.com/JailtonJunior94/ai-spec-harness/internal/taskloop/orchestrator_lock_identity.go:28:		marshal					75.0%
github.com/JailtonJunior94/ai-spec-harness/internal/taskloop/orchestrator_lock_identity.go:36:		parseOrchestratorLockIdentity		83.3%
github.com/JailtonJunior94/ai-spec-harness/internal/taskloop/orchestrator_lock_identity.go:47:		describeOrchestratorLockOwner		100.0%
github.com/JailtonJunior94/ai-spec-harness/internal/taskloop/orchestrator_lock_unix.go:13:		acquireOrchestratorLock			60.0%
github.com/JailtonJunior94/ai-spec-harness/internal/taskloop/orchestrator_lock_unix.go:43:		writeOrchestratorLockIdentity		57.1%
github.com/JailtonJunior94/ai-spec-harness/internal/taskloop/parser.go:35:				ParseTasksFile				100.0%
github.com/JailtonJunior94/ai-spec-harness/internal/taskloop/parser.go:94:				ReadTaskFileStatus			100.0%
github.com/JailtonJunior94/ai-spec-harness/internal/taskloop/parser.go:117:				FindEligible				100.0%
github.com/JailtonJunior94/ai-spec-harness/internal/taskloop/parser.go:147:				isResumableStatus			100.0%
github.com/JailtonJunior94/ai-spec-harness/internal/taskloop/parser.go:151:				reconcileTaskStatuses			100.0%
github.com/JailtonJunior94/ai-spec-harness/internal/taskloop/parser.go:169:				ResolveTaskFile				85.0%
github.com/JailtonJunior94/ai-spec-harness/internal/taskloop/parser.go:202:				matchesTaskPrefix			91.3%
github.com/JailtonJunior94/ai-spec-harness/internal/taskloop/parser.go:252:				detectColumnIndices			100.0%
github.com/JailtonJunior94/ai-spec-harness/internal/taskloop/parser.go:256:				parseDependencies			90.0%
github.com/JailtonJunior94/ai-spec-harness/internal/taskloop/parser.go:272:				normalizeStatus				88.9%
github.com/JailtonJunior94/ai-spec-harness/internal/taskloop/parser.go:292:				AllTerminal				100.0%
github.com/JailtonJunior94/ai-spec-harness/internal/taskloop/parser.go:305:				readTaskStatus				100.0%
github.com/JailtonJunior94/ai-spec-harness/internal/taskloop/profile.go:33:				inferProvider				100.0%
github.com/JailtonJunior94/ai-spec-harness/internal/taskloop/profile.go:49:				NewExecutionProfile			90.9%
github.com/JailtonJunior94/ai-spec-harness/internal/taskloop/profile.go:76:				Role					100.0%
github.com/JailtonJunior94/ai-spec-harness/internal/taskloop/profile.go:79:				Tool					100.0%
github.com/JailtonJunior94/ai-spec-harness/internal/taskloop/profile.go:82:				Provider				100.0%
github.com/JailtonJunior94/ai-spec-harness/internal/taskloop/profile.go:85:				Model					100.0%
github.com/JailtonJunior94/ai-spec-harness/internal/taskloop/profile.go:97:				mapIDEToSpec				66.7%
github.com/JailtonJunior94/ai-spec-harness/internal/taskloop/profile.go:111:				ResolveProfileFromAgent			86.4%
github.com/JailtonJunior94/ai-spec-harness/internal/taskloop/profile.go:153:				ResolveProfiles				95.5%
github.com/JailtonJunior94/ai-spec-harness/internal/taskloop/r1_catalog.go:6:				NewCatalog				100.0%
github.com/JailtonJunior94/ai-spec-harness/internal/taskloop/report.go:71:				Render					100.0%
github.com/JailtonJunior94/ai-spec-harness/internal/taskloop/report.go:78:				renderSimples				100.0%
github.com/JailtonJunior94/ai-spec-harness/internal/taskloop/report.go:190:				renderAvancado				98.7%
github.com/JailtonJunior94/ai-spec-harness/internal/taskloop/report.go:390:				modelOrDefault				100.0%
github.com/JailtonJunior94/ai-spec-harness/internal/taskloop/report.go:397:				formatSeverityCounts			100.0%
github.com/JailtonJunior94/ai-spec-harness/internal/taskloop/reservations.go:62:			NewReservationPlanner			100.0%
github.com/JailtonJunior94/ai-spec-harness/internal/taskloop/reservations.go:69:			Resolve					100.0%
github.com/JailtonJunior94/ai-spec-harness/internal/taskloop/reservations.go:108:			validateDecision			100.0%
github.com/JailtonJunior94/ai-spec-harness/internal/taskloop/reservations.go:129:			WriteActionPlanToTaskFile		81.8%
github.com/JailtonJunior94/ai-spec-harness/internal/taskloop/reservations.go:144:			buildActionPlanBlock			77.8%
github.com/JailtonJunior94/ai-spec-harness/internal/taskloop/reservations.go:170:			replaceActionPlanBlock			93.8%
github.com/JailtonJunior94/ai-spec-harness/internal/taskloop/reservations.go:204:			AppendFollowUpTasks			87.5%
github.com/JailtonJunior94/ai-spec-harness/internal/taskloop/reservations.go:219:			appendFollowUpTaskRows			87.5%
github.com/JailtonJunior94/ai-spec-harness/internal/taskloop/reservations.go:241:			filterDocumentDecisions			100.0%
github.com/JailtonJunior94/ai-spec-harness/internal/taskloop/reservations.go:251:			nextFollowUpID				100.0%
github.com/JailtonJunior94/ai-spec-harness/internal/taskloop/reservations.go:269:			summarizeFinding			75.0%
github.com/JailtonJunior94/ai-spec-harness/internal/taskloop/reservations.go:283:			truncateText				66.7%
github.com/JailtonJunior94/ai-spec-harness/internal/taskloop/reservations.go:293:			appendRowsAfterTable			80.8%
github.com/JailtonJunior94/ai-spec-harness/internal/taskloop/reviewer.go:70:				NewFinalReviewer			100.0%
github.com/JailtonJunior94/ai-spec-harness/internal/taskloop/reviewer.go:79:				ReviewConsolidated			96.7%
github.com/JailtonJunior94/ai-spec-harness/internal/taskloop/reviewer.go:112:				verdictWeight				80.0%
github.com/JailtonJunior94/ai-spec-harness/internal/taskloop/reviewer.go:125:				buildConsolidatedReviewPrompt		100.0%
github.com/JailtonJunior94/ai-spec-harness/internal/taskloop/reviewer.go:156:				detectReviewLanguages			95.2%
github.com/JailtonJunior94/ai-spec-harness/internal/taskloop/reviewer.go:191:				hasBlockingFinding			100.0%
github.com/JailtonJunior94/ai-spec-harness/internal/taskloop/reviewer.go:200:				parseReviewOutput			100.0%
github.com/JailtonJunior94/ai-spec-harness/internal/taskloop/reviewer.go:208:				parseVerdict				100.0%
github.com/JailtonJunior94/ai-spec-harness/internal/taskloop/reviewer.go:212:				parseFindings				100.0%
github.com/JailtonJunior94/ai-spec-harness/internal/taskloop/reviewer.go:225:				partitionDiff				85.4%
github.com/JailtonJunior94/ai-spec-harness/internal/taskloop/reviewer.go:279:				splitFileSection			82.0%
github.com/JailtonJunior94/ai-spec-harness/internal/taskloop/reviewer.go:342:				truncateOversize			71.4%
github.com/JailtonJunior94/ai-spec-harness/internal/taskloop/reviewer.go:372:				BuildReviewPrompt			92.9%
github.com/JailtonJunior94/ai-spec-harness/internal/taskloop/reviewer.go:399:				captureGitDiff				80.8%
github.com/JailtonJunior94/ai-spec-harness/internal/taskloop/reviewer.go:442:				isGitWorkTree				100.0%
github.com/JailtonJunior94/ai-spec-harness/internal/taskloop/reviewer.go:447:				commandOutput				100.0%
github.com/JailtonJunior94/ai-spec-harness/internal/taskloop/reviewer.go:453:				commandOutputLines			85.7%
github.com/JailtonJunior94/ai-spec-harness/internal/taskloop/reviewer.go:465:				commandDiff				90.9%
github.com/JailtonJunior94/ai-spec-harness/internal/taskloop/reviewer.go:483:				detectRiskAreas				100.0%
github.com/JailtonJunior94/ai-spec-harness/internal/taskloop/reviewer.go:523:				BuildBugfixPrompt			71.4%
github.com/JailtonJunior94/ai-spec-harness/internal/taskloop/reviewer.go:537:				formatCompletedTasks			92.9%
github.com/JailtonJunior94/ai-spec-harness/internal/taskloop/runloop.go:50:				Execute					100.0%
github.com/JailtonJunior94/ai-spec-harness/internal/taskloop/runloop.go:72:				RunLoop					86.8%
github.com/JailtonJunior94/ai-spec-harness/internal/taskloop/runloop.go:258:				promoteImplementedRemarks		100.0%
github.com/JailtonJunior94/ai-spec-harness/internal/taskloop/runloop.go:277:				remarksClose				83.3%
github.com/JailtonJunior94/ai-spec-harness/internal/taskloop/runloop.go:288:				emitImplementPromoted			88.9%
github.com/JailtonJunior94/ai-spec-harness/internal/taskloop/runloop.go:304:				resolveActionPlan			63.6%
github.com/JailtonJunior94/ai-spec-harness/internal/taskloop/runloop.go:329:				blockedReviewReason			80.0%
github.com/JailtonJunior94/ai-spec-harness/internal/taskloop/runloop.go:345:				buildFinalReviewInput			100.0%
github.com/JailtonJunior94/ai-spec-harness/internal/taskloop/runloop.go:364:				finalizeReport				88.9%
github.com/JailtonJunior94/ai-spec-harness/internal/taskloop/runloop.go:382:				emitTelemetry				100.0%
github.com/JailtonJunior94/ai-spec-harness/internal/taskloop/runloop.go:395:				selectBatch				84.6%
github.com/JailtonJunior94/ai-spec-harness/internal/taskloop/runloop.go:428:				executeBatch				76.0%
github.com/JailtonJunior94/ai-spec-harness/internal/taskloop/runtimeconfig.go:27:			BuildRuntimeConfig			96.0%
github.com/JailtonJunior94/ai-spec-harness/internal/taskloop/runtimeconfig.go:77:			resolveRuntimeConfig			90.0%
github.com/JailtonJunior94/ai-spec-harness/internal/taskloop/runtimeconfig.go:95:			applyResolvedMaxBugfixIterations	100.0%
github.com/JailtonJunior94/ai-spec-harness/internal/taskloop/runtimeconfig.go:105:			optionsToConfigOverrides		100.0%
github.com/JailtonJunior94/ai-spec-harness/internal/taskloop/selector.go:34:				NewTaskSelector				100.0%
github.com/JailtonJunior94/ai-spec-harness/internal/taskloop/selector.go:41:				Next					95.8%
github.com/JailtonJunior94/ai-spec-harness/internal/taskloop/selector.go:79:				detectCycle				100.0%
github.com/JailtonJunior94/ai-spec-harness/internal/taskloop/task_status_writer.go:17:			resolveCycleCriteria			77.8%
github.com/JailtonJunior94/ai-spec-harness/internal/taskloop/task_status_writer.go:32:			forceTaskStatus				66.7%
github.com/JailtonJunior94/ai-spec-harness/internal/taskloop/task_status_writer.go:39:			writeTaskFileStatus			88.9%
github.com/JailtonJunior94/ai-spec-harness/internal/taskloop/task_status_writer.go:54:			writeTasksTableStatus			85.7%
github.com/JailtonJunior94/ai-spec-harness/internal/taskloop/task_status_writer.go:67:			replaceTaskStatusLine			100.0%
github.com/JailtonJunior94/ai-spec-harness/internal/taskloop/task_status_writer.go:104:			reloadFinalTasks			71.4%
github.com/JailtonJunior94/ai-spec-harness/internal/taskloop/taskloop.go:90:				NewService				100.0%
github.com/JailtonJunior94/ai-spec-harness/internal/taskloop/taskloop.go:98:				createInvokerWithFallback		57.1%
github.com/JailtonJunior94/ai-spec-harness/internal/taskloop/taskloop.go:111:				compatibilityStatusLabel		100.0%
github.com/JailtonJunior94/ai-spec-harness/internal/taskloop/taskloop.go:118:				printDryRunAdvancedHeader		84.3%
github.com/JailtonJunior94/ai-spec-harness/internal/taskloop/taskloop.go:203:				Execute					82.4%
github.com/JailtonJunior94/ai-spec-harness/internal/taskloop/taskloop.go:697:				invokeBugfix				0.0%
github.com/JailtonJunior94/ai-spec-harness/internal/taskloop/taskloop.go:758:				classifyIterationOutcome		100.0%
github.com/JailtonJunior94/ai-spec-harness/internal/taskloop/taskloop.go:793:				resolveACPSpec				100.0%
github.com/JailtonJunior94/ai-spec-harness/internal/taskloop/taskloop.go:797:				resolveWorkDir				91.7%
github.com/JailtonJunior94/ai-spec-harness/internal/taskloop/taskloop.go:817:				truncate				66.7%
github.com/JailtonJunior94/ai-spec-harness/internal/taskloop/taskloop.go:824:				appendNote				100.0%
github.com/JailtonJunior94/ai-spec-harness/internal/taskloop/tasks_file_lock.go:11:			withTasksFileLock			87.5%
github.com/JailtonJunior94/ai-spec-harness/internal/taskloop/tasks_file_lock_unix.go:13:		acquireTasksFileLock			66.7%
github.com/JailtonJunior94/ai-spec-harness/internal/telemetry/ablation.go:26:				BuildAblationBaseline			100.0%
github.com/JailtonJunior94/ai-spec-harness/internal/telemetry/ablation.go:33:				metric					100.0%
github.com/JailtonJunior94/ai-spec-harness/internal/telemetry/ablation.go:55:				CompareAblation				92.3%
github.com/JailtonJunior94/ai-spec-harness/internal/telemetry/acp.go:46:				LogACPSession				94.9%
github.com/JailtonJunior94/ai-spec-harness/internal/telemetry/durable_memory.go:21:			LogDurableMemorySession			90.5%
github.com/JailtonJunior94/ai-spec-harness/internal/telemetry/metrics_rf44.go:31:			summarizeRF44Metrics			100.0%
github.com/JailtonJunior94/ai-spec-harness/internal/telemetry/metrics_rf44.go:77:			entryHasAnyRF44Metric			100.0%
github.com/JailtonJunior94/ai-spec-harness/internal/telemetry/parser.go:20:				RF44MetricNames				100.0%
github.com/JailtonJunior94/ai-spec-harness/internal/telemetry/parser.go:28:				RF44MetricsWithProductionWriter		100.0%
github.com/JailtonJunior94/ai-spec-harness/internal/telemetry/parser.go:45:				Metric					100.0%
github.com/JailtonJunior94/ai-spec-harness/internal/telemetry/parser.go:54:				buildRecognizedRawKeys			100.0%
github.com/JailtonJunior94/ai-spec-harness/internal/telemetry/parser.go:64:				parseLogEntries				92.7%
github.com/JailtonJunior94/ai-spec-harness/internal/telemetry/r1_catalog.go:6:				NewCatalog				100.0%
github.com/JailtonJunior94/ai-spec-harness/internal/telemetry/report.go:41:				Report					93.8%
github.com/JailtonJunior94/ai-spec-harness/internal/telemetry/report.go:103:				FormatText				97.4%
github.com/JailtonJunior94/ai-spec-harness/internal/telemetry/report.go:153:				formatMetricValues			100.0%
github.com/JailtonJunior94/ai-spec-harness/internal/telemetry/report.go:167:				FormatJSON				75.0%
github.com/JailtonJunior94/ai-spec-harness/internal/telemetry/report.go:175:				topSkills				100.0%
github.com/JailtonJunior94/ai-spec-harness/internal/telemetry/report.go:204:				topRefs					100.0%
github.com/JailtonJunior94/ai-spec-harness/internal/telemetry/report.go:229:				buildAlerts				100.0%
github.com/JailtonJunior94/ai-spec-harness/internal/telemetry/report.go:247:				max1					66.7%
github.com/JailtonJunior94/ai-spec-harness/internal/telemetry/sensitive.go:25:				FindSensitiveField			90.9%
github.com/JailtonJunior94/ai-spec-harness/internal/telemetry/summary.go:19:				Summary					94.9%
github.com/JailtonJunior94/ai-spec-harness/internal/telemetry/summary.go:94:				sortedKeys				100.0%
github.com/JailtonJunior94/ai-spec-harness/internal/telemetry/telemetry.go:12:				Log					89.5%
github.com/JailtonJunior94/ai-spec-harness/internal/telemetry/telemetry.go:55:				LogClaudeMetrics			87.5%
github.com/JailtonJunior94/ai-spec-harness/internal/telemetry/telemetry.go:87:				LogPreconditionRejection		84.2%
github.com/JailtonJunior94/ai-spec-harness/internal/telemetry/trend.go:26:				Trend					95.0%
github.com/JailtonJunior94/ai-spec-harness/internal/telemetry/trend.go:63:				FormatTrend				95.7%
github.com/JailtonJunior94/ai-spec-harness/internal/telemetry/trend.go:120:				BudgetCheck				91.7%
github.com/JailtonJunior94/ai-spec-harness/internal/telemetry/trend.go:162:				FormatBudgetCheck			0.0%
github.com/JailtonJunior94/ai-spec-harness/internal/telemetry/trend.go:175:				FormatTopSkills				100.0%
github.com/JailtonJunior94/ai-spec-harness/internal/traceability/traceability.go:15:			NewCatalog				100.0%
github.com/JailtonJunior94/ai-spec-harness/internal/traceability/traceability.go:25:			HasEvidence				100.0%
github.com/JailtonJunior94/ai-spec-harness/internal/traceability/traceability.go:54:			String					0.0%
github.com/JailtonJunior94/ai-spec-harness/internal/traceability/traceability.go:64:			String					0.0%
github.com/JailtonJunior94/ai-spec-harness/internal/traceability/traceability.go:85:			ParseTaskStatuses			100.0%
github.com/JailtonJunior94/ai-spec-harness/internal/traceability/traceability.go:112:			ExtractRequirementIDs			100.0%
github.com/JailtonJunior94/ai-spec-harness/internal/traceability/traceability.go:127:			splitTableRow				100.0%
github.com/JailtonJunior94/ai-spec-harness/internal/traceability/traceability.go:137:			isSeparatorRow				100.0%
github.com/JailtonJunior94/ai-spec-harness/internal/traceability/traceability.go:147:			ParseCoverageTable			94.1%
github.com/JailtonJunior94/ai-spec-harness/internal/traceability/traceability.go:193:			ParseAcceptanceCriteria			90.0%
github.com/JailtonJunior94/ai-spec-harness/internal/traceability/traceability.go:239:			ParseTaskFileReference			85.7%
github.com/JailtonJunior94/ai-spec-harness/internal/traceability/traceability.go:251:			resolveTaskFilePath			100.0%
github.com/JailtonJunior94/ai-spec-harness/internal/traceability/traceability.go:263:			CountTaskCriteria			96.2%
github.com/JailtonJunior94/ai-spec-harness/internal/traceability/traceability.go:300:			buildTaskSource				81.8%
github.com/JailtonJunior94/ai-spec-harness/internal/traceability/traceability.go:316:			BuildMap				97.0%
github.com/JailtonJunior94/ai-spec-harness/internal/traceability/traceability.go:366:			Validate				100.0%
github.com/JailtonJunior94/ai-spec-harness/internal/traceability/traceability.go:371:			VerifiedTaskCount			100.0%
github.com/JailtonJunior94/ai-spec-harness/internal/traceability/traceability.go:381:			taskIsVerifiable			100.0%
github.com/JailtonJunior94/ai-spec-harness/internal/traceability/traceability.go:394:			criteriaMapViolation			100.0%
github.com/JailtonJunior94/ai-spec-harness/internal/traceability/traceability.go:421:			Report					100.0%
github.com/JailtonJunior94/ai-spec-harness/internal/tracking/tracker.go:27:				New					100.0%
github.com/JailtonJunior94/ai-spec-harness/internal/tracking/tracker.go:31:				NewTransactional			100.0%
github.com/JailtonJunior94/ai-spec-harness/internal/tracking/tracker.go:44:				AllowOverwrite				100.0%
github.com/JailtonJunior94/ai-spec-harness/internal/tracking/tracker.go:48:				Conflicts				100.0%
github.com/JailtonJunior94/ai-spec-harness/internal/tracking/tracker.go:52:				Commit					100.0%
github.com/JailtonJunior94/ai-spec-harness/internal/tracking/tracker.go:56:				Rollback				0.0%
github.com/JailtonJunior94/ai-spec-harness/internal/tracking/tracker.go:60:				MarkExecutable				0.0%
github.com/JailtonJunior94/ai-spec-harness/internal/tracking/tracker.go:64:				ExecutablePaths				0.0%
github.com/JailtonJunior94/ai-spec-harness/internal/tracking/tracker.go:68:				Outcomes				87.5%
github.com/JailtonJunior94/ai-spec-harness/internal/tracking/tracker.go:81:				relativize				50.0%
github.com/JailtonJunior94/ai-spec-harness/internal/tracking/tracker.go:100:				storeChecksum				100.0%
github.com/JailtonJunior94/ai-spec-harness/internal/tracking/tracker.go:109:				record					100.0%
github.com/JailtonJunior94/ai-spec-harness/internal/tracking/tracker.go:123:				recordLink				66.7%
github.com/JailtonJunior94/ai-spec-harness/internal/tracking/tracker.go:139:				MarkInstalled				100.0%
github.com/JailtonJunior94/ai-spec-harness/internal/tracking/tracker.go:143:				MarkMerged				75.0%
github.com/JailtonJunior94/ai-spec-harness/internal/tracking/tracker.go:156:				forget					90.9%
github.com/JailtonJunior94/ai-spec-harness/internal/tracking/tracker.go:176:				recordCopiedTree			76.9%
github.com/JailtonJunior94/ai-spec-harness/internal/tracking/tracker.go:197:				WriteFile				66.7%
github.com/JailtonJunior94/ai-spec-harness/internal/tracking/tracker.go:204:				WriteFileAtomic				0.0%
github.com/JailtonJunior94/ai-spec-harness/internal/tracking/tracker.go:211:				CopyFile				0.0%
github.com/JailtonJunior94/ai-spec-harness/internal/tracking/tracker.go:218:				CopyDir					100.0%
github.com/JailtonJunior94/ai-spec-harness/internal/tracking/tracker.go:225:				Symlink					66.7%
github.com/JailtonJunior94/ai-spec-harness/internal/tracking/tracker.go:232:				Remove					0.0%
github.com/JailtonJunior94/ai-spec-harness/internal/tracking/tracker.go:240:				RemoveAll				100.0%
github.com/JailtonJunior94/ai-spec-harness/internal/tracking/tracker.go:248:				CreatedPaths				100.0%
github.com/JailtonJunior94/ai-spec-harness/internal/tracking/tracker.go:252:				MergedPaths				100.0%
github.com/JailtonJunior94/ai-spec-harness/internal/tracking/tracker.go:256:				Checksums				100.0%
github.com/JailtonJunior94/ai-spec-harness/internal/tracking/tracker.go:264:				BackfillChecksums			0.0%
github.com/JailtonJunior94/ai-spec-harness/internal/tracking/tracker.go:284:				WalkManagedPaths			0.0%
github.com/JailtonJunior94/ai-spec-harness/internal/tracking/tracker.go:308:				sortedKeys				100.0%
github.com/JailtonJunior94/ai-spec-harness/internal/triggers/triggers.go:31:				NewLoader				100.0%
github.com/JailtonJunior94/ai-spec-harness/internal/triggers/triggers.go:35:				Load					100.0%
github.com/JailtonJunior94/ai-spec-harness/internal/triggers/triggers.go:56:				normalizeLang				100.0%
github.com/JailtonJunior94/ai-spec-harness/internal/triggers/triggers.go:71:				NewDetector				100.0%
github.com/JailtonJunior94/ai-spec-harness/internal/triggers/triggers.go:77:				DetectLang				100.0%
github.com/JailtonJunior94/ai-spec-harness/internal/txn/transaction.go:36:				String					0.0%
github.com/JailtonJunior94/ai-spec-harness/internal/txn/transaction.go:78:				New					100.0%
github.com/JailtonJunior94/ai-spec-harness/internal/txn/transaction.go:94:				canonicalPath				60.0%
github.com/JailtonJunior94/ai-spec-harness/internal/txn/transaction.go:104:				relativeToRoot				71.4%
github.com/JailtonJunior94/ai-spec-harness/internal/txn/transaction.go:116:				AllowOverwrite				100.0%
github.com/JailtonJunior94/ai-spec-harness/internal/txn/transaction.go:120:				Stage					100.0%
github.com/JailtonJunior94/ai-spec-harness/internal/txn/transaction.go:124:				stage					100.0%
github.com/JailtonJunior94/ai-spec-harness/internal/txn/transaction.go:129:				stageFromSource				75.0%
github.com/JailtonJunior94/ai-spec-harness/internal/txn/transaction.go:137:				stageInternal				100.0%
github.com/JailtonJunior94/ai-spec-harness/internal/txn/transaction.go:148:				checkConflict				66.7%
github.com/JailtonJunior94/ai-spec-harness/internal/txn/transaction.go:181:				Conflicts				80.0%
github.com/JailtonJunior94/ai-spec-harness/internal/txn/transaction.go:190:				Commit					82.5%
github.com/JailtonJunior94/ai-spec-harness/internal/txn/transaction.go:248:				writeCommitted				100.0%
github.com/JailtonJunior94/ai-spec-harness/internal/txn/transaction.go:257:				tombstonedKeys				77.8%
github.com/JailtonJunior94/ai-spec-harness/internal/txn/transaction.go:272:				combineCommitError			66.7%
github.com/JailtonJunior94/ai-spec-harness/internal/txn/transaction.go:279:				Rollback				0.0%
github.com/JailtonJunior94/ai-spec-harness/internal/txn/transaction.go:283:				rollback				75.0%
github.com/JailtonJunior94/ai-spec-harness/internal/txn/transaction.go:308:				Outcomes				100.0%
github.com/JailtonJunior94/ai-spec-harness/internal/txn/transaction.go:316:				MkdirAll				100.0%
github.com/JailtonJunior94/ai-spec-harness/internal/txn/transaction.go:320:				CopyFile				0.0%
github.com/JailtonJunior94/ai-spec-harness/internal/txn/transaction.go:328:				CopyDir					62.5%
github.com/JailtonJunior94/ai-spec-harness/internal/txn/transaction.go:353:				Symlink					0.0%
github.com/JailtonJunior94/ai-spec-harness/internal/txn/transaction.go:357:				Remove					0.0%
github.com/JailtonJunior94/ai-spec-harness/internal/txn/transaction.go:365:				RemoveAll				90.5%
github.com/JailtonJunior94/ai-spec-harness/internal/txn/transaction.go:397:				Exists					83.3%
github.com/JailtonJunior94/ai-spec-harness/internal/txn/transaction.go:408:				IsDir					0.0%
github.com/JailtonJunior94/ai-spec-harness/internal/txn/transaction.go:419:				IsSymlink				0.0%
github.com/JailtonJunior94/ai-spec-harness/internal/txn/transaction.go:423:				EvalSymlinks				0.0%
github.com/JailtonJunior94/ai-spec-harness/internal/txn/transaction.go:427:				ReadFile				66.7%
github.com/JailtonJunior94/ai-spec-harness/internal/txn/transaction.go:438:				WriteFile				0.0%
github.com/JailtonJunior94/ai-spec-harness/internal/txn/transaction.go:442:				WriteFileAtomic				0.0%
github.com/JailtonJunior94/ai-spec-harness/internal/txn/transaction.go:446:				AppendFile				0.0%
github.com/JailtonJunior94/ai-spec-harness/internal/txn/transaction.go:457:				ReadDir					0.0%
github.com/JailtonJunior94/ai-spec-harness/internal/txn/transaction.go:461:				FileHash				0.0%
github.com/JailtonJunior94/ai-spec-harness/internal/txn/transaction.go:473:				DirHash					0.0%
github.com/JailtonJunior94/ai-spec-harness/internal/txn/transaction.go:477:				Writable				0.0%
github.com/JailtonJunior94/ai-spec-harness/internal/uninstall/uninstall.go:23:				NewService				100.0%
github.com/JailtonJunior94/ai-spec-harness/internal/uninstall/uninstall.go:34:				remove					100.0%
github.com/JailtonJunior94/ai-spec-harness/internal/uninstall/uninstall.go:46:				removeDir				83.3%
github.com/JailtonJunior94/ai-spec-harness/internal/uninstall/uninstall.go:58:				rewrite					42.9%
github.com/JailtonJunior94/ai-spec-harness/internal/uninstall/uninstall.go:95:				isClaudeGovernanceHook			100.0%
github.com/JailtonJunior94/ai-spec-harness/internal/uninstall/uninstall.go:134:				Execute					96.8%
github.com/JailtonJunior94/ai-spec-harness/internal/uninstall/uninstall.go:194:				mergedCandidates			100.0%
github.com/JailtonJunior94/ai-spec-harness/internal/uninstall/uninstall.go:215:				reverseMerge				88.9%
github.com/JailtonJunior94/ai-spec-harness/internal/uninstall/uninstall.go:234:				reverseMergeUserContentMarkdown		69.2%
github.com/JailtonJunior94/ai-spec-harness/internal/uninstall/uninstall.go:254:				reverseMergeCodexConfig			61.5%
github.com/JailtonJunior94/ai-spec-harness/internal/uninstall/uninstall.go:274:				reverseMergeCopilotSettings		87.5%
github.com/JailtonJunior94/ai-spec-harness/internal/uninstall/uninstall.go:321:				reverseMergeClaudeSettings		88.9%
github.com/JailtonJunior94/ai-spec-harness/internal/uninstall/uninstall.go:373:				stripClaudeGovernanceHooks		78.9%
github.com/JailtonJunior94/ai-spec-harness/internal/uninstall/uninstall.go:401:				isCopilotGovernanceHook			80.0%
github.com/JailtonJunior94/ai-spec-harness/internal/uninstall/uninstall.go:410:				reverseMergeOpenCodeConfig		88.9%
github.com/JailtonJunior94/ai-spec-harness/internal/uninstall/uninstall.go:451:				persistPreservingLayout			86.7%
github.com/JailtonJunior94/ai-spec-harness/internal/uninstall/uninstall.go:482:				readRawFile				83.3%
github.com/JailtonJunior94/ai-spec-harness/internal/uninstall/uninstall.go:493:				readJSONObject				77.8%
github.com/JailtonJunior94/ai-spec-harness/internal/uninstall/uninstall.go:508:				persistOrRemove				0.0%
github.com/JailtonJunior94/ai-spec-harness/internal/uninstall/uninstall.go:524:				removeGeneratedDir			77.8%
github.com/JailtonJunior94/ai-spec-harness/internal/uninstall/uninstall.go:540:				removeClaudeSettings			91.7%
github.com/JailtonJunior94/ai-spec-harness/internal/uninstall/uninstall.go:559:				removeLegacyGeminiResidue		100.0%
github.com/JailtonJunior94/ai-spec-harness/internal/uninstall/uninstall.go:564:				pruneEmptyDirs				100.0%
github.com/JailtonJunior94/ai-spec-harness/internal/uninstall/uninstall.go:573:				pruneEmptyTree				92.3%
github.com/JailtonJunior94/ai-spec-harness/internal/uninstall/uninstall.go:594:				legacyStaticRemoval			100.0%
github.com/JailtonJunior94/ai-spec-harness/internal/uninstall/uninstall.go:614:				legacyGeneratedSweep			100.0%
github.com/JailtonJunior94/ai-spec-harness/internal/uninstall/uninstall.go:623:				removeGeneratedContextFiles		100.0%
github.com/JailtonJunior94/ai-spec-harness/internal/uninstall/uninstall.go:630:				removeIfGenerated			73.3%
github.com/JailtonJunior94/ai-spec-harness/internal/uninstall/uninstall.go:653:				isGeneratedAgentsMarkdown		100.0%
github.com/JailtonJunior94/ai-spec-harness/internal/uninstall/uninstall.go:657:				isGeneratedToolMarkdown			85.7%
github.com/JailtonJunior94/ai-spec-harness/internal/uninstall/uninstall.go:670:				isGeneratedCodexConfig			100.0%
github.com/JailtonJunior94/ai-spec-harness/internal/uninstall/uninstall.go:687:				isGeneratedClaudeSettings		82.1%
github.com/JailtonJunior94/ai-spec-harness/internal/upgrade/copilot_governance.go:48:			CopilotGovernanceHooksPath		100.0%
github.com/JailtonJunior94/ai-spec-harness/internal/upgrade/copilot_governance.go:52:			RepairCopilotGovernanceHooks		81.2%
github.com/JailtonJunior94/ai-spec-harness/internal/upgrade/copilot_governance.go:79:			repairCopilotGovernanceDocument		77.5%
github.com/JailtonJunior94/ai-spec-harness/internal/upgrade/copilot_governance.go:143:			appendCopilotHookEntries		100.0%
github.com/JailtonJunior94/ai-spec-harness/internal/upgrade/copilot_governance.go:156:			copilotHookEntryExists			80.0%
github.com/JailtonJunior94/ai-spec-harness/internal/upgrade/r1_receiver.go:6:				NewHelper				100.0%
github.com/JailtonJunior94/ai-spec-harness/internal/upgrade/upgrade.go:56:				NewService				100.0%
github.com/JailtonJunior94/ai-spec-harness/internal/upgrade/upgrade.go:72:				Execute					84.6%
github.com/JailtonJunior94/ai-spec-harness/internal/upgrade/upgrade.go:272:				copilotGovernanceNeedsRepair		30.0%
github.com/JailtonJunior94/ai-spec-harness/internal/upgrade/upgrade.go:288:				printCheckVersionInfo			90.0%
github.com/JailtonJunior94/ai-spec-harness/internal/upgrade/upgrade.go:308:				checkSkills				86.9%
github.com/JailtonJunior94/ai-spec-harness/internal/upgrade/upgrade.go:419:				collectSkillVersions			100.0%
github.com/JailtonJunior94/ai-spec-harness/internal/upgrade/upgrade.go:437:				mergeFileTracking			100.0%
github.com/JailtonJunior94/ai-spec-harness/internal/upgrade/upgrade.go:478:				legacyManagedPathCandidates		100.0%
github.com/JailtonJunior94/ai-spec-harness/internal/upgrade/upgrade.go:514:				toPathSet				100.0%
github.com/JailtonJunior94/ai-spec-harness/internal/upgrade/upgrade.go:522:				sortedPathSet				100.0%
github.com/JailtonJunior94/ai-spec-harness/internal/upgrade/upgrade.go:531:				regenerateAdapters			95.2%
github.com/JailtonJunior94/ai-spec-harness/internal/upgrade/upgrade.go:588:				regenerateGovernance			73.3%
github.com/JailtonJunior94/ai-spec-harness/internal/upgrade/upgrade.go:614:				checkSchemaDivergence			93.8%
github.com/JailtonJunior94/ai-spec-harness/internal/upgrade/upgrade.go:645:				resolveSourceSchema			100.0%
github.com/JailtonJunior94/ai-spec-harness/internal/upgrade/upgrade.go:658:				extractSchemaVersion			100.0%
github.com/JailtonJunior94/ai-spec-harness/internal/upgrade/upgrade.go:670:				refsChangedFiles			96.9%
github.com/JailtonJunior94/ai-spec-harness/internal/upgrade/upgrade.go:713:				collectRelativeFiles			75.0%
github.com/JailtonJunior94/ai-spec-harness/internal/upgrade/upgrade.go:744:				syncFileIfPresent			100.0%
github.com/JailtonJunior94/ai-spec-harness/internal/upgrade/upgrade.go:758:				installedCodexSkills			71.4%
github.com/JailtonJunior94/ai-spec-harness/internal/upgrade/upgrade.go:781:				computeChecksums			100.0%
github.com/JailtonJunior94/ai-spec-harness/internal/upgrade/upgrade.go:794:				shouldProcessSkill			16.7%
github.com/JailtonJunior94/ai-spec-harness/internal/version/version.go:29:				NewProvider				100.0%
github.com/JailtonJunior94/ai-spec-harness/internal/version/version.go:35:				Get					100.0%
github.com/JailtonJunior94/ai-spec-harness/internal/version/version.go:51:				SetForTest				100.0%
github.com/JailtonJunior94/ai-spec-harness/internal/version/version.go:63:				ReadVersionFile				100.0%
github.com/JailtonJunior94/ai-spec-harness/internal/version/version.go:75:				Resolve					100.0%
github.com/JailtonJunior94/ai-spec-harness/internal/version/version.go:88:				ResolveFromExecutable			83.3%
github.com/JailtonJunior94/ai-spec-harness/internal/wrapper/r1_receiver.go:6:				NewExecutor				100.0%
github.com/JailtonJunior94/ai-spec-harness/internal/wrapper/wrapper.go:29:				Execute					96.7%
github.com/JailtonJunior94/ai-spec-harness/internal/wrapper/wrapper.go:83:				buildInstruction			85.7%
github.com/JailtonJunior94/ai-spec-harness/internal/wrapper/wrapper.go:105:				removedAgent				100.0%
github.com/JailtonJunior94/ai-spec-harness/main.go:9:							main					0.0%
github.com/JailtonJunior94/ai-spec-harness/tests/integration/hooks_live/diagnostics.go:26:		CanonicalDiagnosticSources		100.0%
github.com/JailtonJunior94/ai-spec-harness/tests/integration/hooks_live/diagnostics.go:39:		PreToolDenialDiagnostics		100.0%
github.com/JailtonJunior94/ai-spec-harness/tests/integration/hooks_live/diagnostics.go:46:		PostToolDiagnostics			100.0%
github.com/JailtonJunior94/ai-spec-harness/tests/integration/hooks_live/diagnostics.go:56:		SessionEndDiagnostics			100.0%
github.com/JailtonJunior94/ai-spec-harness/tests/integration/hooks_live/matrix.go:18:			LiveMatrix				90.9%
github.com/JailtonJunior94/ai-spec-harness/tests/integration/hooks_live/matrix.go:42:			AggregateCellResults			100.0%
total:													(statements)				82.1%
