$ make coverage
go test -coverprofile=coverage.out ./...
	github.com/JailtonJunior94/ai-spec-harness		coverage: 0.0% of statements
ok  	github.com/JailtonJunior94/ai-spec-harness/cmd/ai_spec_harness	0.504s	coverage: 44.1% of statements
ok  	github.com/JailtonJunior94/ai-spec-harness/internal/adapters	(cached)	coverage: 89.9% of statements
ok  	github.com/JailtonJunior94/ai-spec-harness/internal/agents	(cached)	coverage: 86.4% of statements
	github.com/JailtonJunior94/ai-spec-harness/internal/agents/mocks		coverage: 0.0% of statements
ok  	github.com/JailtonJunior94/ai-spec-harness/internal/bugschema	(cached)	coverage: 74.3% of statements
ok  	github.com/JailtonJunior94/ai-spec-harness/internal/changelog	(cached)	coverage: 83.8% of statements
ok  	github.com/JailtonJunior94/ai-spec-harness/internal/config	(cached)	coverage: 93.3% of statements
	github.com/JailtonJunior94/ai-spec-harness/internal/config/mocks		coverage: 0.0% of statements
ok  	github.com/JailtonJunior94/ai-spec-harness/internal/contextgen	1.339s	coverage: 90.4% of statements
ok  	github.com/JailtonJunior94/ai-spec-harness/internal/detect	1.098s	coverage: 81.4% of statements
	github.com/JailtonJunior94/ai-spec-harness/internal/detect/mocks		coverage: 0.0% of statements
ok  	github.com/JailtonJunior94/ai-spec-harness/internal/doctor	0.728s	coverage: 77.0% of statements
	github.com/JailtonJunior94/ai-spec-harness/internal/embedded		coverage: 0.0% of statements
ok  	github.com/JailtonJunior94/ai-spec-harness/internal/evidence	(cached)	coverage: 100.0% of statements
ok  	github.com/JailtonJunior94/ai-spec-harness/internal/fs	(cached)	coverage: 70.9% of statements
	github.com/JailtonJunior94/ai-spec-harness/internal/fs/mocks		coverage: 0.0% of statements
ok  	github.com/JailtonJunior94/ai-spec-harness/internal/git	1.421s	coverage: 64.3% of statements
	github.com/JailtonJunior94/ai-spec-harness/internal/git/mocks		coverage: 0.0% of statements
ok  	github.com/JailtonJunior94/ai-spec-harness/internal/gitref	3.227s	coverage: 70.2% of statements
ok  	github.com/JailtonJunior94/ai-spec-harness/internal/inspect	(cached)	coverage: 97.1% of statements
ok  	github.com/JailtonJunior94/ai-spec-harness/internal/install	1.611s	coverage: 83.6% of statements
ok  	github.com/JailtonJunior94/ai-spec-harness/internal/invocation	(cached)	coverage: 94.4% of statements
ok  	github.com/JailtonJunior94/ai-spec-harness/internal/lint	(cached)	coverage: 75.6% of statements
ok  	github.com/JailtonJunior94/ai-spec-harness/internal/manifest	(cached)	coverage: 92.9% of statements
ok  	github.com/JailtonJunior94/ai-spec-harness/internal/metrics	(cached)	coverage: 86.2% of statements
	github.com/JailtonJunior94/ai-spec-harness/internal/metrics/mocks		coverage: 0.0% of statements
ok  	github.com/JailtonJunior94/ai-spec-harness/internal/output	(cached)	coverage: 100.0% of statements
ok  	github.com/JailtonJunior94/ai-spec-harness/internal/parity	(cached)	coverage: 84.0% of statements
ok  	github.com/JailtonJunior94/ai-spec-harness/internal/platform	(cached)	coverage: 100.0% of statements
ok  	github.com/JailtonJunior94/ai-spec-harness/internal/prerequisites	(cached)	coverage: 96.6% of statements
ok  	github.com/JailtonJunior94/ai-spec-harness/internal/runtime	2.116s	coverage: 82.9% of statements
ok  	github.com/JailtonJunior94/ai-spec-harness/internal/runtime/acpfake	(cached)	coverage: 90.0% of statements
ok  	github.com/JailtonJunior94/ai-spec-harness/internal/runtime/client	7.034s	coverage: 88.8% of statements
	github.com/JailtonJunior94/ai-spec-harness/internal/runtime/client/mocks		coverage: 0.0% of statements
ok  	github.com/JailtonJunior94/ai-spec-harness/internal/runtime/events	(cached)	coverage: 90.9% of statements
	github.com/JailtonJunior94/ai-spec-harness/internal/runtime/events/mocks		coverage: 0.0% of statements
ok  	github.com/JailtonJunior94/ai-spec-harness/internal/runtime/hooks	2.207s	coverage: 91.8% of statements
	github.com/JailtonJunior94/ai-spec-harness/internal/runtime/hooks/mocks		coverage: 0.0% of statements
ok  	github.com/JailtonJunior94/ai-spec-harness/internal/runtime/mcpserver	2.814s	coverage: 83.4% of statements
	github.com/JailtonJunior94/ai-spec-harness/internal/runtime/mcpserver/mocks		coverage: 0.0% of statements
ok  	github.com/JailtonJunior94/ai-spec-harness/internal/runtime/mcpserver/wire	(cached)	coverage: 87.5% of statements
ok  	github.com/JailtonJunior94/ai-spec-harness/internal/runtime/memory	(cached)	coverage: 92.1% of statements
	github.com/JailtonJunior94/ai-spec-harness/internal/runtime/memory/mocks		coverage: 0.0% of statements
	github.com/JailtonJunior94/ai-spec-harness/internal/runtime/mocks		coverage: 0.0% of statements
ok  	github.com/JailtonJunior94/ai-spec-harness/internal/runtime/persistence	2.163s	coverage: 83.9% of statements
ok  	github.com/JailtonJunior94/ai-spec-harness/internal/runtime/probe	2.395s	coverage: 88.5% of statements
	github.com/JailtonJunior94/ai-spec-harness/internal/runtime/probe/mocks		coverage: 0.0% of statements
ok  	github.com/JailtonJunior94/ai-spec-harness/internal/runtime/render	(cached)	coverage: 100.0% of statements
ok  	github.com/JailtonJunior94/ai-spec-harness/internal/runtime/specs	(cached)	coverage: 100.0% of statements
ok  	github.com/JailtonJunior94/ai-spec-harness/internal/scaffold	(cached)	coverage: 93.8% of statements
ok  	github.com/JailtonJunior94/ai-spec-harness/internal/sdd	2.075s	coverage: 76.8% of statements
ok  	github.com/JailtonJunior94/ai-spec-harness/internal/sdd/tasks	2.017s	coverage: 89.9% of statements
ok  	github.com/JailtonJunior94/ai-spec-harness/internal/semver	4.221s	coverage: 90.3% of statements
ok  	github.com/JailtonJunior94/ai-spec-harness/internal/skillbump	8.403s	coverage: 81.0% of statements
ok  	github.com/JailtonJunior94/ai-spec-harness/internal/skills	1.883s	coverage: 90.6% of statements
ok  	github.com/JailtonJunior94/ai-spec-harness/internal/skillscheck	(cached)	coverage: 89.8% of statements
ok  	github.com/JailtonJunior94/ai-spec-harness/internal/specdrift	1.982s	coverage: 88.8% of statements
ok  	github.com/JailtonJunior94/ai-spec-harness/internal/taskloop	9.383s	coverage: 88.7% of statements
	github.com/JailtonJunior94/ai-spec-harness/internal/taskloop/mocks		coverage: 0.0% of statements
ok  	github.com/JailtonJunior94/ai-spec-harness/internal/telemetry	(cached)	coverage: 91.5% of statements
ok  	github.com/JailtonJunior94/ai-spec-harness/internal/triggers	(cached)	coverage: 100.0% of statements
	github.com/JailtonJunior94/ai-spec-harness/internal/triggers/mocks		coverage: 0.0% of statements
ok  	github.com/JailtonJunior94/ai-spec-harness/internal/uninstall	(cached)	coverage: 91.0% of statements
ok  	github.com/JailtonJunior94/ai-spec-harness/internal/upgrade	2.066s	coverage: 83.8% of statements
ok  	github.com/JailtonJunior94/ai-spec-harness/internal/version	(cached)	coverage: 93.5% of statements
ok  	github.com/JailtonJunior94/ai-spec-harness/internal/wrapper	(cached)	coverage: 95.2% of statements
grep -v '/mocks/' coverage.out > coverage_filtered.out
go tool cover -func=coverage_filtered.out
github.com/JailtonJunior94/ai-spec-harness/cmd/ai_spec_harness/changelog.go:12:			newChangelogCmd				42.3%
github.com/JailtonJunior94/ai-spec-harness/cmd/ai_spec_harness/doctor.go:12:			newDoctorCmd				14.3%
github.com/JailtonJunior94/ai-spec-harness/cmd/ai_spec_harness/exit_error.go:17:		newExitError				100.0%
github.com/JailtonJunior94/ai-spec-harness/cmd/ai_spec_harness/exit_error.go:22:		Error					100.0%
github.com/JailtonJunior94/ai-spec-harness/cmd/ai_spec_harness/exit_error.go:27:		ExitCode				100.0%
github.com/JailtonJunior94/ai-spec-harness/cmd/ai_spec_harness/exit_error.go:37:		NewExitResolver				100.0%
github.com/JailtonJunior94/ai-spec-harness/cmd/ai_spec_harness/exit_error.go:43:		CodeFor					100.0%
github.com/JailtonJunior94/ai-spec-harness/cmd/ai_spec_harness/flags.go:15:			newFlagHelper				100.0%
github.com/JailtonJunior94/ai-spec-harness/cmd/ai_spec_harness/flags.go:22:			requireFlag				100.0%
github.com/JailtonJunior94/ai-spec-harness/cmd/ai_spec_harness/flags.go:33:			parseToolsFlag				75.0%
github.com/JailtonJunior94/ai-spec-harness/cmd/ai_spec_harness/flags.go:56:			parseFocusPaths				100.0%
github.com/JailtonJunior94/ai-spec-harness/cmd/ai_spec_harness/flags.go:73:			parseLangsFlag				16.7%
github.com/JailtonJunior94/ai-spec-harness/cmd/ai_spec_harness/hash.go:13:			newHashCmd				37.5%
github.com/JailtonJunior94/ai-spec-harness/cmd/ai_spec_harness/hash.go:37:			hashFile				80.0%
github.com/JailtonJunior94/ai-spec-harness/cmd/ai_spec_harness/inspect.go:13:			newInspectCmd				19.0%
github.com/JailtonJunior94/ai-spec-harness/cmd/ai_spec_harness/install.go:21:			newInstallCmd				100.0%
github.com/JailtonJunior94/ai-spec-harness/cmd/ai_spec_harness/install.go:54:			run					79.7%
github.com/JailtonJunior94/ai-spec-harness/cmd/ai_spec_harness/lint.go:14:			newLintCmd				18.8%
github.com/JailtonJunior94/ai-spec-harness/cmd/ai_spec_harness/metrics.go:10:			newMetricsCmd				38.7%
github.com/JailtonJunior94/ai-spec-harness/cmd/ai_spec_harness/prerequisites.go:12:		newPrerequisitesCmd			6.7%
github.com/JailtonJunior94/ai-spec-harness/cmd/ai_spec_harness/root.go:12:			newRootCmd				90.2%
github.com/JailtonJunior94/ai-spec-harness/cmd/ai_spec_harness/root.go:74:			newCommandEnv				100.0%
github.com/JailtonJunior94/ai-spec-harness/cmd/ai_spec_harness/root.go:78:			verbose					100.0%
github.com/JailtonJunior94/ai-spec-harness/cmd/ai_spec_harness/root.go:83:			Execute					0.0%
github.com/JailtonJunior94/ai-spec-harness/cmd/ai_spec_harness/scaffold.go:10:			newScaffoldCmd				60.0%
github.com/JailtonJunior94/ai-spec-harness/cmd/ai_spec_harness/sdd.go:14:			newApproveCmd				11.1%
github.com/JailtonJunior94/ai-spec-harness/cmd/ai_spec_harness/sdd.go:30:			newInvalidateCmd			30.0%
github.com/JailtonJunior94/ai-spec-harness/cmd/ai_spec_harness/sdd.go:46:			newOrchestrateCmd			18.8%
github.com/JailtonJunior94/ai-spec-harness/cmd/ai_spec_harness/sdd.go:70:			newValidateSDDCmd			16.7%
github.com/JailtonJunior94/ai-spec-harness/cmd/ai_spec_harness/sdd.go:81:			newRuntimeCapabilitiesCmd		14.3%
github.com/JailtonJunior94/ai-spec-harness/cmd/ai_spec_harness/sdd_result.go:11:		newValidateResultCmd			11.1%
github.com/JailtonJunior94/ai-spec-harness/cmd/ai_spec_harness/semver_next.go:12:		newSemverNextCmd			23.1%
github.com/JailtonJunior94/ai-spec-harness/cmd/ai_spec_harness/skill_bump.go:15:		newSkillBumpCmd				100.0%
github.com/JailtonJunior94/ai-spec-harness/cmd/ai_spec_harness/skill_bump.go:36:		run					0.0%
github.com/JailtonJunior94/ai-spec-harness/cmd/ai_spec_harness/skills.go:15:			newSkillsCmd				53.8%
github.com/JailtonJunior94/ai-spec-harness/cmd/ai_spec_harness/skills.go:43:			runSkillsVerify				0.0%
github.com/JailtonJunior94/ai-spec-harness/cmd/ai_spec_harness/skills.go:68:			newSkillsCheckCmd			18.2%
github.com/JailtonJunior94/ai-spec-harness/cmd/ai_spec_harness/skills.go:142:			statusIcon				0.0%
github.com/JailtonJunior94/ai-spec-harness/cmd/ai_spec_harness/spec_drift.go:13:		newCheckSpecDriftCmd			89.7%
github.com/JailtonJunior94/ai-spec-harness/cmd/ai_spec_harness/sync_spec_hash.go:11:		newSyncSpecHashCmd			15.4%
github.com/JailtonJunior94/ai-spec-harness/cmd/ai_spec_harness/task_loop.go:36:			newTaskLoopCmd				2.3%
github.com/JailtonJunior94/ai-spec-harness/cmd/ai_spec_harness/task_loop.go:271:		registerFlags				100.0%
github.com/JailtonJunior94/ai-spec-harness/cmd/ai_spec_harness/telemetry.go:13:			newTelemetryCmd				100.0%
github.com/JailtonJunior94/ai-spec-harness/cmd/ai_spec_harness/telemetry.go:25:			newTelemetryLogCmd			28.6%
github.com/JailtonJunior94/ai-spec-harness/cmd/ai_spec_harness/telemetry.go:42:			newTelemetrySummaryCmd			35.3%
github.com/JailtonJunior94/ai-spec-harness/cmd/ai_spec_harness/telemetry.go:70:			newTelemetryReportCmd			26.5%
github.com/JailtonJunior94/ai-spec-harness/cmd/ai_spec_harness/uninstall.go:10:			newUninstallCmd				60.0%
github.com/JailtonJunior94/ai-spec-harness/cmd/ai_spec_harness/update_version.go:14:		newUpdateVersionCmd			94.4%
github.com/JailtonJunior94/ai-spec-harness/cmd/ai_spec_harness/upgrade.go:20:			newUpgradeCmd				100.0%
github.com/JailtonJunior94/ai-spec-harness/cmd/ai_spec_harness/upgrade.go:48:			run					27.1%
github.com/JailtonJunior94/ai-spec-harness/cmd/ai_spec_harness/validate.go:15:			newValidateCmd				4.5%
github.com/JailtonJunior94/ai-spec-harness/cmd/ai_spec_harness/validate.go:111:			isValidSemver				0.0%
github.com/JailtonJunior94/ai-spec-harness/cmd/ai_spec_harness/validate_bugs.go:8:		newValidateBugsCmd			60.0%
github.com/JailtonJunior94/ai-spec-harness/cmd/ai_spec_harness/validate_evidence.go:11:		newValidateEvidenceCmd			17.6%
github.com/JailtonJunior94/ai-spec-harness/cmd/ai_spec_harness/verify.go:19:			newVerifyCmd				100.0%
github.com/JailtonJunior94/ai-spec-harness/cmd/ai_spec_harness/verify.go:51:			run					0.0%
github.com/JailtonJunior94/ai-spec-harness/cmd/ai_spec_harness/verify.go:184:			stateEmoji				0.0%
github.com/JailtonJunior94/ai-spec-harness/cmd/ai_spec_harness/version.go:18:			newVersionCmd				90.0%
github.com/JailtonJunior94/ai-spec-harness/cmd/ai_spec_harness/version.go:38:			run					83.8%
github.com/JailtonJunior94/ai-spec-harness/cmd/ai_spec_harness/version.go:92:			resolveInstalledDir			33.3%
github.com/JailtonJunior94/ai-spec-harness/cmd/ai_spec_harness/version.go:108:			listEmbeddedSkills			80.0%
github.com/JailtonJunior94/ai-spec-harness/cmd/ai_spec_harness/version.go:142:			listInstalledSkillsFromPath		75.0%
github.com/JailtonJunior94/ai-spec-harness/cmd/ai_spec_harness/version.go:179:			fprintSkills				100.0%
github.com/JailtonJunior94/ai-spec-harness/cmd/ai_spec_harness/wrapper.go:12:			newWrapperCmd				9.1%
github.com/JailtonJunior94/ai-spec-harness/internal/adapters/adapters.go:19:			NewGenerator				100.0%
github.com/JailtonJunior94/ai-spec-harness/internal/adapters/adapters.go:86:			GenerateClaude				90.0%
github.com/JailtonJunior94/ai-spec-harness/internal/adapters/adapters.go:134:			GenerateGitHub				90.0%
github.com/JailtonJunior94/ai-spec-harness/internal/adapters/adapters.go:182:			GenerateGeminiAgents			90.0%
github.com/JailtonJunior94/ai-spec-harness/internal/adapters/adapters.go:230:			GenerateCodexAgents			91.2%
github.com/JailtonJunior94/ai-spec-harness/internal/adapters/adapters.go:288:			GenerateGemini				86.5%
github.com/JailtonJunior94/ai-spec-harness/internal/adapters/adapters.go:336:			geminiCommandFileName			100.0%
github.com/JailtonJunior94/ai-spec-harness/internal/adapters/adapters.go:340:			buildGeminiPrompt			100.0%
github.com/JailtonJunior94/ai-spec-harness/internal/adapters/adapters.go:359:			collectSkillAssets			88.9%
github.com/JailtonJunior94/ai-spec-harness/internal/adapters/adapters.go:375:			BuildCodexConfig			100.0%
github.com/JailtonJunior94/ai-spec-harness/internal/adapters/adapters.go:383:			truncateAtSentence			60.0%
github.com/JailtonJunior94/ai-spec-harness/internal/adapters/r1_receiver.go:6:			NewHelper				100.0%
github.com/JailtonJunior94/ai-spec-harness/internal/agents/agent.go:14:				String					100.0%
github.com/JailtonJunior94/ai-spec-harness/internal/agents/discovery.go:24:			discoverAgents				84.6%
github.com/JailtonJunior94/ai-spec-harness/internal/agents/discovery.go:90:			mergeWithShadowing			100.0%
github.com/JailtonJunior94/ai-spec-harness/internal/agents/precedence.go:29:			ApplyRuntimePrecedence			0.0%
github.com/JailtonJunior94/ai-spec-harness/internal/agents/precedence.go:38:			applyRuntimePrecedence			100.0%
github.com/JailtonJunior94/ai-spec-harness/internal/agents/prompt.go:18:			BuildAgentBlocks			100.0%
github.com/JailtonJunior94/ai-spec-harness/internal/agents/prompt.go:26:			buildMetadataBlock			100.0%
github.com/JailtonJunior94/ai-spec-harness/internal/agents/prompt.go:43:			buildRuntimeLine			83.3%
github.com/JailtonJunior94/ai-spec-harness/internal/agents/prompt.go:65:			buildCatalogBlock			100.0%
github.com/JailtonJunior94/ai-spec-harness/internal/agents/r1_catalog.go:6:			NewCatalog				100.0%
github.com/JailtonJunior94/ai-spec-harness/internal/agents/registry.go:38:			NewDefaultRegistry			100.0%
github.com/JailtonJunior94/ai-spec-harness/internal/agents/registry.go:48:			load					60.0%
github.com/JailtonJunior94/ai-spec-harness/internal/agents/registry.go:72:			Discover				75.0%
github.com/JailtonJunior94/ai-spec-harness/internal/agents/registry.go:83:			Resolve					100.0%
github.com/JailtonJunior94/ai-spec-harness/internal/agents/schema.go:57:			ValidateAgentFrontmatter		89.7%
github.com/JailtonJunior94/ai-spec-harness/internal/agents/schema.go:126:			extractPromptBody			92.3%
github.com/JailtonJunior94/ai-spec-harness/internal/agents/schema.go:146:			formatAgentSchemaError			25.0%
github.com/JailtonJunior94/ai-spec-harness/internal/bugschema/validator.go:16:			NewValidator				100.0%
github.com/JailtonJunior94/ai-spec-harness/internal/bugschema/validator.go:24:			Validate				90.5%
github.com/JailtonJunior94/ai-spec-harness/internal/bugschema/validator.go:62:			formatValidationError			33.3%
github.com/JailtonJunior94/ai-spec-harness/internal/bugschema/validator.go:77:			asValidationError			75.0%
github.com/JailtonJunior94/ai-spec-harness/internal/changelog/changelog.go:15:			NewGenerator				100.0%
github.com/JailtonJunior94/ai-spec-harness/internal/changelog/changelog.go:45:			GroupByType				100.0%
github.com/JailtonJunior94/ai-spec-harness/internal/changelog/changelog.go:76:			shortHash				66.7%
github.com/JailtonJunior94/ai-spec-harness/internal/changelog/changelog.go:84:			RenderSection				97.0%
github.com/JailtonJunior94/ai-spec-harness/internal/changelog/changelog.go:129:			renderLine				100.0%
github.com/JailtonJunior94/ai-spec-harness/internal/changelog/changelog.go:140:			UpdateChangelog				91.7%
github.com/JailtonJunior94/ai-spec-harness/internal/changelog/changelog.go:162:			GenerateChangelog			0.0%
github.com/JailtonJunior94/ai-spec-harness/internal/config/config.go:17:			SourceDir				100.0%
github.com/JailtonJunior94/ai-spec-harness/internal/config/resolver.go:47:			NewDefaultResolver			100.0%
github.com/JailtonJunior94/ai-spec-harness/internal/config/resolver.go:61:			Resolve					95.8%
github.com/JailtonJunior94/ai-spec-harness/internal/config/resolver.go:102:			loadFile				80.0%
github.com/JailtonJunior94/ai-spec-harness/internal/config/resolver.go:122:			findProjectConfig			90.9%
github.com/JailtonJunior94/ai-spec-harness/internal/config/resolver.go:166:			mergeInto				95.5%
github.com/JailtonJunior94/ai-spec-harness/internal/config/runtime.go:37:			NewRuntimeProvider			100.0%
github.com/JailtonJunior94/ai-spec-harness/internal/config/runtime.go:42:			DefaultRuntime				100.0%
github.com/JailtonJunior94/ai-spec-harness/internal/config/runtime.go:56:			LoadRuntime				100.0%
github.com/JailtonJunior94/ai-spec-harness/internal/config/runtime.go:65:			EnvVars					100.0%
github.com/JailtonJunior94/ai-spec-harness/internal/contextgen/contextgen.go:23:		NewGenerator				100.0%
github.com/JailtonJunior94/ai-spec-harness/internal/contextgen/contextgen.go:30:		Generate				92.1%
github.com/JailtonJunior94/ai-spec-harness/internal/contextgen/contextgen.go:176:		buildDirectoryTree			100.0%
github.com/JailtonJunior94/ai-spec-harness/internal/contextgen/contextgen.go:192:		walkTree				85.0%
github.com/JailtonJunior94/ai-spec-harness/internal/contextgen/contextgen.go:224:		buildDependencyFlow			100.0%
github.com/JailtonJunior94/ai-spec-harness/internal/contextgen/contextgen.go:268:		buildLanguageRules			94.4%
github.com/JailtonJunior94/ai-spec-harness/internal/contextgen/contextgen.go:306:		hasDotNet				75.0%
github.com/JailtonJunior94/ai-spec-harness/internal/contextgen/contextgen.go:327:		buildValidationCommands			100.0%
github.com/JailtonJunior94/ai-spec-harness/internal/contextgen/contextgen.go:357:		buildStackSection			88.9%
github.com/JailtonJunior94/ai-spec-harness/internal/contextgen/contextgen.go:390:		buildCodexConfig			76.5%
github.com/JailtonJunior94/ai-spec-harness/internal/contextgen/contextgen.go:417:		renderAgentsTemplate			100.0%
github.com/JailtonJunior94/ai-spec-harness/internal/contextgen/contextgen.go:554:		renderAIToolTemplate			100.0%
github.com/JailtonJunior94/ai-spec-harness/internal/contextgen/contextgen.go:606:		stripCompactSections			100.0%
github.com/JailtonJunior94/ai-spec-harness/internal/contextgen/contextgen.go:614:		stripSection				66.7%
github.com/JailtonJunior94/ai-spec-harness/internal/contextgen/loader.go:55:			NewLoader				100.0%
github.com/JailtonJunior94/ai-spec-harness/internal/contextgen/loader.go:61:			LoadReference				88.9%
github.com/JailtonJunior94/ai-spec-harness/internal/contextgen/loader.go:76:			LoadSkillReferences			78.3%
github.com/JailtonJunior94/ai-spec-harness/internal/contextgen/loader.go:118:			extractTLDR				100.0%
github.com/JailtonJunior94/ai-spec-harness/internal/detect/agent.go:24:				LookPath				0.0%
github.com/JailtonJunior94/ai-spec-harness/internal/detect/agent.go:37:				UserHomeDir				0.0%
github.com/JailtonJunior94/ai-spec-harness/internal/detect/agent.go:65:				allEntries				100.0%
github.com/JailtonJunior94/ai-spec-harness/internal/detect/agent.go:92:				isDirOnDisk				100.0%
github.com/JailtonJunior94/ai-spec-harness/internal/detect/agent.go:108:			NewBinaryAgentDetector			100.0%
github.com/JailtonJunior94/ai-spec-harness/internal/detect/agent.go:130:			Detect					87.8%
github.com/JailtonJunior94/ai-spec-harness/internal/detect/architecture.go:31:			NewArchitectureDetector			100.0%
github.com/JailtonJunior94/ai-spec-harness/internal/detect/architecture.go:35:			Detect					100.0%
github.com/JailtonJunior94/ai-spec-harness/internal/detect/architecture.go:42:			detectType				86.7%
github.com/JailtonJunior94/ai-spec-harness/internal/detect/architecture.go:96:			detectPattern				92.3%
github.com/JailtonJunior94/ai-spec-harness/internal/detect/architecture.go:122:			hasAnyFiles				85.7%
github.com/JailtonJunior94/ai-spec-harness/internal/detect/architecture.go:135:			DescribeArchitecture			0.0%
github.com/JailtonJunior94/ai-spec-harness/internal/detect/architecture.go:161:			ArchitectureRules			0.0%
github.com/JailtonJunior94/ai-spec-harness/internal/detect/architecture.go:191:			ArchitectureRestrictions		0.0%
github.com/JailtonJunior94/ai-spec-harness/internal/detect/detect.go:24:			NewFileDetector				100.0%
github.com/JailtonJunior94/ai-spec-harness/internal/detect/detect.go:28:			DetectLangs				100.0%
github.com/JailtonJunior94/ai-spec-harness/internal/detect/detect.go:32:			DetectLangsIn				63.2%
github.com/JailtonJunior94/ai-spec-harness/internal/detect/detect.go:63:			detectLangsAt				95.5%
github.com/JailtonJunior94/ai-spec-harness/internal/detect/detect.go:100:			hasDotNet				75.0%
github.com/JailtonJunior94/ai-spec-harness/internal/detect/detect.go:121:			DetectTools				83.3%
github.com/JailtonJunior94/ai-spec-harness/internal/detect/framework.go:15:			NewFrameworkDetector			100.0%
github.com/JailtonJunior94/ai-spec-harness/internal/detect/framework.go:19:			Detect					68.9%
github.com/JailtonJunior94/ai-spec-harness/internal/detect/framework.go:125:			DetectPrimaryStack			88.5%
github.com/JailtonJunior94/ai-spec-harness/internal/detect/framework.go:169:			JoinFrameworks				100.0%
github.com/JailtonJunior94/ai-spec-harness/internal/detect/r1_receiver.go:6:			NewCatalog				100.0%
github.com/JailtonJunior94/ai-spec-harness/internal/detect/scoring.go:9:			commonPrefixDepth			93.3%
github.com/JailtonJunior94/ai-spec-harness/internal/detect/scoring.go:32:			scoreManifest				100.0%
github.com/JailtonJunior94/ai-spec-harness/internal/detect/toolchain.go:35:			NewToolchainDetector			100.0%
github.com/JailtonJunior94/ai-spec-harness/internal/detect/toolchain.go:41:			NewToolchainDetectorStrict		100.0%
github.com/JailtonJunior94/ai-spec-harness/internal/detect/toolchain.go:45:			Detect					100.0%
github.com/JailtonJunior94/ai-spec-harness/internal/detect/toolchain.go:52:			detectDefault				100.0%
github.com/JailtonJunior94/ai-spec-harness/internal/detect/toolchain.go:92:			detectWithFocusPaths			81.8%
github.com/JailtonJunior94/ai-spec-harness/internal/detect/toolchain.go:177:			warnMissingBinary			60.0%
github.com/JailtonJunior94/ai-spec-harness/internal/detect/toolchain.go:187:			detectGo				100.0%
github.com/JailtonJunior94/ai-spec-harness/internal/detect/toolchain.go:193:			detectNode				86.5%
github.com/JailtonJunior94/ai-spec-harness/internal/detect/toolchain.go:241:			detectNodeFromManifest			75.9%
github.com/JailtonJunior94/ai-spec-harness/internal/detect/toolchain.go:275:			detectPython				88.6%
github.com/JailtonJunior94/ai-spec-harness/internal/detect/toolchain.go:321:			detectPackageManager			85.7%
github.com/JailtonJunior94/ai-spec-harness/internal/detect/toolchain.go:335:			parsePackageScripts			83.3%
github.com/JailtonJunior94/ai-spec-harness/internal/detect/toolchain.go:355:			parsePackageName			77.8%
github.com/JailtonJunior94/ai-spec-harness/internal/detect/toolchain.go:370:			relativeDir				100.0%
github.com/JailtonJunior94/ai-spec-harness/internal/detect/toolchain.go:379:			hasPyDep				100.0%
github.com/JailtonJunior94/ai-spec-harness/internal/detect/toolchain.go:383:			detectMakefileFallback			93.3%
github.com/JailtonJunior94/ai-spec-harness/internal/detect/toolchain.go:406:			parseMakefileTargets			100.0%
github.com/JailtonJunior94/ai-spec-harness/internal/detect/toolchain.go:418:			findManifest				100.0%
github.com/JailtonJunior94/ai-spec-harness/internal/detect/toolchain.go:423:			findManifests				100.0%
github.com/JailtonJunior94/ai-spec-harness/internal/detect/toolchain.go:428:			findManifestsRecursive			100.0%
github.com/JailtonJunior94/ai-spec-harness/internal/detect/toolchain.go:434:			findManifestsHelper			83.3%
github.com/JailtonJunior94/ai-spec-harness/internal/detect/toolchain.go:467:			ToJSON					0.0%
github.com/JailtonJunior94/ai-spec-harness/internal/doctor/doctor.go:29:			NewService				100.0%
github.com/JailtonJunior94/ai-spec-harness/internal/doctor/doctor.go:33:			Execute					12.5%
github.com/JailtonJunior94/ai-spec-harness/internal/doctor/doctor.go:70:			runChecks				100.0%
github.com/JailtonJunior94/ai-spec-harness/internal/doctor/doctor.go:94:			checkGit				100.0%
github.com/JailtonJunior94/ai-spec-harness/internal/doctor/doctor.go:101:			checkSkillsDir				100.0%
github.com/JailtonJunior94/ai-spec-harness/internal/doctor/doctor.go:118:			checkManifest				100.0%
github.com/JailtonJunior94/ai-spec-harness/internal/doctor/doctor.go:129:			checkSymlinks				82.4%
github.com/JailtonJunior94/ai-spec-harness/internal/doctor/doctor.go:168:			checkPermissions			100.0%
github.com/JailtonJunior94/ai-spec-harness/internal/doctor/doctor.go:175:			checkGitBinary				66.7%
github.com/JailtonJunior94/ai-spec-harness/internal/embedded/embedded.go:15:			ExtractToTempDir			0.0%
github.com/JailtonJunior94/ai-spec-harness/internal/embedded/embedded.go:30:			copyFS					0.0%
github.com/JailtonJunior94/ai-spec-harness/internal/embedded/r1_receiver.go:6:			NewExtractor				0.0%
github.com/JailtonJunior94/ai-spec-harness/internal/evidence/evidence.go:31:			Validate				100.0%
github.com/JailtonJunior94/ai-spec-harness/internal/evidence/evidence.go:51:			hasHeading				100.0%
github.com/JailtonJunior94/ai-spec-harness/internal/evidence/evidence.go:67:			matchesRegex				100.0%
github.com/JailtonJunior94/ai-spec-harness/internal/evidence/evidence.go:72:			validateTask				100.0%
github.com/JailtonJunior94/ai-spec-harness/internal/evidence/evidence.go:121:			validateBugfix				100.0%
github.com/JailtonJunior94/ai-spec-harness/internal/evidence/evidence.go:167:			validateRefactor			100.0%
github.com/JailtonJunior94/ai-spec-harness/internal/evidence/r1_receiver.go:6:			NewValidator				100.0%
github.com/JailtonJunior94/ai-spec-harness/internal/fs/fake.go:20:				NewFakeFileSystem			100.0%
github.com/JailtonJunior94/ai-spec-harness/internal/fs/fake.go:29:				MkdirAll				100.0%
github.com/JailtonJunior94/ai-spec-harness/internal/fs/fake.go:35:				CopyFile				100.0%
github.com/JailtonJunior94/ai-spec-harness/internal/fs/fake.go:45:				CopyDir					100.0%
github.com/JailtonJunior94/ai-spec-harness/internal/fs/fake.go:59:				Symlink					100.0%
github.com/JailtonJunior94/ai-spec-harness/internal/fs/fake.go:64:				Remove					100.0%
github.com/JailtonJunior94/ai-spec-harness/internal/fs/fake.go:70:				RemoveAll				81.8%
github.com/JailtonJunior94/ai-spec-harness/internal/fs/fake.go:89:				Exists					72.7%
github.com/JailtonJunior94/ai-spec-harness/internal/fs/fake.go:109:				IsDir					100.0%
github.com/JailtonJunior94/ai-spec-harness/internal/fs/fake.go:122:				IsSymlink				100.0%
github.com/JailtonJunior94/ai-spec-harness/internal/fs/fake.go:127:				EvalSymlinks				100.0%
github.com/JailtonJunior94/ai-spec-harness/internal/fs/fake.go:131:				ReadFile				100.0%
github.com/JailtonJunior94/ai-spec-harness/internal/fs/fake.go:140:				WriteFile				100.0%
github.com/JailtonJunior94/ai-spec-harness/internal/fs/fake.go:145:				ReadDir					64.5%
github.com/JailtonJunior94/ai-spec-harness/internal/fs/fake.go:183:				FileHash				100.0%
github.com/JailtonJunior94/ai-spec-harness/internal/fs/fake.go:193:				DirHash					100.0%
github.com/JailtonJunior94/ai-spec-harness/internal/fs/fake.go:214:				Writable				100.0%
github.com/JailtonJunior94/ai-spec-harness/internal/fs/fake.go:218:				resolvePath				91.7%
github.com/JailtonJunior94/ai-spec-harness/internal/fs/fake.go:255:				Name					100.0%
github.com/JailtonJunior94/ai-spec-harness/internal/fs/fake.go:256:				IsDir					0.0%
github.com/JailtonJunior94/ai-spec-harness/internal/fs/fake.go:257:				Type					0.0%
github.com/JailtonJunior94/ai-spec-harness/internal/fs/fake.go:263:				Info					0.0%
github.com/JailtonJunior94/ai-spec-harness/internal/fs/fs.go:37:				NewOSFileSystem				100.0%
github.com/JailtonJunior94/ai-spec-harness/internal/fs/fs.go:39:				MkdirAll				100.0%
github.com/JailtonJunior94/ai-spec-harness/internal/fs/fs.go:43:				CopyFile				81.8%
github.com/JailtonJunior94/ai-spec-harness/internal/fs/fs.go:75:				CopyDir					80.0%
github.com/JailtonJunior94/ai-spec-harness/internal/fs/fs.go:98:				Symlink					75.0%
github.com/JailtonJunior94/ai-spec-harness/internal/fs/fs.go:106:				Remove					100.0%
github.com/JailtonJunior94/ai-spec-harness/internal/fs/fs.go:110:				RemoveAll				100.0%
github.com/JailtonJunior94/ai-spec-harness/internal/fs/fs.go:115:				Exists					100.0%
github.com/JailtonJunior94/ai-spec-harness/internal/fs/fs.go:120:				IsDir					100.0%
github.com/JailtonJunior94/ai-spec-harness/internal/fs/fs.go:125:				IsSymlink				100.0%
github.com/JailtonJunior94/ai-spec-harness/internal/fs/fs.go:130:				EvalSymlinks				0.0%
github.com/JailtonJunior94/ai-spec-harness/internal/fs/fs.go:138:				ReadFile				100.0%
github.com/JailtonJunior94/ai-spec-harness/internal/fs/fs.go:142:				WriteFile				80.0%
github.com/JailtonJunior94/ai-spec-harness/internal/fs/fs.go:152:				ReadDir					100.0%
github.com/JailtonJunior94/ai-spec-harness/internal/fs/fs.go:156:				FileHash				90.9%
github.com/JailtonJunior94/ai-spec-harness/internal/fs/fs.go:170:				DirHash					90.5%
github.com/JailtonJunior94/ai-spec-harness/internal/fs/fs.go:202:				Writable				100.0%
github.com/JailtonJunior94/ai-spec-harness/internal/fs/fs.go:210:				chmodTreeWritable			77.8%
github.com/JailtonJunior94/ai-spec-harness/internal/fs/fs.go:229:				writableDirMode				100.0%
github.com/JailtonJunior94/ai-spec-harness/internal/fs/fs.go:233:				writableFileMode			100.0%
github.com/JailtonJunior94/ai-spec-harness/internal/fs/symlink_guard.go:10:			RefuseExternalSymlink			0.0%
github.com/JailtonJunior94/ai-spec-harness/internal/fs/symlink_guard.go:53:			symlinkAncestors			0.0%
github.com/JailtonJunior94/ai-spec-harness/internal/fs/symlink_guard.go:70:			pathInsideRoot				0.0%
github.com/JailtonJunior94/ai-spec-harness/internal/git/git.go:21:				NewCLIRepository			100.0%
github.com/JailtonJunior94/ai-spec-harness/internal/git/git.go:23:				IsRepo					100.0%
github.com/JailtonJunior94/ai-spec-harness/internal/git/git.go:29:				Root					100.0%
github.com/JailtonJunior94/ai-spec-harness/internal/git/git.go:38:				RemoteURL				0.0%
github.com/JailtonJunior94/ai-spec-harness/internal/gitref/gitref.go:23:			NewResolver				100.0%
github.com/JailtonJunior94/ai-spec-harness/internal/gitref/gitref.go:29:			Resolve					69.6%
github.com/JailtonJunior94/ai-spec-harness/internal/inspect/inspect.go:22:			NewService				100.0%
github.com/JailtonJunior94/ai-spec-harness/internal/inspect/inspect.go:26:			Execute					96.7%
github.com/JailtonJunior94/ai-spec-harness/internal/inspect/inspect.go:103:			toolNames				100.0%
github.com/JailtonJunior94/ai-spec-harness/internal/inspect/inspect.go:111:			langNames				100.0%
github.com/JailtonJunior94/ai-spec-harness/internal/install/install.go:76:			NewService				100.0%
github.com/JailtonJunior94/ai-spec-harness/internal/install/install.go:96:			NewServiceWithDetector			100.0%
github.com/JailtonJunior94/ai-spec-harness/internal/install/install.go:111:			NewServiceWithOptions			100.0%
github.com/JailtonJunior94/ai-spec-harness/internal/install/install.go:128:			Execute					85.1%
github.com/JailtonJunior94/ai-spec-harness/internal/install/install.go:306:			globalInstallDir			75.0%
github.com/JailtonJunior94/ai-spec-harness/internal/install/install.go:320:			Verify					72.9%
github.com/JailtonJunior94/ai-spec-harness/internal/install/install.go:421:			detectLangs				100.0%
github.com/JailtonJunior94/ai-spec-harness/internal/install/install.go:430:			sourceSkills				83.3%
github.com/JailtonJunior94/ai-spec-harness/internal/install/install.go:453:			verifyToolSkills			100.0%
github.com/JailtonJunior94/ai-spec-harness/internal/install/install.go:472:			specForTool				100.0%
github.com/JailtonJunior94/ai-spec-harness/internal/install/install.go:490:			probeBinaryAvailable			90.0%
github.com/JailtonJunior94/ai-spec-harness/internal/install/install.go:510:			probeBinariesWarn			90.9%
github.com/JailtonJunior94/ai-spec-harness/internal/install/install.go:532:			verifySkillFile				84.6%
github.com/JailtonJunior94/ai-spec-harness/internal/install/install.go:564:			compareSkillChecksum			91.7%
github.com/JailtonJunior94/ai-spec-harness/internal/install/install.go:583:			validate				66.7%
github.com/JailtonJunior94/ai-spec-harness/internal/install/install.go:608:			installBaseSkills			92.6%
github.com/JailtonJunior94/ai-spec-harness/internal/install/install.go:646:			installTool				88.9%
github.com/JailtonJunior94/ai-spec-harness/internal/install/install.go:662:			installClaude				80.9%
github.com/JailtonJunior94/ai-spec-harness/internal/install/install.go:816:			installGemini				75.6%
github.com/JailtonJunior94/ai-spec-harness/internal/install/install.go:918:			copyAgentsScripts			90.5%
github.com/JailtonJunior94/ai-spec-harness/internal/install/install.go:956:			copyAgentsLib				88.2%
github.com/JailtonJunior94/ai-spec-harness/internal/install/install.go:991:			copyToolValidationHooks			88.2%
github.com/JailtonJunior94/ai-spec-harness/internal/install/install.go:1017:			copyOrchestratorHooks			82.4%
github.com/JailtonJunior94/ai-spec-harness/internal/install/install.go:1050:			filterCodexSkills			100.0%
github.com/JailtonJunior94/ai-spec-harness/internal/install/install.go:1060:			installCodex				61.5%
github.com/JailtonJunior94/ai-spec-harness/internal/install/install.go:1102:			installCopilot				80.5%
github.com/JailtonJunior94/ai-spec-harness/internal/install/install.go:1166:			shouldProcessSkill			100.0%
github.com/JailtonJunior94/ai-spec-harness/internal/install/install.go:1191:			defaultClaudeSettings			100.0%
github.com/JailtonJunior94/ai-spec-harness/internal/install/install.go:1235:			defaultGeminiSettings			100.0%
github.com/JailtonJunior94/ai-spec-harness/internal/install/install.go:1278:			defaultCopilotHooks			100.0%
github.com/JailtonJunior94/ai-spec-harness/internal/install/install.go:1309:			defaultCodexHooks			100.0%
github.com/JailtonJunior94/ai-spec-harness/internal/install/install.go:1342:			codexGovernanceTOML			100.0%
github.com/JailtonJunior94/ai-spec-harness/internal/install/install.go:1362:			linkOrCopy				75.0%
github.com/JailtonJunior94/ai-spec-harness/internal/install/install.go:1370:			computeChecksums			100.0%
github.com/JailtonJunior94/ai-spec-harness/internal/install/install.go:1383:			collectSkillVersions			100.0%
github.com/JailtonJunior94/ai-spec-harness/internal/install/install.go:1401:			toolNames				100.0%
github.com/JailtonJunior94/ai-spec-harness/internal/install/install.go:1409:			langNames				100.0%
github.com/JailtonJunior94/ai-spec-harness/internal/install/r1_receiver.go:6:			NewHelper				100.0%
github.com/JailtonJunior94/ai-spec-harness/internal/invocation/invocation.go:19:		NewGuard				100.0%
github.com/JailtonJunior94/ai-spec-harness/internal/invocation/invocation.go:25:		CheckDepth				100.0%
github.com/JailtonJunior94/ai-spec-harness/internal/invocation/invocation.go:36:		IncrementDepth				100.0%
github.com/JailtonJunior94/ai-spec-harness/internal/invocation/invocation.go:41:		readInt					85.7%
github.com/JailtonJunior94/ai-spec-harness/internal/lint/lint.go:24:				String					0.0%
github.com/JailtonJunior94/ai-spec-harness/internal/lint/lint.go:48:				NewService				66.7%
github.com/JailtonJunior94/ai-spec-harness/internal/lint/lint.go:57:				Execute					100.0%
github.com/JailtonJunior94/ai-spec-harness/internal/lint/lint.go:102:				CountChecks				0.0%
github.com/JailtonJunior94/ai-spec-harness/internal/lint/lint.go:136:				checkPlaceholders			100.0%
github.com/JailtonJunior94/ai-spec-harness/internal/lint/lint.go:158:				extractPlaceholder			71.4%
github.com/JailtonJunior94/ai-spec-harness/internal/lint/lint.go:170:				checkSchemaVersion			87.5%
github.com/JailtonJunior94/ai-spec-harness/internal/lint/lint.go:186:				checkSkillFrontmatters			90.5%
github.com/JailtonJunior94/ai-spec-harness/internal/lint/lint.go:222:				thirdPartySkills			91.7%
github.com/JailtonJunior94/ai-spec-harness/internal/lint/lint.go:243:				isThirdPartySourceType			66.7%
github.com/JailtonJunior94/ai-spec-harness/internal/lint/lint.go:252:				frontmatterSchemaContent		87.5%
github.com/JailtonJunior94/ai-spec-harness/internal/manifest/manifest.go:33:			NewStore				100.0%
github.com/JailtonJunior94/ai-spec-harness/internal/manifest/manifest.go:37:			Load					100.0%
github.com/JailtonJunior94/ai-spec-harness/internal/manifest/manifest.go:50:			Save					75.0%
github.com/JailtonJunior94/ai-spec-harness/internal/manifest/manifest.go:58:			Exists					100.0%
github.com/JailtonJunior94/ai-spec-harness/internal/metrics/flow.go:106:			FlowBudget				100.0%
github.com/JailtonJunior94/ai-spec-harness/internal/metrics/flow.go:115:			MeasureFlow				100.0%
github.com/JailtonJunior94/ai-spec-harness/internal/metrics/metrics.go:53:			NewService				100.0%
github.com/JailtonJunior94/ai-spec-harness/internal/metrics/metrics.go:61:			Execute					85.2%
github.com/JailtonJunior94/ai-spec-harness/internal/metrics/metrics.go:100:			gather					91.7%
github.com/JailtonJunior94/ai-spec-harness/internal/metrics/metrics.go:185:			fileMetric				80.0%
github.com/JailtonJunior94/ai-spec-harness/internal/metrics/metrics.go:199:			estimateTokens				100.0%
github.com/JailtonJunior94/ai-spec-harness/internal/metrics/metrics.go:220:			CheckBudgetForClass			0.0%
github.com/JailtonJunior94/ai-spec-harness/internal/metrics/metrics.go:237:			CheckBudget				100.0%
github.com/JailtonJunior94/ai-spec-harness/internal/metrics/metrics.go:247:			FormatReport				88.9%
github.com/JailtonJunior94/ai-spec-harness/internal/metrics/r1_catalog.go:6:			NewCatalog				100.0%
github.com/JailtonJunior94/ai-spec-harness/internal/metrics/tokenizer.go:20:			EstimateTokens				100.0%
github.com/JailtonJunior94/ai-spec-harness/internal/metrics/tokenizer.go:24:			Name					100.0%
github.com/JailtonJunior94/ai-spec-harness/internal/metrics/tokenizer.go:27:			NewCharEstimator			100.0%
github.com/JailtonJunior94/ai-spec-harness/internal/metrics/tokenizer.go:36:			NewTiktokenEstimator			75.0%
github.com/JailtonJunior94/ai-spec-harness/internal/metrics/tokenizer.go:44:			EstimateTokens				100.0%
github.com/JailtonJunior94/ai-spec-harness/internal/metrics/tokenizer.go:48:			Name					100.0%
github.com/JailtonJunior94/ai-spec-harness/internal/metrics/tokenizer.go:53:			NewPreciseTokenizer			75.0%
github.com/JailtonJunior94/ai-spec-harness/internal/output/output.go:16:			New					100.0%
github.com/JailtonJunior94/ai-spec-harness/internal/output/output.go:20:			Info					100.0%
github.com/JailtonJunior94/ai-spec-harness/internal/output/output.go:24:			Step					100.0%
github.com/JailtonJunior94/ai-spec-harness/internal/output/output.go:28:			Debug					100.0%
github.com/JailtonJunior94/ai-spec-harness/internal/output/output.go:34:			Warn					100.0%
github.com/JailtonJunior94/ai-spec-harness/internal/output/output.go:38:			Error					100.0%
github.com/JailtonJunior94/ai-spec-harness/internal/output/output.go:42:			DryRun					100.0%
github.com/JailtonJunior94/ai-spec-harness/internal/output/output.go:47:			Status					100.0%
github.com/JailtonJunior94/ai-spec-harness/internal/parity/parity.go:79:			File					100.0%
github.com/JailtonJunior94/ai-spec-harness/internal/parity/parity.go:88:			hasTool					75.0%
github.com/JailtonJunior94/ai-spec-harness/internal/parity/parity.go:103:			pass					100.0%
github.com/JailtonJunior94/ai-spec-harness/internal/parity/parity.go:104:			fail					100.0%
github.com/JailtonJunior94/ai-spec-harness/internal/parity/parity.go:105:			failf					100.0%
github.com/JailtonJunior94/ai-spec-harness/internal/parity/parity.go:124:			Run					100.0%
github.com/JailtonJunior94/ai-spec-harness/internal/parity/parity.go:153:			Warnings				0.0%
github.com/JailtonJunior94/ai-spec-harness/internal/parity/parity.go:164:			Failures				0.0%
github.com/JailtonJunior94/ai-spec-harness/internal/parity/parity.go:178:			Generate				96.4%
github.com/JailtonJunior94/ai-spec-harness/internal/parity/parity.go:227:			Invariants				100.0%
github.com/JailtonJunior94/ai-spec-harness/internal/parity/parity.go:622:			parseEventsJSONL			88.9%
github.com/JailtonJunior94/ai-spec-harness/internal/parity/parity.go:641:			maxAgentDepth				50.0%
github.com/JailtonJunior94/ai-spec-harness/internal/parity/r1_receiver.go:6:			NewChecker				100.0%
github.com/JailtonJunior94/ai-spec-harness/internal/platform/platform.go:15:			NewDetector				100.0%
github.com/JailtonJunior94/ai-spec-harness/internal/platform/platform.go:20:			Current					100.0%
github.com/JailtonJunior94/ai-spec-harness/internal/platform/platform.go:26:			SupportsSymlinks			100.0%
github.com/JailtonJunior94/ai-spec-harness/internal/prerequisites/prerequisites.go:89:		Verify					95.0%
github.com/JailtonJunior94/ai-spec-harness/internal/prerequisites/prerequisites.go:122:		KnownSkills				100.0%
github.com/JailtonJunior94/ai-spec-harness/internal/prerequisites/prerequisites.go:130:		anyExists				100.0%
github.com/JailtonJunior94/ai-spec-harness/internal/prerequisites/r1_receiver.go:6:		NewVerifier				100.0%
github.com/JailtonJunior94/ai-spec-harness/internal/runtime/acpfake/r1_catalog.go:6:		NewCatalog				100.0%
github.com/JailtonJunior94/ai-spec-harness/internal/runtime/acpfake/script.go:29:		NewScript				100.0%
github.com/JailtonJunior94/ai-spec-harness/internal/runtime/acpfake/script.go:34:		append					100.0%
github.com/JailtonJunior94/ai-spec-harness/internal/runtime/acpfake/script.go:40:		AppendAgentMessage			100.0%
github.com/JailtonJunior94/ai-spec-harness/internal/runtime/acpfake/script.go:45:		AppendAgentMessageWithDelay		100.0%
github.com/JailtonJunior94/ai-spec-harness/internal/runtime/acpfake/script.go:50:		AppendAgentThought			100.0%
github.com/JailtonJunior94/ai-spec-harness/internal/runtime/acpfake/script.go:55:		AppendToolCall				100.0%
github.com/JailtonJunior94/ai-spec-harness/internal/runtime/acpfake/script.go:64:		AppendToolCallUpdate			100.0%
github.com/JailtonJunior94/ai-spec-harness/internal/runtime/acpfake/script.go:83:		AppendSessionEnd			100.0%
github.com/JailtonJunior94/ai-spec-harness/internal/runtime/acpfake/script.go:94:		AppendUnknown				100.0%
github.com/JailtonJunior94/ai-spec-harness/internal/runtime/acpfake/script.go:101:		AppendRequestPermission			100.0%
github.com/JailtonJunior94/ai-spec-harness/internal/runtime/acpfake/script.go:116:		Updates					100.0%
github.com/JailtonJunior94/ai-spec-harness/internal/runtime/acpfake/server.go:23:		NewServer				100.0%
github.com/JailtonJunior94/ai-spec-harness/internal/runtime/acpfake/server.go:37:		Start					100.0%
github.com/JailtonJunior94/ai-spec-harness/internal/runtime/acpfake/server.go:72:		setConn					100.0%
github.com/JailtonJunior94/ai-spec-harness/internal/runtime/acpfake/server.go:78:		getConn					100.0%
github.com/JailtonJunior94/ai-spec-harness/internal/runtime/acpfake/server.go:90:		Initialize				100.0%
github.com/JailtonJunior94/ai-spec-harness/internal/runtime/acpfake/server.go:97:		Authenticate				0.0%
github.com/JailtonJunior94/ai-spec-harness/internal/runtime/acpfake/server.go:101:		Cancel					0.0%
github.com/JailtonJunior94/ai-spec-harness/internal/runtime/acpfake/server.go:105:		NewSession				100.0%
github.com/JailtonJunior94/ai-spec-harness/internal/runtime/acpfake/server.go:109:		ListSessions				0.0%
github.com/JailtonJunior94/ai-spec-harness/internal/runtime/acpfake/server.go:113:		ResumeSession				0.0%
github.com/JailtonJunior94/ai-spec-harness/internal/runtime/acpfake/server.go:117:		CloseSession				0.0%
github.com/JailtonJunior94/ai-spec-harness/internal/runtime/acpfake/server.go:121:		SetSessionConfigOption			0.0%
github.com/JailtonJunior94/ai-spec-harness/internal/runtime/acpfake/server.go:125:		SetSessionMode				0.0%
github.com/JailtonJunior94/ai-spec-harness/internal/runtime/acpfake/server.go:130:		Prompt					87.5%
github.com/JailtonJunior94/ai-spec-harness/internal/runtime/acpfake/server.go:189:		isSessionEnd				100.0%
github.com/JailtonJunior94/ai-spec-harness/internal/runtime/acpfake/server.go:199:		isRequestPermission			83.3%
github.com/JailtonJunior94/ai-spec-harness/internal/runtime/client/client.go:68:		NewDefaultClientFactory			100.0%
github.com/JailtonJunior94/ai-spec-harness/internal/runtime/client/client.go:72:		New					100.0%
github.com/JailtonJunior94/ai-spec-harness/internal/runtime/client/client.go:80:		SetBypassPermissions			100.0%
github.com/JailtonJunior94/ai-spec-harness/internal/runtime/client/client.go:137:		newACPClient				66.7%
github.com/JailtonJunior94/ai-spec-harness/internal/runtime/client/client.go:152:		Open					97.5%
github.com/JailtonJunior94/ai-spec-harness/internal/runtime/client/client.go:205:		startProcess				90.9%
github.com/JailtonJunior94/ai-spec-harness/internal/runtime/client/client.go:239:		negotiate				94.4%
github.com/JailtonJunior94/ai-spec-harness/internal/runtime/client/client.go:280:		readLoop				88.9%
github.com/JailtonJunior94/ai-spec-harness/internal/runtime/client/client.go:315:		sessionEndEventFromPromptResponse	75.0%
github.com/JailtonJunior94/ai-spec-harness/internal/runtime/client/client.go:331:		closeChannel				100.0%
github.com/JailtonJunior94/ai-spec-harness/internal/runtime/client/client.go:355:		trySend					42.9%
github.com/JailtonJunior94/ai-spec-harness/internal/runtime/client/client.go:389:		SlowPublishes				100.0%
github.com/JailtonJunior94/ai-spec-harness/internal/runtime/client/client.go:395:		DroppedUpdates				100.0%
github.com/JailtonJunior94/ai-spec-harness/internal/runtime/client/client.go:400:		Updates					100.0%
github.com/JailtonJunior94/ai-spec-harness/internal/runtime/client/client.go:405:		Err					100.0%
github.com/JailtonJunior94/ai-spec-harness/internal/runtime/client/client.go:412:		Close					100.0%
github.com/JailtonJunior94/ai-spec-harness/internal/runtime/client/client.go:422:		killProcess				88.9%
github.com/JailtonJunior94/ai-spec-harness/internal/runtime/client/client.go:453:		SessionUpdate				100.0%
github.com/JailtonJunior94/ai-spec-harness/internal/runtime/client/client.go:462:		RequestPermission			100.0%
github.com/JailtonJunior94/ai-spec-harness/internal/runtime/client/client.go:483:		ReadTextFile				100.0%
github.com/JailtonJunior94/ai-spec-harness/internal/runtime/client/client.go:487:		WriteTextFile				100.0%
github.com/JailtonJunior94/ai-spec-harness/internal/runtime/client/client.go:491:		CreateTerminal				0.0%
github.com/JailtonJunior94/ai-spec-harness/internal/runtime/client/client.go:495:		KillTerminal				100.0%
github.com/JailtonJunior94/ai-spec-harness/internal/runtime/client/client.go:499:		ReleaseTerminal				100.0%
github.com/JailtonJunior94/ai-spec-harness/internal/runtime/client/client.go:503:		TerminalOutput				100.0%
github.com/JailtonJunior94/ai-spec-harness/internal/runtime/client/client.go:507:		WaitForTerminalExit			100.0%
github.com/JailtonJunior94/ai-spec-harness/internal/runtime/client/process_unix.go:17:		configureProcessGroup			83.3%
github.com/JailtonJunior94/ai-spec-harness/internal/runtime/client/process_unix.go:30:		interruptProcess			100.0%
github.com/JailtonJunior94/ai-spec-harness/internal/runtime/client/process_unix.go:35:		killProcessHard				0.0%
github.com/JailtonJunior94/ai-spec-harness/internal/runtime/client/r1_catalog.go:6:		NewCatalog				100.0%
github.com/JailtonJunior94/ai-spec-harness/internal/runtime/client/testing.go:17:		Provide					100.0%
github.com/JailtonJunior94/ai-spec-harness/internal/runtime/client/testing.go:24:		NewTestClient				100.0%
github.com/JailtonJunior94/ai-spec-harness/internal/runtime/client/testing.go:30:		NewTestClientWithBackpressure		100.0%
github.com/JailtonJunior94/ai-spec-harness/internal/runtime/clock.go:16:			RealClock				100.0%
github.com/JailtonJunior94/ai-spec-harness/internal/runtime/clock.go:20:			Now					100.0%
github.com/JailtonJunior94/ai-spec-harness/internal/runtime/events/cancel_reason.go:30:		ParseCancelReason			100.0%
github.com/JailtonJunior94/ai-spec-harness/internal/runtime/events/convert.go:18:		rawDiscriminator			90.0%
github.com/JailtonJunior94/ai-spec-harness/internal/runtime/events/convert.go:36:		extractExitCode				70.0%
github.com/JailtonJunior94/ai-spec-harness/internal/runtime/events/convert.go:53:		extractErrorReason			88.9%
github.com/JailtonJunior94/ai-spec-harness/internal/runtime/events/convert.go:71:		contentBlockText			100.0%
github.com/JailtonJunior94/ai-spec-harness/internal/runtime/events/convert.go:79:		isFinalStatus				100.0%
github.com/JailtonJunior94/ai-spec-harness/internal/runtime/events/convert.go:89:		FromACPRaw				100.0%
github.com/JailtonJunior94/ai-spec-harness/internal/runtime/events/convert.go:117:		FromACPUpdate				96.7%
github.com/JailtonJunior94/ai-spec-harness/internal/runtime/events/convert.go:205:		ExtractGeminiMetricsForDriver		100.0%
github.com/JailtonJunior94/ai-spec-harness/internal/runtime/events/convert.go:257:		ExtractClaudeMetrics			100.0%
github.com/JailtonJunior94/ai-spec-harness/internal/runtime/events/counters.go:39:		NewToolCallCounters			100.0%
github.com/JailtonJunior94/ai-spec-harness/internal/runtime/events/counters.go:48:		Record					88.0%
github.com/JailtonJunior94/ai-spec-harness/internal/runtime/events/counters.go:96:		ToolCalls				100.0%
github.com/JailtonJunior94/ai-spec-harness/internal/runtime/events/counters.go:114:		MappedCount				100.0%
github.com/JailtonJunior94/ai-spec-harness/internal/runtime/events/counters.go:119:		UnknownKinds				100.0%
github.com/JailtonJunior94/ai-spec-harness/internal/runtime/events/event.go:49:			WithNormalization			0.0%
github.com/JailtonJunior94/ai-spec-harness/internal/runtime/events/event.go:58:			NormalizedName				0.0%
github.com/JailtonJunior94/ai-spec-harness/internal/runtime/events/event.go:66:			RawToolName				0.0%
github.com/JailtonJunior94/ai-spec-harness/internal/runtime/events/event.go:74:			NewAgentMessage				100.0%
github.com/JailtonJunior94/ai-spec-harness/internal/runtime/events/event.go:87:			NewAgentThought				100.0%
github.com/JailtonJunior94/ai-spec-harness/internal/runtime/events/event.go:100:		NewToolCallStart			100.0%
github.com/JailtonJunior94/ai-spec-harness/internal/runtime/events/event.go:114:		NewToolCallUpdate			100.0%
github.com/JailtonJunior94/ai-spec-harness/internal/runtime/events/event.go:125:		NewSessionEnd				100.0%
github.com/JailtonJunior94/ai-spec-harness/internal/runtime/events/event.go:136:		NewRuntimeInit				100.0%
github.com/JailtonJunior94/ai-spec-harness/internal/runtime/events/event.go:158:		NewUnknown				100.0%
github.com/JailtonJunior94/ai-spec-harness/internal/runtime/events/event.go:168:		Kind					100.0%
github.com/JailtonJunior94/ai-spec-harness/internal/runtime/events/event.go:171:		Timestamp				100.0%
github.com/JailtonJunior94/ai-spec-harness/internal/runtime/events/event.go:174:		ToolCallID				100.0%
github.com/JailtonJunior94/ai-spec-harness/internal/runtime/events/event.go:177:		Launcher				100.0%
github.com/JailtonJunior94/ai-spec-harness/internal/runtime/events/event.go:180:		IsTerminal				100.0%
github.com/JailtonJunior94/ai-spec-harness/internal/runtime/events/event.go:183:		AgentMessage				100.0%
github.com/JailtonJunior94/ai-spec-harness/internal/runtime/events/event.go:186:		AgentThought				100.0%
github.com/JailtonJunior94/ai-spec-harness/internal/runtime/events/event.go:189:		ToolCallStart				100.0%
github.com/JailtonJunior94/ai-spec-harness/internal/runtime/events/event.go:192:		ToolCallUpdate				100.0%
github.com/JailtonJunior94/ai-spec-harness/internal/runtime/events/event.go:195:		SessionEnd				100.0%
github.com/JailtonJunior94/ai-spec-harness/internal/runtime/events/event.go:198:		RuntimeInit				100.0%
github.com/JailtonJunior94/ai-spec-harness/internal/runtime/events/event.go:201:		Unknown					100.0%
github.com/JailtonJunior94/ai-spec-harness/internal/runtime/events/event.go:205:		Raw					0.0%
github.com/JailtonJunior94/ai-spec-harness/internal/runtime/events/event.go:220:		MarshalJSON				71.4%
github.com/JailtonJunior94/ai-spec-harness/internal/runtime/events/extractor.go:23:		ExtractorFor				100.0%
github.com/JailtonJunior94/ai-spec-harness/internal/runtime/events/extractor.go:43:		Extract					100.0%
github.com/JailtonJunior94/ai-spec-harness/internal/runtime/events/extractor.go:62:		Extract					100.0%
github.com/JailtonJunior94/ai-spec-harness/internal/runtime/events/extractor.go:83:		Extract					100.0%
github.com/JailtonJunior94/ai-spec-harness/internal/runtime/events/gemini_metrics.go:37:	ExtractGeminiMetrics			100.0%
github.com/JailtonJunior94/ai-spec-harness/internal/runtime/events/gemini_metrics.go:53:	LogGeminiMetrics			0.0%
github.com/JailtonJunior94/ai-spec-harness/internal/runtime/events/kinds.go:37:			ParseEventKind				100.0%
github.com/JailtonJunior94/ai-spec-harness/internal/runtime/events/metricset.go:31:		NewMetricSet				100.0%
github.com/JailtonJunior94/ai-spec-harness/internal/runtime/events/metricset.go:47:		max0					100.0%
github.com/JailtonJunior94/ai-spec-harness/internal/runtime/events/metricset.go:55:		TotalTokens				100.0%
github.com/JailtonJunior94/ai-spec-harness/internal/runtime/events/metricset.go:58:		CacheReadTokens				100.0%
github.com/JailtonJunior94/ai-spec-harness/internal/runtime/events/metricset.go:61:		ThinkingTokens				100.0%
github.com/JailtonJunior94/ai-spec-harness/internal/runtime/events/metricset.go:65:		Extra					100.0%
github.com/JailtonJunior94/ai-spec-harness/internal/runtime/events/metricset.go:74:		Merge					100.0%
github.com/JailtonJunior94/ai-spec-harness/internal/runtime/events/metricset.go:96:		IsZero					100.0%
github.com/JailtonJunior94/ai-spec-harness/internal/runtime/events/metricset.go:112:		Fields					100.0%
github.com/JailtonJunior94/ai-spec-harness/internal/runtime/events/normalize.go:61:		loadRules				95.8%
github.com/JailtonJunior94/ai-spec-harness/internal/runtime/events/normalize.go:96:		resolveInherit				60.0%
github.com/JailtonJunior94/ai-spec-harness/internal/runtime/events/normalize.go:124:		BuildNormalizedToolCall			100.0%
github.com/JailtonJunior94/ai-spec-harness/internal/runtime/events/normalize.go:143:		BuildNormalizedToolCallByDriver		83.3%
github.com/JailtonJunior94/ai-spec-harness/internal/runtime/events/normalize.go:155:		buildNormalized				87.5%
github.com/JailtonJunior94/ai-spec-harness/internal/runtime/events/normalize.go:183:		normalizeInput				95.8%
github.com/JailtonJunior94/ai-spec-harness/internal/runtime/events/payloads.go:9:		Text					100.0%
github.com/JailtonJunior94/ai-spec-harness/internal/runtime/events/payloads.go:19:		Text					100.0%
github.com/JailtonJunior94/ai-spec-harness/internal/runtime/events/payloads.go:30:		Name					100.0%
github.com/JailtonJunior94/ai-spec-harness/internal/runtime/events/payloads.go:35:		Input					100.0%
github.com/JailtonJunior94/ai-spec-harness/internal/runtime/events/payloads.go:47:		Output					100.0%
github.com/JailtonJunior94/ai-spec-harness/internal/runtime/events/payloads.go:52:		Status					100.0%
github.com/JailtonJunior94/ai-spec-harness/internal/runtime/events/payloads.go:57:		Final					100.0%
github.com/JailtonJunior94/ai-spec-harness/internal/runtime/events/payloads.go:68:		ExitCode				100.0%
github.com/JailtonJunior94/ai-spec-harness/internal/runtime/events/payloads.go:73:		Reason					100.0%
github.com/JailtonJunior94/ai-spec-harness/internal/runtime/events/payloads.go:87:		Launcher				100.0%
github.com/JailtonJunior94/ai-spec-harness/internal/runtime/events/payloads.go:92:		Command					100.0%
github.com/JailtonJunior94/ai-spec-harness/internal/runtime/events/payloads.go:97:		Args					100.0%
github.com/JailtonJunior94/ai-spec-harness/internal/runtime/events/payloads.go:104:		SDKVersion				100.0%
github.com/JailtonJunior94/ai-spec-harness/internal/runtime/events/payloads.go:109:		NpmVersion				100.0%
github.com/JailtonJunior94/ai-spec-harness/internal/runtime/events/payloads.go:119:		RawKind					100.0%
github.com/JailtonJunior94/ai-spec-harness/internal/runtime/events/r1_catalog.go:6:		NewCatalog				100.0%
github.com/JailtonJunior94/ai-spec-harness/internal/runtime/events/state.go:33:			Transition				100.0%
github.com/JailtonJunior94/ai-spec-harness/internal/runtime/events/timeout.go:14:		NewActivityTimeout			100.0%
github.com/JailtonJunior94/ai-spec-harness/internal/runtime/events/timeout.go:22:		Disabled				100.0%
github.com/JailtonJunior94/ai-spec-harness/internal/runtime/events/timeout.go:27:		Duration				100.0%
github.com/JailtonJunior94/ai-spec-harness/internal/runtime/events/toolcallid.go:13:		NewToolCallID				100.0%
github.com/JailtonJunior94/ai-spec-harness/internal/runtime/events/toolcallid.go:18:		IsZero					100.0%
github.com/JailtonJunior94/ai-spec-harness/internal/runtime/events/toolcallid.go:23:		String					100.0%
github.com/JailtonJunior94/ai-spec-harness/internal/runtime/events/toolcallid.go:28:		MarshalJSON				100.0%
github.com/JailtonJunior94/ai-spec-harness/internal/runtime/hooks/dispatcher.go:68:		Kind					0.0%
github.com/JailtonJunior94/ai-spec-harness/internal/runtime/hooks/dispatcher.go:77:		Kind					0.0%
github.com/JailtonJunior94/ai-spec-harness/internal/runtime/hooks/dispatcher.go:85:		Kind					0.0%
github.com/JailtonJunior94/ai-spec-harness/internal/runtime/hooks/dispatcher.go:93:		Kind					0.0%
github.com/JailtonJunior94/ai-spec-harness/internal/runtime/hooks/dispatcher.go:102:		Kind					0.0%
github.com/JailtonJunior94/ai-spec-harness/internal/runtime/hooks/dispatcher.go:113:		New					100.0%
github.com/JailtonJunior94/ai-spec-harness/internal/runtime/hooks/dispatcher.go:120:		Register				100.0%
github.com/JailtonJunior94/ai-spec-harness/internal/runtime/hooks/dispatcher.go:129:		Dispatch				100.0%
github.com/JailtonJunior94/ai-spec-harness/internal/runtime/hooks/governance.go:34:		NewGovernanceHook			100.0%
github.com/JailtonJunior94/ai-spec-harness/internal/runtime/hooks/governance.go:39:		Name					100.0%
github.com/JailtonJunior94/ai-spec-harness/internal/runtime/hooks/governance.go:43:		Run					88.9%
github.com/JailtonJunior94/ai-spec-harness/internal/runtime/hooks/memory_persist.go:41:		NewMemoryPersistHook			100.0%
github.com/JailtonJunior94/ai-spec-harness/internal/runtime/hooks/memory_persist.go:46:		Name					100.0%
github.com/JailtonJunior94/ai-spec-harness/internal/runtime/hooks/memory_persist.go:51:		Run					94.7%
github.com/JailtonJunior94/ai-spec-harness/internal/runtime/hooks/memory_persist.go:82:		buildMemoryContent			100.0%
github.com/JailtonJunior94/ai-spec-harness/internal/runtime/hooks/spec_drift.go:40:		NewSpecDriftHook			100.0%
github.com/JailtonJunior94/ai-spec-harness/internal/runtime/hooks/spec_drift.go:45:		Name					0.0%
github.com/JailtonJunior94/ai-spec-harness/internal/runtime/hooks/spec_drift.go:55:		Run					100.0%
github.com/JailtonJunior94/ai-spec-harness/internal/runtime/hooks/token_budget.go:49:		NewTokenBudgetHook			100.0%
github.com/JailtonJunior94/ai-spec-harness/internal/runtime/hooks/token_budget.go:56:		NewTokenBudgetHookWithClass		100.0%
github.com/JailtonJunior94/ai-spec-harness/internal/runtime/hooks/token_budget.go:64:		Name					100.0%
github.com/JailtonJunior94/ai-spec-harness/internal/runtime/hooks/token_budget.go:69:		Run					100.0%
github.com/JailtonJunior94/ai-spec-harness/internal/runtime/mcpserver/engine.go:34:		spawnNestedSession			87.2%
github.com/JailtonJunior94/ai-spec-harness/internal/runtime/mcpserver/engine.go:112:		resolveAgentSpec			100.0%
github.com/JailtonJunior94/ai-spec-harness/internal/runtime/mcpserver/engine.go:126:		generateSessionID			100.0%
github.com/JailtonJunior94/ai-spec-harness/internal/runtime/mcpserver/engine.go:133:		resolveParentEvidenceDir		100.0%
github.com/JailtonJunior94/ai-spec-harness/internal/runtime/mcpserver/engine.go:142:		buildChildPrompt			100.0%
github.com/JailtonJunior94/ai-spec-harness/internal/runtime/mcpserver/engine.go:150:		buildSummaryText			0.0%
github.com/JailtonJunior94/ai-spec-harness/internal/runtime/mcpserver/r1_catalog.go:6:		NewCatalog				100.0%
github.com/JailtonJunior94/ai-spec-harness/internal/runtime/mcpserver/server.go:80:		New					100.0%
github.com/JailtonJunior94/ai-spec-harness/internal/runtime/mcpserver/server.go:92:		resolveMaxDepth				50.0%
github.com/JailtonJunior94/ai-spec-harness/internal/runtime/mcpserver/server.go:102:		Serve					84.2%
github.com/JailtonJunior94/ai-spec-harness/internal/runtime/mcpserver/server.go:133:		handleRequest				83.3%
github.com/JailtonJunior94/ai-spec-harness/internal/runtime/mcpserver/server.go:156:		handleInitialize			100.0%
github.com/JailtonJunior94/ai-spec-harness/internal/runtime/mcpserver/server.go:171:		handleToolsList				100.0%
github.com/JailtonJunior94/ai-spec-harness/internal/runtime/mcpserver/server.go:185:		handleToolsCall				72.9%
github.com/JailtonJunior94/ai-spec-harness/internal/runtime/mcpserver/server.go:278:		loadNestedContext			100.0%
github.com/JailtonJunior94/ai-spec-harness/internal/runtime/mcpserver/server.go:291:		runAgentInputSchema			100.0%
github.com/JailtonJunior94/ai-spec-harness/internal/runtime/mcpserver/wire/wire.go:120:		NewCodec				100.0%
github.com/JailtonJunior94/ai-spec-harness/internal/runtime/mcpserver/wire/wire.go:132:		ReadRequest				87.5%
github.com/JailtonJunior94/ai-spec-harness/internal/runtime/mcpserver/wire/wire.go:147:		WriteResponse				66.7%
github.com/JailtonJunior94/ai-spec-harness/internal/runtime/mcpserver/wire/wire.go:155:		WriteError				100.0%
github.com/JailtonJunior94/ai-spec-harness/internal/runtime/mcpserver/wire/wire.go:164:		WriteResult				100.0%
github.com/JailtonJunior94/ai-spec-harness/internal/runtime/memory/r1_catalog.go:6:		NewCatalog				100.0%
github.com/JailtonJunior94/ai-spec-harness/internal/runtime/memory/store.go:29:			DefaultLimits				100.0%
github.com/JailtonJunior94/ai-spec-harness/internal/runtime/memory/store.go:79:			New					100.0%
github.com/JailtonJunior94/ai-spec-harness/internal/runtime/memory/store.go:87:			directory				100.0%
github.com/JailtonJunior94/ai-spec-harness/internal/runtime/memory/store.go:92:			workflowPath				100.0%
github.com/JailtonJunior94/ai-spec-harness/internal/runtime/memory/store.go:98:			taskPath				100.0%
github.com/JailtonJunior94/ai-spec-harness/internal/runtime/memory/store.go:103:		ensureDir				100.0%
github.com/JailtonJunior94/ai-spec-harness/internal/runtime/memory/store.go:109:		countLines				100.0%
github.com/JailtonJunior94/ai-spec-harness/internal/runtime/memory/store.go:120:		readFile				93.3%
github.com/JailtonJunior94/ai-spec-harness/internal/runtime/memory/store.go:150:		writeFile				80.0%
github.com/JailtonJunior94/ai-spec-harness/internal/runtime/memory/store.go:170:		ReadWorkflow				100.0%
github.com/JailtonJunior94/ai-spec-harness/internal/runtime/memory/store.go:175:		ReadTask				100.0%
github.com/JailtonJunior94/ai-spec-harness/internal/runtime/memory/store.go:180:		WriteWorkflow				66.7%
github.com/JailtonJunior94/ai-spec-harness/internal/runtime/memory/store.go:188:		WriteTask				66.7%
github.com/JailtonJunior94/ai-spec-harness/internal/runtime/memory/window_policy.go:31:		LimitsFor				100.0%
github.com/JailtonJunior94/ai-spec-harness/internal/runtime/memory/window_policy.go:37:		LimitsForWithOverride			100.0%
github.com/JailtonJunior94/ai-spec-harness/internal/runtime/memory/window_policy.go:61:		applyDefaultsToLimits			100.0%
github.com/JailtonJunior94/ai-spec-harness/internal/runtime/options.go:11:			WithClock				0.0%
github.com/JailtonJunior94/ai-spec-harness/internal/runtime/options.go:18:			WithProber				100.0%
github.com/JailtonJunior94/ai-spec-harness/internal/runtime/options.go:25:			WithClientFactory			100.0%
github.com/JailtonJunior94/ai-spec-harness/internal/runtime/options.go:32:			WithPersistenceFactory			100.0%
github.com/JailtonJunior94/ai-spec-harness/internal/runtime/options.go:39:			WithRenderer				100.0%
github.com/JailtonJunior94/ai-spec-harness/internal/runtime/options.go:47:			WithMCPServer				0.0%
github.com/JailtonJunior94/ai-spec-harness/internal/runtime/options.go:56:			WithReviewOutputFn			100.0%
github.com/JailtonJunior94/ai-spec-harness/internal/runtime/persistence/jsonl.go:28:		NewJSONLWriter				100.0%
github.com/JailtonJunior94/ai-spec-harness/internal/runtime/persistence/jsonl.go:47:		Append					95.2%
github.com/JailtonJunior94/ai-spec-harness/internal/runtime/persistence/r1_catalog.go:6:	NewCatalog				100.0%
github.com/JailtonJunior94/ai-spec-harness/internal/runtime/persistence/report.go:39:		EnrichReport				94.4%
github.com/JailtonJunior94/ai-spec-harness/internal/runtime/persistence/report.go:71:		RenderMetricsSection			100.0%
github.com/JailtonJunior94/ai-spec-harness/internal/runtime/persistence/report.go:88:		RenderClaudeMetricsSection		100.0%
github.com/JailtonJunior94/ai-spec-harness/internal/runtime/persistence/report.go:94:		injectMetricsSection			62.5%
github.com/JailtonJunior94/ai-spec-harness/internal/runtime/persistence/report.go:110:		renderSection				75.0%
github.com/JailtonJunior94/ai-spec-harness/internal/runtime/persistence/report.go:119:		injectSection				93.8%
github.com/JailtonJunior94/ai-spec-harness/internal/runtime/persistence/session.go:22:		NewSessionPersistence			0.0%
github.com/JailtonJunior94/ai-spec-harness/internal/runtime/persistence/session.go:36:		AppendEvent				0.0%
github.com/JailtonJunior94/ai-spec-harness/internal/runtime/persistence/session.go:41:		WriteToolCalls				0.0%
github.com/JailtonJunior94/ai-spec-harness/internal/runtime/persistence/session.go:47:		EnrichReport				0.0%
github.com/JailtonJunior94/ai-spec-harness/internal/runtime/persistence/session.go:60:		NewSessionPersistenceFactory		0.0%
github.com/JailtonJunior94/ai-spec-harness/internal/runtime/persistence/session.go:65:		New					0.0%
github.com/JailtonJunior94/ai-spec-harness/internal/runtime/persistence/toolcalls.go:15:	WriteToolCalls				100.0%
github.com/JailtonJunior94/ai-spec-harness/internal/runtime/persistence/toolcalls.go:30:	buildToolCallsContent			100.0%
github.com/JailtonJunior94/ai-spec-harness/internal/runtime/probe/lookpath.go:17:		OsLookPather				0.0%
github.com/JailtonJunior94/ai-spec-harness/internal/runtime/probe/lookpath.go:21:		LookPath				0.0%
github.com/JailtonJunior94/ai-spec-harness/internal/runtime/probe/probe.go:33:			formatLauncherUnavailable		100.0%
github.com/JailtonJunior94/ai-spec-harness/internal/runtime/probe/probe.go:58:			EnsureAvailable				88.9%
github.com/JailtonJunior94/ai-spec-harness/internal/runtime/probe/probe.go:79:			resolve					100.0%
github.com/JailtonJunior94/ai-spec-harness/internal/runtime/probe/probe.go:108:			ResetCache				100.0%
github.com/JailtonJunior94/ai-spec-harness/internal/runtime/probe/r1_catalog.go:6:		NewCatalog				100.0%
github.com/JailtonJunior94/ai-spec-harness/internal/runtime/r1_catalog.go:6:			NewCatalog				100.0%
github.com/JailtonJunior94/ai-spec-harness/internal/runtime/render/human.go:20:			NewHumanRenderer			100.0%
github.com/JailtonJunior94/ai-spec-harness/internal/runtime/render/human.go:26:			Render					100.0%
github.com/JailtonJunior94/ai-spec-harness/internal/runtime/retry.go:23:			NewRetryClassifier			100.0%
github.com/JailtonJunior94/ai-spec-harness/internal/runtime/retry.go:36:			IsTransient				100.0%
github.com/JailtonJunior94/ai-spec-harness/internal/runtime/retry.go:57:			BackoffDuration				100.0%
github.com/JailtonJunior94/ai-spec-harness/internal/runtime/runner.go:65:			NewDefaultProber			100.0%
github.com/JailtonJunior94/ai-spec-harness/internal/runtime/runner.go:69:			EnsureAvailable				0.0%
github.com/JailtonJunior94/ai-spec-harness/internal/runtime/runner.go:95:			NewACPRunner				100.0%
github.com/JailtonJunior94/ai-spec-harness/internal/runtime/runner.go:125:			Run					96.9%
github.com/JailtonJunior94/ai-spec-harness/internal/runtime/runner.go:235:			createPersistence			66.7%
github.com/JailtonJunior94/ai-spec-harness/internal/runtime/runner.go:248:			buildArgv				100.0%
github.com/JailtonJunior94/ai-spec-harness/internal/runtime/runner.go:255:			emitRuntimeInit				100.0%
github.com/JailtonJunior94/ai-spec-harness/internal/runtime/runner.go:274:			dispatchPreOpenHooks			62.5%
github.com/JailtonJunior94/ai-spec-harness/internal/runtime/runner.go:303:			runEventLoop				100.0%
github.com/JailtonJunior94/ai-spec-harness/internal/runtime/runner.go:392:			buildSummary				100.0%
github.com/JailtonJunior94/ai-spec-harness/internal/runtime/runner.go:410:			persistSummary				75.0%
github.com/JailtonJunior94/ai-spec-harness/internal/runtime/runner.go:419:			emitUnknownWarnings			100.0%
github.com/JailtonJunior94/ai-spec-harness/internal/runtime/runner.go:428:			dispatchSessionPostEnd			100.0%
github.com/JailtonJunior94/ai-spec-harness/internal/runtime/runner.go:447:			mapRunError				100.0%
github.com/JailtonJunior94/ai-spec-harness/internal/runtime/runner.go:463:			prepareMemoryStore			50.0%
github.com/JailtonJunior94/ai-spec-harness/internal/runtime/runner.go:476:			prepareMemoryContext			25.0%
github.com/JailtonJunior94/ai-spec-harness/internal/runtime/runner.go:490:			injectMemoryContext			100.0%
github.com/JailtonJunior94/ai-spec-harness/internal/runtime/runner.go:528:			prepareHooksDispatcher			95.7%
github.com/JailtonJunior94/ai-spec-harness/internal/runtime/runner.go:558:			spawnMCPServer				8.8%
github.com/JailtonJunior94/ai-spec-harness/internal/runtime/runner.go:621:			normalizeEventInline			80.0%
github.com/JailtonJunior94/ai-spec-harness/internal/runtime/runner.go:653:			mapCancelReason				66.7%
github.com/JailtonJunior94/ai-spec-harness/internal/runtime/runner.go:673:			SetRenderer				100.0%
github.com/JailtonJunior94/ai-spec-harness/internal/runtime/runner.go:679:			InjectMemoryContextForTest		100.0%
github.com/JailtonJunior94/ai-spec-harness/internal/runtime/runner.go:683:			buildRuntimeInitRaw			100.0%
github.com/JailtonJunior94/ai-spec-harness/internal/runtime/runner_autoreview.go:45:		buildReviewPrompt			100.0%
github.com/JailtonJunior94/ai-spec-harness/internal/runtime/runner_autoreview.go:60:		parseReviewStatus			100.0%
github.com/JailtonJunior94/ai-spec-harness/internal/runtime/runner_autoreview.go:70:		extractHardIssues			100.0%
github.com/JailtonJunior94/ai-spec-harness/internal/runtime/runner_autoreview.go:85:		collectGitDiff				62.5%
github.com/JailtonJunior94/ai-spec-harness/internal/runtime/runner_autoreview.go:125:		runGitDiff				88.9%
github.com/JailtonJunior94/ai-spec-harness/internal/runtime/runner_autoreview.go:145:		runAutoReview				96.1%
github.com/JailtonJunior94/ai-spec-harness/internal/runtime/runner_autoreview.go:200:		readReviewSkill				50.0%
github.com/JailtonJunior94/ai-spec-harness/internal/runtime/runner_autoreview.go:217:		spawnReviewSession			0.0%
github.com/JailtonJunior94/ai-spec-harness/internal/runtime/runner_autoreview.go:233:		buildReviewOutputFromSummary		0.0%
github.com/JailtonJunior94/ai-spec-harness/internal/runtime/runner_autoreview.go:244:		buildReviewPointer			100.0%
github.com/JailtonJunior94/ai-spec-harness/internal/runtime/runner_autoreview.go:251:		mustReviewTimeout			100.0%
github.com/JailtonJunior94/ai-spec-harness/internal/runtime/runner_autoreview.go:258:		ParseReviewStatusForTest		100.0%
github.com/JailtonJunior94/ai-spec-harness/internal/runtime/runner_autoreview.go:264:		BuildReviewPromptForTest		100.0%
github.com/JailtonJunior94/ai-spec-harness/internal/runtime/specs/claude.go:34:			Claude					100.0%
github.com/JailtonJunior94/ai-spec-harness/internal/runtime/specs/codex.go:56:			Codex					100.0%
github.com/JailtonJunior94/ai-spec-harness/internal/runtime/specs/codex.go:89:			codexBootstrapArgs			100.0%
github.com/JailtonJunior94/ai-spec-harness/internal/runtime/specs/codex.go:113:			appendCodexOverrides			100.0%
github.com/JailtonJunior94/ai-spec-harness/internal/runtime/specs/copilot.go:37:		Copilot					100.0%
github.com/JailtonJunior94/ai-spec-harness/internal/runtime/specs/driver.go:20:			ParseDriverID				100.0%
github.com/JailtonJunior94/ai-spec-harness/internal/runtime/specs/driver.go:30:			String					100.0%
github.com/JailtonJunior94/ai-spec-harness/internal/runtime/specs/gemini.go:51:			Gemini					100.0%
github.com/JailtonJunior94/ai-spec-harness/internal/runtime/specs/gemini.go:82:			geminiBootstrapArgs			100.0%
github.com/JailtonJunior94/ai-spec-harness/internal/runtime/specs/launcher.go:20:		NewBinaryLauncher			100.0%
github.com/JailtonJunior94/ai-spec-harness/internal/runtime/specs/launcher.go:31:		NewNpxLauncher				100.0%
github.com/JailtonJunior94/ai-spec-harness/internal/runtime/specs/launcher.go:40:		Kind					100.0%
github.com/JailtonJunior94/ai-spec-harness/internal/runtime/specs/launcher.go:45:		Command					100.0%
github.com/JailtonJunior94/ai-spec-harness/internal/runtime/specs/r1_catalog.go:6:		NewCatalog				100.0%
github.com/JailtonJunior94/ai-spec-harness/internal/runtime/specs/spec.go:52:			DriverID				100.0%
github.com/JailtonJunior94/ai-spec-harness/internal/runtime/specs/spec.go:59:			ContextWindow				100.0%
github.com/JailtonJunior94/ai-spec-harness/internal/runtime/specs/spec.go:62:			SDKVersion				100.0%
github.com/JailtonJunior94/ai-spec-harness/internal/runtime/specs/spec.go:65:			NPMVersion				100.0%
github.com/JailtonJunior94/ai-spec-harness/internal/runtime/specs/spec.go:68:			NPMPackage				100.0%
github.com/JailtonJunior94/ai-spec-harness/internal/runtime/specs/spec.go:73:			BootstrapArgs				100.0%
github.com/JailtonJunior94/ai-spec-harness/internal/runtime/specs/spec.go:82:			newSpec					100.0%
github.com/JailtonJunior94/ai-spec-harness/internal/runtime/specs/spec.go:106:			newSpecWithBootstrap			100.0%
github.com/JailtonJunior94/ai-spec-harness/internal/runtime/specs/window.go:33:			Class					100.0%
github.com/JailtonJunior94/ai-spec-harness/internal/runtime/types.go:34:			ApplyDefaults				100.0%
github.com/JailtonJunior94/ai-spec-harness/internal/runtime/watchdog.go:47:			NewActivityWatchdog			100.0%
github.com/JailtonJunior94/ai-spec-harness/internal/runtime/watchdog.go:63:			Touch					100.0%
github.com/JailtonJunior94/ai-spec-harness/internal/runtime/watchdog.go:71:			Start					100.0%
github.com/JailtonJunior94/ai-spec-harness/internal/runtime/watchdog.go:113:			Stop					100.0%
github.com/JailtonJunior94/ai-spec-harness/internal/runtime/watchdog.go:120:			tickerInterval				100.0%
github.com/JailtonJunior94/ai-spec-harness/internal/scaffold/scaffold.go:18:			NewService				100.0%
github.com/JailtonJunior94/ai-spec-harness/internal/scaffold/scaffold.go:23:			Execute					93.0%
github.com/JailtonJunior94/ai-spec-harness/internal/scaffold/scaffold.go:142:			titleCase				100.0%
github.com/JailtonJunior94/ai-spec-harness/internal/sdd/result_schema.go:53:			NewResultValidator			100.0%
github.com/JailtonJunior94/ai-spec-harness/internal/sdd/result_schema.go:58:			ValidateExecutionJSON			87.5%
github.com/JailtonJunior94/ai-spec-harness/internal/sdd/result_schema.go:75:			ValidateCheckpointJSON			75.0%
github.com/JailtonJunior94/ai-spec-harness/internal/sdd/result_schema.go:84:			ValidateReviewJSON			62.5%
github.com/JailtonJunior94/ai-spec-harness/internal/sdd/result_schema.go:98:			validateEvidencePaths			100.0%
github.com/JailtonJunior94/ai-spec-harness/internal/sdd/result_schema.go:112:			validateEvidencePath			100.0%
github.com/JailtonJunior94/ai-spec-harness/internal/sdd/result_schema.go:127:			validateJSON				77.8%
github.com/JailtonJunior94/ai-spec-harness/internal/sdd/result_schema.go:142:			compileSchema				70.0%
github.com/JailtonJunior94/ai-spec-harness/internal/sdd/result_schema.go:158:			formatSchemaError			66.7%
github.com/JailtonJunior94/ai-spec-harness/internal/sdd/state.go:97:				NewStore				100.0%
github.com/JailtonJunior94/ai-spec-harness/internal/sdd/state.go:101:				StatePath				100.0%
github.com/JailtonJunior94/ai-spec-harness/internal/sdd/state.go:105:				Load					66.7%
github.com/JailtonJunior94/ai-spec-harness/internal/sdd/state.go:120:				Initialize				80.0%
github.com/JailtonJunior94/ai-spec-harness/internal/sdd/state.go:140:				Save					61.5%
github.com/JailtonJunior94/ai-spec-harness/internal/sdd/state.go:178:				Approve					80.0%
github.com/JailtonJunior94/ai-spec-harness/internal/sdd/state.go:206:				Invalidate				82.4%
github.com/JailtonJunior94/ai-spec-harness/internal/sdd/state.go:231:				Validate				84.6%
github.com/JailtonJunior94/ai-spec-harness/internal/sdd/state.go:254:				ValidateExecutionResult			63.2%
github.com/JailtonJunior94/ai-spec-harness/internal/sdd/state.go:286:				artifactPath				80.0%
github.com/JailtonJunior94/ai-spec-harness/internal/sdd/state.go:299:				validateApproval			83.3%
github.com/JailtonJunior94/ai-spec-harness/internal/sdd/state.go:327:				digestFile				80.0%
github.com/JailtonJunior94/ai-spec-harness/internal/sdd/state.go:337:				DigestFile				0.0%
github.com/JailtonJunior94/ai-spec-harness/internal/sdd/state.go:341:				downstream				75.0%
github.com/JailtonJunior94/ai-spec-harness/internal/sdd/state.go:352:				prerequisites				100.0%
github.com/JailtonJunior94/ai-spec-harness/internal/sdd/state.go:363:				validStatus				66.7%
github.com/JailtonJunior94/ai-spec-harness/internal/sdd/state.go:372:				validDigest				75.0%
github.com/JailtonJunior94/ai-spec-harness/internal/sdd/tasks/parser.go:37:			NewParser				100.0%
github.com/JailtonJunior94/ai-spec-harness/internal/sdd/tasks/parser.go:42:			Parse					92.3%
github.com/JailtonJunior94/ai-spec-harness/internal/sdd/tasks/parser.go:62:			parseRequirements			85.0%
github.com/JailtonJunior94/ai-spec-harness/internal/sdd/tasks/parser.go:91:			parseTasks				89.2%
github.com/JailtonJunior94/ai-spec-harness/internal/sdd/tasks/parser.go:135:			parseCoverage				72.7%
github.com/JailtonJunior94/ai-spec-harness/internal/sdd/tasks/parser.go:167:			validate				87.0%
github.com/JailtonJunior94/ai-spec-harness/internal/sdd/tasks/parser.go:203:			validateDependencies			96.2%
github.com/JailtonJunior94/ai-spec-harness/internal/sdd/tasks/parser.go:244:			validateOwnership			100.0%
github.com/JailtonJunior94/ai-spec-harness/internal/sdd/tasks/parser.go:266:			overlaps				100.0%
github.com/JailtonJunior94/ai-spec-harness/internal/sdd/tasks/parser.go:270:			section					100.0%
github.com/JailtonJunior94/ai-spec-harness/internal/sdd/tasks/parser.go:290:			table					100.0%
github.com/JailtonJunior94/ai-spec-harness/internal/sdd/tasks/parser.go:301:			headers					100.0%
github.com/JailtonJunior94/ai-spec-harness/internal/sdd/tasks/parser.go:310:			columns					75.0%
github.com/JailtonJunior94/ai-spec-harness/internal/sdd/tasks/parser.go:318:			column					75.0%
github.com/JailtonJunior94/ai-spec-harness/internal/sdd/tasks/parser.go:327:			references				100.0%
github.com/JailtonJunior94/ai-spec-harness/internal/sdd/tasks/parser.go:342:			parallel				100.0%
github.com/JailtonJunior94/ai-spec-harness/internal/semver/semver.go:26:			NewService				100.0%
github.com/JailtonJunior94/ai-spec-harness/internal/semver/semver.go:53:			FindLastTag				100.0%
github.com/JailtonJunior94/ai-spec-harness/internal/semver/semver.go:63:			ParseConventionalCommits		83.3%
github.com/JailtonJunior94/ai-spec-harness/internal/semver/semver.go:94:			getCommitBody				80.0%
github.com/JailtonJunior94/ai-spec-harness/internal/semver/semver.go:103:			parseCommit				85.0%
github.com/JailtonJunior94/ai-spec-harness/internal/semver/semver.go:133:			DetermineBump				100.0%
github.com/JailtonJunior94/ai-spec-harness/internal/semver/semver.go:144:			bumpForCommit				100.0%
github.com/JailtonJunior94/ai-spec-harness/internal/semver/semver.go:157:			bumpRank				100.0%
github.com/JailtonJunior94/ai-spec-harness/internal/semver/semver.go:171:			ComputeNext				94.7%
github.com/JailtonJunior94/ai-spec-harness/internal/semver/semver.go:196:			readVersionFile				42.9%
github.com/JailtonJunior94/ai-spec-harness/internal/semver/semver.go:209:			Evaluate				97.6%
github.com/JailtonJunior94/ai-spec-harness/internal/skillbump/diff.go:14:			ChangedSkills				89.5%
github.com/JailtonJunior94/ai-spec-harness/internal/skillbump/diff.go:44:			CommitsForSkill				75.0%
github.com/JailtonJunior94/ai-spec-harness/internal/skillbump/diff.go:78:			readSkillFileAtRef			83.3%
github.com/JailtonJunior94/ai-spec-harness/internal/skillbump/diff.go:89:			parseCommit				80.0%
github.com/JailtonJunior94/ai-spec-harness/internal/skillbump/diff.go:127:			readCommitBody				80.0%
github.com/JailtonJunior94/ai-spec-harness/internal/skillbump/diff.go:136:			extractSkillName			78.6%
github.com/JailtonJunior94/ai-spec-harness/internal/skillbump/frontmatter.go:15:		UpdateFrontmatterVersion		83.3%
github.com/JailtonJunior94/ai-spec-harness/internal/skillbump/frontmatter.go:35:		joinFrontmatter				100.0%
github.com/JailtonJunior94/ai-spec-harness/internal/skillbump/frontmatter.go:43:		frontmatterBodyRange			81.8%
github.com/JailtonJunior94/ai-spec-harness/internal/skillbump/frontmatter.go:64:		validateFrontmatter			88.9%
github.com/JailtonJunior94/ai-spec-harness/internal/skillbump/frontmatter.go:81:		readLine				69.2%
github.com/JailtonJunior94/ai-spec-harness/internal/skillbump/r1_receiver.go:6:			NewPlanner				100.0%
github.com/JailtonJunior94/ai-spec-harness/internal/skillbump/skillbump.go:37:			NewService				100.0%
github.com/JailtonJunior94/ai-spec-harness/internal/skillbump/skillbump.go:42:			Execute					80.6%
github.com/JailtonJunior94/ai-spec-harness/internal/skillbump/skillbump.go:91:			bumpSkill				82.4%
github.com/JailtonJunior94/ai-spec-harness/internal/skillbump/skillbump.go:154:			plannedBump				100.0%
github.com/JailtonJunior94/ai-spec-harness/internal/skillbump/skillbump.go:161:			describeReason				50.0%
github.com/JailtonJunior94/ai-spec-harness/internal/skillbump/skillbump.go:173:			commitMatchesBump			60.0%
github.com/JailtonJunior94/ai-spec-harness/internal/skillbump/skillbump.go:186:			findLastTag				90.9%
github.com/JailtonJunior94/ai-spec-harness/internal/skills/catalog.go:6:			NewCatalog				100.0%
github.com/JailtonJunior94/ai-spec-harness/internal/skills/complexity.go:53:			ParseComplexity				100.0%
github.com/JailtonJunior94/ai-spec-harness/internal/skills/complexity.go:64:			Classify				100.0%
github.com/JailtonJunior94/ai-spec-harness/internal/skills/complexity.go:88:			ReferencesForComplexity			100.0%
github.com/JailtonJunior94/ai-spec-harness/internal/skills/frontmatter.go:28:			ParseFrontmatterFields			97.8%
github.com/JailtonJunior94/ai-spec-harness/internal/skills/frontmatter.go:87:			ParseFrontmatter			100.0%
github.com/JailtonJunior94/ai-spec-harness/internal/skills/frontmatter.go:112:			ParseFrontmatterName			0.0%
github.com/JailtonJunior94/ai-spec-harness/internal/skills/frontmatter.go:117:			SemverGreater				92.3%
github.com/JailtonJunior94/ai-spec-harness/internal/skills/frontmatter.go:135:			parseSemver				89.5%
github.com/JailtonJunior94/ai-spec-harness/internal/skills/frontmatter.go:162:			ValidateFrontmatter			100.0%
github.com/JailtonJunior94/ai-spec-harness/internal/skills/frontmatter.go:197:			hasFrontmatterBlock			100.0%
github.com/JailtonJunior94/ai-spec-harness/internal/skills/frontmatter.go:211:			IsValidSemver				100.0%
github.com/JailtonJunior94/ai-spec-harness/internal/skills/frontmatter.go:236:			isValidPrerelease			88.9%
github.com/JailtonJunior94/ai-spec-harness/internal/skills/frontmatter.go:260:			parseDependsOn				92.9%
github.com/JailtonJunior94/ai-spec-harness/internal/skills/schema.go:52:			ValidateFrontmatterSchema		85.0%
github.com/JailtonJunior94/ai-spec-harness/internal/skills/schema.go:80:			toFrontmatterDoc			90.0%
github.com/JailtonJunior94/ai-spec-harness/internal/skills/schema.go:100:			formatFrontmatterError			33.3%
github.com/JailtonJunior94/ai-spec-harness/internal/skills/schema.go:115:			asSchemaValidationError			75.0%
github.com/JailtonJunior94/ai-spec-harness/internal/skills/skills.go:15:			ParseTool				100.0%
github.com/JailtonJunior94/ai-spec-harness/internal/skills/skills.go:35:			ParseLang				100.0%
github.com/JailtonJunior94/ai-spec-harness/internal/skills/skills.go:51:			ParseLinkMode				0.0%
github.com/JailtonJunior94/ai-spec-harness/internal/skills/skills.go:89:			LangSkills				87.5%
github.com/JailtonJunior94/ai-spec-harness/internal/skills/skills.go:107:			AllSkills				100.0%
github.com/JailtonJunior94/ai-spec-harness/internal/skillscheck/skillscheck.go:63:		NewService				100.0%
github.com/JailtonJunior94/ai-spec-harness/internal/skillscheck/skillscheck.go:68:		Check					92.6%
github.com/JailtonJunior94/ai-spec-harness/internal/skillscheck/skillscheck.go:114:		hashOf					100.0%
github.com/JailtonJunior94/ai-spec-harness/internal/skillscheck/skillscheck.go:131:		Verify					90.0%
github.com/JailtonJunior94/ai-spec-harness/internal/skillscheck/skillscheck.go:152:		classifyDrift				90.9%
github.com/JailtonJunior94/ai-spec-harness/internal/skillscheck/skillscheck.go:172:		parseMajor				75.0%
github.com/JailtonJunior94/ai-spec-harness/internal/specdrift/r1_catalog.go:6:			NewCatalog				100.0%
github.com/JailtonJunior94/ai-spec-harness/internal/specdrift/specdrift.go:41:			CheckCoverage				100.0%
github.com/JailtonJunior94/ai-spec-harness/internal/specdrift/specdrift.go:71:			CheckStructuralCoverage			100.0%
github.com/JailtonJunior94/ai-spec-harness/internal/specdrift/specdrift.go:79:			coverageTableContent			93.3%
github.com/JailtonJunior94/ai-spec-harness/internal/specdrift/specdrift.go:104:			CheckHash				100.0%
github.com/JailtonJunior94/ai-spec-harness/internal/specdrift/specdrift.go:133:			CheckDrift				100.0%
github.com/JailtonJunior94/ai-spec-harness/internal/specdrift/sync.go:19:			SyncSpecHash				97.3%
github.com/JailtonJunior94/ai-spec-harness/internal/specdrift/sync.go:64:			guardApprovedState			22.2%
github.com/JailtonJunior94/ai-spec-harness/internal/taskloop/acceptance.go:46:			NewAcceptanceGate			100.0%
github.com/JailtonJunior94/ai-spec-harness/internal/taskloop/acceptance.go:51:			Verify					98.7%
github.com/JailtonJunior94/ai-spec-harness/internal/taskloop/acceptance.go:97:			parseCriteriaFromTaskFile		94.3%
github.com/JailtonJunior94/ai-spec-harness/internal/taskloop/acceptance.go:144:			isAcceptanceSection			100.0%
github.com/JailtonJunior94/ai-spec-harness/internal/taskloop/acpinvoker.go:62:			WithACPInvokerReasoningEffort		0.0%
github.com/JailtonJunior94/ai-spec-harness/internal/taskloop/acpinvoker.go:68:			WithACPInvokerAccessMode		0.0%
github.com/JailtonJunior94/ai-spec-harness/internal/taskloop/acpinvoker.go:74:			WithACPInvokerAddDirs			0.0%
github.com/JailtonJunior94/ai-spec-harness/internal/taskloop/acpinvoker.go:80:			WithACPInvokerMCPNested			0.0%
github.com/JailtonJunior94/ai-spec-harness/internal/taskloop/acpinvoker.go:86:			WithACPInvokerNoNormalize		0.0%
github.com/JailtonJunior94/ai-spec-harness/internal/taskloop/acpinvoker.go:92:			WithACPInvokerMemoryLimitLines		0.0%
github.com/JailtonJunior94/ai-spec-harness/internal/taskloop/acpinvoker.go:101:			WithACPInvokerMemoryLimitBytes		0.0%
github.com/JailtonJunior94/ai-spec-harness/internal/taskloop/acpinvoker.go:110:			WithACPInvokerMemoryLimitsExplicit	0.0%
github.com/JailtonJunior94/ai-spec-harness/internal/taskloop/acpinvoker.go:116:			WithACPInvokerDisableHooks		0.0%
github.com/JailtonJunior94/ai-spec-harness/internal/taskloop/acpinvoker.go:122:			WithACPInvokerTasksDir			100.0%
github.com/JailtonJunior94/ai-spec-harness/internal/taskloop/acpinvoker.go:128:			WithACPInvokerAutoReview		0.0%
github.com/JailtonJunior94/ai-spec-harness/internal/taskloop/acpinvoker.go:135:			WithACPInvokerSkipDriftGuard		100.0%
github.com/JailtonJunior94/ai-spec-harness/internal/taskloop/acpinvoker.go:142:			WithACPInvokerMaxRetries		100.0%
github.com/JailtonJunior94/ai-spec-harness/internal/taskloop/acpinvoker.go:149:			WithACPInvokerRetryBackoffMultiplier	100.0%
github.com/JailtonJunior94/ai-spec-harness/internal/taskloop/acpinvoker.go:155:			WithACPInvokerRetryBaseDelay		100.0%
github.com/JailtonJunior94/ai-spec-harness/internal/taskloop/acpinvoker.go:161:			WithACPInvokerRetryClassifier		100.0%
github.com/JailtonJunior94/ai-spec-harness/internal/taskloop/acpinvoker.go:168:			acpInvokerSleepFnOption			100.0%
github.com/JailtonJunior94/ai-spec-harness/internal/taskloop/acpinvoker.go:175:			NewACPInvoker				100.0%
github.com/JailtonJunior94/ai-spec-harness/internal/taskloop/acpinvoker.go:193:			defaultSleepFn				0.0%
github.com/JailtonJunior94/ai-spec-harness/internal/taskloop/acpinvoker.go:206:			BinaryName				100.0%
github.com/JailtonJunior94/ai-spec-harness/internal/taskloop/acpinvoker.go:213:			Invoke					93.2%
github.com/JailtonJunior94/ai-spec-harness/internal/taskloop/acpinvoker.go:298:			SetLiveOutput				100.0%
github.com/JailtonJunior94/ai-spec-harness/internal/taskloop/acpinvoker.go:309:			MapExitCode				100.0%
github.com/JailtonJunior94/ai-spec-harness/internal/taskloop/acpinvoker.go:320:			deriveEvidenceDir			87.5%
github.com/JailtonJunior94/ai-spec-harness/internal/taskloop/agent.go:29:			NewAgentInvoker				100.0%
github.com/JailtonJunior94/ai-spec-harness/internal/taskloop/agent.go:53:			CheckAgentBinary			0.0%
github.com/JailtonJunior94/ai-spec-harness/internal/taskloop/agent.go:92:			BuildPromptContext			100.0%
github.com/JailtonJunior94/ai-spec-harness/internal/taskloop/agent.go:119:			extractArchitecture			94.4%
github.com/JailtonJunior94/ai-spec-harness/internal/taskloop/agent.go:154:			detectReferences			94.7%
github.com/JailtonJunior94/ai-spec-harness/internal/taskloop/agent.go:183:			containsAnyPattern			100.0%
github.com/JailtonJunior94/ai-spec-harness/internal/taskloop/agent.go:196:			BuildPrompt				81.8%
github.com/JailtonJunior94/ai-spec-harness/internal/taskloop/agent.go:228:			isAuthError				100.0%
github.com/JailtonJunior94/ai-spec-harness/internal/taskloop/agent.go:249:			authGuidance				100.0%
github.com/JailtonJunior94/ai-spec-harness/internal/taskloop/agent.go:269:			warnClaudeAuth				77.8%
github.com/JailtonJunior94/ai-spec-harness/internal/taskloop/agent.go:285:			cleanEnv				100.0%
github.com/JailtonJunior94/ai-spec-harness/internal/taskloop/agent.go:307:			BinaryName				66.7%
github.com/JailtonJunior94/ai-spec-harness/internal/taskloop/agent.go:314:			SetLiveOutput				0.0%
github.com/JailtonJunior94/ai-spec-harness/internal/taskloop/agent.go:316:			Invoke					90.0%
github.com/JailtonJunior94/ai-spec-harness/internal/taskloop/agent.go:354:			BinaryName				100.0%
github.com/JailtonJunior94/ai-spec-harness/internal/taskloop/agent.go:356:			SetLiveOutput				0.0%
github.com/JailtonJunior94/ai-spec-harness/internal/taskloop/agent.go:358:			Invoke					100.0%
github.com/JailtonJunior94/ai-spec-harness/internal/taskloop/agent.go:381:			BinaryName				100.0%
github.com/JailtonJunior94/ai-spec-harness/internal/taskloop/agent.go:383:			SetLiveOutput				0.0%
github.com/JailtonJunior94/ai-spec-harness/internal/taskloop/agent.go:385:			Invoke					100.0%
github.com/JailtonJunior94/ai-spec-harness/internal/taskloop/agent.go:408:			BinaryName				100.0%
github.com/JailtonJunior94/ai-spec-harness/internal/taskloop/agent.go:410:			SetLiveOutput				0.0%
github.com/JailtonJunior94/ai-spec-harness/internal/taskloop/agent.go:412:			Invoke					100.0%
github.com/JailtonJunior94/ai-spec-harness/internal/taskloop/agent_livewriter.go:17:		Write					100.0%
github.com/JailtonJunior94/ai-spec-harness/internal/taskloop/agent_unix.go:14:			runCmd					88.2%
github.com/JailtonJunior94/ai-spec-harness/internal/taskloop/bugfix.go:65:			NewBugfixLoop				100.0%
github.com/JailtonJunior94/ai-spec-harness/internal/taskloop/bugfix.go:83:			Run					98.0%
github.com/JailtonJunior94/ai-spec-harness/internal/taskloop/bugfix.go:159:			extractBugfixEvidence			100.0%
github.com/JailtonJunior94/ai-spec-harness/internal/taskloop/bugfix.go:170:			findEvidenceValue			100.0%
github.com/JailtonJunior94/ai-spec-harness/internal/taskloop/bugfix.go:186:			formatBugfixOrigin			100.0%
github.com/JailtonJunior94/ai-spec-harness/internal/taskloop/bugfix.go:204:			splitReviewContext			100.0%
github.com/JailtonJunior94/ai-spec-harness/internal/taskloop/bugfix.go:212:			attachReviewContext			80.0%
github.com/JailtonJunior94/ai-spec-harness/internal/taskloop/bugfix.go:222:			filterCritical				100.0%
github.com/JailtonJunior94/ai-spec-harness/internal/taskloop/bugfix.go:234:			extractRootCause			100.0%
github.com/JailtonJunior94/ai-spec-harness/internal/taskloop/compatibility.go:18:		NewCompatibilityTable			100.0%
github.com/JailtonJunior94/ai-spec-harness/internal/taskloop/compatibility.go:59:		IsSupported				100.0%
github.com/JailtonJunior94/ai-spec-harness/internal/taskloop/compatibility.go:82:		Models					100.0%
github.com/JailtonJunior94/ai-spec-harness/internal/taskloop/compatibility.go:88:		ValidateCombination			100.0%
github.com/JailtonJunior94/ai-spec-harness/internal/taskloop/compatibility.go:104:		ValidateModelForIDE			100.0%
github.com/JailtonJunior94/ai-spec-harness/internal/taskloop/evidence.go:32:			NewEvidenceRecorder			100.0%
github.com/JailtonJunior94/ai-spec-harness/internal/taskloop/evidence.go:38:			Append					90.9%
github.com/JailtonJunior94/ai-spec-harness/internal/taskloop/evidence.go:53:			buildEvidenceBlock			85.7%
github.com/JailtonJunior94/ai-spec-harness/internal/taskloop/evidence.go:73:			replaceEvidenceBlock			100.0%
github.com/JailtonJunior94/ai-spec-harness/internal/taskloop/isolation.go:29:			captureTaskIsolationSnapshot		100.0%
github.com/JailtonJunior94/ai-spec-harness/internal/taskloop/isolation.go:33:			captureTaskIsolationSnapshotWithMode	69.2%
github.com/JailtonJunior94/ai-spec-harness/internal/taskloop/isolation.go:62:			validateTaskIsolation			100.0%
github.com/JailtonJunior94/ai-spec-harness/internal/taskloop/isolation.go:66:			validateReviewerIsolation		100.0%
github.com/JailtonJunior94/ai-spec-harness/internal/taskloop/isolation.go:70:			validateTaskIsolationWithMode		76.2%
github.com/JailtonJunior94/ai-spec-harness/internal/taskloop/isolation.go:110:			restoreTaskIsolationSnapshotAt		72.0%
github.com/JailtonJunior94/ai-spec-harness/internal/taskloop/isolation.go:156:			validateTaskRowIsolation		83.3%
github.com/JailtonJunior94/ai-spec-harness/internal/taskloop/isolation.go:179:			validateTaskFileIsolation		92.9%
github.com/JailtonJunior94/ai-spec-harness/internal/taskloop/isolation.go:205:			validateProtectedPRDFileIsolation	90.0%
github.com/JailtonJunior94/ai-spec-harness/internal/taskloop/isolation.go:225:			readTaskFiles				87.5%
github.com/JailtonJunior94/ai-spec-harness/internal/taskloop/isolation.go:253:			readProtectedPRDFiles			81.8%
github.com/JailtonJunior94/ai-spec-harness/internal/taskloop/isolation.go:271:			walkFiles				75.0%
github.com/JailtonJunior94/ai-spec-harness/internal/taskloop/isolation.go:293:			isProtectedPRDFile			92.3%
github.com/JailtonJunior94/ai-spec-harness/internal/taskloop/isolation.go:321:			isHarnessManagedPRDDir			100.0%
github.com/JailtonJunior94/ai-spec-harness/internal/taskloop/isolation.go:330:			isAllowedExecutorArtifact		100.0%
github.com/JailtonJunior94/ai-spec-harness/internal/taskloop/isolation.go:336:			isTrackedTaskFile			100.0%
github.com/JailtonJunior94/ai-spec-harness/internal/taskloop/isolation.go:349:			extractTaskRows				88.0%
github.com/JailtonJunior94/ai-spec-harness/internal/taskloop/orchestrator.go:39:		DetectRuntimeCapabilities		78.6%
github.com/JailtonJunior94/ai-spec-harness/internal/taskloop/orchestrator.go:79:		Validate				76.5%
github.com/JailtonJunior94/ai-spec-harness/internal/taskloop/orchestrator.go:107:		pathsOverlap				100.0%
github.com/JailtonJunior94/ai-spec-harness/internal/taskloop/orchestrator.go:122:		NewSnapshot				100.0%
github.com/JailtonJunior94/ai-spec-harness/internal/taskloop/orchestrator.go:140:		NewOrchestrator				66.7%
github.com/JailtonJunior94/ai-spec-harness/internal/taskloop/orchestrator.go:148:		AcquireWriter				75.0%
github.com/JailtonJunior94/ai-spec-harness/internal/taskloop/orchestrator.go:158:		Start					77.8%
github.com/JailtonJunior94/ai-spec-harness/internal/taskloop/orchestrator.go:175:		startLocked				76.9%
github.com/JailtonJunior94/ai-spec-harness/internal/taskloop/orchestrator.go:201:		Finish					66.7%
github.com/JailtonJunior94/ai-spec-harness/internal/taskloop/orchestrator.go:218:		finishLocked				72.7%
github.com/JailtonJunior94/ai-spec-harness/internal/taskloop/orchestrator.go:237:		hasStartedEvent				100.0%
github.com/JailtonJunior94/ai-spec-harness/internal/taskloop/orchestrator.go:246:		hasTerminalEvent			100.0%
github.com/JailtonJunior94/ai-spec-harness/internal/taskloop/orchestrator.go:258:		CaptureSnapshotFromGit			66.7%
github.com/JailtonJunior94/ai-spec-harness/internal/taskloop/orchestrator.go:280:		SnapshotFromGit				0.0%
github.com/JailtonJunior94/ai-spec-harness/internal/taskloop/orchestrator_lock_unix.go:12:	acquireOrchestratorLock			66.7%
github.com/JailtonJunior94/ai-spec-harness/internal/taskloop/parser.go:34:			ParseTasksFile				100.0%
github.com/JailtonJunior94/ai-spec-harness/internal/taskloop/parser.go:91:			ReadTaskFileStatus			100.0%
github.com/JailtonJunior94/ai-spec-harness/internal/taskloop/parser.go:114:			FindEligible				100.0%
github.com/JailtonJunior94/ai-spec-harness/internal/taskloop/parser.go:144:			isResumableStatus			100.0%
github.com/JailtonJunior94/ai-spec-harness/internal/taskloop/parser.go:148:			reconcileTaskStatuses			100.0%
github.com/JailtonJunior94/ai-spec-harness/internal/taskloop/parser.go:166:			ResolveTaskFile				90.0%
github.com/JailtonJunior94/ai-spec-harness/internal/taskloop/parser.go:199:			matchesTaskPrefix			91.3%
github.com/JailtonJunior94/ai-spec-harness/internal/taskloop/parser.go:247:			detectColumnIndices			100.0%
github.com/JailtonJunior94/ai-spec-harness/internal/taskloop/parser.go:262:			parseDependencies			90.0%
github.com/JailtonJunior94/ai-spec-harness/internal/taskloop/parser.go:278:			normalizeStatus				88.9%
github.com/JailtonJunior94/ai-spec-harness/internal/taskloop/parser.go:298:			AllTerminal				100.0%
github.com/JailtonJunior94/ai-spec-harness/internal/taskloop/parser.go:311:			readTaskStatus				100.0%
github.com/JailtonJunior94/ai-spec-harness/internal/taskloop/profile.go:33:			inferProvider				100.0%
github.com/JailtonJunior94/ai-spec-harness/internal/taskloop/profile.go:49:			NewExecutionProfile			100.0%
github.com/JailtonJunior94/ai-spec-harness/internal/taskloop/profile.go:68:			Role					100.0%
github.com/JailtonJunior94/ai-spec-harness/internal/taskloop/profile.go:71:			Tool					100.0%
github.com/JailtonJunior94/ai-spec-harness/internal/taskloop/profile.go:74:			Provider				100.0%
github.com/JailtonJunior94/ai-spec-harness/internal/taskloop/profile.go:77:			Model					100.0%
github.com/JailtonJunior94/ai-spec-harness/internal/taskloop/profile.go:89:			mapIDEToSpec				66.7%
github.com/JailtonJunior94/ai-spec-harness/internal/taskloop/profile.go:103:			ResolveProfileFromAgent			86.4%
github.com/JailtonJunior94/ai-spec-harness/internal/taskloop/profile.go:145:			ResolveProfiles				95.5%
github.com/JailtonJunior94/ai-spec-harness/internal/taskloop/r1_catalog.go:6:			NewCatalog				100.0%
github.com/JailtonJunior94/ai-spec-harness/internal/taskloop/report.go:60:			Render					100.0%
github.com/JailtonJunior94/ai-spec-harness/internal/taskloop/report.go:67:			renderSimples				100.0%
github.com/JailtonJunior94/ai-spec-harness/internal/taskloop/report.go:179:			renderAvancado				98.6%
github.com/JailtonJunior94/ai-spec-harness/internal/taskloop/report.go:368:			modelOrDefault				100.0%
github.com/JailtonJunior94/ai-spec-harness/internal/taskloop/reservations.go:62:		NewReservationPlanner			100.0%
github.com/JailtonJunior94/ai-spec-harness/internal/taskloop/reservations.go:69:		Resolve					100.0%
github.com/JailtonJunior94/ai-spec-harness/internal/taskloop/reservations.go:108:		validateDecision			100.0%
github.com/JailtonJunior94/ai-spec-harness/internal/taskloop/reservations.go:129:		WriteActionPlanToTaskFile		81.8%
github.com/JailtonJunior94/ai-spec-harness/internal/taskloop/reservations.go:144:		buildActionPlanBlock			77.8%
github.com/JailtonJunior94/ai-spec-harness/internal/taskloop/reservations.go:170:		replaceActionPlanBlock			93.8%
github.com/JailtonJunior94/ai-spec-harness/internal/taskloop/reservations.go:204:		AppendFollowUpTasks			85.7%
github.com/JailtonJunior94/ai-spec-harness/internal/taskloop/reservations.go:234:		filterDocumentDecisions			100.0%
github.com/JailtonJunior94/ai-spec-harness/internal/taskloop/reservations.go:244:		nextFollowUpID				100.0%
github.com/JailtonJunior94/ai-spec-harness/internal/taskloop/reservations.go:262:		summarizeFinding			75.0%
github.com/JailtonJunior94/ai-spec-harness/internal/taskloop/reservations.go:276:		truncateText				66.7%
github.com/JailtonJunior94/ai-spec-harness/internal/taskloop/reservations.go:286:		appendRowsAfterTable			80.8%
github.com/JailtonJunior94/ai-spec-harness/internal/taskloop/reviewer.go:80:			NewFinalReviewer			100.0%
github.com/JailtonJunior94/ai-spec-harness/internal/taskloop/reviewer.go:92:			ReviewConsolidated			96.9%
github.com/JailtonJunior94/ai-spec-harness/internal/taskloop/reviewer.go:127:			verdictWeight				60.0%
github.com/JailtonJunior94/ai-spec-harness/internal/taskloop/reviewer.go:141:			buildConsolidatedReviewPrompt		100.0%
github.com/JailtonJunior94/ai-spec-harness/internal/taskloop/reviewer.go:173:			detectReviewLanguages			90.5%
github.com/JailtonJunior94/ai-spec-harness/internal/taskloop/reviewer.go:208:			hasBlockingFinding			100.0%
github.com/JailtonJunior94/ai-spec-harness/internal/taskloop/reviewer.go:218:			parseReviewOutput			100.0%
github.com/JailtonJunior94/ai-spec-harness/internal/taskloop/reviewer.go:233:			parseVerdict				100.0%
github.com/JailtonJunior94/ai-spec-harness/internal/taskloop/reviewer.go:273:			parseFindings				100.0%
github.com/JailtonJunior94/ai-spec-harness/internal/taskloop/reviewer.go:292:			extractSeverity				100.0%
github.com/JailtonJunior94/ai-spec-harness/internal/taskloop/reviewer.go:309:			extractFileLine				89.5%
github.com/JailtonJunior94/ai-spec-harness/internal/taskloop/reviewer.go:339:			partitionDiff				85.4%
github.com/JailtonJunior94/ai-spec-harness/internal/taskloop/reviewer.go:401:			splitFileSection			82.0%
github.com/JailtonJunior94/ai-spec-harness/internal/taskloop/reviewer.go:466:			truncateOversize			71.4%
github.com/JailtonJunior94/ai-spec-harness/internal/taskloop/reviewer.go:506:			BuildReviewPrompt			92.9%
github.com/JailtonJunior94/ai-spec-harness/internal/taskloop/reviewer.go:534:			captureGitDiff				78.3%
github.com/JailtonJunior94/ai-spec-harness/internal/taskloop/reviewer.go:571:			isGitWorkTree				100.0%
github.com/JailtonJunior94/ai-spec-harness/internal/taskloop/reviewer.go:576:			commandOutput				100.0%
github.com/JailtonJunior94/ai-spec-harness/internal/taskloop/reviewer.go:582:			commandOutputLines			85.7%
github.com/JailtonJunior94/ai-spec-harness/internal/taskloop/reviewer.go:594:			commandDiff				90.9%
github.com/JailtonJunior94/ai-spec-harness/internal/taskloop/reviewer.go:614:			detectRiskAreas				100.0%
github.com/JailtonJunior94/ai-spec-harness/internal/taskloop/reviewer.go:658:			BuildBugfixPrompt			71.4%
github.com/JailtonJunior94/ai-spec-harness/internal/taskloop/reviewer.go:674:			formatCompletedTasks			92.9%
github.com/JailtonJunior94/ai-spec-harness/internal/taskloop/runloop.go:43:			Execute					100.0%
github.com/JailtonJunior94/ai-spec-harness/internal/taskloop/runloop.go:65:			RunLoop					84.0%
github.com/JailtonJunior94/ai-spec-harness/internal/taskloop/runloop.go:272:			applyImplementDecisions			88.9%
github.com/JailtonJunior94/ai-spec-harness/internal/taskloop/runloop.go:364:			findingsForImplement			100.0%
github.com/JailtonJunior94/ai-spec-harness/internal/taskloop/runloop.go:376:			stopReasonForImplement			57.1%
github.com/JailtonJunior94/ai-spec-harness/internal/taskloop/runloop.go:389:			resolveActionPlan			63.6%
github.com/JailtonJunior94/ai-spec-harness/internal/taskloop/runloop.go:414:			blockedReviewReason			80.0%
github.com/JailtonJunior94/ai-spec-harness/internal/taskloop/runloop.go:430:			buildFinalReviewInput			100.0%
github.com/JailtonJunior94/ai-spec-harness/internal/taskloop/runloop.go:449:			finalizeReport				88.9%
github.com/JailtonJunior94/ai-spec-harness/internal/taskloop/runloop.go:467:			emitTelemetry				100.0%
github.com/JailtonJunior94/ai-spec-harness/internal/taskloop/runloop.go:480:			selectBatch				84.6%
github.com/JailtonJunior94/ai-spec-harness/internal/taskloop/runloop.go:513:			executeBatch				76.0%
github.com/JailtonJunior94/ai-spec-harness/internal/taskloop/runtimeconfig.go:28:		BuildRuntimeConfig			94.1%
github.com/JailtonJunior94/ai-spec-harness/internal/taskloop/runtimeconfig.go:62:		resolveRuntimeConfig			80.0%
github.com/JailtonJunior94/ai-spec-harness/internal/taskloop/runtimeconfig.go:83:		optionsToConfigOverrides		100.0%
github.com/JailtonJunior94/ai-spec-harness/internal/taskloop/selector.go:34:			NewTaskSelector				100.0%
github.com/JailtonJunior94/ai-spec-harness/internal/taskloop/selector.go:41:			Next					95.8%
github.com/JailtonJunior94/ai-spec-harness/internal/taskloop/selector.go:79:			detectCycle				100.0%
github.com/JailtonJunior94/ai-spec-harness/internal/taskloop/taskloop.go:115:			NewService				100.0%
github.com/JailtonJunior94/ai-spec-harness/internal/taskloop/taskloop.go:126:			createInvokerWithFallback		57.1%
github.com/JailtonJunior94/ai-spec-harness/internal/taskloop/taskloop.go:142:			compatibilityStatusLabel		100.0%
github.com/JailtonJunior94/ai-spec-harness/internal/taskloop/taskloop.go:153:			printDryRunAdvancedHeader		84.3%
github.com/JailtonJunior94/ai-spec-harness/internal/taskloop/taskloop.go:244:			Execute					83.5%
github.com/JailtonJunior94/ai-spec-harness/internal/taskloop/taskloop.go:754:			invokeReviewer				90.6%
github.com/JailtonJunior94/ai-spec-harness/internal/taskloop/taskloop.go:813:			invokeBugfix				95.8%
github.com/JailtonJunior94/ai-spec-harness/internal/taskloop/taskloop.go:886:			classifyIterationOutcome		100.0%
github.com/JailtonJunior94/ai-spec-harness/internal/taskloop/taskloop.go:939:			resolveACPSpec				100.0%
github.com/JailtonJunior94/ai-spec-harness/internal/taskloop/taskloop.go:948:			resolveWorkDir				91.7%
github.com/JailtonJunior94/ai-spec-harness/internal/taskloop/taskloop.go:968:			truncate				66.7%
github.com/JailtonJunior94/ai-spec-harness/internal/taskloop/taskloop.go:975:			appendNote				100.0%
github.com/JailtonJunior94/ai-spec-harness/internal/telemetry/acp.go:39:			LogACPSession				82.8%
github.com/JailtonJunior94/ai-spec-harness/internal/telemetry/parser.go:21:			parseLogEntries				93.9%
github.com/JailtonJunior94/ai-spec-harness/internal/telemetry/r1_catalog.go:6:			NewCatalog				100.0%
github.com/JailtonJunior94/ai-spec-harness/internal/telemetry/report.go:40:			Report					93.8%
github.com/JailtonJunior94/ai-spec-harness/internal/telemetry/report.go:101:			FormatText				96.9%
github.com/JailtonJunior94/ai-spec-harness/internal/telemetry/report.go:140:			FormatJSON				75.0%
github.com/JailtonJunior94/ai-spec-harness/internal/telemetry/report.go:148:			topSkills				100.0%
github.com/JailtonJunior94/ai-spec-harness/internal/telemetry/report.go:177:			topRefs					100.0%
github.com/JailtonJunior94/ai-spec-harness/internal/telemetry/report.go:202:			buildAlerts				100.0%
github.com/JailtonJunior94/ai-spec-harness/internal/telemetry/report.go:220:			max1					66.7%
github.com/JailtonJunior94/ai-spec-harness/internal/telemetry/summary.go:19:			Summary					94.0%
github.com/JailtonJunior94/ai-spec-harness/internal/telemetry/summary.go:82:			sortedKeys				100.0%
github.com/JailtonJunior94/ai-spec-harness/internal/telemetry/telemetry.go:12:			Log					89.5%
github.com/JailtonJunior94/ai-spec-harness/internal/telemetry/telemetry.go:55:			LogGeminiMetrics			91.7%
github.com/JailtonJunior94/ai-spec-harness/internal/telemetry/telemetry.go:122:			LogClaudeMetrics			87.5%
github.com/JailtonJunior94/ai-spec-harness/internal/telemetry/trend.go:25:			Trend					94.1%
github.com/JailtonJunior94/ai-spec-harness/internal/telemetry/trend.go:57:			FormatTrend				95.7%
github.com/JailtonJunior94/ai-spec-harness/internal/telemetry/trend.go:114:			BudgetCheck				91.7%
github.com/JailtonJunior94/ai-spec-harness/internal/telemetry/trend.go:156:			FormatBudgetCheck			0.0%
github.com/JailtonJunior94/ai-spec-harness/internal/telemetry/trend.go:169:			FormatTopSkills				100.0%
github.com/JailtonJunior94/ai-spec-harness/internal/triggers/triggers.go:34:			NewLoader				100.0%
github.com/JailtonJunior94/ai-spec-harness/internal/triggers/triggers.go:40:			Load					100.0%
github.com/JailtonJunior94/ai-spec-harness/internal/triggers/triggers.go:59:			normalizeLang				100.0%
github.com/JailtonJunior94/ai-spec-harness/internal/triggers/triggers.go:72:			NewDetector				100.0%
github.com/JailtonJunior94/ai-spec-harness/internal/triggers/triggers.go:78:			DetectLang				100.0%
github.com/JailtonJunior94/ai-spec-harness/internal/uninstall/uninstall.go:18:			NewService				100.0%
github.com/JailtonJunior94/ai-spec-harness/internal/uninstall/uninstall.go:23:			Execute					90.8%
github.com/JailtonJunior94/ai-spec-harness/internal/uninstall/uninstall.go:197:			isGeneratedClaudeSettings		100.0%
github.com/JailtonJunior94/ai-spec-harness/internal/uninstall/uninstall.go:204:			defaultClaudeSettings			100.0%
github.com/JailtonJunior94/ai-spec-harness/internal/upgrade/r1_receiver.go:6:			NewHelper				100.0%
github.com/JailtonJunior94/ai-spec-harness/internal/upgrade/upgrade.go:50:			NewService				100.0%
github.com/JailtonJunior94/ai-spec-harness/internal/upgrade/upgrade.go:66:			Execute					85.6%
github.com/JailtonJunior94/ai-spec-harness/internal/upgrade/upgrade.go:225:			printCheckVersionInfo			90.0%
github.com/JailtonJunior94/ai-spec-harness/internal/upgrade/upgrade.go:245:			checkSkills				81.8%
github.com/JailtonJunior94/ai-spec-harness/internal/upgrade/upgrade.go:345:			collectSkillVersions			100.0%
github.com/JailtonJunior94/ai-spec-harness/internal/upgrade/upgrade.go:363:			regenerateAdapters			95.7%
github.com/JailtonJunior94/ai-spec-harness/internal/upgrade/upgrade.go:425:			regenerateGovernance			70.6%
github.com/JailtonJunior94/ai-spec-harness/internal/upgrade/upgrade.go:454:			checkSchemaDivergence			87.5%
github.com/JailtonJunior94/ai-spec-harness/internal/upgrade/upgrade.go:485:			resolveSourceSchema			100.0%
github.com/JailtonJunior94/ai-spec-harness/internal/upgrade/upgrade.go:498:			extractSchemaVersion			85.7%
github.com/JailtonJunior94/ai-spec-harness/internal/upgrade/upgrade.go:510:			refsChangedFiles			96.9%
github.com/JailtonJunior94/ai-spec-harness/internal/upgrade/upgrade.go:553:			collectRelativeFiles			75.0%
github.com/JailtonJunior94/ai-spec-harness/internal/upgrade/upgrade.go:584:			syncFileIfPresent			100.0%
github.com/JailtonJunior94/ai-spec-harness/internal/upgrade/upgrade.go:598:			installedCodexSkills			71.4%
github.com/JailtonJunior94/ai-spec-harness/internal/upgrade/upgrade.go:621:			computeChecksums			100.0%
github.com/JailtonJunior94/ai-spec-harness/internal/upgrade/upgrade.go:634:			shouldProcessSkill			16.7%
github.com/JailtonJunior94/ai-spec-harness/internal/version/version.go:29:			NewProvider				100.0%
github.com/JailtonJunior94/ai-spec-harness/internal/version/version.go:35:			Get					100.0%
github.com/JailtonJunior94/ai-spec-harness/internal/version/version.go:51:			SetForTest				100.0%
github.com/JailtonJunior94/ai-spec-harness/internal/version/version.go:63:			ReadVersionFile				100.0%
github.com/JailtonJunior94/ai-spec-harness/internal/version/version.go:75:			Resolve					100.0%
github.com/JailtonJunior94/ai-spec-harness/internal/version/version.go:88:			ResolveFromExecutable			83.3%
github.com/JailtonJunior94/ai-spec-harness/internal/wrapper/r1_receiver.go:6:			NewExecutor				100.0%
github.com/JailtonJunior94/ai-spec-harness/internal/wrapper/wrapper.go:40:			Execute					96.4%
github.com/JailtonJunior94/ai-spec-harness/internal/wrapper/wrapper.go:91:			buildInstruction			92.3%
github.com/JailtonJunior94/ai-spec-harness/main.go:9:						main					0.0%
total:												(statements)				80.5%

exit_code=0
