mode: set
github.com/JailtonJunior94/ai-spec-harness/internal/changelog/changelog.go:16.2,17.1 1 1
github.com/JailtonJunior94/ai-spec-harness/internal/changelog/changelog.go:46.2,47.28 2 1
github.com/JailtonJunior94/ai-spec-harness/internal/changelog/changelog.go:48.3,48.19 1 1
github.com/JailtonJunior94/ai-spec-harness/internal/changelog/changelog.go:49.4,49.12 1 1
github.com/JailtonJunior94/ai-spec-harness/internal/changelog/changelog.go:52.3,55.15 4 1
github.com/JailtonJunior94/ai-spec-harness/internal/changelog/changelog.go:56.4,57.55 2 1
github.com/JailtonJunior94/ai-spec-harness/internal/changelog/changelog.go:58.5,59.20 2 1
github.com/JailtonJunior94/ai-spec-harness/internal/changelog/changelog.go:60.6,61.1 1 1
github.com/JailtonJunior94/ai-spec-harness/internal/changelog/changelog.go:64.3,70.1 2 1
github.com/JailtonJunior94/ai-spec-harness/internal/changelog/changelog.go:71.3,71.49 2 1
github.com/JailtonJunior94/ai-spec-harness/internal/changelog/changelog.go:73.2,73.15 1 1
github.com/JailtonJunior94/ai-spec-harness/internal/changelog/changelog.go:77.2,77.20 1 1
github.com/JailtonJunior94/ai-spec-harness/internal/changelog/changelog.go:78.3,79.1 1 1
github.com/JailtonJunior94/ai-spec-harness/internal/changelog/changelog.go:80.2,80.13 1 0
github.com/JailtonJunior94/ai-spec-harness/internal/changelog/changelog.go:85.2,86.1 4 1
github.com/JailtonJunior94/ai-spec-harness/internal/changelog/changelog.go:87.2,88.1 4 1
github.com/JailtonJunior94/ai-spec-harness/internal/changelog/changelog.go:90.2,91.33 4 1
github.com/JailtonJunior94/ai-spec-harness/internal/changelog/changelog.go:92.3,92.29 1 1
github.com/JailtonJunior94/ai-spec-harness/internal/changelog/changelog.go:93.4,93.18 1 1
github.com/JailtonJunior94/ai-spec-harness/internal/changelog/changelog.go:94.5,95.1 1 1
github.com/JailtonJunior94/ai-spec-harness/internal/changelog/changelog.go:100.2,100.31 1 1
github.com/JailtonJunior94/ai-spec-harness/internal/changelog/changelog.go:101.3,102.31 2 1
github.com/JailtonJunior94/ai-spec-harness/internal/changelog/changelog.go:103.4,103.12 1 1
github.com/JailtonJunior94/ai-spec-harness/internal/changelog/changelog.go:105.3,106.10 2 1
github.com/JailtonJunior94/ai-spec-harness/internal/changelog/changelog.go:107.4,108.1 1 0
github.com/JailtonJunior94/ai-spec-harness/internal/changelog/changelog.go:109.3,110.29 2 1
github.com/JailtonJunior94/ai-spec-harness/internal/changelog/changelog.go:111.4,111.18 1 1
github.com/JailtonJunior94/ai-spec-harness/internal/changelog/changelog.go:112.5,112.13 1 1
github.com/JailtonJunior94/ai-spec-harness/internal/changelog/changelog.go:114.4,114.35 1 1
github.com/JailtonJunior94/ai-spec-harness/internal/changelog/changelog.go:118.2,118.23 1 1
github.com/JailtonJunior94/ai-spec-harness/internal/changelog/changelog.go:119.3,120.30 2 1
github.com/JailtonJunior94/ai-spec-harness/internal/changelog/changelog.go:121.4,122.1 1 1
github.com/JailtonJunior94/ai-spec-harness/internal/changelog/changelog.go:125.2,126.20 2 1
github.com/JailtonJunior94/ai-spec-harness/internal/changelog/changelog.go:130.2,130.19 1 1
github.com/JailtonJunior94/ai-spec-harness/internal/changelog/changelog.go:131.3,132.1 1 1
github.com/JailtonJunior94/ai-spec-harness/internal/changelog/changelog.go:133.2,133.58 1 1
github.com/JailtonJunior94/ai-spec-harness/internal/changelog/changelog.go:141.2,143.16 3 1
github.com/JailtonJunior94/ai-spec-harness/internal/changelog/changelog.go:144.3,145.1 1 1
github.com/JailtonJunior94/ai-spec-harness/internal/changelog/changelog.go:147.2,148.20 2 1
github.com/JailtonJunior94/ai-spec-harness/internal/changelog/changelog.go:149.3,150.1 1 1
github.com/JailtonJunior94/ai-spec-harness/internal/changelog/changelog.go:150.9,150.58 1 1
github.com/JailtonJunior94/ai-spec-harness/internal/changelog/changelog.go:151.3,153.1 2 1
github.com/JailtonJunior94/ai-spec-harness/internal/changelog/changelog.go:155.3,156.1 1 0
github.com/JailtonJunior94/ai-spec-harness/internal/changelog/changelog.go:158.2,158.53 1 1
github.com/JailtonJunior94/ai-spec-harness/internal/changelog/changelog.go:163.2,165.16 3 0
github.com/JailtonJunior94/ai-spec-harness/internal/changelog/changelog.go:166.3,167.1 1 0
github.com/JailtonJunior94/ai-spec-harness/internal/changelog/changelog.go:169.2,170.16 2 0
github.com/JailtonJunior94/ai-spec-harness/internal/changelog/changelog.go:171.3,172.1 1 0
github.com/JailtonJunior94/ai-spec-harness/internal/changelog/changelog.go:174.2,176.21 3 0
github.com/JailtonJunior94/ai-spec-harness/internal/adapters/adapters.go:20.2,21.1 1 1
github.com/JailtonJunior94/ai-spec-harness/internal/adapters/adapters.go:87.2,90.1 4 1
github.com/JailtonJunior94/ai-spec-harness/internal/adapters/adapters.go:91.2,91.41 4 1
github.com/JailtonJunior94/ai-spec-harness/internal/adapters/adapters.go:92.3,93.10 2 1
github.com/JailtonJunior94/ai-spec-harness/internal/adapters/adapters.go:94.4,94.12 1 0
github.com/JailtonJunior94/ai-spec-harness/internal/adapters/adapters.go:97.3,98.30 2 1
github.com/JailtonJunior94/ai-spec-harness/internal/adapters/adapters.go:99.4,99.12 1 1
github.com/JailtonJunior94/ai-spec-harness/internal/adapters/adapters.go:102.3,103.17 2 1
github.com/JailtonJunior94/ai-spec-harness/internal/adapters/adapters.go:104.4,104.12 1 0
github.com/JailtonJunior94/ai-spec-harness/internal/adapters/adapters.go:107.3,108.27 2 1
github.com/JailtonJunior94/ai-spec-harness/internal/adapters/adapters.go:109.4,109.12 1 0
github.com/JailtonJunior94/ai-spec-harness/internal/adapters/adapters.go:112.3,123.1 3 1
github.com/JailtonJunior94/ai-spec-harness/internal/adapters/adapters.go:124.3,124.30 3 1
github.com/JailtonJunior94/ai-spec-harness/internal/adapters/adapters.go:125.4,126.1 1 1
github.com/JailtonJunior94/ai-spec-harness/internal/adapters/adapters.go:128.3,129.10 2 1
github.com/JailtonJunior94/ai-spec-harness/internal/adapters/adapters.go:131.2,131.58 1 1
github.com/JailtonJunior94/ai-spec-harness/internal/adapters/adapters.go:135.2,138.1 4 1
github.com/JailtonJunior94/ai-spec-harness/internal/adapters/adapters.go:139.2,139.41 4 1
github.com/JailtonJunior94/ai-spec-harness/internal/adapters/adapters.go:140.3,141.10 2 1
github.com/JailtonJunior94/ai-spec-harness/internal/adapters/adapters.go:142.4,142.12 1 0
github.com/JailtonJunior94/ai-spec-harness/internal/adapters/adapters.go:145.3,146.30 2 1
github.com/JailtonJunior94/ai-spec-harness/internal/adapters/adapters.go:147.4,147.12 1 1
github.com/JailtonJunior94/ai-spec-harness/internal/adapters/adapters.go:150.3,151.17 2 1
github.com/JailtonJunior94/ai-spec-harness/internal/adapters/adapters.go:152.4,152.12 1 0
github.com/JailtonJunior94/ai-spec-harness/internal/adapters/adapters.go:155.3,156.27 2 1
github.com/JailtonJunior94/ai-spec-harness/internal/adapters/adapters.go:157.4,157.12 1 0
github.com/JailtonJunior94/ai-spec-harness/internal/adapters/adapters.go:160.3,169.1 3 1
github.com/JailtonJunior94/ai-spec-harness/internal/adapters/adapters.go:170.3,170.30 3 1
github.com/JailtonJunior94/ai-spec-harness/internal/adapters/adapters.go:171.4,172.1 1 1
github.com/JailtonJunior94/ai-spec-harness/internal/adapters/adapters.go:174.3,175.10 2 1
github.com/JailtonJunior94/ai-spec-harness/internal/adapters/adapters.go:177.2,177.58 1 1
github.com/JailtonJunior94/ai-spec-harness/internal/adapters/adapters.go:183.2,186.1 4 1
github.com/JailtonJunior94/ai-spec-harness/internal/adapters/adapters.go:187.2,187.41 4 1
github.com/JailtonJunior94/ai-spec-harness/internal/adapters/adapters.go:188.3,189.10 2 1
github.com/JailtonJunior94/ai-spec-harness/internal/adapters/adapters.go:190.4,190.12 1 0
github.com/JailtonJunior94/ai-spec-harness/internal/adapters/adapters.go:193.3,194.30 2 1
github.com/JailtonJunior94/ai-spec-harness/internal/adapters/adapters.go:195.4,195.12 1 1
github.com/JailtonJunior94/ai-spec-harness/internal/adapters/adapters.go:198.3,199.17 2 1
github.com/JailtonJunior94/ai-spec-harness/internal/adapters/adapters.go:200.4,200.12 1 0
github.com/JailtonJunior94/ai-spec-harness/internal/adapters/adapters.go:203.3,204.27 2 1
github.com/JailtonJunior94/ai-spec-harness/internal/adapters/adapters.go:205.4,205.12 1 0
github.com/JailtonJunior94/ai-spec-harness/internal/adapters/adapters.go:208.3,211.1 3 1
github.com/JailtonJunior94/ai-spec-harness/internal/adapters/adapters.go:212.3,212.30 3 1
github.com/JailtonJunior94/ai-spec-harness/internal/adapters/adapters.go:213.4,214.1 1 1
github.com/JailtonJunior94/ai-spec-harness/internal/adapters/adapters.go:216.3,227.1 3 1
github.com/JailtonJunior94/ai-spec-harness/internal/adapters/adapters.go:228.3,229.10 3 1
github.com/JailtonJunior94/ai-spec-harness/internal/adapters/adapters.go:231.2,231.64 1 1
github.com/JailtonJunior94/ai-spec-harness/internal/adapters/adapters.go:235.2,237.16 3 0
github.com/JailtonJunior94/ai-spec-harness/internal/adapters/adapters.go:238.3,239.1 1 0
github.com/JailtonJunior94/ai-spec-harness/internal/adapters/adapters.go:240.2,241.28 2 0
github.com/JailtonJunior94/ai-spec-harness/internal/adapters/adapters.go:242.3,242.55 1 0
github.com/JailtonJunior94/ai-spec-harness/internal/adapters/adapters.go:243.4,244.1 1 0
github.com/JailtonJunior94/ai-spec-harness/internal/adapters/adapters.go:246.2,246.14 1 0
github.com/JailtonJunior94/ai-spec-harness/internal/adapters/adapters.go:251.2,252.34 2 1
github.com/JailtonJunior94/ai-spec-harness/internal/adapters/adapters.go:253.3,254.1 1 1
github.com/JailtonJunior94/ai-spec-harness/internal/adapters/adapters.go:255.2,255.19 1 1
github.com/JailtonJunior94/ai-spec-harness/internal/adapters/adapters.go:259.2,259.61 1 1
github.com/JailtonJunior94/ai-spec-harness/internal/adapters/adapters.go:260.3,261.1 1 0
github.com/JailtonJunior94/ai-spec-harness/internal/adapters/adapters.go:262.2,262.21 1 1
github.com/JailtonJunior94/ai-spec-harness/internal/adapters/adapters.go:263.3,264.1 1 0
github.com/JailtonJunior94/ai-spec-harness/internal/adapters/adapters.go:265.2,265.10 1 1
github.com/JailtonJunior94/ai-spec-harness/internal/adapters/r1_receiver.go:6.28,6.46 1 1
github.com/JailtonJunior94/ai-spec-harness/internal/bugschema/validator.go:17.2,18.1 1 1
github.com/JailtonJunior94/ai-spec-harness/internal/bugschema/validator.go:25.2,26.16 2 1
github.com/JailtonJunior94/ai-spec-harness/internal/bugschema/validator.go:27.3,28.1 1 1
github.com/JailtonJunior94/ai-spec-harness/internal/bugschema/validator.go:30.2,31.16 2 1
github.com/JailtonJunior94/ai-spec-harness/internal/bugschema/validator.go:32.3,33.1 1 1
github.com/JailtonJunior94/ai-spec-harness/internal/bugschema/validator.go:35.2,36.68 2 1
github.com/JailtonJunior94/ai-spec-harness/internal/bugschema/validator.go:37.3,38.1 1 0
github.com/JailtonJunior94/ai-spec-harness/internal/bugschema/validator.go:40.2,41.16 2 1
github.com/JailtonJunior94/ai-spec-harness/internal/bugschema/validator.go:42.3,43.1 1 1
github.com/JailtonJunior94/ai-spec-harness/internal/bugschema/validator.go:45.2,46.16 2 1
github.com/JailtonJunior94/ai-spec-harness/internal/bugschema/validator.go:47.3,48.1 1 1
github.com/JailtonJunior94/ai-spec-harness/internal/bugschema/validator.go:50.2,51.16 2 1
github.com/JailtonJunior94/ai-spec-harness/internal/bugschema/validator.go:52.3,53.1 1 0
github.com/JailtonJunior94/ai-spec-harness/internal/bugschema/validator.go:55.2,55.49 1 1
github.com/JailtonJunior94/ai-spec-harness/internal/bugschema/validator.go:56.3,57.1 1 1
github.com/JailtonJunior94/ai-spec-harness/internal/bugschema/validator.go:59.2,59.12 1 1
github.com/JailtonJunior94/ai-spec-harness/internal/bugschema/validator.go:63.2,64.45 2 1
github.com/JailtonJunior94/ai-spec-harness/internal/bugschema/validator.go:65.3,66.1 1 1
github.com/JailtonJunior94/ai-spec-harness/internal/bugschema/validator.go:67.2,68.56 2 0
github.com/JailtonJunior94/ai-spec-harness/internal/bugschema/validator.go:69.3,70.17 2 0
github.com/JailtonJunior94/ai-spec-harness/internal/bugschema/validator.go:71.4,72.1 1 0
github.com/JailtonJunior94/ai-spec-harness/internal/bugschema/validator.go:74.2,74.33 1 0
github.com/JailtonJunior94/ai-spec-harness/internal/bugschema/validator.go:78.2,78.53 1 1
github.com/JailtonJunior94/ai-spec-harness/internal/bugschema/validator.go:79.3,81.1 2 1
github.com/JailtonJunior94/ai-spec-harness/internal/bugschema/validator.go:82.2,82.14 1 0
github.com/JailtonJunior94/ai-spec-harness/internal/agents/agent.go:15.2,15.11 1 1
github.com/JailtonJunior94/ai-spec-harness/internal/agents/agent.go:17.3,17.21 1 1
github.com/JailtonJunior94/ai-spec-harness/internal/agents/agent.go:19.3,19.18 1 1
github.com/JailtonJunior94/ai-spec-harness/internal/agents/discovery.go:25.2,26.29 2 1
github.com/JailtonJunior94/ai-spec-harness/internal/agents/discovery.go:27.3,28.1 1 1
github.com/JailtonJunior94/ai-spec-harness/internal/agents/discovery.go:30.2,31.16 2 1
github.com/JailtonJunior94/ai-spec-harness/internal/agents/discovery.go:32.3,33.1 1 0
github.com/JailtonJunior94/ai-spec-harness/internal/agents/discovery.go:35.2,37.1 3 1
github.com/JailtonJunior94/ai-spec-harness/internal/agents/discovery.go:38.2,38.32 3 1
github.com/JailtonJunior94/ai-spec-harness/internal/agents/discovery.go:39.3,39.21 1 1
github.com/JailtonJunior94/ai-spec-harness/internal/agents/discovery.go:40.4,40.12 1 0
github.com/JailtonJunior94/ai-spec-harness/internal/agents/discovery.go:43.3,45.1 3 1
github.com/JailtonJunior94/ai-spec-harness/internal/agents/discovery.go:46.3,46.30 3 1
github.com/JailtonJunior94/ai-spec-harness/internal/agents/discovery.go:47.4,47.12 1 0
github.com/JailtonJunior94/ai-spec-harness/internal/agents/discovery.go:50.3,51.17 2 1
github.com/JailtonJunior94/ai-spec-harness/internal/agents/discovery.go:53.4,55.12 3 0
github.com/JailtonJunior94/ai-spec-harness/internal/agents/discovery.go:58.3,59.17 2 1
github.com/JailtonJunior94/ai-spec-harness/internal/agents/discovery.go:61.4,63.12 3 1
github.com/JailtonJunior94/ai-spec-harness/internal/agents/discovery.go:66.3,68.33 3 1
github.com/JailtonJunior94/ai-spec-harness/internal/agents/discovery.go:72.2,72.41 1 1
github.com/JailtonJunior94/ai-spec-harness/internal/agents/discovery.go:73.3,74.1 1 1
github.com/JailtonJunior94/ai-spec-harness/internal/agents/discovery.go:77.2,77.19 1 1
github.com/JailtonJunior94/ai-spec-harness/internal/agents/discovery.go:80.3,81.1 1 1
github.com/JailtonJunior94/ai-spec-harness/internal/agents/discovery.go:83.2,83.20 1 1
github.com/JailtonJunior94/ai-spec-harness/internal/agents/discovery.go:92.2,93.30 2 1
github.com/JailtonJunior94/ai-spec-harness/internal/agents/discovery.go:94.3,95.1 1 1
github.com/JailtonJunior94/ai-spec-harness/internal/agents/discovery.go:97.2,98.1 2 1
github.com/JailtonJunior94/ai-spec-harness/internal/agents/discovery.go:100.2,100.27 2 1
github.com/JailtonJunior94/ai-spec-harness/internal/agents/discovery.go:101.3,101.57 1 1
github.com/JailtonJunior94/ai-spec-harness/internal/agents/discovery.go:102.4,104.1 2 1
github.com/JailtonJunior94/ai-spec-harness/internal/agents/discovery.go:105.4,106.1 1 1
github.com/JailtonJunior94/ai-spec-harness/internal/agents/discovery.go:110.2,111.1 2 1
github.com/JailtonJunior94/ai-spec-harness/internal/agents/discovery.go:113.2,113.41 2 1
github.com/JailtonJunior94/ai-spec-harness/internal/agents/discovery.go:114.3,115.1 1 1
github.com/JailtonJunior94/ai-spec-harness/internal/agents/discovery.go:117.2,117.25 1 1
github.com/JailtonJunior94/ai-spec-harness/internal/agents/precedence.go:30.2,31.1 1 0
github.com/JailtonJunior94/ai-spec-harness/internal/agents/precedence.go:39.2,39.44 1 1
github.com/JailtonJunior94/ai-spec-harness/internal/agents/precedence.go:40.3,41.1 1 1
github.com/JailtonJunior94/ai-spec-harness/internal/agents/precedence.go:42.2,42.48 1 1
github.com/JailtonJunior94/ai-spec-harness/internal/agents/precedence.go:43.3,44.1 1 1
github.com/JailtonJunior94/ai-spec-harness/internal/agents/precedence.go:45.2,45.68 1 1
github.com/JailtonJunior94/ai-spec-harness/internal/agents/precedence.go:46.3,47.1 1 1
github.com/JailtonJunior94/ai-spec-harness/internal/agents/precedence.go:48.2,48.58 1 1
github.com/JailtonJunior94/ai-spec-harness/internal/agents/precedence.go:49.3,50.1 1 1
github.com/JailtonJunior94/ai-spec-harness/internal/agents/prompt.go:19.2,22.1 3 1
github.com/JailtonJunior94/ai-spec-harness/internal/agents/prompt.go:27.2,27.18 1 1
github.com/JailtonJunior94/ai-spec-harness/internal/agents/prompt.go:28.3,29.1 1 1
github.com/JailtonJunior94/ai-spec-harness/internal/agents/prompt.go:30.2,35.1 8 1
github.com/JailtonJunior94/ai-spec-harness/internal/agents/prompt.go:36.2,38.20 8 1
github.com/JailtonJunior94/ai-spec-harness/internal/agents/prompt.go:44.2,45.18 2 1
github.com/JailtonJunior94/ai-spec-harness/internal/agents/prompt.go:46.3,47.1 1 1
github.com/JailtonJunior94/ai-spec-harness/internal/agents/prompt.go:48.2,48.20 1 1
github.com/JailtonJunior94/ai-spec-harness/internal/agents/prompt.go:49.3,50.1 1 1
github.com/JailtonJunior94/ai-spec-harness/internal/agents/prompt.go:51.2,51.30 1 1
github.com/JailtonJunior94/ai-spec-harness/internal/agents/prompt.go:52.3,53.1 1 0
github.com/JailtonJunior94/ai-spec-harness/internal/agents/prompt.go:54.2,54.25 1 1
github.com/JailtonJunior94/ai-spec-harness/internal/agents/prompt.go:55.3,56.1 1 0
github.com/JailtonJunior94/ai-spec-harness/internal/agents/prompt.go:57.2,57.21 1 1
github.com/JailtonJunior94/ai-spec-harness/internal/agents/prompt.go:58.3,59.1 1 1
github.com/JailtonJunior94/ai-spec-harness/internal/agents/prompt.go:60.2,60.35 1 1
github.com/JailtonJunior94/ai-spec-harness/internal/agents/prompt.go:67.2,69.1 3 1
github.com/JailtonJunior94/ai-spec-harness/internal/agents/prompt.go:71.2,71.42 3 1
github.com/JailtonJunior94/ai-spec-harness/internal/agents/prompt.go:72.3,73.1 1 1
github.com/JailtonJunior94/ai-spec-harness/internal/agents/prompt.go:76.2,76.34 1 1
github.com/JailtonJunior94/ai-spec-harness/internal/agents/prompt.go:77.3,78.1 1 1
github.com/JailtonJunior94/ai-spec-harness/internal/agents/prompt.go:80.2,82.28 3 1
github.com/JailtonJunior94/ai-spec-harness/internal/agents/prompt.go:83.3,84.45 2 1
github.com/JailtonJunior94/ai-spec-harness/internal/agents/prompt.go:85.4,86.1 1 1
github.com/JailtonJunior94/ai-spec-harness/internal/agents/prompt.go:87.3,87.35 1 1
github.com/JailtonJunior94/ai-spec-harness/internal/agents/prompt.go:88.4,89.1 1 1
github.com/JailtonJunior94/ai-spec-harness/internal/agents/prompt.go:90.3,91.21 2 1
github.com/JailtonJunior94/ai-spec-harness/internal/agents/prompt.go:93.2,93.20 1 1
github.com/JailtonJunior94/ai-spec-harness/internal/agents/r1_catalog.go:7.2,8.1 1 1
github.com/JailtonJunior94/ai-spec-harness/internal/agents/registry.go:39.2,43.1 1 1
github.com/JailtonJunior94/ai-spec-harness/internal/agents/registry.go:49.2,49.19 1 1
github.com/JailtonJunior94/ai-spec-harness/internal/agents/registry.go:50.3,52.1 3 1
github.com/JailtonJunior94/ai-spec-harness/internal/agents/registry.go:54.3,54.33 3 1
github.com/JailtonJunior94/ai-spec-harness/internal/agents/registry.go:55.4,56.19 2 0
github.com/JailtonJunior94/ai-spec-harness/internal/agents/registry.go:57.5,58.1 1 0
github.com/JailtonJunior94/ai-spec-harness/internal/agents/registry.go:59.4,59.19 1 0
github.com/JailtonJunior94/ai-spec-harness/internal/agents/registry.go:60.5,61.1 1 0
github.com/JailtonJunior94/ai-spec-harness/internal/agents/registry.go:62.4,62.81 1 0
github.com/JailtonJunior94/ai-spec-harness/internal/agents/registry.go:65.3,66.20 2 1
github.com/JailtonJunior94/ai-spec-harness/internal/agents/registry.go:73.2,74.24 2 1
github.com/JailtonJunior94/ai-spec-harness/internal/agents/registry.go:76.3,77.1 1 0
github.com/JailtonJunior94/ai-spec-harness/internal/agents/registry.go:78.2,78.22 1 1
github.com/JailtonJunior94/ai-spec-harness/internal/agents/registry.go:84.2,85.1 2 1
github.com/JailtonJunior94/ai-spec-harness/internal/agents/registry.go:86.2,86.29 2 1
github.com/JailtonJunior94/ai-spec-harness/internal/agents/registry.go:87.3,87.21 1 1
github.com/JailtonJunior94/ai-spec-harness/internal/agents/registry.go:88.4,89.1 1 1
github.com/JailtonJunior94/ai-spec-harness/internal/agents/registry.go:93.2,94.29 2 1
github.com/JailtonJunior94/ai-spec-harness/internal/agents/registry.go:95.3,96.1 1 1
github.com/JailtonJunior94/ai-spec-harness/internal/agents/registry.go:98.2,98.26 1 1
github.com/JailtonJunior94/ai-spec-harness/internal/agents/registry.go:99.3,100.1 1 1
github.com/JailtonJunior94/ai-spec-harness/internal/agents/registry.go:102.2,102.135 1 1
github.com/JailtonJunior94/ai-spec-harness/internal/agents/schema.go:24.2,25.16 2 1
github.com/JailtonJunior94/ai-spec-harness/internal/agents/schema.go:26.3,27.1 1 0
github.com/JailtonJunior94/ai-spec-harness/internal/agents/schema.go:28.2,29.84 2 1
github.com/JailtonJunior94/ai-spec-harness/internal/agents/schema.go:30.3,31.1 1 0
github.com/JailtonJunior94/ai-spec-harness/internal/agents/schema.go:32.2,33.16 2 1
github.com/JailtonJunior94/ai-spec-harness/internal/agents/schema.go:34.3,35.1 1 0
github.com/JailtonJunior94/ai-spec-harness/internal/agents/schema.go:36.2,36.20 1 1
github.com/JailtonJunior94/ai-spec-harness/internal/agents/schema.go:58.2,59.1 3 1
github.com/JailtonJunior94/ai-spec-harness/internal/agents/schema.go:60.2,64.1 3 1
github.com/JailtonJunior94/ai-spec-harness/internal/agents/schema.go:67.2,70.39 3 1
github.com/JailtonJunior94/ai-spec-harness/internal/agents/schema.go:71.3,76.1 1 1
github.com/JailtonJunior94/ai-spec-harness/internal/agents/schema.go:79.2,80.16 2 1
github.com/JailtonJunior94/ai-spec-harness/internal/agents/schema.go:81.3,82.1 1 0
github.com/JailtonJunior94/ai-spec-harness/internal/agents/schema.go:84.2,85.16 2 1
github.com/JailtonJunior94/ai-spec-harness/internal/agents/schema.go:86.3,87.1 1 0
github.com/JailtonJunior94/ai-spec-harness/internal/agents/schema.go:89.2,90.16 2 1
github.com/JailtonJunior94/ai-spec-harness/internal/agents/schema.go:91.3,92.1 1 0
github.com/JailtonJunior94/ai-spec-harness/internal/agents/schema.go:94.2,94.49 1 1
github.com/JailtonJunior94/ai-spec-harness/internal/agents/schema.go:95.3,96.1 1 1
github.com/JailtonJunior94/ai-spec-harness/internal/agents/schema.go:99.2,99.60 1 1
github.com/JailtonJunior94/ai-spec-harness/internal/agents/schema.go:100.3,102.1 1 1
github.com/JailtonJunior94/ai-spec-harness/internal/agents/schema.go:104.2,111.1 2 1
github.com/JailtonJunior94/ai-spec-harness/internal/agents/schema.go:113.2,113.24 2 1
github.com/JailtonJunior94/ai-spec-harness/internal/agents/schema.go:114.3,119.1 1 1
github.com/JailtonJunior94/ai-spec-harness/internal/agents/schema.go:122.2,122.19 1 1
github.com/JailtonJunior94/ai-spec-harness/internal/agents/schema.go:127.2,131.29 5 1
github.com/JailtonJunior94/ai-spec-harness/internal/agents/schema.go:132.3,132.39 1 1
github.com/JailtonJunior94/ai-spec-harness/internal/agents/schema.go:133.4,134.18 2 1
github.com/JailtonJunior94/ai-spec-harness/internal/agents/schema.go:135.5,136.10 2 1
github.com/JailtonJunior94/ai-spec-harness/internal/agents/schema.go:140.2,140.46 1 1
github.com/JailtonJunior94/ai-spec-harness/internal/agents/schema.go:141.3,142.1 1 0
github.com/JailtonJunior94/ai-spec-harness/internal/agents/schema.go:143.2,143.65 1 1
github.com/JailtonJunior94/ai-spec-harness/internal/agents/schema.go:147.2,147.53 1 1
github.com/JailtonJunior94/ai-spec-harness/internal/agents/schema.go:148.3,149.1 1 1
github.com/JailtonJunior94/ai-spec-harness/internal/agents/schema.go:150.2,151.56 2 0
github.com/JailtonJunior94/ai-spec-harness/internal/agents/schema.go:152.3,153.17 2 0
github.com/JailtonJunior94/ai-spec-harness/internal/agents/schema.go:154.4,155.1 1 0
github.com/JailtonJunior94/ai-spec-harness/internal/agents/schema.go:157.2,157.33 1 0
github.com/JailtonJunior94/ai-spec-harness/internal/config/config.go:17.44,17.58 1 1
github.com/JailtonJunior94/ai-spec-harness/internal/config/resolver.go:48.2,52.33 2 1
github.com/JailtonJunior94/ai-spec-harness/internal/config/resolver.go:53.4,55.1 2 1
github.com/JailtonJunior94/ai-spec-harness/internal/config/resolver.go:62.2,63.1 2 1
github.com/JailtonJunior94/ai-spec-harness/internal/config/resolver.go:65.2,65.21 2 1
github.com/JailtonJunior94/ai-spec-harness/internal/config/resolver.go:66.3,68.17 3 1
github.com/JailtonJunior94/ai-spec-harness/internal/config/resolver.go:69.4,70.1 1 1
github.com/JailtonJunior94/ai-spec-harness/internal/config/resolver.go:71.3,71.23 1 1
github.com/JailtonJunior94/ai-spec-harness/internal/config/resolver.go:72.4,73.1 1 1
github.com/JailtonJunior94/ai-spec-harness/internal/config/resolver.go:77.2,77.15 1 1
github.com/JailtonJunior94/ai-spec-harness/internal/config/resolver.go:78.3,79.17 2 1
github.com/JailtonJunior94/ai-spec-harness/internal/config/resolver.go:80.4,81.1 1 0
github.com/JailtonJunior94/ai-spec-harness/internal/config/resolver.go:82.3,82.21 1 1
github.com/JailtonJunior94/ai-spec-harness/internal/config/resolver.go:83.4,84.18 2 1
github.com/JailtonJunior94/ai-spec-harness/internal/config/resolver.go:85.5,86.1 1 1
github.com/JailtonJunior94/ai-spec-harness/internal/config/resolver.go:87.4,87.22 1 1
github.com/JailtonJunior94/ai-spec-harness/internal/config/resolver.go:88.5,89.1 1 1
github.com/JailtonJunior94/ai-spec-harness/internal/config/resolver.go:94.2,95.1 2 1
github.com/JailtonJunior94/ai-spec-harness/internal/config/resolver.go:96.2,96.20 2 1
github.com/JailtonJunior94/ai-spec-harness/internal/config/resolver.go:103.2,104.16 2 1
github.com/JailtonJunior94/ai-spec-harness/internal/config/resolver.go:105.3,105.25 1 1
github.com/JailtonJunior94/ai-spec-harness/internal/config/resolver.go:106.4,107.1 1 1
github.com/JailtonJunior94/ai-spec-harness/internal/config/resolver.go:108.3,109.49 2 0
github.com/JailtonJunior94/ai-spec-harness/internal/config/resolver.go:111.2,112.51 2 1
github.com/JailtonJunior94/ai-spec-harness/internal/config/resolver.go:113.3,114.1 1 1
github.com/JailtonJunior94/ai-spec-harness/internal/config/resolver.go:115.2,115.18 1 1
github.com/JailtonJunior94/ai-spec-harness/internal/config/resolver.go:123.2,124.16 2 1
github.com/JailtonJunior94/ai-spec-harness/internal/config/resolver.go:125.3,126.1 1 0
github.com/JailtonJunior94/ai-spec-harness/internal/config/resolver.go:128.2,129.6 2 1
github.com/JailtonJunior94/ai-spec-harness/internal/config/resolver.go:131.3,131.47 1 1
github.com/JailtonJunior94/ai-spec-harness/internal/config/resolver.go:132.4,134.18 3 1
github.com/JailtonJunior94/ai-spec-harness/internal/config/resolver.go:135.5,137.1 2 1
github.com/JailtonJunior94/ai-spec-harness/internal/config/resolver.go:138.4,138.27 1 1
github.com/JailtonJunior94/ai-spec-harness/internal/config/resolver.go:139.5,140.1 1 0
github.com/JailtonJunior94/ai-spec-harness/internal/config/resolver.go:145.3,145.42 1 1
github.com/JailtonJunior94/ai-spec-harness/internal/config/resolver.go:146.4,147.27 2 1
github.com/JailtonJunior94/ai-spec-harness/internal/config/resolver.go:148.5,149.1 1 1
github.com/JailtonJunior94/ai-spec-harness/internal/config/resolver.go:153.3,154.24 2 1
github.com/JailtonJunior94/ai-spec-harness/internal/config/resolver.go:156.4,156.9 1 1
github.com/JailtonJunior94/ai-spec-harness/internal/config/resolver.go:158.3,158.19 1 1
github.com/JailtonJunior94/ai-spec-harness/internal/config/resolver.go:161.2,161.16 1 1
github.com/JailtonJunior94/ai-spec-harness/internal/config/resolver.go:167.2,167.25 1 1
github.com/JailtonJunior94/ai-spec-harness/internal/config/resolver.go:168.3,169.1 1 1
github.com/JailtonJunior94/ai-spec-harness/internal/config/resolver.go:170.2,170.25 1 1
github.com/JailtonJunior94/ai-spec-harness/internal/config/resolver.go:171.3,172.1 1 1
github.com/JailtonJunior94/ai-spec-harness/internal/config/resolver.go:173.2,173.27 1 1
github.com/JailtonJunior94/ai-spec-harness/internal/config/resolver.go:174.3,175.1 1 1
github.com/JailtonJunior94/ai-spec-harness/internal/config/resolver.go:176.2,176.32 1 1
github.com/JailtonJunior94/ai-spec-harness/internal/config/resolver.go:177.3,178.1 1 1
github.com/JailtonJunior94/ai-spec-harness/internal/config/resolver.go:179.2,179.31 1 1
github.com/JailtonJunior94/ai-spec-harness/internal/config/resolver.go:180.3,181.1 1 0
github.com/JailtonJunior94/ai-spec-harness/internal/config/resolver.go:182.2,182.23 1 1
github.com/JailtonJunior94/ai-spec-harness/internal/config/resolver.go:183.3,184.1 1 1
github.com/JailtonJunior94/ai-spec-harness/internal/config/resolver.go:185.2,185.25 1 1
github.com/JailtonJunior94/ai-spec-harness/internal/config/resolver.go:186.3,187.1 1 1
github.com/JailtonJunior94/ai-spec-harness/internal/config/resolver.go:188.2,188.37 1 1
github.com/JailtonJunior94/ai-spec-harness/internal/config/resolver.go:189.3,190.1 1 1
github.com/JailtonJunior94/ai-spec-harness/internal/config/resolver.go:191.2,191.25 1 1
github.com/JailtonJunior94/ai-spec-harness/internal/config/resolver.go:192.3,193.1 1 1
github.com/JailtonJunior94/ai-spec-harness/internal/config/resolver.go:194.2,194.24 1 1
github.com/JailtonJunior94/ai-spec-harness/internal/config/resolver.go:195.3,196.1 1 1
github.com/JailtonJunior94/ai-spec-harness/internal/config/resolver.go:197.2,197.27 1 1
github.com/JailtonJunior94/ai-spec-harness/internal/config/resolver.go:198.3,199.1 1 1
github.com/JailtonJunior94/ai-spec-harness/internal/config/resolver.go:200.2,200.34 1 1
github.com/JailtonJunior94/ai-spec-harness/internal/config/resolver.go:201.3,202.1 1 1
github.com/JailtonJunior94/ai-spec-harness/internal/config/resolver.go:203.2,203.31 1 1
github.com/JailtonJunior94/ai-spec-harness/internal/config/resolver.go:204.3,205.1 1 1
github.com/JailtonJunior94/ai-spec-harness/internal/config/resolver.go:209.2,209.30 1 1
github.com/JailtonJunior94/ai-spec-harness/internal/config/resolver.go:210.3,211.1 1 1
github.com/JailtonJunior94/ai-spec-harness/internal/config/runtime.go:45.2,46.1 1 1
github.com/JailtonJunior94/ai-spec-harness/internal/config/runtime.go:50.2,56.1 1 1
github.com/JailtonJunior94/ai-spec-harness/internal/config/runtime.go:64.2,67.1 3 1
github.com/JailtonJunior94/ai-spec-harness/internal/config/runtime.go:73.2,79.1 1 1
github.com/JailtonJunior94/ai-spec-harness/internal/doctor/doctor.go:36.2,37.1 1 1
github.com/JailtonJunior94/ai-spec-harness/internal/doctor/doctor.go:40.2,41.1 1 1
github.com/JailtonJunior94/ai-spec-harness/internal/doctor/doctor.go:44.2,45.16 2 1
github.com/JailtonJunior94/ai-spec-harness/internal/doctor/doctor.go:46.3,47.1 1 0
github.com/JailtonJunior94/ai-spec-harness/internal/doctor/doctor.go:49.2,49.25 1 1
github.com/JailtonJunior94/ai-spec-harness/internal/doctor/doctor.go:50.3,51.1 1 1
github.com/JailtonJunior94/ai-spec-harness/internal/doctor/doctor.go:53.2,55.1 4 0
github.com/JailtonJunior94/ai-spec-harness/internal/doctor/doctor.go:56.2,57.21 4 0
github.com/JailtonJunior94/ai-spec-harness/internal/doctor/doctor.go:58.3,60.1 2 0
github.com/JailtonJunior94/ai-spec-harness/internal/doctor/doctor.go:62.2,63.27 2 0
github.com/JailtonJunior94/ai-spec-harness/internal/doctor/doctor.go:64.3,65.19 2 0
github.com/JailtonJunior94/ai-spec-harness/internal/doctor/doctor.go:67.4,67.18 1 0
github.com/JailtonJunior94/ai-spec-harness/internal/doctor/doctor.go:69.4,70.15 2 0
github.com/JailtonJunior94/ai-spec-harness/internal/doctor/doctor.go:72.3,72.62 1 0
github.com/JailtonJunior94/ai-spec-harness/internal/doctor/doctor.go:75.2,76.19 2 0
github.com/JailtonJunior94/ai-spec-harness/internal/doctor/doctor.go:77.3,79.1 2 0
github.com/JailtonJunior94/ai-spec-harness/internal/doctor/doctor.go:80.2,81.12 2 0
github.com/JailtonJunior94/ai-spec-harness/internal/doctor/doctor.go:85.2,86.1 8 1
github.com/JailtonJunior94/ai-spec-harness/internal/doctor/doctor.go:88.2,89.1 8 1
github.com/JailtonJunior94/ai-spec-harness/internal/doctor/doctor.go:91.2,92.1 8 1
github.com/JailtonJunior94/ai-spec-harness/internal/doctor/doctor.go:94.2,95.1 8 1
github.com/JailtonJunior94/ai-spec-harness/internal/doctor/doctor.go:97.2,98.1 8 1
github.com/JailtonJunior94/ai-spec-harness/internal/doctor/doctor.go:100.2,101.1 8 1
github.com/JailtonJunior94/ai-spec-harness/internal/doctor/doctor.go:103.2,104.1 8 1
github.com/JailtonJunior94/ai-spec-harness/internal/doctor/doctor.go:105.2,106.1 8 1
github.com/JailtonJunior94/ai-spec-harness/internal/doctor/doctor.go:109.2,109.30 1 1
github.com/JailtonJunior94/ai-spec-harness/internal/doctor/doctor.go:110.3,111.1 1 1
github.com/JailtonJunior94/ai-spec-harness/internal/doctor/doctor.go:112.2,112.91 1 1
github.com/JailtonJunior94/ai-spec-harness/internal/doctor/doctor.go:116.2,117.27 2 1
github.com/JailtonJunior94/ai-spec-harness/internal/doctor/doctor.go:118.3,119.17 2 1
github.com/JailtonJunior94/ai-spec-harness/internal/doctor/doctor.go:120.4,121.30 2 1
github.com/JailtonJunior94/ai-spec-harness/internal/doctor/doctor.go:122.5,122.18 1 1
github.com/JailtonJunior94/ai-spec-harness/internal/doctor/doctor.go:123.6,124.1 1 1
github.com/JailtonJunior94/ai-spec-harness/internal/doctor/doctor.go:126.4,126.112 1 1
github.com/JailtonJunior94/ai-spec-harness/internal/doctor/doctor.go:129.2,129.94 1 1
github.com/JailtonJunior94/ai-spec-harness/internal/doctor/doctor.go:133.2,133.35 1 1
github.com/JailtonJunior94/ai-spec-harness/internal/doctor/doctor.go:134.3,135.17 2 1
github.com/JailtonJunior94/ai-spec-harness/internal/doctor/doctor.go:136.4,137.1 1 1
github.com/JailtonJunior94/ai-spec-harness/internal/doctor/doctor.go:138.3,138.94 1 1
github.com/JailtonJunior94/ai-spec-harness/internal/doctor/doctor.go:140.2,140.97 1 1
github.com/JailtonJunior94/ai-spec-harness/internal/doctor/doctor.go:144.2,146.28 3 1
github.com/JailtonJunior94/ai-spec-harness/internal/doctor/doctor.go:147.3,148.1 1 1
github.com/JailtonJunior94/ai-spec-harness/internal/doctor/doctor.go:150.2,151.16 2 1
github.com/JailtonJunior94/ai-spec-harness/internal/doctor/doctor.go:152.3,153.1 1 0
github.com/JailtonJunior94/ai-spec-harness/internal/doctor/doctor.go:155.2,156.28 2 1
github.com/JailtonJunior94/ai-spec-harness/internal/doctor/doctor.go:157.3,158.27 2 1
github.com/JailtonJunior94/ai-spec-harness/internal/doctor/doctor.go:159.4,159.26 1 1
github.com/JailtonJunior94/ai-spec-harness/internal/doctor/doctor.go:160.5,161.1 1 0
github.com/JailtonJunior94/ai-spec-harness/internal/doctor/doctor.go:165.2,165.21 1 1
github.com/JailtonJunior94/ai-spec-harness/internal/doctor/doctor.go:166.3,171.1 1 0
github.com/JailtonJunior94/ai-spec-harness/internal/doctor/doctor.go:172.3,177.1 1 1
github.com/JailtonJunior94/ai-spec-harness/internal/doctor/doctor.go:179.2,179.15 1 1
github.com/JailtonJunior94/ai-spec-harness/internal/doctor/doctor.go:183.2,183.31 1 1
github.com/JailtonJunior94/ai-spec-harness/internal/doctor/doctor.go:184.3,185.1 1 1
github.com/JailtonJunior94/ai-spec-harness/internal/doctor/doctor.go:186.2,186.97 1 1
github.com/JailtonJunior94/ai-spec-harness/internal/doctor/doctor.go:190.2,190.48 1 1
github.com/JailtonJunior94/ai-spec-harness/internal/doctor/doctor.go:191.3,192.1 1 0
github.com/JailtonJunior94/ai-spec-harness/internal/doctor/doctor.go:193.2,193.73 1 1
github.com/JailtonJunior94/ai-spec-harness/internal/doctor/doctor.go:197.2,200.1 5 0
github.com/JailtonJunior94/ai-spec-harness/internal/doctor/doctor.go:201.2,202.16 5 0
github.com/JailtonJunior94/ai-spec-harness/internal/doctor/doctor.go:203.3,204.1 1 0
github.com/JailtonJunior94/ai-spec-harness/internal/doctor/doctor.go:205.2,205.15 1 0
github.com/JailtonJunior94/ai-spec-harness/internal/doctor/doctor.go:207.3,207.122 1 0
github.com/JailtonJunior94/ai-spec-harness/internal/doctor/doctor.go:209.3,209.161 1 0
github.com/JailtonJunior94/ai-spec-harness/internal/doctor/doctor.go:211.3,211.111 1 0
github.com/JailtonJunior94/ai-spec-harness/internal/embedded/embedded.go:16.2,17.16 2 0
github.com/JailtonJunior94/ai-spec-harness/internal/embedded/embedded.go:18.3,19.1 1 0
github.com/JailtonJunior94/ai-spec-harness/internal/embedded/embedded.go:20.2,20.20 1 0
github.com/JailtonJunior94/ai-spec-harness/internal/embedded/embedded.go:20.22,20.41 1 0
github.com/JailtonJunior94/ai-spec-harness/internal/embedded/embedded.go:22.2,22.69 1 0
github.com/JailtonJunior94/ai-spec-harness/internal/embedded/embedded.go:23.3,25.1 2 0
github.com/JailtonJunior94/ai-spec-harness/internal/embedded/embedded.go:26.2,26.26 1 0
github.com/JailtonJunior94/ai-spec-harness/internal/embedded/embedded.go:31.2,31.82 1 0
github.com/JailtonJunior94/ai-spec-harness/internal/embedded/embedded.go:32.3,32.17 1 0
github.com/JailtonJunior94/ai-spec-harness/internal/embedded/embedded.go:33.4,34.1 1 0
github.com/JailtonJunior94/ai-spec-harness/internal/embedded/embedded.go:36.3,37.17 2 0
github.com/JailtonJunior94/ai-spec-harness/internal/embedded/embedded.go:38.4,39.1 1 0
github.com/JailtonJunior94/ai-spec-harness/internal/embedded/embedded.go:41.3,42.1 2 0
github.com/JailtonJunior94/ai-spec-harness/internal/embedded/embedded.go:43.3,43.16 2 0
github.com/JailtonJunior94/ai-spec-harness/internal/embedded/embedded.go:44.4,45.1 1 0
github.com/JailtonJunior94/ai-spec-harness/internal/embedded/embedded.go:47.3,48.17 2 0
github.com/JailtonJunior94/ai-spec-harness/internal/embedded/embedded.go:49.4,50.1 1 0
github.com/JailtonJunior94/ai-spec-harness/internal/embedded/embedded.go:52.3,52.66 1 0
github.com/JailtonJunior94/ai-spec-harness/internal/embedded/embedded.go:53.4,54.1 1 0
github.com/JailtonJunior94/ai-spec-harness/internal/embedded/embedded.go:56.3,57.17 2 0
github.com/JailtonJunior94/ai-spec-harness/internal/embedded/embedded.go:58.4,59.1 1 0
github.com/JailtonJunior94/ai-spec-harness/internal/embedded/embedded.go:61.3,61.49 1 0
github.com/JailtonJunior94/ai-spec-harness/internal/embedded/r1_receiver.go:6.34,6.55 1 0
github.com/JailtonJunior94/ai-spec-harness/internal/evidence/evidence.go:34.2,36.1 3 1
github.com/JailtonJunior94/ai-spec-harness/internal/evidence/evidence.go:37.2,37.14 3 1
github.com/JailtonJunior94/ai-spec-harness/internal/evidence/evidence.go:39.3,39.47 1 1
github.com/JailtonJunior94/ai-spec-harness/internal/evidence/evidence.go:41.3,41.56 1 1
github.com/JailtonJunior94/ai-spec-harness/internal/evidence/evidence.go:43.3,43.51 1 1
github.com/JailtonJunior94/ai-spec-harness/internal/evidence/evidence.go:45.3,45.49 1 1
github.com/JailtonJunior94/ai-spec-harness/internal/evidence/evidence.go:48.2,52.1 1 1
github.com/JailtonJunior94/ai-spec-harness/internal/evidence/evidence.go:56.2,57.29 2 1
github.com/JailtonJunior94/ai-spec-harness/internal/evidence/evidence.go:58.3,60.42 3 1
github.com/JailtonJunior94/ai-spec-harness/internal/evidence/evidence.go:61.4,62.1 1 1
github.com/JailtonJunior94/ai-spec-harness/internal/evidence/evidence.go:64.3,64.75 1 1
github.com/JailtonJunior94/ai-spec-harness/internal/evidence/evidence.go:65.4,66.1 1 1
github.com/JailtonJunior94/ai-spec-harness/internal/evidence/evidence.go:68.2,68.14 1 1
github.com/JailtonJunior94/ai-spec-harness/internal/evidence/evidence.go:72.2,74.1 2 1
github.com/JailtonJunior94/ai-spec-harness/internal/evidence/evidence.go:77.2,78.1 3 1
github.com/JailtonJunior94/ai-spec-harness/internal/evidence/evidence.go:79.2,89.1 3 1
github.com/JailtonJunior94/ai-spec-harness/internal/evidence/evidence.go:91.2,91.37 3 1
github.com/JailtonJunior94/ai-spec-harness/internal/evidence/evidence.go:92.3,92.50 1 1
github.com/JailtonJunior94/ai-spec-harness/internal/evidence/evidence.go:93.4,94.1 1 1
github.com/JailtonJunior94/ai-spec-harness/internal/evidence/evidence.go:97.2,107.1 2 1
github.com/JailtonJunior94/ai-spec-harness/internal/evidence/evidence.go:109.2,109.37 2 1
github.com/JailtonJunior94/ai-spec-harness/internal/evidence/evidence.go:110.3,110.52 1 1
github.com/JailtonJunior94/ai-spec-harness/internal/evidence/evidence.go:111.4,112.1 1 1
github.com/JailtonJunior94/ai-spec-harness/internal/evidence/evidence.go:116.2,116.46 1 1
github.com/JailtonJunior94/ai-spec-harness/internal/evidence/evidence.go:117.3,117.59 1 1
github.com/JailtonJunior94/ai-spec-harness/internal/evidence/evidence.go:118.4,119.1 1 1
github.com/JailtonJunior94/ai-spec-harness/internal/evidence/evidence.go:122.2,122.17 1 1
github.com/JailtonJunior94/ai-spec-harness/internal/evidence/evidence.go:126.2,127.1 3 1
github.com/JailtonJunior94/ai-spec-harness/internal/evidence/evidence.go:128.2,135.1 3 1
github.com/JailtonJunior94/ai-spec-harness/internal/evidence/evidence.go:137.2,137.37 3 1
github.com/JailtonJunior94/ai-spec-harness/internal/evidence/evidence.go:138.3,138.50 1 1
github.com/JailtonJunior94/ai-spec-harness/internal/evidence/evidence.go:139.4,140.1 1 1
github.com/JailtonJunior94/ai-spec-harness/internal/evidence/evidence.go:143.2,153.1 2 1
github.com/JailtonJunior94/ai-spec-harness/internal/evidence/evidence.go:155.2,155.37 2 1
github.com/JailtonJunior94/ai-spec-harness/internal/evidence/evidence.go:156.3,156.52 1 1
github.com/JailtonJunior94/ai-spec-harness/internal/evidence/evidence.go:157.4,158.1 1 1
github.com/JailtonJunior94/ai-spec-harness/internal/evidence/evidence.go:161.2,162.22 2 1
github.com/JailtonJunior94/ai-spec-harness/internal/evidence/evidence.go:163.3,164.1 1 1
github.com/JailtonJunior94/ai-spec-harness/internal/evidence/evidence.go:165.3,167.32 3 1
github.com/JailtonJunior94/ai-spec-harness/internal/evidence/evidence.go:168.4,169.140 2 1
github.com/JailtonJunior94/ai-spec-harness/internal/evidence/evidence.go:170.5,170.46 1 1
github.com/JailtonJunior94/ai-spec-harness/internal/evidence/evidence.go:171.6,172.1 1 1
github.com/JailtonJunior94/ai-spec-harness/internal/evidence/evidence.go:174.4,174.34 1 1
github.com/JailtonJunior94/ai-spec-harness/internal/evidence/evidence.go:175.5,176.1 1 1
github.com/JailtonJunior94/ai-spec-harness/internal/evidence/evidence.go:177.4,177.41 1 1
github.com/JailtonJunior94/ai-spec-harness/internal/evidence/evidence.go:178.5,179.1 1 1
github.com/JailtonJunior94/ai-spec-harness/internal/evidence/evidence.go:181.3,181.104 1 1
github.com/JailtonJunior94/ai-spec-harness/internal/evidence/evidence.go:185.2,185.27 1 1
github.com/JailtonJunior94/ai-spec-harness/internal/evidence/evidence.go:186.3,186.34 1 1
github.com/JailtonJunior94/ai-spec-harness/internal/evidence/evidence.go:187.4,188.1 1 1
github.com/JailtonJunior94/ai-spec-harness/internal/evidence/evidence.go:191.2,191.17 1 1
github.com/JailtonJunior94/ai-spec-harness/internal/evidence/evidence.go:195.2,199.29 5 1
github.com/JailtonJunior94/ai-spec-harness/internal/evidence/evidence.go:200.3,201.83 2 1
github.com/JailtonJunior94/ai-spec-harness/internal/evidence/evidence.go:202.4,203.12 2 1
github.com/JailtonJunior94/ai-spec-harness/internal/evidence/evidence.go:205.3,205.48 1 1
github.com/JailtonJunior94/ai-spec-harness/internal/evidence/evidence.go:206.4,206.9 1 1
github.com/JailtonJunior94/ai-spec-harness/internal/evidence/evidence.go:208.3,208.50 1 1
github.com/JailtonJunior94/ai-spec-harness/internal/evidence/evidence.go:209.4,209.12 1 1
github.com/JailtonJunior94/ai-spec-harness/internal/evidence/evidence.go:211.3,212.13 2 1
github.com/JailtonJunior94/ai-spec-harness/internal/evidence/evidence.go:213.4,213.12 1 0
github.com/JailtonJunior94/ai-spec-harness/internal/evidence/evidence.go:215.3,216.18 2 1
github.com/JailtonJunior94/ai-spec-harness/internal/evidence/evidence.go:217.4,219.1 2 1
github.com/JailtonJunior94/ai-spec-harness/internal/evidence/evidence.go:220.3,220.21 1 1
github.com/JailtonJunior94/ai-spec-harness/internal/evidence/evidence.go:221.4,222.1 1 1
github.com/JailtonJunior94/ai-spec-harness/internal/evidence/evidence.go:224.2,224.15 1 1
github.com/JailtonJunior94/ai-spec-harness/internal/evidence/evidence.go:228.2,236.1 2 1
github.com/JailtonJunior94/ai-spec-harness/internal/evidence/evidence.go:237.3,238.22 2 1
github.com/JailtonJunior94/ai-spec-harness/internal/evidence/evidence.go:239.4,240.12 2 0
github.com/JailtonJunior94/ai-spec-harness/internal/evidence/evidence.go:242.3,243.44 2 1
github.com/JailtonJunior94/ai-spec-harness/internal/evidence/evidence.go:244.4,245.1 1 1
github.com/JailtonJunior94/ai-spec-harness/internal/evidence/evidence.go:247.2,247.17 1 1
github.com/JailtonJunior94/ai-spec-harness/internal/evidence/evidence.go:251.2,252.1 2 1
github.com/JailtonJunior94/ai-spec-harness/internal/evidence/evidence.go:253.2,254.105 2 1
github.com/JailtonJunior94/ai-spec-harness/internal/evidence/evidence.go:255.3,256.1 1 0
github.com/JailtonJunior94/ai-spec-harness/internal/evidence/evidence.go:258.2,266.1 2 1
github.com/JailtonJunior94/ai-spec-harness/internal/evidence/evidence.go:267.2,267.37 2 1
github.com/JailtonJunior94/ai-spec-harness/internal/evidence/evidence.go:268.3,268.50 1 1
github.com/JailtonJunior94/ai-spec-harness/internal/evidence/evidence.go:269.4,270.1 1 0
github.com/JailtonJunior94/ai-spec-harness/internal/evidence/evidence.go:273.2,273.70 1 1
github.com/JailtonJunior94/ai-spec-harness/internal/evidence/evidence.go:287.2,289.29 3 1
github.com/JailtonJunior94/ai-spec-harness/internal/evidence/evidence.go:290.3,291.83 2 1
github.com/JailtonJunior94/ai-spec-harness/internal/evidence/evidence.go:292.4,293.9 2 1
github.com/JailtonJunior94/ai-spec-harness/internal/evidence/evidence.go:296.2,296.21 1 1
github.com/JailtonJunior94/ai-spec-harness/internal/evidence/evidence.go:297.3,298.1 1 1
github.com/JailtonJunior94/ai-spec-harness/internal/evidence/evidence.go:300.2,302.43 3 1
github.com/JailtonJunior94/ai-spec-harness/internal/evidence/evidence.go:303.3,304.38 2 1
github.com/JailtonJunior94/ai-spec-harness/internal/evidence/evidence.go:305.4,305.9 1 1
github.com/JailtonJunior94/ai-spec-harness/internal/evidence/evidence.go:307.3,307.43 1 1
github.com/JailtonJunior94/ai-spec-harness/internal/evidence/evidence.go:308.4,308.12 1 0
github.com/JailtonJunior94/ai-spec-harness/internal/evidence/evidence.go:310.3,311.1 3 1
github.com/JailtonJunior94/ai-spec-harness/internal/evidence/evidence.go:312.3,313.66 3 1
github.com/JailtonJunior94/ai-spec-harness/internal/evidence/evidence.go:314.4,315.1 1 1
github.com/JailtonJunior94/ai-spec-harness/internal/evidence/evidence.go:316.3,317.53 2 1
github.com/JailtonJunior94/ai-spec-harness/internal/evidence/evidence.go:318.4,319.1 1 1
github.com/JailtonJunior94/ai-spec-harness/internal/evidence/evidence.go:321.3,321.17 1 1
github.com/JailtonJunior94/ai-spec-harness/internal/evidence/evidence.go:322.52,322.52 0 1
github.com/JailtonJunior94/ai-spec-harness/internal/evidence/evidence.go:324.4,324.103 1 1
github.com/JailtonJunior94/ai-spec-harness/internal/evidence/evidence.go:326.4,326.104 1 0
github.com/JailtonJunior94/ai-spec-harness/internal/evidence/evidence.go:329.3,329.21 1 1
github.com/JailtonJunior94/ai-spec-harness/internal/evidence/evidence.go:330.4,331.12 2 1
github.com/JailtonJunior94/ai-spec-harness/internal/evidence/evidence.go:334.3,334.10 1 1
github.com/JailtonJunior94/ai-spec-harness/internal/evidence/evidence.go:335.49,335.49 0 1
github.com/JailtonJunior94/ai-spec-harness/internal/evidence/evidence.go:336.45,336.45 0 1
github.com/JailtonJunior94/ai-spec-harness/internal/evidence/evidence.go:337.91,337.91 0 0
github.com/JailtonJunior94/ai-spec-harness/internal/evidence/evidence.go:339.4,339.111 1 1
github.com/JailtonJunior94/ai-spec-harness/internal/evidence/evidence.go:343.2,343.19 1 1
github.com/JailtonJunior94/ai-spec-harness/internal/evidence/evidence.go:344.3,345.1 1 0
github.com/JailtonJunior94/ai-spec-harness/internal/evidence/evidence.go:346.2,346.17 1 1
github.com/JailtonJunior94/ai-spec-harness/internal/evidence/evidence.go:350.2,351.1 3 1
github.com/JailtonJunior94/ai-spec-harness/internal/evidence/evidence.go:352.2,362.1 3 1
github.com/JailtonJunior94/ai-spec-harness/internal/evidence/evidence.go:364.2,364.37 3 1
github.com/JailtonJunior94/ai-spec-harness/internal/evidence/evidence.go:365.3,365.50 1 1
github.com/JailtonJunior94/ai-spec-harness/internal/evidence/evidence.go:366.4,367.1 1 1
github.com/JailtonJunior94/ai-spec-harness/internal/evidence/evidence.go:370.2,378.1 2 1
github.com/JailtonJunior94/ai-spec-harness/internal/evidence/evidence.go:380.2,380.37 2 1
github.com/JailtonJunior94/ai-spec-harness/internal/evidence/evidence.go:381.3,381.52 1 1
github.com/JailtonJunior94/ai-spec-harness/internal/evidence/evidence.go:382.4,383.1 1 1
github.com/JailtonJunior94/ai-spec-harness/internal/evidence/evidence.go:387.2,387.60 1 1
github.com/JailtonJunior94/ai-spec-harness/internal/evidence/evidence.go:388.3,388.121 1 1
github.com/JailtonJunior94/ai-spec-harness/internal/evidence/evidence.go:389.4,390.1 1 1
github.com/JailtonJunior94/ai-spec-harness/internal/evidence/evidence.go:393.2,393.17 1 1
github.com/JailtonJunior94/ai-spec-harness/internal/evidence/r1_receiver.go:6.34,6.55 1 1
github.com/JailtonJunior94/ai-spec-harness/internal/approval/cycle.go:38.2,38.33 1 1
github.com/JailtonJunior94/ai-spec-harness/internal/approval/cycle.go:39.3,40.1 1 0
github.com/JailtonJunior94/ai-spec-harness/internal/approval/cycle.go:41.2,41.28 1 1
github.com/JailtonJunior94/ai-spec-harness/internal/approval/cycle.go:42.3,43.1 1 0
github.com/JailtonJunior94/ai-spec-harness/internal/approval/cycle.go:44.2,44.24 1 1
github.com/JailtonJunior94/ai-spec-harness/internal/approval/cycle.go:45.3,46.1 1 0
github.com/JailtonJunior94/ai-spec-harness/internal/approval/cycle.go:47.2,47.29 1 1
github.com/JailtonJunior94/ai-spec-harness/internal/approval/cycle.go:48.3,48.15 1 1
github.com/JailtonJunior94/ai-spec-harness/internal/approval/cycle.go:49.4,50.1 1 0
github.com/JailtonJunior94/ai-spec-harness/internal/approval/cycle.go:52.2,52.58 1 1
github.com/JailtonJunior94/ai-spec-harness/internal/approval/cycle.go:53.3,54.1 1 0
github.com/JailtonJunior94/ai-spec-harness/internal/approval/cycle.go:55.2,66.8 1 1
github.com/JailtonJunior94/ai-spec-harness/internal/approval/cycle.go:70.2,70.15 1 1
github.com/JailtonJunior94/ai-spec-harness/internal/approval/cycle.go:71.3,72.1 1 1
github.com/JailtonJunior94/ai-spec-harness/internal/approval/cycle.go:73.2,74.1 4 1
github.com/JailtonJunior94/ai-spec-harness/internal/approval/cycle.go:75.2,81.1 4 1
github.com/JailtonJunior94/ai-spec-harness/internal/approval/cycle.go:82.2,82.45 4 1
github.com/JailtonJunior94/ai-spec-harness/internal/approval/cycle.go:83.3,84.1 3 1
github.com/JailtonJunior94/ai-spec-harness/internal/approval/cycle.go:85.3,86.17 3 1
github.com/JailtonJunior94/ai-spec-harness/internal/approval/cycle.go:87.4,88.1 1 0
github.com/JailtonJunior94/ai-spec-harness/internal/approval/cycle.go:90.3,91.17 2 1
github.com/JailtonJunior94/ai-spec-harness/internal/approval/cycle.go:92.4,93.1 1 0
github.com/JailtonJunior94/ai-spec-harness/internal/approval/cycle.go:95.3,96.17 2 1
github.com/JailtonJunior94/ai-spec-harness/internal/approval/cycle.go:97.4,98.1 1 0
github.com/JailtonJunior94/ai-spec-harness/internal/approval/cycle.go:99.3,101.1 4 1
github.com/JailtonJunior94/ai-spec-harness/internal/approval/cycle.go:102.3,103.22 4 1
github.com/JailtonJunior94/ai-spec-harness/internal/approval/cycle.go:104.4,105.1 1 1
github.com/JailtonJunior94/ai-spec-harness/internal/approval/cycle.go:106.3,107.1 3 1
github.com/JailtonJunior94/ai-spec-harness/internal/approval/cycle.go:108.3,115.11 3 1
github.com/JailtonJunior94/ai-spec-harness/internal/approval/cycle.go:116.4,117.1 1 1
github.com/JailtonJunior94/ai-spec-harness/internal/approval/cycle.go:119.3,120.25 2 1
github.com/JailtonJunior94/ai-spec-harness/internal/approval/cycle.go:121.4,122.1 1 0
github.com/JailtonJunior94/ai-spec-harness/internal/approval/cycle.go:124.3,125.17 2 1
github.com/JailtonJunior94/ai-spec-harness/internal/approval/cycle.go:126.4,127.1 1 0
github.com/JailtonJunior94/ai-spec-harness/internal/approval/cycle.go:128.3,130.34 3 1
github.com/JailtonJunior94/ai-spec-harness/internal/approval/cycle.go:133.2,133.112 1 0
github.com/JailtonJunior94/ai-spec-harness/internal/approval/cycle.go:137.2,138.1 1 1
github.com/JailtonJunior94/ai-spec-harness/internal/approval/cycle.go:141.2,142.1 1 0
github.com/JailtonJunior94/ai-spec-harness/internal/approval/cycle.go:145.2,145.24 1 0
github.com/JailtonJunior94/ai-spec-harness/internal/approval/cycle.go:146.3,147.1 1 0
github.com/JailtonJunior94/ai-spec-harness/internal/approval/cycle.go:148.2,148.44 1 0
github.com/JailtonJunior94/ai-spec-harness/internal/approval/cycle.go:152.2,153.1 1 0
github.com/JailtonJunior94/ai-spec-harness/internal/approval/cycle.go:156.2,157.1 1 0
github.com/JailtonJunior94/ai-spec-harness/internal/approval/cycle.go:160.2,161.1 1 0
github.com/JailtonJunior94/ai-spec-harness/internal/approval/cycle.go:164.2,164.17 1 1
github.com/JailtonJunior94/ai-spec-harness/internal/approval/cycle.go:165.3,166.17 2 1
github.com/JailtonJunior94/ai-spec-harness/internal/approval/cycle.go:167.4,168.1 1 0
github.com/JailtonJunior94/ai-spec-harness/internal/approval/cycle.go:169.3,169.21 1 1
github.com/JailtonJunior94/ai-spec-harness/internal/approval/cycle.go:171.2,172.16 2 1
github.com/JailtonJunior94/ai-spec-harness/internal/approval/cycle.go:173.3,174.1 1 0
github.com/JailtonJunior94/ai-spec-harness/internal/approval/cycle.go:175.2,175.20 1 1
github.com/JailtonJunior94/ai-spec-harness/internal/approval/cycle.go:179.2,180.16 2 1
github.com/JailtonJunior94/ai-spec-harness/internal/approval/cycle.go:181.3,182.1 1 0
github.com/JailtonJunior94/ai-spec-harness/internal/approval/cycle.go:183.2,184.16 2 1
github.com/JailtonJunior94/ai-spec-harness/internal/approval/cycle.go:185.3,186.1 1 0
github.com/JailtonJunior94/ai-spec-harness/internal/approval/cycle.go:188.2,191.1 5 1
github.com/JailtonJunior94/ai-spec-harness/internal/approval/cycle.go:192.2,193.16 5 1
github.com/JailtonJunior94/ai-spec-harness/internal/approval/cycle.go:194.3,195.1 1 0
github.com/JailtonJunior94/ai-spec-harness/internal/approval/cycle.go:196.2,197.16 2 1
github.com/JailtonJunior94/ai-spec-harness/internal/approval/cycle.go:198.3,199.1 1 0
github.com/JailtonJunior94/ai-spec-harness/internal/approval/cycle.go:200.2,200.45 1 1
github.com/JailtonJunior94/ai-spec-harness/internal/approval/cycle.go:204.2,204.57 1 1
github.com/JailtonJunior94/ai-spec-harness/internal/approval/cycle.go:205.3,206.1 1 0
github.com/JailtonJunior94/ai-spec-harness/internal/approval/cycle.go:207.2,208.1 3 1
github.com/JailtonJunior94/ai-spec-harness/internal/approval/cycle.go:209.2,210.16 3 1
github.com/JailtonJunior94/ai-spec-harness/internal/approval/cycle.go:211.3,212.1 1 0
github.com/JailtonJunior94/ai-spec-harness/internal/approval/cycle.go:213.2,213.50 1 1
github.com/JailtonJunior94/ai-spec-harness/internal/approval/cycle.go:214.3,215.1 1 0
github.com/JailtonJunior94/ai-spec-harness/internal/approval/cycle.go:217.2,218.16 2 1
github.com/JailtonJunior94/ai-spec-harness/internal/approval/cycle.go:219.3,220.1 1 0
github.com/JailtonJunior94/ai-spec-harness/internal/approval/cycle.go:221.2,221.60 1 1
github.com/JailtonJunior94/ai-spec-harness/internal/approval/cycle.go:222.3,223.1 1 0
github.com/JailtonJunior94/ai-spec-harness/internal/approval/cycle.go:224.2,224.28 1 1
github.com/JailtonJunior94/ai-spec-harness/internal/approval/cycle.go:228.2,228.20 1 1
github.com/JailtonJunior94/ai-spec-harness/internal/approval/cycle.go:229.3,230.1 1 1
github.com/JailtonJunior94/ai-spec-harness/internal/approval/cycle.go:231.2,231.60 1 1
github.com/JailtonJunior94/ai-spec-harness/internal/approval/cycle.go:232.3,233.1 1 0
github.com/JailtonJunior94/ai-spec-harness/internal/approval/cycle.go:234.2,236.43 3 1
github.com/JailtonJunior94/ai-spec-harness/internal/approval/cycle.go:240.2,240.59 1 1
github.com/JailtonJunior94/ai-spec-harness/internal/approval/cycle.go:241.3,242.1 1 0
github.com/JailtonJunior94/ai-spec-harness/internal/approval/cycle.go:243.2,245.42 3 1
github.com/JailtonJunior94/ai-spec-harness/internal/approval/cycle.go:249.2,250.1 1 1
github.com/JailtonJunior94/ai-spec-harness/internal/approval/errors.go:39.2,40.1 1 1
github.com/JailtonJunior94/ai-spec-harness/internal/approval/errors.go:43.2,44.1 1 1
github.com/JailtonJunior94/ai-spec-harness/internal/approval/errors.go:47.2,48.1 1 1
github.com/JailtonJunior94/ai-spec-harness/internal/approval/events.go:33.2,34.1 1 1
github.com/JailtonJunior94/ai-spec-harness/internal/approval/events.go:37.2,38.1 1 1
github.com/JailtonJunior94/ai-spec-harness/internal/approval/events.go:41.2,42.1 1 1
github.com/JailtonJunior94/ai-spec-harness/internal/approval/events.go:45.2,46.1 1 1
github.com/JailtonJunior94/ai-spec-harness/internal/approval/events.go:49.2,50.1 1 1
github.com/JailtonJunior94/ai-spec-harness/internal/approval/evidence.go:44.2,46.28 3 1
github.com/JailtonJunior94/ai-spec-harness/internal/approval/evidence.go:47.3,48.1 1 1
github.com/JailtonJunior94/ai-spec-harness/internal/approval/evidence.go:49.2,49.101 1 1
github.com/JailtonJunior94/ai-spec-harness/internal/approval/evidence.go:53.2,54.45 2 1
github.com/JailtonJunior94/ai-spec-harness/internal/approval/evidence.go:55.3,56.1 1 1
github.com/JailtonJunior94/ai-spec-harness/internal/approval/evidence.go:57.2,57.20 1 1
github.com/JailtonJunior94/ai-spec-harness/internal/approval/evidence.go:58.3,59.1 1 1
github.com/JailtonJunior94/ai-spec-harness/internal/approval/evidence.go:60.2,60.116 1 1
github.com/JailtonJunior94/ai-spec-harness/internal/approval/evidence.go:64.2,66.29 3 1
github.com/JailtonJunior94/ai-spec-harness/internal/approval/evidence.go:67.3,68.1 1 1
github.com/JailtonJunior94/ai-spec-harness/internal/approval/evidence.go:69.2,69.99 1 1
github.com/JailtonJunior94/ai-spec-harness/internal/approval/evidence.go:73.2,74.13 2 1
github.com/JailtonJunior94/ai-spec-harness/internal/approval/evidence.go:75.3,76.1 1 0
github.com/JailtonJunior94/ai-spec-harness/internal/approval/evidence.go:77.2,77.49 1 1
github.com/JailtonJunior94/ai-spec-harness/internal/approval/evidence.go:81.2,81.24 1 1
github.com/JailtonJunior94/ai-spec-harness/internal/approval/evidence.go:82.3,83.1 1 1
github.com/JailtonJunior94/ai-spec-harness/internal/approval/evidence.go:84.2,86.29 3 1
github.com/JailtonJunior94/ai-spec-harness/internal/approval/evidence.go:87.3,87.26 1 1
github.com/JailtonJunior94/ai-spec-harness/internal/approval/evidence.go:88.4,89.1 1 0
github.com/JailtonJunior94/ai-spec-harness/internal/approval/evidence.go:90.3,90.41 1 1
github.com/JailtonJunior94/ai-spec-harness/internal/approval/evidence.go:91.4,92.1 1 1
github.com/JailtonJunior94/ai-spec-harness/internal/approval/evidence.go:93.3,94.62 2 1
github.com/JailtonJunior94/ai-spec-harness/internal/approval/evidence.go:96.2,96.45 1 1
github.com/JailtonJunior94/ai-spec-harness/internal/approval/evidence.go:100.2,101.37 2 1
github.com/JailtonJunior94/ai-spec-harness/internal/approval/evidence.go:102.3,103.1 1 1
github.com/JailtonJunior94/ai-spec-harness/internal/approval/evidence.go:104.2,105.35 2 1
github.com/JailtonJunior94/ai-spec-harness/internal/approval/evidence.go:106.3,107.1 1 0
github.com/JailtonJunior94/ai-spec-harness/internal/approval/evidence.go:108.2,108.25 1 1
github.com/JailtonJunior94/ai-spec-harness/internal/approval/evidence.go:109.3,109.25 1 1
github.com/JailtonJunior94/ai-spec-harness/internal/approval/evidence.go:110.4,111.1 1 1
github.com/JailtonJunior94/ai-spec-harness/internal/approval/evidence.go:113.2,113.13 1 1
github.com/JailtonJunior94/ai-spec-harness/internal/approval/evidence.go:117.2,118.1 1 1
github.com/JailtonJunior94/ai-spec-harness/internal/approval/evidence.go:121.2,122.1 1 1
github.com/JailtonJunior94/ai-spec-harness/internal/approval/evidence.go:125.2,126.1 1 1
github.com/JailtonJunior94/ai-spec-harness/internal/approval/evidence.go:129.2,130.1 1 1
github.com/JailtonJunior94/ai-spec-harness/internal/approval/evidence.go:133.2,134.1 1 0
github.com/JailtonJunior94/ai-spec-harness/internal/approval/evidence.go:137.2,138.1 1 1
github.com/JailtonJunior94/ai-spec-harness/internal/approval/evidence.go:141.2,141.23 1 1
github.com/JailtonJunior94/ai-spec-harness/internal/approval/evidence.go:142.3,143.1 1 1
github.com/JailtonJunior94/ai-spec-harness/internal/approval/evidence.go:144.2,144.55 1 1
github.com/JailtonJunior94/ai-spec-harness/internal/approval/evidence.go:145.3,147.1 2 1
github.com/JailtonJunior94/ai-spec-harness/internal/approval/evidence.go:151.2,151.55 1 1
github.com/JailtonJunior94/ai-spec-harness/internal/approval/evidence.go:152.3,154.1 2 1
github.com/JailtonJunior94/ai-spec-harness/internal/approval/evidence.go:158.2,159.1 1 1
github.com/JailtonJunior94/ai-spec-harness/internal/approval/evidence.go:162.2,163.31 2 1
github.com/JailtonJunior94/ai-spec-harness/internal/approval/evidence.go:164.3,164.44 1 1
github.com/JailtonJunior94/ai-spec-harness/internal/approval/evidence.go:165.4,166.1 1 1
github.com/JailtonJunior94/ai-spec-harness/internal/approval/evidence.go:168.2,168.10 1 1
github.com/JailtonJunior94/ai-spec-harness/internal/approval/evidence.go:172.2,173.1 1 1
github.com/JailtonJunior94/ai-spec-harness/internal/approval/evidence.go:176.2,176.52 1 1
github.com/JailtonJunior94/ai-spec-harness/internal/approval/evidence.go:177.3,177.32 1 1
github.com/JailtonJunior94/ai-spec-harness/internal/approval/evidence.go:178.4,178.27 1 1
github.com/JailtonJunior94/ai-spec-harness/internal/approval/evidence.go:179.5,180.1 1 0
github.com/JailtonJunior94/ai-spec-harness/internal/approval/evidence.go:186.2,186.52 1 1
github.com/JailtonJunior94/ai-spec-harness/internal/approval/evidence.go:187.3,187.32 1 1
github.com/JailtonJunior94/ai-spec-harness/internal/approval/evidence.go:188.4,188.45 1 1
github.com/JailtonJunior94/ai-spec-harness/internal/approval/evidence.go:189.5,190.1 1 0
github.com/JailtonJunior94/ai-spec-harness/internal/approval/evidence.go:196.2,196.52 1 1
github.com/JailtonJunior94/ai-spec-harness/internal/approval/evidence.go:197.3,197.32 1 1
github.com/JailtonJunior94/ai-spec-harness/internal/approval/evidence.go:198.4,198.70 1 1
github.com/JailtonJunior94/ai-spec-harness/internal/approval/evidence.go:199.5,200.1 1 0
github.com/JailtonJunior94/ai-spec-harness/internal/approval/evidence.go:206.2,206.22 1 1
github.com/JailtonJunior94/ai-spec-harness/internal/approval/evidence.go:207.3,208.1 1 1
github.com/JailtonJunior94/ai-spec-harness/internal/approval/evidence.go:209.2,212.22 4 1
github.com/JailtonJunior94/ai-spec-harness/internal/approval/evidence.go:213.3,213.61 1 1
github.com/JailtonJunior94/ai-spec-harness/internal/approval/evidence.go:214.4,216.9 3 1
github.com/JailtonJunior94/ai-spec-harness/internal/approval/evidence.go:219.2,219.12 1 1
github.com/JailtonJunior94/ai-spec-harness/internal/approval/evidence.go:220.3,221.1 1 1
github.com/JailtonJunior94/ai-spec-harness/internal/approval/evidence.go:222.2,222.41 1 1
github.com/JailtonJunior94/ai-spec-harness/internal/approval/finding.go:35.2,35.23 1 1
github.com/JailtonJunior94/ai-spec-harness/internal/approval/finding.go:36.3,37.1 1 1
github.com/JailtonJunior94/ai-spec-harness/internal/approval/finding.go:38.2,39.13 2 1
github.com/JailtonJunior94/ai-spec-harness/internal/approval/finding.go:40.3,41.1 1 1
github.com/JailtonJunior94/ai-spec-harness/internal/approval/finding.go:42.2,43.13 2 1
github.com/JailtonJunior94/ai-spec-harness/internal/approval/finding.go:44.3,45.1 1 1
github.com/JailtonJunior94/ai-spec-harness/internal/approval/finding.go:46.2,51.8 1 1
github.com/JailtonJunior94/ai-spec-harness/internal/approval/finding.go:55.2,55.11 1 1
github.com/JailtonJunior94/ai-spec-harness/internal/approval/finding.go:57.3,57.15 1 1
github.com/JailtonJunior94/ai-spec-harness/internal/approval/finding.go:59.3,59.18 1 0
github.com/JailtonJunior94/ai-spec-harness/internal/approval/finding.go:61.3,61.16 1 0
github.com/JailtonJunior94/ai-spec-harness/internal/approval/finding.go:63.3,63.20 1 1
github.com/JailtonJunior94/ai-spec-harness/internal/approval/finding.go:65.3,65.28 1 1
github.com/JailtonJunior94/ai-spec-harness/internal/approval/finding.go:70.2,70.11 1 1
github.com/JailtonJunior94/ai-spec-harness/internal/approval/finding.go:72.3,72.31 1 1
github.com/JailtonJunior94/ai-spec-harness/internal/approval/finding.go:74.3,74.28 1 1
github.com/JailtonJunior94/ai-spec-harness/internal/approval/finding.go:76.3,76.28 1 1
github.com/JailtonJunior94/ai-spec-harness/internal/approval/finding.go:78.3,78.67 1 1
github.com/JailtonJunior94/ai-spec-harness/internal/approval/finding.go:83.2,84.1 1 1
github.com/JailtonJunior94/ai-spec-harness/internal/approval/finding.go:87.2,88.1 1 1
github.com/JailtonJunior94/ai-spec-harness/internal/approval/finding.go:91.2,91.11 1 1
github.com/JailtonJunior94/ai-spec-harness/internal/approval/finding.go:93.3,93.17 1 0
github.com/JailtonJunior94/ai-spec-harness/internal/approval/finding.go:95.3,95.17 1 1
github.com/JailtonJunior94/ai-spec-harness/internal/approval/finding.go:97.3,97.20 1 0
github.com/JailtonJunior94/ai-spec-harness/internal/approval/finding.go:99.3,99.25 1 1
github.com/JailtonJunior94/ai-spec-harness/internal/approval/finding.go:104.2,105.1 1 1
github.com/JailtonJunior94/ai-spec-harness/internal/approval/finding.go:108.2,109.1 1 1
github.com/JailtonJunior94/ai-spec-harness/internal/approval/finding.go:112.2,113.1 1 1
github.com/JailtonJunior94/ai-spec-harness/internal/approval/finding.go:116.2,117.1 1 1
github.com/JailtonJunior94/ai-spec-harness/internal/approval/finding.go:120.2,121.1 1 1
github.com/JailtonJunior94/ai-spec-harness/internal/approval/fingerprint.go:20.2,21.1 1 1
github.com/JailtonJunior94/ai-spec-harness/internal/approval/fingerprint.go:24.2,25.29 2 1
github.com/JailtonJunior94/ai-spec-harness/internal/approval/fingerprint.go:26.3,27.1 1 1
github.com/JailtonJunior94/ai-spec-harness/internal/approval/fingerprint.go:28.2,30.1 4 1
github.com/JailtonJunior94/ai-spec-harness/internal/approval/fingerprint.go:31.2,32.70 4 1
github.com/JailtonJunior94/ai-spec-harness/internal/approval/fingerprint.go:36.2,36.36 1 1
github.com/JailtonJunior94/ai-spec-harness/internal/approval/fingerprint.go:37.3,38.1 1 1
github.com/JailtonJunior94/ai-spec-harness/internal/approval/fingerprint.go:39.2,39.29 1 1
github.com/JailtonJunior94/ai-spec-harness/internal/approval/fingerprint.go:43.2,44.1 1 0
github.com/JailtonJunior94/ai-spec-harness/internal/approval/fingerprint.go:47.2,48.1 1 0
github.com/JailtonJunior94/ai-spec-harness/internal/approval/identities.go:17.2,18.13 2 1
github.com/JailtonJunior94/ai-spec-harness/internal/approval/identities.go:19.3,20.1 1 1
github.com/JailtonJunior94/ai-spec-harness/internal/approval/identities.go:21.2,21.36 1 1
github.com/JailtonJunior94/ai-spec-harness/internal/approval/identities.go:25.2,26.13 2 1
github.com/JailtonJunior94/ai-spec-harness/internal/approval/identities.go:27.3,28.1 1 1
github.com/JailtonJunior94/ai-spec-harness/internal/approval/identities.go:29.2,29.37 1 1
github.com/JailtonJunior94/ai-spec-harness/internal/approval/identities.go:33.2,34.1 1 1
github.com/JailtonJunior94/ai-spec-harness/internal/approval/identities.go:37.2,38.1 1 1
github.com/JailtonJunior94/ai-spec-harness/internal/approval/identities.go:41.2,42.1 1 1
github.com/JailtonJunior94/ai-spec-harness/internal/approval/identities.go:45.2,46.1 1 1
github.com/JailtonJunior94/ai-spec-harness/internal/approval/policy.go:24.2,25.33 2 1
github.com/JailtonJunior94/ai-spec-harness/internal/approval/policy.go:26.3,27.1 1 1
github.com/JailtonJunior94/ai-spec-harness/internal/approval/policy.go:28.2,28.23 1 1
github.com/JailtonJunior94/ai-spec-harness/internal/approval/policy.go:29.3,30.1 1 1
github.com/JailtonJunior94/ai-spec-harness/internal/approval/policy.go:31.2,31.33 1 1
github.com/JailtonJunior94/ai-spec-harness/internal/approval/policy.go:35.2,35.33 1 1
github.com/JailtonJunior94/ai-spec-harness/internal/approval/policy.go:36.3,37.1 1 1
github.com/JailtonJunior94/ai-spec-harness/internal/approval/policy.go:41.2,42.1 1 1
github.com/JailtonJunior94/ai-spec-harness/internal/approval/policy.go:45.2,45.37 1 1
github.com/JailtonJunior94/ai-spec-harness/internal/approval/policy.go:46.3,47.1 1 1
github.com/JailtonJunior94/ai-spec-harness/internal/approval/policy.go:48.2,48.63 1 1
github.com/JailtonJunior94/ai-spec-harness/internal/approval/policy.go:49.3,50.1 1 1
github.com/JailtonJunior94/ai-spec-harness/internal/approval/policy.go:51.2,51.20 1 1
github.com/JailtonJunior94/ai-spec-harness/internal/approval/policy.go:52.3,53.1 1 1
github.com/JailtonJunior94/ai-spec-harness/internal/approval/policy.go:54.2,54.39 1 1
github.com/JailtonJunior94/ai-spec-harness/internal/approval/policy.go:55.3,56.1 1 1
github.com/JailtonJunior94/ai-spec-harness/internal/approval/policy.go:57.2,57.17 1 1
github.com/JailtonJunior94/ai-spec-harness/internal/approval/ports.go:56.2,56.33 1 1
github.com/JailtonJunior94/ai-spec-harness/internal/approval/ports.go:57.3,58.1 1 1
github.com/JailtonJunior94/ai-spec-harness/internal/approval/ports.go:59.2,59.15 1 1
github.com/JailtonJunior94/ai-spec-harness/internal/approval/ports.go:60.3,61.1 1 1
github.com/JailtonJunior94/ai-spec-harness/internal/approval/ports.go:62.2,62.24 1 1
github.com/JailtonJunior94/ai-spec-harness/internal/approval/ports.go:63.3,64.1 1 1
github.com/JailtonJunior94/ai-spec-harness/internal/approval/ports.go:65.2,71.8 1 1
github.com/JailtonJunior94/ai-spec-harness/internal/approval/ports.go:75.2,75.33 1 1
github.com/JailtonJunior94/ai-spec-harness/internal/approval/ports.go:76.3,77.1 1 0
github.com/JailtonJunior94/ai-spec-harness/internal/approval/ports.go:78.2,78.15 1 1
github.com/JailtonJunior94/ai-spec-harness/internal/approval/ports.go:79.3,80.1 1 0
github.com/JailtonJunior94/ai-spec-harness/internal/approval/ports.go:81.2,81.24 1 1
github.com/JailtonJunior94/ai-spec-harness/internal/approval/ports.go:82.3,83.1 1 1
github.com/JailtonJunior94/ai-spec-harness/internal/approval/ports.go:84.2,90.8 1 1
github.com/JailtonJunior94/ai-spec-harness/internal/approval/ports.go:94.2,98.1 1 1
github.com/JailtonJunior94/ai-spec-harness/internal/approval/ports.go:102.2,103.13 2 1
github.com/JailtonJunior94/ai-spec-harness/internal/approval/ports.go:104.3,105.1 1 1
github.com/JailtonJunior94/ai-spec-harness/internal/approval/ports.go:106.2,106.34 1 1
github.com/JailtonJunior94/ai-spec-harness/internal/approval/ports.go:110.2,111.1 1 1
github.com/JailtonJunior94/ai-spec-harness/internal/approval/ports.go:114.2,115.1 1 1
github.com/JailtonJunior94/ai-spec-harness/internal/approval/ports.go:118.2,119.1 1 1
github.com/JailtonJunior94/ai-spec-harness/internal/approval/ports.go:122.2,123.1 1 1
github.com/JailtonJunior94/ai-spec-harness/internal/approval/ports.go:126.2,127.1 1 1
github.com/JailtonJunior94/ai-spec-harness/internal/approval/ports.go:130.2,131.1 1 1
github.com/JailtonJunior94/ai-spec-harness/internal/approval/ports.go:134.2,135.1 1 1
github.com/JailtonJunior94/ai-spec-harness/internal/approval/ports.go:138.2,139.1 1 1
github.com/JailtonJunior94/ai-spec-harness/internal/approval/ports.go:142.2,143.1 1 1
github.com/JailtonJunior94/ai-spec-harness/internal/approval/ports.go:146.2,147.1 1 1
github.com/JailtonJunior94/ai-spec-harness/internal/approval/ports.go:150.2,151.1 1 1
github.com/JailtonJunior94/ai-spec-harness/internal/approval/ports.go:154.2,155.1 1 1
github.com/JailtonJunior94/ai-spec-harness/internal/approval/ports.go:158.2,159.1 1 1
github.com/JailtonJunior94/ai-spec-harness/internal/approval/ports.go:162.2,163.1 1 1
github.com/JailtonJunior94/ai-spec-harness/internal/approval/ports.go:166.2,167.1 1 1
github.com/JailtonJunior94/ai-spec-harness/internal/approval/ports.go:170.2,171.1 1 1
github.com/JailtonJunior94/ai-spec-harness/internal/approval/ports.go:174.2,175.1 1 1
github.com/JailtonJunior94/ai-spec-harness/internal/approval/ports.go:178.2,179.1 1 1
github.com/JailtonJunior94/ai-spec-harness/internal/approval/ports.go:182.2,183.1 1 1
github.com/JailtonJunior94/ai-spec-harness/internal/approval/proof.go:12.2,12.25 1 1
github.com/JailtonJunior94/ai-spec-harness/internal/approval/proof.go:13.3,14.1 1 1
github.com/JailtonJunior94/ai-spec-harness/internal/approval/proof.go:15.2,15.29 1 1
github.com/JailtonJunior94/ai-spec-harness/internal/approval/proof.go:16.3,17.1 1 1
github.com/JailtonJunior94/ai-spec-harness/internal/approval/proof.go:18.2,18.84 1 1
github.com/JailtonJunior94/ai-spec-harness/internal/approval/proof.go:22.2,23.1 1 1
github.com/JailtonJunior94/ai-spec-harness/internal/approval/proof.go:26.2,27.1 1 0
github.com/JailtonJunior94/ai-spec-harness/internal/approval/proof.go:30.2,31.1 1 1
github.com/JailtonJunior94/ai-spec-harness/internal/approval/result.go:17.2,17.20 1 1
github.com/JailtonJunior94/ai-spec-harness/internal/approval/result.go:18.3,19.1 1 1
github.com/JailtonJunior94/ai-spec-harness/internal/approval/result.go:20.2,25.8 1 1
github.com/JailtonJunior94/ai-spec-harness/internal/approval/result.go:29.2,29.49 1 1
github.com/JailtonJunior94/ai-spec-harness/internal/approval/result.go:30.3,31.1 1 1
github.com/JailtonJunior94/ai-spec-harness/internal/approval/result.go:32.2,32.30 1 1
github.com/JailtonJunior94/ai-spec-harness/internal/approval/result.go:33.3,34.1 1 1
github.com/JailtonJunior94/ai-spec-harness/internal/approval/result.go:35.2,39.8 1 1
github.com/JailtonJunior94/ai-spec-harness/internal/approval/result.go:43.2,44.1 1 1
github.com/JailtonJunior94/ai-spec-harness/internal/approval/result.go:47.2,48.1 1 1
github.com/JailtonJunior94/ai-spec-harness/internal/approval/result.go:51.2,52.1 1 1
github.com/JailtonJunior94/ai-spec-harness/internal/approval/result.go:55.2,56.1 1 1
github.com/JailtonJunior94/ai-spec-harness/internal/approval/result.go:59.2,60.1 1 1
github.com/JailtonJunior94/ai-spec-harness/internal/approval/round.go:18.2,18.16 1 1
github.com/JailtonJunior94/ai-spec-harness/internal/approval/round.go:19.3,20.1 1 1
github.com/JailtonJunior94/ai-spec-harness/internal/approval/round.go:21.2,21.35 1 1
github.com/JailtonJunior94/ai-spec-harness/internal/approval/round.go:25.2,25.17 1 1
github.com/JailtonJunior94/ai-spec-harness/internal/approval/round.go:26.3,27.1 1 1
github.com/JailtonJunior94/ai-spec-harness/internal/approval/round.go:28.2,28.47 1 1
github.com/JailtonJunior94/ai-spec-harness/internal/approval/round.go:29.3,30.1 1 1
github.com/JailtonJunior94/ai-spec-harness/internal/approval/round.go:31.2,37.8 1 1
github.com/JailtonJunior94/ai-spec-harness/internal/approval/round.go:41.2,42.1 1 1
github.com/JailtonJunior94/ai-spec-harness/internal/approval/round.go:45.2,46.1 1 1
github.com/JailtonJunior94/ai-spec-harness/internal/approval/round.go:49.2,50.1 1 1
github.com/JailtonJunior94/ai-spec-harness/internal/approval/round.go:53.2,54.1 1 1
github.com/JailtonJunior94/ai-spec-harness/internal/approval/round.go:57.2,58.1 1 1
github.com/JailtonJunior94/ai-spec-harness/internal/approval/round.go:61.2,62.31 2 1
github.com/JailtonJunior94/ai-spec-harness/internal/approval/round.go:63.3,64.1 1 1
github.com/JailtonJunior94/ai-spec-harness/internal/approval/round.go:65.2,65.14 1 1
github.com/JailtonJunior94/ai-spec-harness/internal/approval/state.go:27.2,27.43 1 1
github.com/JailtonJunior94/ai-spec-harness/internal/approval/state.go:28.3,29.1 1 1
github.com/JailtonJunior94/ai-spec-harness/internal/approval/state.go:30.2,30.15 1 1
github.com/JailtonJunior94/ai-spec-harness/internal/approval/state.go:34.2,34.11 1 1
github.com/JailtonJunior94/ai-spec-harness/internal/approval/state.go:36.3,36.21 1 1
github.com/JailtonJunior94/ai-spec-harness/internal/approval/state.go:38.3,38.18 1 1
github.com/JailtonJunior94/ai-spec-harness/internal/approval/state.go:40.3,40.20 1 1
github.com/JailtonJunior94/ai-spec-harness/internal/approval/state.go:42.3,42.19 1 0
github.com/JailtonJunior94/ai-spec-harness/internal/approval/state.go:44.3,44.25 1 1
github.com/JailtonJunior94/ai-spec-harness/internal/approval/state.go:49.2,51.1 2 1
github.com/JailtonJunior94/ai-spec-harness/internal/approval/state.go:54.2,55.1 1 1
github.com/JailtonJunior94/ai-spec-harness/internal/approval/state.go:58.2,58.44 1 1
github.com/JailtonJunior94/ai-spec-harness/internal/approval/state.go:59.3,60.1 1 0
github.com/JailtonJunior94/ai-spec-harness/internal/approval/state.go:61.2,61.61 1 1
github.com/JailtonJunior94/ai-spec-harness/internal/approval/state.go:62.3,63.1 1 1
github.com/JailtonJunior94/ai-spec-harness/internal/approval/state.go:64.2,65.12 2 1
github.com/JailtonJunior94/ai-spec-harness/internal/approval/stop_reason.go:17.2,17.16 1 1
github.com/JailtonJunior94/ai-spec-harness/internal/approval/stop_reason.go:18.3,19.1 1 1
github.com/JailtonJunior94/ai-spec-harness/internal/approval/stop_reason.go:20.2,20.15 1 1
github.com/JailtonJunior94/ai-spec-harness/internal/approval/stop_reason.go:24.2,24.11 1 1
github.com/JailtonJunior94/ai-spec-harness/internal/approval/stop_reason.go:26.3,26.20 1 1
github.com/JailtonJunior94/ai-spec-harness/internal/approval/stop_reason.go:28.3,28.22 1 1
github.com/JailtonJunior94/ai-spec-harness/internal/approval/stop_reason.go:30.3,30.26 1 1
github.com/JailtonJunior94/ai-spec-harness/internal/approval/stop_reason.go:32.3,32.22 1 1
github.com/JailtonJunior94/ai-spec-harness/internal/approval/stop_reason.go:34.3,34.25 1 1
github.com/JailtonJunior94/ai-spec-harness/internal/approval/stop_reason.go:36.3,36.26 1 1
github.com/JailtonJunior94/ai-spec-harness/internal/approval/stop_reason.go:41.2,42.1 1 1
github.com/JailtonJunior94/ai-spec-harness/internal/approval/translator.go:10.2,11.1 1 1
github.com/JailtonJunior94/ai-spec-harness/internal/approval/translator.go:14.2,14.43 1 1
github.com/JailtonJunior94/ai-spec-harness/internal/approval/translator.go:15.3,15.54 1 1
github.com/JailtonJunior94/ai-spec-harness/internal/approval/translator.go:16.4,17.1 1 1
github.com/JailtonJunior94/ai-spec-harness/internal/approval/translator.go:19.2,19.23 1 1
github.com/JailtonJunior94/ai-spec-harness/internal/approval/translator.go:23.2,27.41 5 1
github.com/JailtonJunior94/ai-spec-harness/internal/approval/translator.go:28.3,29.13 2 1
github.com/JailtonJunior94/ai-spec-harness/internal/approval/translator.go:30.4,30.12 1 1
github.com/JailtonJunior94/ai-spec-harness/internal/approval/translator.go:32.3,32.33 1 1
github.com/JailtonJunior94/ai-spec-harness/internal/approval/translator.go:34.2,34.17 1 1
github.com/JailtonJunior94/ai-spec-harness/internal/approval/translator.go:38.2,40.15 3 1
github.com/JailtonJunior94/ai-spec-harness/internal/approval/translator.go:42.3,42.36 1 1
github.com/JailtonJunior94/ai-spec-harness/internal/approval/translator.go:44.3,44.25 1 1
github.com/JailtonJunior94/ai-spec-harness/internal/approval/translator.go:46.3,46.25 1 1
github.com/JailtonJunior94/ai-spec-harness/internal/approval/translator.go:48.3,48.24 1 1
github.com/JailtonJunior94/ai-spec-harness/internal/approval/translator.go:50.3,50.24 1 1
github.com/JailtonJunior94/ai-spec-harness/internal/approval/verdict.go:16.2,16.16 1 1
github.com/JailtonJunior94/ai-spec-harness/internal/approval/verdict.go:17.3,18.1 1 1
github.com/JailtonJunior94/ai-spec-harness/internal/approval/verdict.go:19.2,19.15 1 1
github.com/JailtonJunior94/ai-spec-harness/internal/approval/verdict.go:23.2,24.1 1 1
github.com/JailtonJunior94/ai-spec-harness/internal/approval/verdict.go:27.2,27.11 1 1
github.com/JailtonJunior94/ai-spec-harness/internal/approval/verdict.go:29.3,29.20 1 0
github.com/JailtonJunior94/ai-spec-harness/internal/approval/verdict.go:31.3,31.33 1 1
github.com/JailtonJunior94/ai-spec-harness/internal/approval/verdict.go:33.3,33.20 1 1
github.com/JailtonJunior94/ai-spec-harness/internal/approval/verdict.go:35.3,35.19 1 1
github.com/JailtonJunior94/ai-spec-harness/internal/approval/verdict.go:37.3,37.27 1 1
github.com/JailtonJunior94/ai-spec-harness/internal/approval/verdict.go:42.2,43.1 1 1
github.com/JailtonJunior94/ai-spec-harness/internal/detect/agent.go:24.61,24.89 1 0
github.com/JailtonJunior94/ai-spec-harness/internal/detect/agent.go:37.50,37.75 1 0
github.com/JailtonJunior94/ai-spec-harness/internal/detect/agent.go:64.2,66.33 3 1
github.com/JailtonJunior94/ai-spec-harness/internal/detect/agent.go:67.3,69.30 3 1
github.com/JailtonJunior94/ai-spec-harness/internal/detect/agent.go:70.4,71.1 1 1
github.com/JailtonJunior94/ai-spec-harness/internal/detect/agent.go:72.3,76.5 1 1
github.com/JailtonJunior94/ai-spec-harness/internal/detect/agent.go:78.2,78.12 1 1
github.com/JailtonJunior94/ai-spec-harness/internal/detect/agent.go:84.2,86.1 2 1
github.com/JailtonJunior94/ai-spec-harness/internal/detect/agent.go:100.2,104.1 1 1
github.com/JailtonJunior94/ai-spec-harness/internal/detect/agent.go:116.2,117.1 3 1
github.com/JailtonJunior94/ai-spec-harness/internal/detect/agent.go:120.2,121.47 3 1
github.com/JailtonJunior94/ai-spec-harness/internal/detect/agent.go:122.3,124.31 3 1
github.com/JailtonJunior94/ai-spec-harness/internal/detect/agent.go:125.4,126.1 1 1
github.com/JailtonJunior94/ai-spec-harness/internal/detect/agent.go:129.2,131.1 3 1
github.com/JailtonJunior94/ai-spec-harness/internal/detect/agent.go:132.2,132.50 3 1
github.com/JailtonJunior94/ai-spec-harness/internal/detect/agent.go:133.3,133.23 1 1
github.com/JailtonJunior94/ai-spec-harness/internal/detect/agent.go:134.4,134.12 1 0
github.com/JailtonJunior94/ai-spec-harness/internal/detect/agent.go:138.3,138.63 1 1
github.com/JailtonJunior94/ai-spec-harness/internal/detect/agent.go:139.4,141.12 3 1
github.com/JailtonJunior94/ai-spec-harness/internal/detect/agent.go:145.3,145.21 1 1
github.com/JailtonJunior94/ai-spec-harness/internal/detect/agent.go:146.4,146.39 1 1
github.com/JailtonJunior94/ai-spec-harness/internal/detect/agent.go:147.5,148.39 2 1
github.com/JailtonJunior94/ai-spec-harness/internal/detect/agent.go:149.6,151.11 3 1
github.com/JailtonJunior94/ai-spec-harness/internal/detect/agent.go:154.4,154.24 1 1
github.com/JailtonJunior94/ai-spec-harness/internal/detect/agent.go:155.5,155.13 1 1
github.com/JailtonJunior94/ai-spec-harness/internal/detect/agent.go:160.3,160.30 1 1
github.com/JailtonJunior94/ai-spec-harness/internal/detect/agent.go:161.4,163.1 2 1
github.com/JailtonJunior94/ai-spec-harness/internal/detect/agent.go:166.2,166.20 1 1
github.com/JailtonJunior94/ai-spec-harness/internal/detect/architecture.go:32.2,33.1 1 1
github.com/JailtonJunior94/ai-spec-harness/internal/detect/architecture.go:36.2,39.1 1 1
github.com/JailtonJunior94/ai-spec-harness/internal/detect/architecture.go:44.2,45.39 2 1
github.com/JailtonJunior94/ai-spec-harness/internal/detect/architecture.go:46.3,46.48 1 1
github.com/JailtonJunior94/ai-spec-harness/internal/detect/architecture.go:47.4,48.1 1 1
github.com/JailtonJunior94/ai-spec-harness/internal/detect/architecture.go:50.2,50.84 1 1
github.com/JailtonJunior94/ai-spec-harness/internal/detect/architecture.go:51.3,52.1 1 1
github.com/JailtonJunior94/ai-spec-harness/internal/detect/architecture.go:53.2,53.80 1 1
github.com/JailtonJunior94/ai-spec-harness/internal/detect/architecture.go:54.3,55.1 1 1
github.com/JailtonJunior94/ai-spec-harness/internal/detect/architecture.go:58.2,58.82 1 1
github.com/JailtonJunior94/ai-spec-harness/internal/detect/architecture.go:59.3,60.1 1 0
github.com/JailtonJunior94/ai-spec-harness/internal/detect/architecture.go:61.2,62.29 2 1
github.com/JailtonJunior94/ai-spec-harness/internal/detect/architecture.go:63.3,64.17 2 1
github.com/JailtonJunior94/ai-spec-harness/internal/detect/architecture.go:65.4,66.30 2 1
github.com/JailtonJunior94/ai-spec-harness/internal/detect/architecture.go:67.5,67.18 1 1
github.com/JailtonJunior94/ai-spec-harness/internal/detect/architecture.go:68.6,69.1 1 1
github.com/JailtonJunior94/ai-spec-harness/internal/detect/architecture.go:71.4,71.24 1 1
github.com/JailtonJunior94/ai-spec-harness/internal/detect/architecture.go:72.5,73.1 1 1
github.com/JailtonJunior94/ai-spec-harness/internal/detect/architecture.go:78.2,78.58 1 1
github.com/JailtonJunior94/ai-spec-harness/internal/detect/architecture.go:79.3,81.34 3 1
github.com/JailtonJunior94/ai-spec-harness/internal/detect/architecture.go:82.4,82.38 1 1
github.com/JailtonJunior94/ai-spec-harness/internal/detect/architecture.go:83.5,84.1 1 1
github.com/JailtonJunior94/ai-spec-harness/internal/detect/architecture.go:86.3,86.33 1 0
github.com/JailtonJunior94/ai-spec-harness/internal/detect/architecture.go:87.4,87.49 1 0
github.com/JailtonJunior94/ai-spec-harness/internal/detect/architecture.go:88.5,89.1 1 0
github.com/JailtonJunior94/ai-spec-harness/internal/detect/architecture.go:93.2,93.21 1 1
github.com/JailtonJunior94/ai-spec-harness/internal/detect/architecture.go:97.2,98.36 2 1
github.com/JailtonJunior94/ai-spec-harness/internal/detect/architecture.go:99.3,99.37 1 1
github.com/JailtonJunior94/ai-spec-harness/internal/detect/architecture.go:100.4,101.1 1 1
github.com/JailtonJunior94/ai-spec-harness/internal/detect/architecture.go:104.2,105.34 2 1
github.com/JailtonJunior94/ai-spec-harness/internal/detect/architecture.go:106.3,106.37 1 1
github.com/JailtonJunior94/ai-spec-harness/internal/detect/architecture.go:107.4,108.1 1 1
github.com/JailtonJunior94/ai-spec-harness/internal/detect/architecture.go:111.2,111.83 1 1
github.com/JailtonJunior94/ai-spec-harness/internal/detect/architecture.go:112.3,113.1 1 0
github.com/JailtonJunior94/ai-spec-harness/internal/detect/architecture.go:115.2,115.43 1 1
github.com/JailtonJunior94/ai-spec-harness/internal/detect/architecture.go:116.3,117.1 1 1
github.com/JailtonJunior94/ai-spec-harness/internal/detect/architecture.go:119.2,119.117 1 1
github.com/JailtonJunior94/ai-spec-harness/internal/detect/architecture.go:123.2,124.22 2 1
github.com/JailtonJunior94/ai-spec-harness/internal/detect/architecture.go:125.3,126.1 1 1
github.com/JailtonJunior94/ai-spec-harness/internal/detect/architecture.go:127.2,128.16 2 1
github.com/JailtonJunior94/ai-spec-harness/internal/detect/architecture.go:129.3,130.1 1 0
github.com/JailtonJunior94/ai-spec-harness/internal/detect/architecture.go:131.2,131.25 1 1
github.com/JailtonJunior94/ai-spec-harness/internal/detect/architecture.go:136.2,136.18 1 0
github.com/JailtonJunior94/ai-spec-harness/internal/detect/architecture.go:138.3,141.48 1 0
github.com/JailtonJunior94/ai-spec-harness/internal/detect/architecture.go:143.3,146.48 1 0
github.com/JailtonJunior94/ai-spec-harness/internal/detect/architecture.go:148.3,151.48 1 0
github.com/JailtonJunior94/ai-spec-harness/internal/detect/architecture.go:153.3,156.48 1 0
github.com/JailtonJunior94/ai-spec-harness/internal/detect/architecture.go:162.2,162.18 1 0
github.com/JailtonJunior94/ai-spec-harness/internal/detect/architecture.go:164.3,168.80 1 0
github.com/JailtonJunior94/ai-spec-harness/internal/detect/architecture.go:170.3,174.76 1 0
github.com/JailtonJunior94/ai-spec-harness/internal/detect/architecture.go:176.3,180.82 1 0
github.com/JailtonJunior94/ai-spec-harness/internal/detect/architecture.go:182.3,186.93 1 0
github.com/JailtonJunior94/ai-spec-harness/internal/detect/architecture.go:192.2,192.18 1 0
github.com/JailtonJunior94/ai-spec-harness/internal/detect/architecture.go:194.3,194.87 1 0
github.com/JailtonJunior94/ai-spec-harness/internal/detect/architecture.go:196.3,196.126 1 0
github.com/JailtonJunior94/ai-spec-harness/internal/detect/architecture.go:198.3,198.12 1 0
github.com/JailtonJunior94/ai-spec-harness/internal/detect/detect.go:25.2,26.1 1 1
github.com/JailtonJunior94/ai-spec-harness/internal/detect/detect.go:29.2,30.1 1 1
github.com/JailtonJunior94/ai-spec-harness/internal/detect/detect.go:33.2,35.29 3 1
github.com/JailtonJunior94/ai-spec-harness/internal/detect/detect.go:36.3,37.1 1 0
github.com/JailtonJunior94/ai-spec-harness/internal/detect/detect.go:39.2,39.39 1 1
github.com/JailtonJunior94/ai-spec-harness/internal/detect/detect.go:40.3,41.32 2 1
github.com/JailtonJunior94/ai-spec-harness/internal/detect/detect.go:42.4,42.12 1 0
github.com/JailtonJunior94/ai-spec-harness/internal/detect/detect.go:44.3,44.27 1 1
github.com/JailtonJunior94/ai-spec-harness/internal/detect/detect.go:45.4,46.73 2 0
github.com/JailtonJunior94/ai-spec-harness/internal/detect/detect.go:47.5,47.13 1 0
github.com/JailtonJunior94/ai-spec-harness/internal/detect/detect.go:49.4,49.14 1 0
github.com/JailtonJunior94/ai-spec-harness/internal/detect/detect.go:51.3,51.73 1 1
github.com/JailtonJunior94/ai-spec-harness/internal/detect/detect.go:52.4,52.18 1 1
github.com/JailtonJunior94/ai-spec-harness/internal/detect/detect.go:53.5,53.13 1 0
github.com/JailtonJunior94/ai-spec-harness/internal/detect/detect.go:55.4,56.31 2 1
github.com/JailtonJunior94/ai-spec-harness/internal/detect/detect.go:60.2,60.14 1 1
github.com/JailtonJunior94/ai-spec-harness/internal/detect/detect.go:64.2,65.1 3 1
github.com/JailtonJunior94/ai-spec-harness/internal/detect/detect.go:66.2,67.33 3 1
github.com/JailtonJunior94/ai-spec-harness/internal/detect/detect.go:68.3,68.48 1 1
github.com/JailtonJunior94/ai-spec-harness/internal/detect/detect.go:69.4,70.9 2 1
github.com/JailtonJunior94/ai-spec-harness/internal/detect/detect.go:74.2,75.35 2 1
github.com/JailtonJunior94/ai-spec-harness/internal/detect/detect.go:76.3,76.48 1 1
github.com/JailtonJunior94/ai-spec-harness/internal/detect/detect.go:77.4,78.9 2 1
github.com/JailtonJunior94/ai-spec-harness/internal/detect/detect.go:82.2,83.37 2 1
github.com/JailtonJunior94/ai-spec-harness/internal/detect/detect.go:84.3,84.48 1 1
github.com/JailtonJunior94/ai-spec-harness/internal/detect/detect.go:85.4,86.9 2 1
github.com/JailtonJunior94/ai-spec-harness/internal/detect/detect.go:90.2,90.29 1 1
github.com/JailtonJunior94/ai-spec-harness/internal/detect/detect.go:91.3,92.1 1 0
github.com/JailtonJunior94/ai-spec-harness/internal/detect/detect.go:94.2,94.14 1 1
github.com/JailtonJunior94/ai-spec-harness/internal/detect/detect.go:101.2,102.26 2 1
github.com/JailtonJunior94/ai-spec-harness/internal/detect/detect.go:103.3,103.48 1 1
github.com/JailtonJunior94/ai-spec-harness/internal/detect/detect.go:104.4,105.1 1 0
github.com/JailtonJunior94/ai-spec-harness/internal/detect/detect.go:108.2,109.16 2 1
github.com/JailtonJunior94/ai-spec-harness/internal/detect/detect.go:110.3,111.1 1 0
github.com/JailtonJunior94/ai-spec-harness/internal/detect/detect.go:112.2,112.28 1 1
github.com/JailtonJunior94/ai-spec-harness/internal/detect/detect.go:113.3,114.76 2 1
github.com/JailtonJunior94/ai-spec-harness/internal/detect/detect.go:115.4,116.1 1 0
github.com/JailtonJunior94/ai-spec-harness/internal/detect/detect.go:118.2,118.14 1 1
github.com/JailtonJunior94/ai-spec-harness/internal/detect/detect.go:122.2,123.1 2 1
github.com/JailtonJunior94/ai-spec-harness/internal/detect/detect.go:124.2,124.109 2 1
github.com/JailtonJunior94/ai-spec-harness/internal/detect/detect.go:125.3,126.1 1 1
github.com/JailtonJunior94/ai-spec-harness/internal/detect/detect.go:127.2,127.53 1 1
github.com/JailtonJunior94/ai-spec-harness/internal/detect/detect.go:128.3,129.1 1 0
github.com/JailtonJunior94/ai-spec-harness/internal/detect/detect.go:130.2,130.82 1 1
github.com/JailtonJunior94/ai-spec-harness/internal/detect/detect.go:131.3,132.1 1 1
github.com/JailtonJunior94/ai-spec-harness/internal/detect/detect.go:133.2,133.115 1 1
github.com/JailtonJunior94/ai-spec-harness/internal/detect/detect.go:134.3,135.1 1 1
github.com/JailtonJunior94/ai-spec-harness/internal/detect/detect.go:137.2,137.14 1 1
github.com/JailtonJunior94/ai-spec-harness/internal/detect/framework.go:16.2,17.1 1 1
github.com/JailtonJunior94/ai-spec-harness/internal/detect/framework.go:20.2,22.1 3 1
github.com/JailtonJunior94/ai-spec-harness/internal/detect/framework.go:23.2,23.27 3 1
github.com/JailtonJunior94/ai-spec-harness/internal/detect/framework.go:24.3,24.18 1 1
github.com/JailtonJunior94/ai-spec-harness/internal/detect/framework.go:25.4,27.1 2 1
github.com/JailtonJunior94/ai-spec-harness/internal/detect/framework.go:31.2,32.31 2 1
github.com/JailtonJunior94/ai-spec-harness/internal/detect/framework.go:33.3,34.17 2 1
github.com/JailtonJunior94/ai-spec-harness/internal/detect/framework.go:35.4,35.12 1 0
github.com/JailtonJunior94/ai-spec-harness/internal/detect/framework.go:37.3,38.1 2 1
github.com/JailtonJunior94/ai-spec-harness/internal/detect/framework.go:39.3,39.60 2 1
github.com/JailtonJunior94/ai-spec-harness/internal/detect/framework.go:40.4,41.1 1 1
github.com/JailtonJunior94/ai-spec-harness/internal/detect/framework.go:42.3,42.60 1 1
github.com/JailtonJunior94/ai-spec-harness/internal/detect/framework.go:43.4,44.1 1 0
github.com/JailtonJunior94/ai-spec-harness/internal/detect/framework.go:45.3,45.60 1 1
github.com/JailtonJunior94/ai-spec-harness/internal/detect/framework.go:46.4,47.1 1 0
github.com/JailtonJunior94/ai-spec-harness/internal/detect/framework.go:48.3,48.58 1 1
github.com/JailtonJunior94/ai-spec-harness/internal/detect/framework.go:49.4,50.1 1 1
github.com/JailtonJunior94/ai-spec-harness/internal/detect/framework.go:51.3,51.58 1 1
github.com/JailtonJunior94/ai-spec-harness/internal/detect/framework.go:52.4,53.1 1 0
github.com/JailtonJunior94/ai-spec-harness/internal/detect/framework.go:57.2,58.31 2 1
github.com/JailtonJunior94/ai-spec-harness/internal/detect/framework.go:59.3,60.17 2 1
github.com/JailtonJunior94/ai-spec-harness/internal/detect/framework.go:61.4,61.12 1 0
github.com/JailtonJunior94/ai-spec-harness/internal/detect/framework.go:63.3,64.1 2 1
github.com/JailtonJunior94/ai-spec-harness/internal/detect/framework.go:65.3,65.45 2 1
github.com/JailtonJunior94/ai-spec-harness/internal/detect/framework.go:66.4,67.1 1 1
github.com/JailtonJunior94/ai-spec-harness/internal/detect/framework.go:68.3,68.50 1 1
github.com/JailtonJunior94/ai-spec-harness/internal/detect/framework.go:69.4,70.1 1 0
github.com/JailtonJunior94/ai-spec-harness/internal/detect/framework.go:71.3,71.45 1 1
github.com/JailtonJunior94/ai-spec-harness/internal/detect/framework.go:72.4,73.1 1 0
github.com/JailtonJunior94/ai-spec-harness/internal/detect/framework.go:74.3,74.42 1 1
github.com/JailtonJunior94/ai-spec-harness/internal/detect/framework.go:75.4,76.1 1 1
github.com/JailtonJunior94/ai-spec-harness/internal/detect/framework.go:77.3,77.42 1 1
github.com/JailtonJunior94/ai-spec-harness/internal/detect/framework.go:78.4,79.1 1 0
github.com/JailtonJunior94/ai-spec-harness/internal/detect/framework.go:83.2,84.33 2 1
github.com/JailtonJunior94/ai-spec-harness/internal/detect/framework.go:85.3,86.17 2 1
github.com/JailtonJunior94/ai-spec-harness/internal/detect/framework.go:87.4,87.12 1 0
github.com/JailtonJunior94/ai-spec-harness/internal/detect/framework.go:89.3,90.1 2 1
github.com/JailtonJunior94/ai-spec-harness/internal/detect/framework.go:91.3,91.43 2 1
github.com/JailtonJunior94/ai-spec-harness/internal/detect/framework.go:92.4,93.1 1 1
github.com/JailtonJunior94/ai-spec-harness/internal/detect/framework.go:94.3,94.42 1 1
github.com/JailtonJunior94/ai-spec-harness/internal/detect/framework.go:95.4,96.1 1 0
github.com/JailtonJunior94/ai-spec-harness/internal/detect/framework.go:97.3,97.41 1 1
github.com/JailtonJunior94/ai-spec-harness/internal/detect/framework.go:98.4,99.1 1 0
github.com/JailtonJunior94/ai-spec-harness/internal/detect/framework.go:102.2,103.35 2 1
github.com/JailtonJunior94/ai-spec-harness/internal/detect/framework.go:104.3,105.17 2 0
github.com/JailtonJunior94/ai-spec-harness/internal/detect/framework.go:106.4,106.12 1 0
github.com/JailtonJunior94/ai-spec-harness/internal/detect/framework.go:108.3,109.1 2 0
github.com/JailtonJunior94/ai-spec-harness/internal/detect/framework.go:110.3,110.43 2 0
github.com/JailtonJunior94/ai-spec-harness/internal/detect/framework.go:111.4,112.1 1 0
github.com/JailtonJunior94/ai-spec-harness/internal/detect/framework.go:113.3,113.42 1 0
github.com/JailtonJunior94/ai-spec-harness/internal/detect/framework.go:114.4,115.1 1 0
github.com/JailtonJunior94/ai-spec-harness/internal/detect/framework.go:116.3,116.41 1 0
github.com/JailtonJunior94/ai-spec-harness/internal/detect/framework.go:117.4,118.1 1 0
github.com/JailtonJunior94/ai-spec-harness/internal/detect/framework.go:121.2,121.19 1 1
github.com/JailtonJunior94/ai-spec-harness/internal/detect/framework.go:126.2,127.1 3 1
github.com/JailtonJunior94/ai-spec-harness/internal/detect/framework.go:128.2,129.33 3 1
github.com/JailtonJunior94/ai-spec-harness/internal/detect/framework.go:130.3,130.48 1 1
github.com/JailtonJunior94/ai-spec-harness/internal/detect/framework.go:131.4,132.9 2 1
github.com/JailtonJunior94/ai-spec-harness/internal/detect/framework.go:136.2,137.35 2 1
github.com/JailtonJunior94/ai-spec-harness/internal/detect/framework.go:138.3,138.48 1 1
github.com/JailtonJunior94/ai-spec-harness/internal/detect/framework.go:139.4,140.9 2 1
github.com/JailtonJunior94/ai-spec-harness/internal/detect/framework.go:144.2,145.37 2 1
github.com/JailtonJunior94/ai-spec-harness/internal/detect/framework.go:146.3,146.48 1 1
github.com/JailtonJunior94/ai-spec-harness/internal/detect/framework.go:147.4,148.9 2 1
github.com/JailtonJunior94/ai-spec-harness/internal/detect/framework.go:152.2,154.62 1 1
github.com/JailtonJunior94/ai-spec-harness/internal/detect/framework.go:155.3,156.1 1 0
github.com/JailtonJunior94/ai-spec-harness/internal/detect/framework.go:158.2,158.58 1 1
github.com/JailtonJunior94/ai-spec-harness/internal/detect/framework.go:159.3,160.1 1 0
github.com/JailtonJunior94/ai-spec-harness/internal/detect/framework.go:162.2,162.21 1 1
github.com/JailtonJunior94/ai-spec-harness/internal/detect/framework.go:163.3,164.1 1 0
github.com/JailtonJunior94/ai-spec-harness/internal/detect/framework.go:165.2,165.14 1 1
github.com/JailtonJunior94/ai-spec-harness/internal/detect/framework.go:170.2,170.26 1 1
github.com/JailtonJunior94/ai-spec-harness/internal/detect/framework.go:171.3,172.1 1 1
github.com/JailtonJunior94/ai-spec-harness/internal/detect/framework.go:173.2,173.39 1 1
github.com/JailtonJunior94/ai-spec-harness/internal/detect/r1_receiver.go:6.30,6.49 1 1
github.com/JailtonJunior94/ai-spec-harness/internal/detect/scoring.go:10.2,12.1 3 1
github.com/JailtonJunior94/ai-spec-harness/internal/detect/scoring.go:13.2,13.42 3 1
github.com/JailtonJunior94/ai-spec-harness/internal/detect/scoring.go:14.3,15.1 1 1
github.com/JailtonJunior94/ai-spec-harness/internal/detect/scoring.go:16.2,16.42 1 1
github.com/JailtonJunior94/ai-spec-harness/internal/detect/scoring.go:17.3,18.1 1 0
github.com/JailtonJunior94/ai-spec-harness/internal/detect/scoring.go:20.2,21.54 2 1
github.com/JailtonJunior94/ai-spec-harness/internal/detect/scoring.go:22.3,22.48 1 1
github.com/JailtonJunior94/ai-spec-harness/internal/detect/scoring.go:23.4,24.1 1 1
github.com/JailtonJunior94/ai-spec-harness/internal/detect/scoring.go:25.4,25.9 1 1
github.com/JailtonJunior94/ai-spec-harness/internal/detect/scoring.go:28.2,28.14 1 1
github.com/JailtonJunior94/ai-spec-harness/internal/detect/scoring.go:33.2,34.32 2 1
github.com/JailtonJunior94/ai-spec-harness/internal/detect/scoring.go:35.3,35.69 1 1
github.com/JailtonJunior94/ai-spec-harness/internal/detect/scoring.go:36.4,37.1 1 1
github.com/JailtonJunior94/ai-spec-harness/internal/detect/scoring.go:39.2,39.12 1 1
github.com/JailtonJunior94/ai-spec-harness/internal/detect/toolchain.go:36.2,37.1 1 1
github.com/JailtonJunior94/ai-spec-harness/internal/detect/toolchain.go:42.2,43.1 1 1
github.com/JailtonJunior94/ai-spec-harness/internal/detect/toolchain.go:46.2,46.27 1 1
github.com/JailtonJunior94/ai-spec-harness/internal/detect/toolchain.go:47.3,48.1 1 1
github.com/JailtonJunior94/ai-spec-harness/internal/detect/toolchain.go:49.2,49.36 1 1
github.com/JailtonJunior94/ai-spec-harness/internal/detect/toolchain.go:53.2,54.1 2 1
github.com/JailtonJunior94/ai-spec-harness/internal/detect/toolchain.go:55.2,55.28 2 1
github.com/JailtonJunior94/ai-spec-harness/internal/detect/toolchain.go:56.3,60.1 1 1
github.com/JailtonJunior94/ai-spec-harness/internal/detect/toolchain.go:63.2,63.47 1 1
github.com/JailtonJunior94/ai-spec-harness/internal/detect/toolchain.go:64.3,65.1 1 1
github.com/JailtonJunior94/ai-spec-harness/internal/detect/toolchain.go:67.2,67.49 1 1
github.com/JailtonJunior94/ai-spec-harness/internal/detect/toolchain.go:68.3,69.1 1 1
github.com/JailtonJunior94/ai-spec-harness/internal/detect/toolchain.go:72.2,72.22 1 1
github.com/JailtonJunior94/ai-spec-harness/internal/detect/toolchain.go:73.3,73.60 1 1
github.com/JailtonJunior94/ai-spec-harness/internal/detect/toolchain.go:74.4,75.1 1 1
github.com/JailtonJunior94/ai-spec-harness/internal/detect/toolchain.go:78.2,78.14 1 1
github.com/JailtonJunior94/ai-spec-harness/internal/detect/toolchain.go:79.3,79.35 1 1
github.com/JailtonJunior94/ai-spec-harness/internal/detect/toolchain.go:80.4,83.1 3 1
github.com/JailtonJunior94/ai-spec-harness/internal/detect/toolchain.go:86.2,86.15 1 1
github.com/JailtonJunior94/ai-spec-harness/internal/detect/toolchain.go:93.2,97.1 4 1
github.com/JailtonJunior94/ai-spec-harness/internal/detect/toolchain.go:99.2,108.1 4 1
github.com/JailtonJunior94/ai-spec-harness/internal/detect/toolchain.go:110.2,111.35 4 1
github.com/JailtonJunior94/ai-spec-harness/internal/detect/toolchain.go:112.3,112.58 1 1
github.com/JailtonJunior94/ai-spec-harness/internal/detect/toolchain.go:113.4,114.18 2 1
github.com/JailtonJunior94/ai-spec-harness/internal/detect/toolchain.go:115.5,116.1 1 0
github.com/JailtonJunior94/ai-spec-harness/internal/detect/toolchain.go:117.4,118.84 2 1
github.com/JailtonJunior94/ai-spec-harness/internal/detect/toolchain.go:122.2,122.26 1 1
github.com/JailtonJunior94/ai-spec-harness/internal/detect/toolchain.go:123.3,124.1 1 0
github.com/JailtonJunior94/ai-spec-harness/internal/detect/toolchain.go:126.2,127.31 2 1
github.com/JailtonJunior94/ai-spec-harness/internal/detect/toolchain.go:128.3,128.26 1 1
github.com/JailtonJunior94/ai-spec-harness/internal/detect/toolchain.go:129.4,130.1 1 1
github.com/JailtonJunior94/ai-spec-harness/internal/detect/toolchain.go:134.2,134.20 1 1
github.com/JailtonJunior94/ai-spec-harness/internal/detect/toolchain.go:135.3,136.1 1 1
github.com/JailtonJunior94/ai-spec-harness/internal/detect/toolchain.go:139.2,140.31 2 1
github.com/JailtonJunior94/ai-spec-harness/internal/detect/toolchain.go:141.3,141.27 1 1
github.com/JailtonJunior94/ai-spec-harness/internal/detect/toolchain.go:142.4,143.9 2 1
github.com/JailtonJunior94/ai-spec-harness/internal/detect/toolchain.go:147.2,148.21 2 1
github.com/JailtonJunior94/ai-spec-harness/internal/detect/toolchain.go:150.3,154.1 1 1
github.com/JailtonJunior94/ai-spec-harness/internal/detect/toolchain.go:156.3,156.73 1 1
github.com/JailtonJunior94/ai-spec-harness/internal/detect/toolchain.go:157.4,158.1 1 1
github.com/JailtonJunior94/ai-spec-harness/internal/detect/toolchain.go:160.3,160.50 1 0
github.com/JailtonJunior94/ai-spec-harness/internal/detect/toolchain.go:161.4,162.1 1 0
github.com/JailtonJunior94/ai-spec-harness/internal/detect/toolchain.go:165.2,165.14 1 1
github.com/JailtonJunior94/ai-spec-harness/internal/detect/toolchain.go:166.3,166.35 1 0
github.com/JailtonJunior94/ai-spec-harness/internal/detect/toolchain.go:167.4,170.1 3 0
github.com/JailtonJunior94/ai-spec-harness/internal/detect/toolchain.go:173.2,173.15 1 1
github.com/JailtonJunior94/ai-spec-harness/internal/detect/toolchain.go:178.2,178.42 1 1
github.com/JailtonJunior94/ai-spec-harness/internal/detect/toolchain.go:179.3,180.1 1 0
github.com/JailtonJunior94/ai-spec-harness/internal/detect/toolchain.go:181.2,182.49 2 1
github.com/JailtonJunior94/ai-spec-harness/internal/detect/toolchain.go:183.3,184.1 1 0
github.com/JailtonJunior94/ai-spec-harness/internal/detect/toolchain.go:188.2,191.1 1 1
github.com/JailtonJunior94/ai-spec-harness/internal/detect/toolchain.go:194.2,195.24 2 1
github.com/JailtonJunior94/ai-spec-harness/internal/detect/toolchain.go:196.3,197.1 1 1
github.com/JailtonJunior94/ai-spec-harness/internal/detect/toolchain.go:199.2,201.1 3 1
github.com/JailtonJunior94/ai-spec-harness/internal/detect/toolchain.go:202.2,202.31 3 1
github.com/JailtonJunior94/ai-spec-harness/internal/detect/toolchain.go:203.3,206.1 5 1
github.com/JailtonJunior94/ai-spec-harness/internal/detect/toolchain.go:207.3,208.19 5 1
github.com/JailtonJunior94/ai-spec-harness/internal/detect/toolchain.go:209.4,209.37 1 1
github.com/JailtonJunior94/ai-spec-harness/internal/detect/toolchain.go:210.5,211.1 1 1
github.com/JailtonJunior94/ai-spec-harness/internal/detect/toolchain.go:211.11,211.44 1 0
github.com/JailtonJunior94/ai-spec-harness/internal/detect/toolchain.go:212.5,213.1 1 0
github.com/JailtonJunior94/ai-spec-harness/internal/detect/toolchain.go:214.5,215.1 1 0
github.com/JailtonJunior94/ai-spec-harness/internal/detect/toolchain.go:218.3,218.22 1 1
github.com/JailtonJunior94/ai-spec-harness/internal/detect/toolchain.go:219.4,219.22 1 1
github.com/JailtonJunior94/ai-spec-harness/internal/detect/toolchain.go:220.5,221.1 1 1
github.com/JailtonJunior94/ai-spec-harness/internal/detect/toolchain.go:221.11,221.32 1 1
github.com/JailtonJunior94/ai-spec-harness/internal/detect/toolchain.go:222.5,223.1 1 0
github.com/JailtonJunior94/ai-spec-harness/internal/detect/toolchain.go:225.3,225.23 1 1
github.com/JailtonJunior94/ai-spec-harness/internal/detect/toolchain.go:226.4,226.23 1 1
github.com/JailtonJunior94/ai-spec-harness/internal/detect/toolchain.go:227.5,228.1 1 1
github.com/JailtonJunior94/ai-spec-harness/internal/detect/toolchain.go:228.11,228.35 1 1
github.com/JailtonJunior94/ai-spec-harness/internal/detect/toolchain.go:229.5,230.1 1 0
github.com/JailtonJunior94/ai-spec-harness/internal/detect/toolchain.go:232.3,232.42 1 1
github.com/JailtonJunior94/ai-spec-harness/internal/detect/toolchain.go:233.4,234.1 1 1
github.com/JailtonJunior94/ai-spec-harness/internal/detect/toolchain.go:237.2,237.20 1 1
github.com/JailtonJunior94/ai-spec-harness/internal/detect/toolchain.go:242.2,246.1 6 1
github.com/JailtonJunior94/ai-spec-harness/internal/detect/toolchain.go:247.2,248.18 6 1
github.com/JailtonJunior94/ai-spec-harness/internal/detect/toolchain.go:249.3,249.36 1 1
github.com/JailtonJunior94/ai-spec-harness/internal/detect/toolchain.go:250.4,251.1 1 0
github.com/JailtonJunior94/ai-spec-harness/internal/detect/toolchain.go:251.10,251.43 1 1
github.com/JailtonJunior94/ai-spec-harness/internal/detect/toolchain.go:252.4,253.1 1 0
github.com/JailtonJunior94/ai-spec-harness/internal/detect/toolchain.go:254.4,255.1 1 1
github.com/JailtonJunior94/ai-spec-harness/internal/detect/toolchain.go:258.2,259.20 2 1
github.com/JailtonJunior94/ai-spec-harness/internal/detect/toolchain.go:260.3,261.1 1 0
github.com/JailtonJunior94/ai-spec-harness/internal/detect/toolchain.go:261.9,261.30 1 1
github.com/JailtonJunior94/ai-spec-harness/internal/detect/toolchain.go:262.3,263.1 1 0
github.com/JailtonJunior94/ai-spec-harness/internal/detect/toolchain.go:264.2,264.21 1 1
github.com/JailtonJunior94/ai-spec-harness/internal/detect/toolchain.go:265.3,266.1 1 1
github.com/JailtonJunior94/ai-spec-harness/internal/detect/toolchain.go:266.9,266.33 1 0
github.com/JailtonJunior94/ai-spec-harness/internal/detect/toolchain.go:267.3,268.1 1 0
github.com/JailtonJunior94/ai-spec-harness/internal/detect/toolchain.go:269.2,269.21 1 1
github.com/JailtonJunior94/ai-spec-harness/internal/detect/toolchain.go:270.3,271.1 1 0
github.com/JailtonJunior94/ai-spec-harness/internal/detect/toolchain.go:272.2,272.20 1 1
github.com/JailtonJunior94/ai-spec-harness/internal/detect/toolchain.go:276.2,280.1 5 1
github.com/JailtonJunior94/ai-spec-harness/internal/detect/toolchain.go:281.2,281.82 5 1
github.com/JailtonJunior94/ai-spec-harness/internal/detect/toolchain.go:282.3,283.1 1 1
github.com/JailtonJunior94/ai-spec-harness/internal/detect/toolchain.go:285.2,286.1 2 1
github.com/JailtonJunior94/ai-spec-harness/internal/detect/toolchain.go:287.2,287.38 2 1
github.com/JailtonJunior94/ai-spec-harness/internal/detect/toolchain.go:288.3,289.17 2 1
github.com/JailtonJunior94/ai-spec-harness/internal/detect/toolchain.go:290.4,290.12 1 0
github.com/JailtonJunior94/ai-spec-harness/internal/detect/toolchain.go:292.3,293.1 2 1
github.com/JailtonJunior94/ai-spec-harness/internal/detect/toolchain.go:294.3,294.42 2 1
github.com/JailtonJunior94/ai-spec-harness/internal/detect/toolchain.go:295.4,295.78 1 1
github.com/JailtonJunior94/ai-spec-harness/internal/detect/toolchain.go:296.5,296.24 1 1
github.com/JailtonJunior94/ai-spec-harness/internal/detect/toolchain.go:297.6,298.1 1 1
github.com/JailtonJunior94/ai-spec-harness/internal/detect/toolchain.go:299.5,299.25 1 1
github.com/JailtonJunior94/ai-spec-harness/internal/detect/toolchain.go:300.6,301.1 1 1
github.com/JailtonJunior94/ai-spec-harness/internal/detect/toolchain.go:304.3,304.23 1 1
github.com/JailtonJunior94/ai-spec-harness/internal/detect/toolchain.go:305.4,305.82 1 1
github.com/JailtonJunior94/ai-spec-harness/internal/detect/toolchain.go:306.5,307.1 1 1
github.com/JailtonJunior94/ai-spec-harness/internal/detect/toolchain.go:311.2,311.22 1 1
github.com/JailtonJunior94/ai-spec-harness/internal/detect/toolchain.go:312.3,313.83 2 0
github.com/JailtonJunior94/ai-spec-harness/internal/detect/toolchain.go:314.4,315.1 1 0
github.com/JailtonJunior94/ai-spec-harness/internal/detect/toolchain.go:318.2,318.20 1 1
github.com/JailtonJunior94/ai-spec-harness/internal/detect/toolchain.go:322.2,323.65 1 1
github.com/JailtonJunior94/ai-spec-harness/internal/detect/toolchain.go:324.3,325.1 1 1
github.com/JailtonJunior94/ai-spec-harness/internal/detect/toolchain.go:326.2,326.57 1 1
github.com/JailtonJunior94/ai-spec-harness/internal/detect/toolchain.go:327.3,328.1 1 0
github.com/JailtonJunior94/ai-spec-harness/internal/detect/toolchain.go:329.2,329.57 1 1
github.com/JailtonJunior94/ai-spec-harness/internal/detect/toolchain.go:330.3,331.1 1 1
github.com/JailtonJunior94/ai-spec-harness/internal/detect/toolchain.go:332.2,332.14 1 1
github.com/JailtonJunior94/ai-spec-harness/internal/detect/toolchain.go:336.2,338.16 3 1
github.com/JailtonJunior94/ai-spec-harness/internal/detect/toolchain.go:339.3,340.1 1 0
github.com/JailtonJunior94/ai-spec-harness/internal/detect/toolchain.go:342.2,344.1 2 1
github.com/JailtonJunior94/ai-spec-harness/internal/detect/toolchain.go:345.2,345.51 2 1
github.com/JailtonJunior94/ai-spec-harness/internal/detect/toolchain.go:346.3,347.1 1 0
github.com/JailtonJunior94/ai-spec-harness/internal/detect/toolchain.go:349.2,349.29 1 1
github.com/JailtonJunior94/ai-spec-harness/internal/detect/toolchain.go:350.3,351.1 1 1
github.com/JailtonJunior94/ai-spec-harness/internal/detect/toolchain.go:352.2,352.16 1 1
github.com/JailtonJunior94/ai-spec-harness/internal/detect/toolchain.go:356.2,357.16 2 1
github.com/JailtonJunior94/ai-spec-harness/internal/detect/toolchain.go:358.3,359.1 1 0
github.com/JailtonJunior94/ai-spec-harness/internal/detect/toolchain.go:361.2,363.1 2 1
github.com/JailtonJunior94/ai-spec-harness/internal/detect/toolchain.go:364.2,364.51 2 1
github.com/JailtonJunior94/ai-spec-harness/internal/detect/toolchain.go:365.3,366.1 1 0
github.com/JailtonJunior94/ai-spec-harness/internal/detect/toolchain.go:367.2,367.17 1 1
github.com/JailtonJunior94/ai-spec-harness/internal/detect/toolchain.go:371.2,373.30 3 1
github.com/JailtonJunior94/ai-spec-harness/internal/detect/toolchain.go:374.3,375.1 1 1
github.com/JailtonJunior94/ai-spec-harness/internal/detect/toolchain.go:376.2,376.12 1 1
github.com/JailtonJunior94/ai-spec-harness/internal/detect/toolchain.go:380.2,381.1 1 1
github.com/JailtonJunior94/ai-spec-harness/internal/detect/toolchain.go:384.2,385.32 2 1
github.com/JailtonJunior94/ai-spec-harness/internal/detect/toolchain.go:386.3,387.1 1 1
github.com/JailtonJunior94/ai-spec-harness/internal/detect/toolchain.go:388.2,389.16 2 1
github.com/JailtonJunior94/ai-spec-harness/internal/detect/toolchain.go:390.3,391.1 1 0
github.com/JailtonJunior94/ai-spec-harness/internal/detect/toolchain.go:392.2,394.20 3 1
github.com/JailtonJunior94/ai-spec-harness/internal/detect/toolchain.go:395.3,396.1 1 1
github.com/JailtonJunior94/ai-spec-harness/internal/detect/toolchain.go:397.2,397.21 1 1
github.com/JailtonJunior94/ai-spec-harness/internal/detect/toolchain.go:398.3,399.1 1 1
github.com/JailtonJunior94/ai-spec-harness/internal/detect/toolchain.go:400.2,400.21 1 1
github.com/JailtonJunior94/ai-spec-harness/internal/detect/toolchain.go:401.3,402.1 1 1
github.com/JailtonJunior94/ai-spec-harness/internal/detect/toolchain.go:403.2,403.20 1 1
github.com/JailtonJunior94/ai-spec-harness/internal/detect/toolchain.go:407.2,408.52 2 1
github.com/JailtonJunior94/ai-spec-harness/internal/detect/toolchain.go:409.3,409.56 1 1
github.com/JailtonJunior94/ai-spec-harness/internal/detect/toolchain.go:410.4,410.41 1 1
github.com/JailtonJunior94/ai-spec-harness/internal/detect/toolchain.go:411.5,412.1 1 1
github.com/JailtonJunior94/ai-spec-harness/internal/detect/toolchain.go:415.2,415.16 1 1
github.com/JailtonJunior94/ai-spec-harness/internal/detect/toolchain.go:419.2,421.1 2 1
github.com/JailtonJunior94/ai-spec-harness/internal/detect/toolchain.go:424.2,425.1 1 1
github.com/JailtonJunior94/ai-spec-harness/internal/detect/toolchain.go:429.2,432.1 3 1
github.com/JailtonJunior94/ai-spec-harness/internal/detect/toolchain.go:435.2,435.22 1 1
github.com/JailtonJunior94/ai-spec-harness/internal/detect/toolchain.go:436.3,437.1 1 0
github.com/JailtonJunior94/ai-spec-harness/internal/detect/toolchain.go:440.2,443.1 3 1
github.com/JailtonJunior94/ai-spec-harness/internal/detect/toolchain.go:445.2,446.48 3 1
github.com/JailtonJunior94/ai-spec-harness/internal/detect/toolchain.go:447.3,448.1 1 1
github.com/JailtonJunior94/ai-spec-harness/internal/detect/toolchain.go:450.2,451.16 2 1
github.com/JailtonJunior94/ai-spec-harness/internal/detect/toolchain.go:452.3,453.1 1 0
github.com/JailtonJunior94/ai-spec-harness/internal/detect/toolchain.go:455.2,455.28 1 1
github.com/JailtonJunior94/ai-spec-harness/internal/detect/toolchain.go:456.3,456.17 1 1
github.com/JailtonJunior94/ai-spec-harness/internal/detect/toolchain.go:457.4,457.12 1 1
github.com/JailtonJunior94/ai-spec-harness/internal/detect/toolchain.go:459.3,459.27 1 1
github.com/JailtonJunior94/ai-spec-harness/internal/detect/toolchain.go:460.4,460.12 1 0
github.com/JailtonJunior94/ai-spec-harness/internal/detect/toolchain.go:462.3,462.105 1 1
github.com/JailtonJunior94/ai-spec-harness/internal/detect/toolchain.go:468.2,470.1 2 0
github.com/JailtonJunior94/ai-spec-harness/internal/fs/fake.go:21.2,26.1 1 1
github.com/JailtonJunior94/ai-spec-harness/internal/fs/fake.go:30.2,33.1 3 1
github.com/JailtonJunior94/ai-spec-harness/internal/fs/fake.go:36.2,38.9 3 1
github.com/JailtonJunior94/ai-spec-harness/internal/fs/fake.go:39.3,40.1 1 1
github.com/JailtonJunior94/ai-spec-harness/internal/fs/fake.go:41.2,42.12 2 1
github.com/JailtonJunior94/ai-spec-harness/internal/fs/fake.go:46.2,49.34 4 1
github.com/JailtonJunior94/ai-spec-harness/internal/fs/fake.go:50.3,50.47 1 1
github.com/JailtonJunior94/ai-spec-harness/internal/fs/fake.go:51.4,54.1 3 1
github.com/JailtonJunior94/ai-spec-harness/internal/fs/fake.go:56.2,56.12 1 1
github.com/JailtonJunior94/ai-spec-harness/internal/fs/fake.go:60.2,62.1 2 1
github.com/JailtonJunior94/ai-spec-harness/internal/fs/fake.go:65.2,68.1 3 1
github.com/JailtonJunior94/ai-spec-harness/internal/fs/fake.go:71.2,72.28 2 1
github.com/JailtonJunior94/ai-spec-harness/internal/fs/fake.go:73.3,74.1 1 1
github.com/JailtonJunior94/ai-spec-harness/internal/fs/fake.go:75.2,76.25 2 1
github.com/JailtonJunior94/ai-spec-harness/internal/fs/fake.go:77.3,77.46 1 1
github.com/JailtonJunior94/ai-spec-harness/internal/fs/fake.go:78.4,79.1 1 1
github.com/JailtonJunior94/ai-spec-harness/internal/fs/fake.go:81.2,81.25 1 1
github.com/JailtonJunior94/ai-spec-harness/internal/fs/fake.go:82.3,82.46 1 0
github.com/JailtonJunior94/ai-spec-harness/internal/fs/fake.go:83.4,84.1 1 0
github.com/JailtonJunior94/ai-spec-harness/internal/fs/fake.go:86.2,86.12 1 1
github.com/JailtonJunior94/ai-spec-harness/internal/fs/fake.go:90.2,90.32 1 1
github.com/JailtonJunior94/ai-spec-harness/internal/fs/fake.go:91.3,92.1 1 0
github.com/JailtonJunior94/ai-spec-harness/internal/fs/fake.go:93.2,94.36 2 1
github.com/JailtonJunior94/ai-spec-harness/internal/fs/fake.go:95.3,96.1 1 1
github.com/JailtonJunior94/ai-spec-harness/internal/fs/fake.go:97.2,97.35 1 1
github.com/JailtonJunior94/ai-spec-harness/internal/fs/fake.go:98.3,99.1 1 1
github.com/JailtonJunior94/ai-spec-harness/internal/fs/fake.go:101.2,101.25 1 1
github.com/JailtonJunior94/ai-spec-harness/internal/fs/fake.go:102.3,102.29 1 1
github.com/JailtonJunior94/ai-spec-harness/internal/fs/fake.go:103.4,104.1 1 1
github.com/JailtonJunior94/ai-spec-harness/internal/fs/fake.go:106.2,106.14 1 1
github.com/JailtonJunior94/ai-spec-harness/internal/fs/fake.go:110.2,111.22 2 1
github.com/JailtonJunior94/ai-spec-harness/internal/fs/fake.go:112.3,113.1 1 1
github.com/JailtonJunior94/ai-spec-harness/internal/fs/fake.go:114.2,114.25 1 1
github.com/JailtonJunior94/ai-spec-harness/internal/fs/fake.go:115.3,115.29 1 1
github.com/JailtonJunior94/ai-spec-harness/internal/fs/fake.go:116.4,117.1 1 1
github.com/JailtonJunior94/ai-spec-harness/internal/fs/fake.go:119.2,119.14 1 1
github.com/JailtonJunior94/ai-spec-harness/internal/fs/fake.go:123.2,125.1 2 1
github.com/JailtonJunior94/ai-spec-harness/internal/fs/fake.go:128.2,129.1 1 1
github.com/JailtonJunior94/ai-spec-harness/internal/fs/fake.go:132.2,134.9 3 1
github.com/JailtonJunior94/ai-spec-harness/internal/fs/fake.go:135.3,136.1 1 1
github.com/JailtonJunior94/ai-spec-harness/internal/fs/fake.go:137.2,137.18 1 1
github.com/JailtonJunior94/ai-spec-harness/internal/fs/fake.go:141.2,143.1 2 1
github.com/JailtonJunior94/ai-spec-harness/internal/fs/fake.go:146.2,148.1 2 1
github.com/JailtonJunior94/ai-spec-harness/internal/fs/fake.go:151.2,154.1 4 1
github.com/JailtonJunior94/ai-spec-harness/internal/fs/fake.go:155.2,155.25 4 1
github.com/JailtonJunior94/ai-spec-harness/internal/fs/fake.go:156.3,157.10 2 1
github.com/JailtonJunior94/ai-spec-harness/internal/fs/fake.go:158.4,158.12 1 1
github.com/JailtonJunior94/ai-spec-harness/internal/fs/fake.go:160.3,162.17 3 1
github.com/JailtonJunior94/ai-spec-harness/internal/fs/fake.go:163.4,163.12 1 0
github.com/JailtonJunior94/ai-spec-harness/internal/fs/fake.go:165.3,167.67 3 1
github.com/JailtonJunior94/ai-spec-harness/internal/fs/fake.go:170.2,170.24 1 1
github.com/JailtonJunior94/ai-spec-harness/internal/fs/fake.go:171.3,172.10 2 0
github.com/JailtonJunior94/ai-spec-harness/internal/fs/fake.go:173.4,173.12 1 0
github.com/JailtonJunior94/ai-spec-harness/internal/fs/fake.go:175.3,177.17 3 0
github.com/JailtonJunior94/ai-spec-harness/internal/fs/fake.go:178.4,178.12 1 0
github.com/JailtonJunior94/ai-spec-harness/internal/fs/fake.go:180.3,181.66 2 0
github.com/JailtonJunior94/ai-spec-harness/internal/fs/fake.go:184.2,184.42 1 1
github.com/JailtonJunior94/ai-spec-harness/internal/fs/fake.go:184.44,184.90 1 1
github.com/JailtonJunior94/ai-spec-harness/internal/fs/fake.go:185.2,185.21 1 1
github.com/JailtonJunior94/ai-spec-harness/internal/fs/fake.go:189.2,191.9 3 1
github.com/JailtonJunior94/ai-spec-harness/internal/fs/fake.go:192.3,193.1 1 1
github.com/JailtonJunior94/ai-spec-harness/internal/fs/fake.go:194.2,195.37 2 1
github.com/JailtonJunior94/ai-spec-harness/internal/fs/fake.go:199.2,199.20 1 1
github.com/JailtonJunior94/ai-spec-harness/internal/fs/fake.go:200.3,201.1 1 1
github.com/JailtonJunior94/ai-spec-harness/internal/fs/fake.go:202.2,204.25 3 1
github.com/JailtonJunior94/ai-spec-harness/internal/fs/fake.go:205.3,205.41 1 1
github.com/JailtonJunior94/ai-spec-harness/internal/fs/fake.go:206.4,208.1 2 1
github.com/JailtonJunior94/ai-spec-harness/internal/fs/fake.go:210.2,212.30 3 1
github.com/JailtonJunior94/ai-spec-harness/internal/fs/fake.go:213.3,215.1 2 1
github.com/JailtonJunior94/ai-spec-harness/internal/fs/fake.go:216.2,216.43 1 1
github.com/JailtonJunior94/ai-spec-harness/internal/fs/fake.go:220.2,221.1 1 1
github.com/JailtonJunior94/ai-spec-harness/internal/fs/fake.go:224.2,226.6 3 1
github.com/JailtonJunior94/ai-spec-harness/internal/fs/fake.go:227.3,227.20 1 1
github.com/JailtonJunior94/ai-spec-harness/internal/fs/fake.go:228.4,229.1 1 0
github.com/JailtonJunior94/ai-spec-harness/internal/fs/fake.go:230.3,231.1 4 1
github.com/JailtonJunior94/ai-spec-harness/internal/fs/fake.go:232.3,234.37 4 1
github.com/JailtonJunior94/ai-spec-harness/internal/fs/fake.go:235.4,236.96 2 1
github.com/JailtonJunior94/ai-spec-harness/internal/fs/fake.go:237.5,237.38 1 1
github.com/JailtonJunior94/ai-spec-harness/internal/fs/fake.go:238.6,240.1 2 1
github.com/JailtonJunior94/ai-spec-harness/internal/fs/fake.go:243.3,243.20 1 1
github.com/JailtonJunior94/ai-spec-harness/internal/fs/fake.go:244.4,245.1 1 1
github.com/JailtonJunior94/ai-spec-harness/internal/fs/fake.go:247.3,247.37 1 1
github.com/JailtonJunior94/ai-spec-harness/internal/fs/fake.go:248.4,249.1 1 0
github.com/JailtonJunior94/ai-spec-harness/internal/fs/fake.go:250.3,251.49 2 1
github.com/JailtonJunior94/ai-spec-harness/internal/fs/fake.go:260.40,260.55 1 1
github.com/JailtonJunior94/ai-spec-harness/internal/fs/fake.go:261.40,261.54 1 1
github.com/JailtonJunior94/ai-spec-harness/internal/fs/fake.go:263.2,263.11 1 0
github.com/JailtonJunior94/ai-spec-harness/internal/fs/fake.go:264.3,265.1 1 0
github.com/JailtonJunior94/ai-spec-harness/internal/fs/fake.go:266.2,266.10 1 0
github.com/JailtonJunior94/ai-spec-harness/internal/fs/fake.go:268.54,268.71 1 0
github.com/JailtonJunior94/ai-spec-harness/internal/fs/fake.go:278.2,281.47 4 1
github.com/JailtonJunior94/ai-spec-harness/internal/fs/fake.go:282.3,283.1 1 1
github.com/JailtonJunior94/ai-spec-harness/internal/fs/fake.go:284.2,284.56 1 1
github.com/JailtonJunior94/ai-spec-harness/internal/fs/fake.go:289.2,291.1 2 1
github.com/JailtonJunior94/ai-spec-harness/internal/fs/fake.go:303.2,304.1 1 1
github.com/JailtonJunior94/ai-spec-harness/internal/fs/fs.go:39.40,39.64 1 1
github.com/JailtonJunior94/ai-spec-harness/internal/fs/fs.go:42.2,43.1 1 1
github.com/JailtonJunior94/ai-spec-harness/internal/fs/fs.go:46.2,47.16 2 1
github.com/JailtonJunior94/ai-spec-harness/internal/fs/fs.go:48.3,49.1 1 1
github.com/JailtonJunior94/ai-spec-harness/internal/fs/fs.go:50.2,51.1 2 1
github.com/JailtonJunior94/ai-spec-harness/internal/fs/fs.go:52.2,52.62 2 1
github.com/JailtonJunior94/ai-spec-harness/internal/fs/fs.go:53.3,54.1 1 0
github.com/JailtonJunior94/ai-spec-harness/internal/fs/fs.go:56.2,56.104 1 1
github.com/JailtonJunior94/ai-spec-harness/internal/fs/fs.go:57.3,58.1 1 1
github.com/JailtonJunior94/ai-spec-harness/internal/fs/fs.go:60.2,61.16 2 1
github.com/JailtonJunior94/ai-spec-harness/internal/fs/fs.go:62.3,63.1 1 0
github.com/JailtonJunior94/ai-spec-harness/internal/fs/fs.go:64.2,65.1 2 1
github.com/JailtonJunior94/ai-spec-harness/internal/fs/fs.go:66.2,66.44 2 1
github.com/JailtonJunior94/ai-spec-harness/internal/fs/fs.go:67.3,68.1 1 0
github.com/JailtonJunior94/ai-spec-harness/internal/fs/fs.go:70.2,71.16 2 1
github.com/JailtonJunior94/ai-spec-harness/internal/fs/fs.go:72.3,73.1 1 0
github.com/JailtonJunior94/ai-spec-harness/internal/fs/fs.go:74.2,74.55 1 1
github.com/JailtonJunior94/ai-spec-harness/internal/fs/fs.go:78.2,78.81 1 1
github.com/JailtonJunior94/ai-spec-harness/internal/fs/fs.go:79.3,79.17 1 1
github.com/JailtonJunior94/ai-spec-harness/internal/fs/fs.go:80.4,81.1 1 0
github.com/JailtonJunior94/ai-spec-harness/internal/fs/fs.go:83.3,84.17 2 1
github.com/JailtonJunior94/ai-spec-harness/internal/fs/fs.go:85.4,86.1 1 0
github.com/JailtonJunior94/ai-spec-harness/internal/fs/fs.go:87.3,88.1 2 1
github.com/JailtonJunior94/ai-spec-harness/internal/fs/fs.go:89.3,89.19 2 1
github.com/JailtonJunior94/ai-spec-harness/internal/fs/fs.go:90.4,91.52 2 1
github.com/JailtonJunior94/ai-spec-harness/internal/fs/fs.go:92.5,93.1 1 0
github.com/JailtonJunior94/ai-spec-harness/internal/fs/fs.go:94.4,94.33 1 1
github.com/JailtonJunior94/ai-spec-harness/internal/fs/fs.go:96.3,96.34 1 1
github.com/JailtonJunior94/ai-spec-harness/internal/fs/fs.go:101.2,101.63 1 1
github.com/JailtonJunior94/ai-spec-harness/internal/fs/fs.go:102.3,103.1 1 0
github.com/JailtonJunior94/ai-spec-harness/internal/fs/fs.go:104.2,105.33 2 1
github.com/JailtonJunior94/ai-spec-harness/internal/fs/fs.go:109.2,110.1 1 1
github.com/JailtonJunior94/ai-spec-harness/internal/fs/fs.go:113.2,113.16 1 1
github.com/JailtonJunior94/ai-spec-harness/internal/fs/fs.go:114.3,115.1 1 0
github.com/JailtonJunior94/ai-spec-harness/internal/fs/fs.go:117.2,118.16 2 1
github.com/JailtonJunior94/ai-spec-harness/internal/fs/fs.go:119.3,120.1 1 0
github.com/JailtonJunior94/ai-spec-harness/internal/fs/fs.go:121.2,121.15 1 1
github.com/JailtonJunior94/ai-spec-harness/internal/fs/fs.go:121.17,121.35 1 1
github.com/JailtonJunior94/ai-spec-harness/internal/fs/fs.go:123.2,125.32 3 1
github.com/JailtonJunior94/ai-spec-harness/internal/fs/fs.go:126.3,127.17 2 1
github.com/JailtonJunior94/ai-spec-harness/internal/fs/fs.go:128.4,130.1 2 1
github.com/JailtonJunior94/ai-spec-harness/internal/fs/fs.go:133.2,133.29 1 1
github.com/JailtonJunior94/ai-spec-harness/internal/fs/fs.go:137.2,139.1 2 1
github.com/JailtonJunior94/ai-spec-harness/internal/fs/fs.go:142.2,144.1 2 1
github.com/JailtonJunior94/ai-spec-harness/internal/fs/fs.go:147.2,149.1 2 1
github.com/JailtonJunior94/ai-spec-harness/internal/fs/fs.go:152.2,153.16 2 0
github.com/JailtonJunior94/ai-spec-harness/internal/fs/fs.go:154.3,155.1 1 0
github.com/JailtonJunior94/ai-spec-harness/internal/fs/fs.go:156.2,156.22 1 0
github.com/JailtonJunior94/ai-spec-harness/internal/fs/fs.go:160.2,161.1 1 1
github.com/JailtonJunior94/ai-spec-harness/internal/fs/fs.go:164.2,164.63 1 1
github.com/JailtonJunior94/ai-spec-harness/internal/fs/fs.go:165.3,166.1 1 0
github.com/JailtonJunior94/ai-spec-harness/internal/fs/fs.go:167.2,167.105 1 1
github.com/JailtonJunior94/ai-spec-harness/internal/fs/fs.go:168.3,169.1 1 1
github.com/JailtonJunior94/ai-spec-harness/internal/fs/fs.go:170.2,170.40 1 1
github.com/JailtonJunior94/ai-spec-harness/internal/fs/fs.go:174.2,175.48 2 1
github.com/JailtonJunior94/ai-spec-harness/internal/fs/fs.go:176.3,177.1 1 0
github.com/JailtonJunior94/ai-spec-harness/internal/fs/fs.go:178.2,178.105 1 1
github.com/JailtonJunior94/ai-spec-harness/internal/fs/fs.go:179.3,180.1 1 1
github.com/JailtonJunior94/ai-spec-harness/internal/fs/fs.go:181.2,182.16 2 1
github.com/JailtonJunior94/ai-spec-harness/internal/fs/fs.go:183.3,184.1 1 1
github.com/JailtonJunior94/ai-spec-harness/internal/fs/fs.go:185.2,186.15 2 1
github.com/JailtonJunior94/ai-spec-harness/internal/fs/fs.go:187.3,188.1 1 1
github.com/JailtonJunior94/ai-spec-harness/internal/fs/fs.go:189.2,189.43 1 1
github.com/JailtonJunior94/ai-spec-harness/internal/fs/fs.go:190.3,192.1 2 0
github.com/JailtonJunior94/ai-spec-harness/internal/fs/fs.go:193.2,193.35 1 1
github.com/JailtonJunior94/ai-spec-harness/internal/fs/fs.go:194.3,196.1 2 0
github.com/JailtonJunior94/ai-spec-harness/internal/fs/fs.go:197.2,197.36 1 1
github.com/JailtonJunior94/ai-spec-harness/internal/fs/fs.go:198.3,199.1 1 0
github.com/JailtonJunior94/ai-spec-harness/internal/fs/fs.go:200.2,200.49 1 1
github.com/JailtonJunior94/ai-spec-harness/internal/fs/fs.go:201.3,202.1 1 0
github.com/JailtonJunior94/ai-spec-harness/internal/fs/fs.go:203.2,203.12 1 1
github.com/JailtonJunior94/ai-spec-harness/internal/fs/fs.go:207.2,208.1 1 1
github.com/JailtonJunior94/ai-spec-harness/internal/fs/fs.go:211.2,212.16 2 1
github.com/JailtonJunior94/ai-spec-harness/internal/fs/fs.go:213.3,214.1 1 1
github.com/JailtonJunior94/ai-spec-harness/internal/fs/fs.go:215.2,216.1 3 1
github.com/JailtonJunior94/ai-spec-harness/internal/fs/fs.go:217.2,218.44 3 1
github.com/JailtonJunior94/ai-spec-harness/internal/fs/fs.go:219.3,220.1 1 0
github.com/JailtonJunior94/ai-spec-harness/internal/fs/fs.go:221.2,221.43 1 1
github.com/JailtonJunior94/ai-spec-harness/internal/fs/fs.go:225.2,225.20 1 1
github.com/JailtonJunior94/ai-spec-harness/internal/fs/fs.go:226.3,227.1 1 1
github.com/JailtonJunior94/ai-spec-harness/internal/fs/fs.go:229.2,230.79 2 1
github.com/JailtonJunior94/ai-spec-harness/internal/fs/fs.go:231.3,231.33 1 1
github.com/JailtonJunior94/ai-spec-harness/internal/fs/fs.go:232.4,233.1 1 1
github.com/JailtonJunior94/ai-spec-harness/internal/fs/fs.go:234.3,236.13 3 1
github.com/JailtonJunior94/ai-spec-harness/internal/fs/fs.go:238.2,238.16 1 1
github.com/JailtonJunior94/ai-spec-harness/internal/fs/fs.go:239.3,240.1 1 0
github.com/JailtonJunior94/ai-spec-harness/internal/fs/fs.go:242.2,244.30 3 1
github.com/JailtonJunior94/ai-spec-harness/internal/fs/fs.go:245.3,248.17 4 1
github.com/JailtonJunior94/ai-spec-harness/internal/fs/fs.go:249.4,250.1 1 0
github.com/JailtonJunior94/ai-spec-harness/internal/fs/fs.go:251.3,251.16 1 1
github.com/JailtonJunior94/ai-spec-harness/internal/fs/fs.go:253.2,253.43 1 1
github.com/JailtonJunior94/ai-spec-harness/internal/fs/fs.go:257.2,258.16 2 1
github.com/JailtonJunior94/ai-spec-harness/internal/fs/fs.go:259.3,260.1 1 1
github.com/JailtonJunior94/ai-spec-harness/internal/fs/fs.go:261.2,261.38 1 1
github.com/JailtonJunior94/ai-spec-harness/internal/fs/fs.go:265.2,266.51 2 1
github.com/JailtonJunior94/ai-spec-harness/internal/fs/fs.go:267.3,268.1 1 1
github.com/JailtonJunior94/ai-spec-harness/internal/fs/fs.go:270.2,271.16 2 1
github.com/JailtonJunior94/ai-spec-harness/internal/fs/fs.go:272.3,273.1 1 0
github.com/JailtonJunior94/ai-spec-harness/internal/fs/fs.go:274.2,274.15 1 1
github.com/JailtonJunior94/ai-spec-harness/internal/fs/fs.go:274.17,274.35 1 1
github.com/JailtonJunior94/ai-spec-harness/internal/fs/fs.go:276.2,276.19 1 1
github.com/JailtonJunior94/ai-spec-harness/internal/fs/fs.go:277.3,277.30 1 1
github.com/JailtonJunior94/ai-spec-harness/internal/fs/fs.go:278.4,279.1 1 1
github.com/JailtonJunior94/ai-spec-harness/internal/fs/fs.go:280.3,280.13 1 0
github.com/JailtonJunior94/ai-spec-harness/internal/fs/fs.go:283.2,283.67 1 1
github.com/JailtonJunior94/ai-spec-harness/internal/fs/fs.go:284.3,285.1 1 0
github.com/JailtonJunior94/ai-spec-harness/internal/fs/fs.go:286.2,287.16 2 1
github.com/JailtonJunior94/ai-spec-harness/internal/fs/fs.go:288.3,289.1 1 0
github.com/JailtonJunior94/ai-spec-harness/internal/fs/fs.go:290.2,290.32 1 1
github.com/JailtonJunior94/ai-spec-harness/internal/fs/fs.go:291.3,291.82 1 1
github.com/JailtonJunior94/ai-spec-harness/internal/fs/fs.go:292.4,293.1 1 0
github.com/JailtonJunior94/ai-spec-harness/internal/fs/fs.go:295.2,295.12 1 1
github.com/JailtonJunior94/ai-spec-harness/internal/fs/fs.go:299.2,300.1 1 1
github.com/JailtonJunior94/ai-spec-harness/internal/fs/fs.go:303.2,304.1 1 1
github.com/JailtonJunior94/ai-spec-harness/internal/fs/symlink_guard.go:11.2,11.20 1 0
github.com/JailtonJunior94/ai-spec-harness/internal/fs/symlink_guard.go:12.3,13.1 1 0
github.com/JailtonJunior94/ai-spec-harness/internal/fs/symlink_guard.go:15.2,16.16 2 0
github.com/JailtonJunior94/ai-spec-harness/internal/fs/symlink_guard.go:17.3,18.1 1 0
github.com/JailtonJunior94/ai-spec-harness/internal/fs/symlink_guard.go:19.2,20.1 3 0
github.com/JailtonJunior94/ai-spec-harness/internal/fs/symlink_guard.go:21.2,22.16 3 0
github.com/JailtonJunior94/ai-spec-harness/internal/fs/symlink_guard.go:23.3,24.1 1 0
github.com/JailtonJunior94/ai-spec-harness/internal/fs/symlink_guard.go:25.2,26.1 2 0
github.com/JailtonJunior94/ai-spec-harness/internal/fs/symlink_guard.go:27.2,27.68 2 0
github.com/JailtonJunior94/ai-spec-harness/internal/fs/symlink_guard.go:28.3,28.34 1 0
github.com/JailtonJunior94/ai-spec-harness/internal/fs/symlink_guard.go:29.4,29.12 1 0
github.com/JailtonJunior94/ai-spec-harness/internal/fs/symlink_guard.go:31.3,32.17 2 0
github.com/JailtonJunior94/ai-spec-harness/internal/fs/symlink_guard.go:33.4,34.1 1 0
github.com/JailtonJunior94/ai-spec-harness/internal/fs/symlink_guard.go:35.3,36.17 2 0
github.com/JailtonJunior94/ai-spec-harness/internal/fs/symlink_guard.go:37.4,38.1 1 0
github.com/JailtonJunior94/ai-spec-harness/internal/fs/symlink_guard.go:39.3,40.46 2 0
github.com/JailtonJunior94/ai-spec-harness/internal/fs/symlink_guard.go:41.4,41.12 1 0
github.com/JailtonJunior94/ai-spec-harness/internal/fs/symlink_guard.go:43.3,44.17 2 0
github.com/JailtonJunior94/ai-spec-harness/internal/fs/symlink_guard.go:45.4,46.1 1 0
github.com/JailtonJunior94/ai-spec-harness/internal/fs/symlink_guard.go:47.3,47.168 1 0
github.com/JailtonJunior94/ai-spec-harness/internal/fs/symlink_guard.go:50.2,50.12 1 0
github.com/JailtonJunior94/ai-spec-harness/internal/fs/symlink_guard.go:54.2,57.85 4 0
github.com/JailtonJunior94/ai-spec-harness/internal/fs/symlink_guard.go:58.3,59.1 1 0
github.com/JailtonJunior94/ai-spec-harness/internal/fs/symlink_guard.go:60.2,60.70 1 0
github.com/JailtonJunior94/ai-spec-harness/internal/fs/symlink_guard.go:61.3,61.32 1 0
github.com/JailtonJunior94/ai-spec-harness/internal/fs/symlink_guard.go:62.4,62.12 1 0
github.com/JailtonJunior94/ai-spec-harness/internal/fs/symlink_guard.go:64.3,65.33 2 0
github.com/JailtonJunior94/ai-spec-harness/internal/fs/symlink_guard.go:67.2,67.14 1 0
github.com/JailtonJunior94/ai-spec-harness/internal/fs/symlink_guard.go:71.2,72.16 2 0
github.com/JailtonJunior94/ai-spec-harness/internal/fs/symlink_guard.go:73.3,74.1 1 0
github.com/JailtonJunior94/ai-spec-harness/internal/fs/symlink_guard.go:75.2,75.78 1 0
github.com/JailtonJunior94/ai-spec-harness/internal/inspect/inspect.go:23.2,24.1 1 1
github.com/JailtonJunior94/ai-spec-harness/internal/inspect/inspect.go:27.2,28.16 2 1
github.com/JailtonJunior94/ai-spec-harness/internal/inspect/inspect.go:29.3,30.1 1 0
github.com/JailtonJunior94/ai-spec-harness/internal/inspect/inspect.go:32.2,32.25 1 1
github.com/JailtonJunior94/ai-spec-harness/internal/inspect/inspect.go:33.3,34.1 1 1
github.com/JailtonJunior94/ai-spec-harness/internal/inspect/inspect.go:36.2,38.1 3 1
github.com/JailtonJunior94/ai-spec-harness/internal/inspect/inspect.go:40.2,40.31 3 1
github.com/JailtonJunior94/ai-spec-harness/internal/inspect/inspect.go:41.3,42.17 2 1
github.com/JailtonJunior94/ai-spec-harness/internal/inspect/inspect.go:43.4,44.1 1 1
github.com/JailtonJunior94/ai-spec-harness/internal/inspect/inspect.go:45.4,55.1 10 1
github.com/JailtonJunior94/ai-spec-harness/internal/inspect/inspect.go:57.3,58.1 1 1
github.com/JailtonJunior94/ai-spec-harness/internal/inspect/inspect.go:61.2,62.27 2 1
github.com/JailtonJunior94/ai-spec-harness/internal/inspect/inspect.go:63.3,64.17 2 1
github.com/JailtonJunior94/ai-spec-harness/internal/inspect/inspect.go:65.4,66.30 2 1
github.com/JailtonJunior94/ai-spec-harness/internal/inspect/inspect.go:67.5,67.19 1 1
github.com/JailtonJunior94/ai-spec-harness/internal/inspect/inspect.go:68.6,68.14 1 0
github.com/JailtonJunior94/ai-spec-harness/internal/inspect/inspect.go:70.5,72.34 3 1
github.com/JailtonJunior94/ai-spec-harness/internal/inspect/inspect.go:73.6,74.1 1 1
github.com/JailtonJunior94/ai-spec-harness/internal/inspect/inspect.go:76.5,78.56 3 1
github.com/JailtonJunior94/ai-spec-harness/internal/inspect/inspect.go:79.6,80.26 2 1
github.com/JailtonJunior94/ai-spec-harness/internal/inspect/inspect.go:81.7,82.1 1 1
github.com/JailtonJunior94/ai-spec-harness/internal/inspect/inspect.go:84.5,84.59 1 1
github.com/JailtonJunior94/ai-spec-harness/internal/inspect/inspect.go:86.4,86.22 1 1
github.com/JailtonJunior94/ai-spec-harness/internal/inspect/inspect.go:89.3,90.1 1 1
github.com/JailtonJunior94/ai-spec-harness/internal/inspect/inspect.go:93.2,95.1 5 1
github.com/JailtonJunior94/ai-spec-harness/internal/inspect/inspect.go:97.2,99.1 5 1
github.com/JailtonJunior94/ai-spec-harness/internal/inspect/inspect.go:100.2,100.12 5 1
github.com/JailtonJunior94/ai-spec-harness/internal/inspect/inspect.go:104.2,105.26 2 1
github.com/JailtonJunior94/ai-spec-harness/internal/inspect/inspect.go:106.3,107.1 1 1
github.com/JailtonJunior94/ai-spec-harness/internal/inspect/inspect.go:108.2,108.12 1 1
github.com/JailtonJunior94/ai-spec-harness/internal/inspect/inspect.go:112.2,113.26 2 1
github.com/JailtonJunior94/ai-spec-harness/internal/inspect/inspect.go:114.3,115.1 1 1
github.com/JailtonJunior94/ai-spec-harness/internal/inspect/inspect.go:116.2,116.12 1 1
github.com/JailtonJunior94/ai-spec-harness/internal/invocation/invocation.go:20.2,21.1 1 1
github.com/JailtonJunior94/ai-spec-harness/internal/invocation/invocation.go:26.2,28.1 3 1
github.com/JailtonJunior94/ai-spec-harness/internal/invocation/invocation.go:29.2,29.18 3 1
github.com/JailtonJunior94/ai-spec-harness/internal/invocation/invocation.go:30.3,31.1 1 1
github.com/JailtonJunior94/ai-spec-harness/internal/invocation/invocation.go:32.2,32.12 1 1
github.com/JailtonJunior94/ai-spec-harness/internal/invocation/invocation.go:37.2,39.1 2 1
github.com/JailtonJunior94/ai-spec-harness/internal/invocation/invocation.go:42.2,44.16 3 1
github.com/JailtonJunior94/ai-spec-harness/internal/invocation/invocation.go:45.3,45.10 1 1
github.com/JailtonJunior94/ai-spec-harness/internal/invocation/invocation.go:46.4,48.1 2 1
github.com/JailtonJunior94/ai-spec-harness/internal/invocation/invocation.go:49.3,49.29 1 1
github.com/JailtonJunior94/ai-spec-harness/internal/invocation/invocation.go:54.2,55.15 2 1
github.com/JailtonJunior94/ai-spec-harness/internal/invocation/invocation.go:56.3,57.1 1 1
github.com/JailtonJunior94/ai-spec-harness/internal/invocation/invocation.go:58.2,59.16 2 1
github.com/JailtonJunior94/ai-spec-harness/internal/invocation/invocation.go:60.3,61.1 1 0
github.com/JailtonJunior94/ai-spec-harness/internal/invocation/invocation.go:62.2,62.10 1 1
github.com/JailtonJunior94/ai-spec-harness/internal/lint/lint.go:25.2,25.16 1 0
github.com/JailtonJunior94/ai-spec-harness/internal/lint/lint.go:26.3,27.1 1 0
github.com/JailtonJunior94/ai-spec-harness/internal/lint/lint.go:28.2,28.55 1 0
github.com/JailtonJunior94/ai-spec-harness/internal/lint/lint.go:48.2,48.37 1 1
github.com/JailtonJunior94/ai-spec-harness/internal/lint/lint.go:49.3,50.1 1 1
github.com/JailtonJunior94/ai-spec-harness/internal/lint/lint.go:51.2,51.51 1 0
github.com/JailtonJunior94/ai-spec-harness/internal/lint/lint.go:57.2,58.1 2 1
github.com/JailtonJunior94/ai-spec-harness/internal/lint/lint.go:60.2,60.35 2 1
github.com/JailtonJunior94/ai-spec-harness/internal/lint/lint.go:61.3,63.17 3 1
github.com/JailtonJunior94/ai-spec-harness/internal/lint/lint.go:64.4,64.12 1 1
github.com/JailtonJunior94/ai-spec-harness/internal/lint/lint.go:66.3,66.35 1 1
github.com/JailtonJunior94/ai-spec-harness/internal/lint/lint.go:70.2,72.16 3 1
github.com/JailtonJunior94/ai-spec-harness/internal/lint/lint.go:73.3,73.67 1 1
github.com/JailtonJunior94/ai-spec-harness/internal/lint/lint.go:74.4,75.1 1 1
github.com/JailtonJunior94/ai-spec-harness/internal/lint/lint.go:79.2,81.16 3 1
github.com/JailtonJunior94/ai-spec-harness/internal/lint/lint.go:82.3,82.27 1 1
github.com/JailtonJunior94/ai-spec-harness/internal/lint/lint.go:83.4,87.1 1 1
github.com/JailtonJunior94/ai-spec-harness/internal/lint/lint.go:91.2,93.1 3 1
github.com/JailtonJunior94/ai-spec-harness/internal/lint/lint.go:94.2,94.20 3 1
github.com/JailtonJunior94/ai-spec-harness/internal/lint/lint.go:95.3,96.1 1 1
github.com/JailtonJunior94/ai-spec-harness/internal/lint/lint.go:97.2,97.18 1 1
github.com/JailtonJunior94/ai-spec-harness/internal/lint/lint.go:102.2,103.1 2 0
github.com/JailtonJunior94/ai-spec-harness/internal/lint/lint.go:104.2,104.35 2 0
github.com/JailtonJunior94/ai-spec-harness/internal/lint/lint.go:105.3,105.50 1 0
github.com/JailtonJunior94/ai-spec-harness/internal/lint/lint.go:106.4,107.1 1 0
github.com/JailtonJunior94/ai-spec-harness/internal/lint/lint.go:111.2,111.57 1 0
github.com/JailtonJunior94/ai-spec-harness/internal/lint/lint.go:112.3,113.1 1 0
github.com/JailtonJunior94/ai-spec-harness/internal/lint/lint.go:115.2,115.118 1 0
github.com/JailtonJunior94/ai-spec-harness/internal/lint/lint.go:116.3,117.1 1 0
github.com/JailtonJunior94/ai-spec-harness/internal/lint/lint.go:119.2,121.16 3 0
github.com/JailtonJunior94/ai-spec-harness/internal/lint/lint.go:122.3,122.29 1 0
github.com/JailtonJunior94/ai-spec-harness/internal/lint/lint.go:123.4,123.17 1 0
github.com/JailtonJunior94/ai-spec-harness/internal/lint/lint.go:124.5,125.31 2 0
github.com/JailtonJunior94/ai-spec-harness/internal/lint/lint.go:126.6,127.1 1 0
github.com/JailtonJunior94/ai-spec-harness/internal/lint/lint.go:132.2,132.14 1 0
github.com/JailtonJunior94/ai-spec-harness/internal/lint/lint.go:136.2,137.16 2 1
github.com/JailtonJunior94/ai-spec-harness/internal/lint/lint.go:138.3,139.1 1 1
github.com/JailtonJunior94/ai-spec-harness/internal/lint/lint.go:140.2,143.21 4 1
github.com/JailtonJunior94/ai-spec-harness/internal/lint/lint.go:144.3,146.35 3 1
github.com/JailtonJunior94/ai-spec-harness/internal/lint/lint.go:147.4,152.1 1 1
github.com/JailtonJunior94/ai-spec-harness/internal/lint/lint.go:154.2,154.18 1 1
github.com/JailtonJunior94/ai-spec-harness/internal/lint/lint.go:158.2,159.15 2 1
github.com/JailtonJunior94/ai-spec-harness/internal/lint/lint.go:160.3,161.1 1 0
github.com/JailtonJunior94/ai-spec-harness/internal/lint/lint.go:162.2,163.13 2 1
github.com/JailtonJunior94/ai-spec-harness/internal/lint/lint.go:164.3,165.1 1 0
github.com/JailtonJunior94/ai-spec-harness/internal/lint/lint.go:166.2,166.53 1 1
github.com/JailtonJunior94/ai-spec-harness/internal/lint/lint.go:170.2,171.20 2 1
github.com/JailtonJunior94/ai-spec-harness/internal/lint/lint.go:172.3,173.1 1 0
github.com/JailtonJunior94/ai-spec-harness/internal/lint/lint.go:174.2,176.23 3 1
github.com/JailtonJunior94/ai-spec-harness/internal/lint/lint.go:177.3,180.1 1 1
github.com/JailtonJunior94/ai-spec-harness/internal/lint/lint.go:182.2,182.12 1 1
github.com/JailtonJunior94/ai-spec-harness/internal/lint/lint.go:186.2,188.16 3 1
github.com/JailtonJunior94/ai-spec-harness/internal/lint/lint.go:189.3,190.1 1 0
github.com/JailtonJunior94/ai-spec-harness/internal/lint/lint.go:191.2,194.28 4 1
github.com/JailtonJunior94/ai-spec-harness/internal/lint/lint.go:195.3,195.17 1 1
github.com/JailtonJunior94/ai-spec-harness/internal/lint/lint.go:196.4,196.12 1 0
github.com/JailtonJunior94/ai-spec-harness/internal/lint/lint.go:198.3,200.17 3 1
github.com/JailtonJunior94/ai-spec-harness/internal/lint/lint.go:201.4,201.12 1 1
github.com/JailtonJunior94/ai-spec-harness/internal/lint/lint.go:203.3,203.68 1 1
github.com/JailtonJunior94/ai-spec-harness/internal/lint/lint.go:204.4,208.12 2 1
github.com/JailtonJunior94/ai-spec-harness/internal/lint/lint.go:210.3,211.81 2 1
github.com/JailtonJunior94/ai-spec-harness/internal/lint/lint.go:212.4,216.1 1 1
github.com/JailtonJunior94/ai-spec-harness/internal/lint/lint.go:218.2,218.13 1 1
github.com/JailtonJunior94/ai-spec-harness/internal/lint/lint.go:222.2,224.16 3 1
github.com/JailtonJunior94/ai-spec-harness/internal/lint/lint.go:225.3,226.1 1 1
github.com/JailtonJunior94/ai-spec-harness/internal/lint/lint.go:228.2,229.56 2 1
github.com/JailtonJunior94/ai-spec-harness/internal/lint/lint.go:230.3,231.1 1 0
github.com/JailtonJunior94/ai-spec-harness/internal/lint/lint.go:233.2,234.44 2 1
github.com/JailtonJunior94/ai-spec-harness/internal/lint/lint.go:235.3,235.49 1 1
github.com/JailtonJunior94/ai-spec-harness/internal/lint/lint.go:236.4,237.1 1 1
github.com/JailtonJunior94/ai-spec-harness/internal/lint/lint.go:239.2,239.19 1 1
github.com/JailtonJunior94/ai-spec-harness/internal/lint/lint.go:243.2,243.56 1 1
github.com/JailtonJunior94/ai-spec-harness/internal/lint/lint.go:245.3,245.14 1 1
github.com/JailtonJunior94/ai-spec-harness/internal/lint/lint.go:247.3,247.15 1 0
github.com/JailtonJunior94/ai-spec-harness/internal/lint/lint.go:252.2,252.80 1 1
github.com/JailtonJunior94/ai-spec-harness/internal/lint/lint.go:253.3,254.1 1 1
github.com/JailtonJunior94/ai-spec-harness/internal/lint/lint.go:256.2,257.61 2 1
github.com/JailtonJunior94/ai-spec-harness/internal/lint/lint.go:258.3,259.1 1 0
github.com/JailtonJunior94/ai-spec-harness/internal/lint/lint.go:261.2,264.33 4 1
github.com/JailtonJunior94/ai-spec-harness/internal/lint/lint.go:265.3,265.52 1 1
github.com/JailtonJunior94/ai-spec-harness/internal/lint/lint.go:266.4,268.1 2 1
github.com/JailtonJunior94/ai-spec-harness/internal/lint/lint.go:269.3,269.34 1 1
github.com/JailtonJunior94/ai-spec-harness/internal/lint/lint.go:271.2,271.15 1 1
github.com/JailtonJunior94/ai-spec-harness/internal/lint/lint.go:272.3,273.1 1 0
github.com/JailtonJunior94/ai-spec-harness/internal/lint/lint.go:274.2,274.44 1 1
github.com/JailtonJunior94/ai-spec-harness/internal/contextgen/contextgen.go:24.2,25.1 1 1
github.com/JailtonJunior94/ai-spec-harness/internal/contextgen/contextgen.go:31.2,32.26 2 1
github.com/JailtonJunior94/ai-spec-harness/internal/contextgen/contextgen.go:33.3,34.1 1 1
github.com/JailtonJunior94/ai-spec-harness/internal/contextgen/contextgen.go:37.2,38.50 2 1
github.com/JailtonJunior94/ai-spec-harness/internal/contextgen/contextgen.go:39.3,40.1 1 1
github.com/JailtonJunior94/ai-spec-harness/internal/contextgen/contextgen.go:42.2,42.12 1 1
github.com/JailtonJunior94/ai-spec-harness/internal/contextgen/contextgen.go:43.3,44.33 2 1
github.com/JailtonJunior94/ai-spec-harness/internal/contextgen/contextgen.go:45.4,46.1 1 1
github.com/JailtonJunior94/ai-spec-harness/internal/contextgen/contextgen.go:47.3,47.34 1 1
github.com/JailtonJunior94/ai-spec-harness/internal/contextgen/contextgen.go:48.4,49.1 1 1
github.com/JailtonJunior94/ai-spec-harness/internal/contextgen/contextgen.go:50.3,50.32 1 1
github.com/JailtonJunior94/ai-spec-harness/internal/contextgen/contextgen.go:51.4,52.1 1 1
github.com/JailtonJunior94/ai-spec-harness/internal/contextgen/contextgen.go:53.3,53.13 1 1
github.com/JailtonJunior94/ai-spec-harness/internal/contextgen/contextgen.go:56.2,58.1 9 1
github.com/JailtonJunior94/ai-spec-harness/internal/contextgen/contextgen.go:59.2,62.1 9 1
github.com/JailtonJunior94/ai-spec-harness/internal/contextgen/contextgen.go:63.2,65.1 9 1
github.com/JailtonJunior94/ai-spec-harness/internal/contextgen/contextgen.go:66.2,67.25 9 1
github.com/JailtonJunior94/ai-spec-harness/internal/contextgen/contextgen.go:68.3,69.1 1 0
github.com/JailtonJunior94/ai-spec-harness/internal/contextgen/contextgen.go:70.2,71.1 10 1
github.com/JailtonJunior94/ai-spec-harness/internal/contextgen/contextgen.go:72.2,79.1 10 1
github.com/JailtonJunior94/ai-spec-harness/internal/contextgen/contextgen.go:81.2,87.1 10 1
github.com/JailtonJunior94/ai-spec-harness/internal/contextgen/contextgen.go:88.2,88.36 10 1
github.com/JailtonJunior94/ai-spec-harness/internal/contextgen/contextgen.go:89.3,90.1 1 1
github.com/JailtonJunior94/ai-spec-harness/internal/contextgen/contextgen.go:92.2,92.102 1 1
github.com/JailtonJunior94/ai-spec-harness/internal/contextgen/contextgen.go:93.3,94.1 1 0
github.com/JailtonJunior94/ai-spec-harness/internal/contextgen/contextgen.go:97.2,98.28 2 1
github.com/JailtonJunior94/ai-spec-harness/internal/contextgen/contextgen.go:99.3,100.17 2 0
github.com/JailtonJunior94/ai-spec-harness/internal/contextgen/contextgen.go:101.4,104.1 3 0
github.com/JailtonJunior94/ai-spec-harness/internal/contextgen/contextgen.go:108.2,109.1 2 1
github.com/JailtonJunior94/ai-spec-harness/internal/contextgen/contextgen.go:111.2,111.32 2 1
github.com/JailtonJunior94/ai-spec-harness/internal/contextgen/contextgen.go:112.3,119.97 2 1
github.com/JailtonJunior94/ai-spec-harness/internal/contextgen/contextgen.go:120.4,121.1 1 0
github.com/JailtonJunior94/ai-spec-harness/internal/contextgen/contextgen.go:125.2,125.33 1 1
github.com/JailtonJunior94/ai-spec-harness/internal/contextgen/contextgen.go:126.3,136.70 5 1
github.com/JailtonJunior94/ai-spec-harness/internal/contextgen/contextgen.go:137.4,138.1 1 0
github.com/JailtonJunior94/ai-spec-harness/internal/contextgen/contextgen.go:142.2,142.31 1 1
github.com/JailtonJunior94/ai-spec-harness/internal/contextgen/contextgen.go:143.3,146.97 4 1
github.com/JailtonJunior94/ai-spec-harness/internal/contextgen/contextgen.go:147.4,148.1 1 0
github.com/JailtonJunior94/ai-spec-harness/internal/contextgen/contextgen.go:151.2,155.1 5 1
github.com/JailtonJunior94/ai-spec-harness/internal/contextgen/contextgen.go:156.2,156.12 5 1
github.com/JailtonJunior94/ai-spec-harness/internal/contextgen/contextgen.go:160.2,164.1 6 1
github.com/JailtonJunior94/ai-spec-harness/internal/contextgen/contextgen.go:165.2,166.1 6 1
github.com/JailtonJunior94/ai-spec-harness/internal/contextgen/contextgen.go:167.2,169.1 6 1
github.com/JailtonJunior94/ai-spec-harness/internal/contextgen/contextgen.go:170.2,171.1 6 1
github.com/JailtonJunior94/ai-spec-harness/internal/contextgen/contextgen.go:172.2,173.1 6 1
github.com/JailtonJunior94/ai-spec-harness/internal/contextgen/contextgen.go:176.2,176.29 1 1
github.com/JailtonJunior94/ai-spec-harness/internal/contextgen/contextgen.go:177.3,178.1 1 0
github.com/JailtonJunior94/ai-spec-harness/internal/contextgen/contextgen.go:180.2,181.16 2 1
github.com/JailtonJunior94/ai-spec-harness/internal/contextgen/contextgen.go:182.3,183.1 1 0
github.com/JailtonJunior94/ai-spec-harness/internal/contextgen/contextgen.go:185.2,185.28 1 1
github.com/JailtonJunior94/ai-spec-harness/internal/contextgen/contextgen.go:186.3,186.30 1 1
github.com/JailtonJunior94/ai-spec-harness/internal/contextgen/contextgen.go:187.4,188.1 1 0
github.com/JailtonJunior94/ai-spec-harness/internal/contextgen/contextgen.go:190.3,191.36 2 1
github.com/JailtonJunior94/ai-spec-harness/internal/contextgen/contextgen.go:192.4,192.12 1 1
github.com/JailtonJunior94/ai-spec-harness/internal/contextgen/contextgen.go:194.3,194.38 1 1
github.com/JailtonJunior94/ai-spec-harness/internal/contextgen/contextgen.go:195.4,195.12 1 1
github.com/JailtonJunior94/ai-spec-harness/internal/contextgen/contextgen.go:198.3,200.1 3 1
github.com/JailtonJunior94/ai-spec-harness/internal/contextgen/contextgen.go:201.3,201.16 3 1
github.com/JailtonJunior94/ai-spec-harness/internal/contextgen/contextgen.go:202.4,203.1 1 1
github.com/JailtonJunior94/ai-spec-harness/internal/contextgen/contextgen.go:208.2,211.1 5 1
github.com/JailtonJunior94/ai-spec-harness/internal/contextgen/contextgen.go:212.2,213.11 5 1
github.com/JailtonJunior94/ai-spec-harness/internal/contextgen/contextgen.go:214.3,215.1 1 1
github.com/JailtonJunior94/ai-spec-harness/internal/contextgen/contextgen.go:216.2,216.13 1 1
github.com/JailtonJunior94/ai-spec-harness/internal/contextgen/contextgen.go:217.3,218.1 1 1
github.com/JailtonJunior94/ai-spec-harness/internal/contextgen/contextgen.go:219.2,219.15 1 1
github.com/JailtonJunior94/ai-spec-harness/internal/contextgen/contextgen.go:220.3,221.1 1 1
github.com/JailtonJunior94/ai-spec-harness/internal/contextgen/contextgen.go:223.2,223.21 1 1
github.com/JailtonJunior94/ai-spec-harness/internal/contextgen/contextgen.go:224.3,227.1 1 1
github.com/JailtonJunior94/ai-spec-harness/internal/contextgen/contextgen.go:229.2,229.11 1 1
github.com/JailtonJunior94/ai-spec-harness/internal/contextgen/contextgen.go:230.3,233.1 1 1
github.com/JailtonJunior94/ai-spec-harness/internal/contextgen/contextgen.go:235.2,235.13 1 1
github.com/JailtonJunior94/ai-spec-harness/internal/contextgen/contextgen.go:236.3,239.1 1 1
github.com/JailtonJunior94/ai-spec-harness/internal/contextgen/contextgen.go:241.2,241.15 1 1
github.com/JailtonJunior94/ai-spec-harness/internal/contextgen/contextgen.go:242.3,245.1 1 1
github.com/JailtonJunior94/ai-spec-harness/internal/contextgen/contextgen.go:247.2,248.86 1 1
github.com/JailtonJunior94/ai-spec-harness/internal/contextgen/contextgen.go:252.2,256.1 5 1
github.com/JailtonJunior94/ai-spec-harness/internal/contextgen/contextgen.go:257.2,257.11 5 1
github.com/JailtonJunior94/ai-spec-harness/internal/contextgen/contextgen.go:258.3,265.1 1 1
github.com/JailtonJunior94/ai-spec-harness/internal/contextgen/contextgen.go:267.2,267.13 1 1
github.com/JailtonJunior94/ai-spec-harness/internal/contextgen/contextgen.go:268.3,271.1 1 1
github.com/JailtonJunior94/ai-spec-harness/internal/contextgen/contextgen.go:273.2,273.15 1 1
github.com/JailtonJunior94/ai-spec-harness/internal/contextgen/contextgen.go:274.3,277.1 1 1
github.com/JailtonJunior94/ai-spec-harness/internal/contextgen/contextgen.go:279.2,279.29 1 1
github.com/JailtonJunior94/ai-spec-harness/internal/contextgen/contextgen.go:280.3,283.1 1 0
github.com/JailtonJunior94/ai-spec-harness/internal/contextgen/contextgen.go:285.2,285.36 1 1
github.com/JailtonJunior94/ai-spec-harness/internal/contextgen/contextgen.go:290.2,291.26 2 1
github.com/JailtonJunior94/ai-spec-harness/internal/contextgen/contextgen.go:292.3,292.48 1 1
github.com/JailtonJunior94/ai-spec-harness/internal/contextgen/contextgen.go:293.4,294.1 1 0
github.com/JailtonJunior94/ai-spec-harness/internal/contextgen/contextgen.go:297.2,298.16 2 1
github.com/JailtonJunior94/ai-spec-harness/internal/contextgen/contextgen.go:299.3,300.1 1 0
github.com/JailtonJunior94/ai-spec-harness/internal/contextgen/contextgen.go:301.2,301.28 1 1
github.com/JailtonJunior94/ai-spec-harness/internal/contextgen/contextgen.go:302.3,303.76 2 1
github.com/JailtonJunior94/ai-spec-harness/internal/contextgen/contextgen.go:304.4,305.1 1 0
github.com/JailtonJunior94/ai-spec-harness/internal/contextgen/contextgen.go:307.2,307.14 1 1
github.com/JailtonJunior94/ai-spec-harness/internal/contextgen/contextgen.go:311.2,314.1 5 1
github.com/JailtonJunior94/ai-spec-harness/internal/contextgen/contextgen.go:315.2,316.56 5 1
github.com/JailtonJunior94/ai-spec-harness/internal/contextgen/contextgen.go:317.3,318.10 2 1
github.com/JailtonJunior94/ai-spec-harness/internal/contextgen/contextgen.go:319.4,319.12 1 1
github.com/JailtonJunior94/ai-spec-harness/internal/contextgen/contextgen.go:321.3,324.22 4 1
github.com/JailtonJunior94/ai-spec-harness/internal/contextgen/contextgen.go:325.4,327.1 2 1
github.com/JailtonJunior94/ai-spec-harness/internal/contextgen/contextgen.go:328.3,328.23 1 1
github.com/JailtonJunior94/ai-spec-harness/internal/contextgen/contextgen.go:329.4,331.1 2 1
github.com/JailtonJunior94/ai-spec-harness/internal/contextgen/contextgen.go:332.3,332.23 1 1
github.com/JailtonJunior94/ai-spec-harness/internal/contextgen/contextgen.go:333.4,334.1 1 1
github.com/JailtonJunior94/ai-spec-harness/internal/contextgen/contextgen.go:337.2,337.34 1 1
github.com/JailtonJunior94/ai-spec-harness/internal/contextgen/contextgen.go:341.2,342.1 2 1
github.com/JailtonJunior94/ai-spec-harness/internal/contextgen/contextgen.go:343.2,343.54 2 1
github.com/JailtonJunior94/ai-spec-harness/internal/contextgen/contextgen.go:344.3,346.1 2 1
github.com/JailtonJunior94/ai-spec-harness/internal/contextgen/contextgen.go:347.2,347.119 1 1
github.com/JailtonJunior94/ai-spec-harness/internal/contextgen/contextgen.go:348.3,350.1 2 1
github.com/JailtonJunior94/ai-spec-harness/internal/contextgen/contextgen.go:351.2,351.124 1 1
github.com/JailtonJunior94/ai-spec-harness/internal/contextgen/contextgen.go:352.3,354.1 2 1
github.com/JailtonJunior94/ai-spec-harness/internal/contextgen/contextgen.go:355.2,355.29 1 1
github.com/JailtonJunior94/ai-spec-harness/internal/contextgen/contextgen.go:356.3,358.1 2 0
github.com/JailtonJunior94/ai-spec-harness/internal/contextgen/contextgen.go:360.2,360.21 1 1
github.com/JailtonJunior94/ai-spec-harness/internal/contextgen/contextgen.go:361.3,362.1 1 1
github.com/JailtonJunior94/ai-spec-harness/internal/contextgen/contextgen.go:363.2,363.58 1 1
github.com/JailtonJunior94/ai-spec-harness/internal/contextgen/contextgen.go:374.2,375.1 2 1
github.com/JailtonJunior94/ai-spec-harness/internal/contextgen/contextgen.go:376.2,376.28 2 1
github.com/JailtonJunior94/ai-spec-harness/internal/contextgen/contextgen.go:377.3,378.1 1 1
github.com/JailtonJunior94/ai-spec-harness/internal/contextgen/contextgen.go:380.2,380.98 1 1
github.com/JailtonJunior94/ai-spec-harness/internal/contextgen/contextgen.go:381.3,382.1 1 0
github.com/JailtonJunior94/ai-spec-harness/internal/contextgen/contextgen.go:383.2,383.100 1 1
github.com/JailtonJunior94/ai-spec-harness/internal/contextgen/contextgen.go:384.3,385.1 1 0
github.com/JailtonJunior94/ai-spec-harness/internal/contextgen/contextgen.go:386.2,386.102 1 1
github.com/JailtonJunior94/ai-spec-harness/internal/contextgen/contextgen.go:387.3,388.1 1 0
github.com/JailtonJunior94/ai-spec-harness/internal/contextgen/contextgen.go:389.2,389.109 1 1
github.com/JailtonJunior94/ai-spec-harness/internal/contextgen/contextgen.go:390.3,391.1 1 0
github.com/JailtonJunior94/ai-spec-harness/internal/contextgen/contextgen.go:393.2,394.35 2 1
github.com/JailtonJunior94/ai-spec-harness/internal/contextgen/contextgen.go:395.3,396.1 1 1
github.com/JailtonJunior94/ai-spec-harness/internal/contextgen/contextgen.go:397.2,397.19 1 1
github.com/JailtonJunior94/ai-spec-harness/internal/contextgen/contextgen.go:463.2,464.26 2 1
github.com/JailtonJunior94/ai-spec-harness/internal/contextgen/contextgen.go:465.3,466.1 1 1
github.com/JailtonJunior94/ai-spec-harness/internal/contextgen/contextgen.go:467.2,468.40 2 1
github.com/JailtonJunior94/ai-spec-harness/internal/contextgen/contextgen.go:469.3,469.27 1 1
github.com/JailtonJunior94/ai-spec-harness/internal/contextgen/contextgen.go:470.4,470.12 1 1
github.com/JailtonJunior94/ai-spec-harness/internal/contextgen/contextgen.go:472.3,472.84 1 1
github.com/JailtonJunior94/ai-spec-harness/internal/contextgen/contextgen.go:474.2,474.34 1 1
github.com/JailtonJunior94/ai-spec-harness/internal/contextgen/contextgen.go:481.2,482.26 2 1
github.com/JailtonJunior94/ai-spec-harness/internal/contextgen/contextgen.go:483.3,484.1 1 1
github.com/JailtonJunior94/ai-spec-harness/internal/contextgen/contextgen.go:485.2,486.40 2 1
github.com/JailtonJunior94/ai-spec-harness/internal/contextgen/contextgen.go:487.3,487.26 1 1
github.com/JailtonJunior94/ai-spec-harness/internal/contextgen/contextgen.go:488.4,489.1 1 1
github.com/JailtonJunior94/ai-spec-harness/internal/contextgen/contextgen.go:491.2,491.24 1 1
github.com/JailtonJunior94/ai-spec-harness/internal/contextgen/contextgen.go:492.3,493.1 1 0
github.com/JailtonJunior94/ai-spec-harness/internal/contextgen/contextgen.go:495.2,501.33 7 1
github.com/JailtonJunior94/ai-spec-harness/internal/contextgen/contextgen.go:502.3,508.1 6 1
github.com/JailtonJunior94/ai-spec-harness/internal/contextgen/contextgen.go:510.2,511.21 2 1
github.com/JailtonJunior94/ai-spec-harness/internal/contextgen/contextgen.go:512.3,513.1 1 1
github.com/JailtonJunior94/ai-spec-harness/internal/contextgen/contextgen.go:515.2,517.27 3 1
github.com/JailtonJunior94/ai-spec-harness/internal/contextgen/contextgen.go:518.3,519.1 1 1
github.com/JailtonJunior94/ai-spec-harness/internal/contextgen/contextgen.go:520.2,520.34 1 1
github.com/JailtonJunior94/ai-spec-harness/internal/contextgen/contextgen.go:528.2,652.1 1 1
github.com/JailtonJunior94/ai-spec-harness/internal/contextgen/contextgen.go:657.2,673.1 2 1
github.com/JailtonJunior94/ai-spec-harness/internal/contextgen/contextgen.go:674.2,675.1 2 1
github.com/JailtonJunior94/ai-spec-harness/internal/contextgen/contextgen.go:694.2,697.1 3 1
github.com/JailtonJunior94/ai-spec-harness/internal/contextgen/contextgen.go:702.2,703.20 2 1
github.com/JailtonJunior94/ai-spec-harness/internal/contextgen/contextgen.go:705.3,705.46 1 0
github.com/JailtonJunior94/ai-spec-harness/internal/contextgen/contextgen.go:706.4,707.1 1 0
github.com/JailtonJunior94/ai-spec-harness/internal/contextgen/contextgen.go:708.4,709.1 1 0
github.com/JailtonJunior94/ai-spec-harness/internal/contextgen/contextgen.go:712.2,713.20 2 1
github.com/JailtonJunior94/ai-spec-harness/internal/contextgen/contextgen.go:714.3,715.1 1 0
github.com/JailtonJunior94/ai-spec-harness/internal/contextgen/contextgen.go:716.3,717.1 1 1
github.com/JailtonJunior94/ai-spec-harness/internal/contextgen/contextgen.go:720.2,722.21 3 1
github.com/JailtonJunior94/ai-spec-harness/internal/contextgen/contextgen.go:724.3,725.1 1 0
github.com/JailtonJunior94/ai-spec-harness/internal/contextgen/contextgen.go:727.2,728.48 2 1
github.com/JailtonJunior94/ai-spec-harness/internal/contextgen/loader.go:56.2,57.1 1 1
github.com/JailtonJunior94/ai-spec-harness/internal/contextgen/loader.go:62.2,63.16 2 1
github.com/JailtonJunior94/ai-spec-harness/internal/contextgen/loader.go:64.3,65.1 1 0
github.com/JailtonJunior94/ai-spec-harness/internal/contextgen/loader.go:66.2,67.1 2 1
github.com/JailtonJunior94/ai-spec-harness/internal/contextgen/loader.go:68.2,68.16 2 1
github.com/JailtonJunior94/ai-spec-harness/internal/contextgen/loader.go:69.3,70.1 1 1
github.com/JailtonJunior94/ai-spec-harness/internal/contextgen/loader.go:71.2,71.21 1 1
github.com/JailtonJunior94/ai-spec-harness/internal/contextgen/loader.go:77.2,78.17 2 1
github.com/JailtonJunior94/ai-spec-harness/internal/contextgen/loader.go:79.3,80.1 1 0
github.com/JailtonJunior94/ai-spec-harness/internal/contextgen/loader.go:82.2,82.32 1 1
github.com/JailtonJunior94/ai-spec-harness/internal/contextgen/loader.go:83.3,84.1 1 1
github.com/JailtonJunior94/ai-spec-harness/internal/contextgen/loader.go:86.2,88.16 3 1
github.com/JailtonJunior94/ai-spec-harness/internal/contextgen/loader.go:89.3,90.1 1 0
github.com/JailtonJunior94/ai-spec-harness/internal/contextgen/loader.go:92.2,93.28 2 1
github.com/JailtonJunior94/ai-spec-harness/internal/contextgen/loader.go:94.3,94.16 1 1
github.com/JailtonJunior94/ai-spec-harness/internal/contextgen/loader.go:95.4,95.12 1 0
github.com/JailtonJunior94/ai-spec-harness/internal/contextgen/loader.go:97.3,98.38 2 1
github.com/JailtonJunior94/ai-spec-harness/internal/contextgen/loader.go:99.4,99.12 1 0
github.com/JailtonJunior94/ai-spec-harness/internal/contextgen/loader.go:102.3,102.58 1 1
github.com/JailtonJunior94/ai-spec-harness/internal/contextgen/loader.go:103.4,103.12 1 1
github.com/JailtonJunior94/ai-spec-harness/internal/contextgen/loader.go:106.3,107.17 2 1
github.com/JailtonJunior94/ai-spec-harness/internal/contextgen/loader.go:108.4,108.12 1 0
github.com/JailtonJunior94/ai-spec-harness/internal/contextgen/loader.go:110.3,110.25 1 1
github.com/JailtonJunior94/ai-spec-harness/internal/contextgen/loader.go:113.2,113.20 1 1
github.com/JailtonJunior94/ai-spec-harness/internal/contextgen/loader.go:119.2,120.14 2 1
github.com/JailtonJunior94/ai-spec-harness/internal/contextgen/loader.go:121.3,122.1 1 1
github.com/JailtonJunior94/ai-spec-harness/internal/contextgen/loader.go:123.2,123.32 1 1
github.com/JailtonJunior94/ai-spec-harness/internal/manifest/manifest.go:38.2,39.1 1 0
github.com/JailtonJunior94/ai-spec-harness/internal/manifest/manifest.go:47.2,48.1 1 1
github.com/JailtonJunior94/ai-spec-harness/internal/manifest/manifest.go:51.2,53.16 3 1
github.com/JailtonJunior94/ai-spec-harness/internal/manifest/manifest.go:54.3,55.1 1 1
github.com/JailtonJunior94/ai-spec-harness/internal/manifest/manifest.go:56.2,57.49 2 1
github.com/JailtonJunior94/ai-spec-harness/internal/manifest/manifest.go:58.3,59.1 1 1
github.com/JailtonJunior94/ai-spec-harness/internal/manifest/manifest.go:60.2,60.16 1 1
github.com/JailtonJunior94/ai-spec-harness/internal/manifest/manifest.go:64.2,65.16 2 1
github.com/JailtonJunior94/ai-spec-harness/internal/manifest/manifest.go:66.3,67.1 1 0
github.com/JailtonJunior94/ai-spec-harness/internal/manifest/manifest.go:68.2,68.58 1 1
github.com/JailtonJunior94/ai-spec-harness/internal/manifest/manifest.go:72.2,73.1 1 1
github.com/JailtonJunior94/ai-spec-harness/internal/metrics/flow.go:107.2,109.1 2 1
github.com/JailtonJunior94/ai-spec-harness/internal/metrics/flow.go:116.2,122.1 2 1
github.com/JailtonJunior94/ai-spec-harness/internal/metrics/flow.go:123.2,123.34 2 1
github.com/JailtonJunior94/ai-spec-harness/internal/metrics/flow.go:124.3,126.1 2 1
github.com/JailtonJunior94/ai-spec-harness/internal/metrics/flow.go:127.2,129.10 3 1
github.com/JailtonJunior94/ai-spec-harness/internal/metrics/metrics.go:56.2,56.16 1 1
github.com/JailtonJunior94/ai-spec-harness/internal/metrics/metrics.go:57.3,58.1 1 1
github.com/JailtonJunior94/ai-spec-harness/internal/metrics/metrics.go:59.2,59.61 1 1
github.com/JailtonJunior94/ai-spec-harness/internal/metrics/metrics.go:64.2,65.16 2 1
github.com/JailtonJunior94/ai-spec-harness/internal/metrics/metrics.go:66.3,67.1 1 1
github.com/JailtonJunior94/ai-spec-harness/internal/metrics/metrics.go:69.2,69.22 1 1
github.com/JailtonJunior94/ai-spec-harness/internal/metrics/metrics.go:70.3,73.1 3 0
github.com/JailtonJunior94/ai-spec-harness/internal/metrics/metrics.go:76.2,77.45 2 1
github.com/JailtonJunior94/ai-spec-harness/internal/metrics/metrics.go:78.3,79.1 1 1
github.com/JailtonJunior94/ai-spec-harness/internal/metrics/metrics.go:80.2,82.40 3 1
github.com/JailtonJunior94/ai-spec-harness/internal/metrics/metrics.go:83.3,84.1 1 0
github.com/JailtonJunior94/ai-spec-harness/internal/metrics/metrics.go:85.2,88.1 4 1
github.com/JailtonJunior94/ai-spec-harness/internal/metrics/metrics.go:89.2,89.33 4 1
github.com/JailtonJunior94/ai-spec-harness/internal/metrics/metrics.go:90.3,92.40 3 1
github.com/JailtonJunior94/ai-spec-harness/internal/metrics/metrics.go:93.4,94.1 1 1
github.com/JailtonJunior94/ai-spec-harness/internal/metrics/metrics.go:97.2,97.12 1 1
github.com/JailtonJunior94/ai-spec-harness/internal/metrics/metrics.go:103.2,106.1 3 1
github.com/JailtonJunior94/ai-spec-harness/internal/metrics/metrics.go:108.2,109.29 3 1
github.com/JailtonJunior94/ai-spec-harness/internal/metrics/metrics.go:110.3,111.1 1 1
github.com/JailtonJunior94/ai-spec-harness/internal/metrics/metrics.go:113.2,114.16 2 1
github.com/JailtonJunior94/ai-spec-harness/internal/metrics/metrics.go:115.3,116.1 1 0
github.com/JailtonJunior94/ai-spec-harness/internal/metrics/metrics.go:118.2,118.28 1 1
github.com/JailtonJunior94/ai-spec-harness/internal/metrics/metrics.go:119.3,119.17 1 1
github.com/JailtonJunior94/ai-spec-harness/internal/metrics/metrics.go:120.4,120.12 1 0
github.com/JailtonJunior94/ai-spec-harness/internal/metrics/metrics.go:122.3,124.30 3 1
github.com/JailtonJunior94/ai-spec-harness/internal/metrics/metrics.go:125.4,128.12 4 1
github.com/JailtonJunior94/ai-spec-harness/internal/metrics/metrics.go:131.3,132.1 11 1
github.com/JailtonJunior94/ai-spec-harness/internal/metrics/metrics.go:133.3,139.1 11 1
github.com/JailtonJunior94/ai-spec-harness/internal/metrics/metrics.go:140.3,143.61 11 1
github.com/JailtonJunior94/ai-spec-harness/internal/metrics/metrics.go:144.4,144.35 1 1
github.com/JailtonJunior94/ai-spec-harness/internal/metrics/metrics.go:145.5,145.20 1 1
github.com/JailtonJunior94/ai-spec-harness/internal/metrics/metrics.go:146.6,146.14 1 0
github.com/JailtonJunior94/ai-spec-harness/internal/metrics/metrics.go:148.5,151.1 4 1
github.com/JailtonJunior94/ai-spec-harness/internal/metrics/metrics.go:152.5,152.14 4 1
github.com/JailtonJunior94/ai-spec-harness/internal/metrics/metrics.go:154.6,158.1 4 0
github.com/JailtonJunior94/ai-spec-harness/internal/metrics/metrics.go:159.6,163.1 4 1
github.com/JailtonJunior94/ai-spec-harness/internal/metrics/metrics.go:164.5,165.22 2 1
github.com/JailtonJunior94/ai-spec-harness/internal/metrics/metrics.go:169.3,170.23 2 1
github.com/JailtonJunior94/ai-spec-harness/internal/metrics/metrics.go:171.4,172.1 1 1
github.com/JailtonJunior94/ai-spec-harness/internal/metrics/metrics.go:173.3,178.1 3 1
github.com/JailtonJunior94/ai-spec-harness/internal/metrics/metrics.go:180.3,181.22 3 1
github.com/JailtonJunior94/ai-spec-harness/internal/metrics/metrics.go:184.2,184.20 1 1
github.com/JailtonJunior94/ai-spec-harness/internal/metrics/metrics.go:188.2,189.16 2 1
github.com/JailtonJunior94/ai-spec-harness/internal/metrics/metrics.go:190.3,191.1 1 0
github.com/JailtonJunior94/ai-spec-harness/internal/metrics/metrics.go:192.2,198.1 2 1
github.com/JailtonJunior94/ai-spec-harness/internal/metrics/metrics.go:202.2,203.1 1 1
github.com/JailtonJunior94/ai-spec-harness/internal/metrics/metrics.go:210.2,212.33 3 1
github.com/JailtonJunior94/ai-spec-harness/internal/metrics/metrics.go:213.3,214.1 1 1
github.com/JailtonJunior94/ai-spec-harness/internal/metrics/metrics.go:215.2,215.12 1 1
github.com/JailtonJunior94/ai-spec-harness/internal/metrics/metrics.go:219.2,221.33 3 1
github.com/JailtonJunior94/ai-spec-harness/internal/metrics/metrics.go:222.3,222.30 1 1
github.com/JailtonJunior94/ai-spec-harness/internal/metrics/metrics.go:223.4,224.1 1 1
github.com/JailtonJunior94/ai-spec-harness/internal/metrics/metrics.go:226.2,226.12 1 1
github.com/JailtonJunior94/ai-spec-harness/internal/metrics/metrics.go:232.2,233.33 2 1
github.com/JailtonJunior94/ai-spec-harness/internal/metrics/metrics.go:234.3,235.30 2 1
github.com/JailtonJunior94/ai-spec-harness/internal/metrics/metrics.go:236.4,236.46 1 1
github.com/JailtonJunior94/ai-spec-harness/internal/metrics/metrics.go:237.5,238.1 1 1
github.com/JailtonJunior94/ai-spec-harness/internal/metrics/metrics.go:241.2,241.31 1 1
github.com/JailtonJunior94/ai-spec-harness/internal/metrics/metrics.go:242.3,242.17 1 1
github.com/JailtonJunior94/ai-spec-harness/internal/metrics/metrics.go:243.4,244.1 1 0
github.com/JailtonJunior94/ai-spec-harness/internal/metrics/metrics.go:246.2,246.12 1 1
github.com/JailtonJunior94/ai-spec-harness/internal/metrics/metrics.go:250.2,251.1 1 1
github.com/JailtonJunior94/ai-spec-harness/internal/metrics/metrics.go:257.2,258.11 2 0
github.com/JailtonJunior94/ai-spec-harness/internal/metrics/metrics.go:259.3,259.50 1 0
github.com/JailtonJunior94/ai-spec-harness/internal/metrics/metrics.go:260.4,261.1 1 0
github.com/JailtonJunior94/ai-spec-harness/internal/metrics/metrics.go:263.2,264.13 2 0
github.com/JailtonJunior94/ai-spec-harness/internal/metrics/metrics.go:265.3,266.1 1 0
github.com/JailtonJunior94/ai-spec-harness/internal/metrics/metrics.go:267.2,267.31 1 0
github.com/JailtonJunior94/ai-spec-harness/internal/metrics/metrics.go:274.2,276.13 3 1
github.com/JailtonJunior94/ai-spec-harness/internal/metrics/metrics.go:277.3,278.1 1 1
github.com/JailtonJunior94/ai-spec-harness/internal/metrics/metrics.go:279.2,279.39 1 1
github.com/JailtonJunior94/ai-spec-harness/internal/metrics/metrics.go:284.2,286.40 3 1
github.com/JailtonJunior94/ai-spec-harness/internal/metrics/metrics.go:287.3,288.1 1 1
github.com/JailtonJunior94/ai-spec-harness/internal/metrics/metrics.go:289.2,290.35 2 1
github.com/JailtonJunior94/ai-spec-harness/internal/metrics/metrics.go:291.3,292.1 1 0
github.com/JailtonJunior94/ai-spec-harness/internal/metrics/metrics.go:293.2,294.19 2 1
github.com/JailtonJunior94/ai-spec-harness/internal/metrics/r1_catalog.go:7.2,8.1 1 1
github.com/JailtonJunior94/ai-spec-harness/internal/metrics/tokenizer.go:21.2,22.1 1 1
github.com/JailtonJunior94/ai-spec-harness/internal/metrics/tokenizer.go:24.38,24.58 1 1
github.com/JailtonJunior94/ai-spec-harness/internal/metrics/tokenizer.go:27.37,27.61 1 1
github.com/JailtonJunior94/ai-spec-harness/internal/metrics/tokenizer.go:37.2,38.16 2 1
github.com/JailtonJunior94/ai-spec-harness/internal/metrics/tokenizer.go:39.3,40.1 1 0
github.com/JailtonJunior94/ai-spec-harness/internal/metrics/tokenizer.go:41.2,41.42 1 1
github.com/JailtonJunior94/ai-spec-harness/internal/metrics/tokenizer.go:45.2,46.1 1 1
github.com/JailtonJunior94/ai-spec-harness/internal/metrics/tokenizer.go:48.45,48.76 1 1
github.com/JailtonJunior94/ai-spec-harness/internal/metrics/tokenizer.go:54.2,55.16 2 1
github.com/JailtonJunior94/ai-spec-harness/internal/metrics/tokenizer.go:56.3,57.1 1 0
github.com/JailtonJunior94/ai-spec-harness/internal/metrics/tokenizer.go:58.2,58.16 1 1
github.com/JailtonJunior94/ai-spec-harness/internal/output/output.go:17.2,18.1 1 1
github.com/JailtonJunior94/ai-spec-harness/internal/output/output.go:21.2,22.1 1 1
github.com/JailtonJunior94/ai-spec-harness/internal/output/output.go:25.2,26.1 1 1
github.com/JailtonJunior94/ai-spec-harness/internal/output/output.go:29.2,29.15 1 1
github.com/JailtonJunior94/ai-spec-harness/internal/output/output.go:30.3,31.1 1 1
github.com/JailtonJunior94/ai-spec-harness/internal/output/output.go:35.2,36.1 1 1
github.com/JailtonJunior94/ai-spec-harness/internal/output/output.go:39.2,40.1 1 1
github.com/JailtonJunior94/ai-spec-harness/internal/output/output.go:43.2,44.1 1 1
github.com/JailtonJunior94/ai-spec-harness/internal/output/output.go:48.2,49.1 1 1
github.com/JailtonJunior94/ai-spec-harness/internal/parity/parity.go:80.2,81.9 2 1
github.com/JailtonJunior94/ai-spec-harness/internal/parity/parity.go:82.3,83.1 1 1
github.com/JailtonJunior94/ai-spec-harness/internal/parity/parity.go:84.2,84.21 1 1
github.com/JailtonJunior94/ai-spec-harness/internal/parity/parity.go:89.2,89.31 1 1
github.com/JailtonJunior94/ai-spec-harness/internal/parity/parity.go:90.3,90.16 1 1
github.com/JailtonJunior94/ai-spec-harness/internal/parity/parity.go:91.4,92.1 1 1
github.com/JailtonJunior94/ai-spec-harness/internal/parity/parity.go:94.2,94.14 1 0
github.com/JailtonJunior94/ai-spec-harness/internal/parity/parity.go:103.49,103.74 1 1
github.com/JailtonJunior94/ai-spec-harness/internal/parity/parity.go:104.49,104.91 1 1
github.com/JailtonJunior94/ai-spec-harness/internal/parity/parity.go:106.2,107.1 1 1
github.com/JailtonJunior94/ai-spec-harness/internal/parity/parity.go:125.2,126.31 2 1
github.com/JailtonJunior94/ai-spec-harness/internal/parity/parity.go:127.3,128.1 1 1
github.com/JailtonJunior94/ai-spec-harness/internal/parity/parity.go:130.2,131.33 2 1
github.com/JailtonJunior94/ai-spec-harness/internal/parity/parity.go:132.3,132.29 1 1
github.com/JailtonJunior94/ai-spec-harness/internal/parity/parity.go:133.4,134.36 2 1
github.com/JailtonJunior94/ai-spec-harness/internal/parity/parity.go:135.5,135.18 1 1
github.com/JailtonJunior94/ai-spec-harness/internal/parity/parity.go:136.6,137.11 2 1
github.com/JailtonJunior94/ai-spec-harness/internal/parity/parity.go:140.4,140.17 1 1
github.com/JailtonJunior94/ai-spec-harness/internal/parity/parity.go:141.5,142.13 2 1
github.com/JailtonJunior94/ai-spec-harness/internal/parity/parity.go:145.3,147.88 3 1
github.com/JailtonJunior94/ai-spec-harness/internal/parity/parity.go:149.2,149.16 1 1
github.com/JailtonJunior94/ai-spec-harness/internal/parity/parity.go:154.2,155.29 2 0
github.com/JailtonJunior94/ai-spec-harness/internal/parity/parity.go:156.3,156.17 1 0
github.com/JailtonJunior94/ai-spec-harness/internal/parity/parity.go:157.4,158.1 1 0
github.com/JailtonJunior94/ai-spec-harness/internal/parity/parity.go:160.2,160.12 1 0
github.com/JailtonJunior94/ai-spec-harness/internal/parity/parity.go:165.2,166.29 2 0
github.com/JailtonJunior94/ai-spec-harness/internal/parity/parity.go:167.3,167.50 1 0
github.com/JailtonJunior94/ai-spec-harness/internal/parity/parity.go:168.4,169.1 1 0
github.com/JailtonJunior94/ai-spec-harness/internal/parity/parity.go:171.2,171.12 1 0
github.com/JailtonJunior94/ai-spec-harness/internal/parity/parity.go:179.2,183.1 6 1
github.com/JailtonJunior94/ai-spec-harness/internal/parity/parity.go:184.2,185.93 6 1
github.com/JailtonJunior94/ai-spec-harness/internal/parity/parity.go:186.3,187.1 1 0
github.com/JailtonJunior94/ai-spec-harness/internal/parity/parity.go:189.2,190.26 2 1
github.com/JailtonJunior94/ai-spec-harness/internal/parity/parity.go:191.3,192.1 1 1
github.com/JailtonJunior94/ai-spec-harness/internal/parity/parity.go:195.2,195.32 1 1
github.com/JailtonJunior94/ai-spec-harness/internal/parity/parity.go:196.3,203.1 2 1
github.com/JailtonJunior94/ai-spec-harness/internal/parity/parity.go:204.3,204.33 2 1
github.com/JailtonJunior94/ai-spec-harness/internal/parity/parity.go:205.4,206.1 1 1
github.com/JailtonJunior94/ai-spec-harness/internal/parity/parity.go:210.2,211.1 2 1
github.com/JailtonJunior94/ai-spec-harness/internal/parity/parity.go:212.2,218.8 2 1
github.com/JailtonJunior94/ai-spec-harness/internal/parity/parity.go:223.2,261.1 1 1
github.com/JailtonJunior94/ai-spec-harness/internal/parity/parity.go:271.3,272.14 2 1
github.com/JailtonJunior94/ai-spec-harness/internal/parity/parity.go:273.4,274.1 1 0
github.com/JailtonJunior94/ai-spec-harness/internal/parity/parity.go:275.3,275.49 1 1
github.com/JailtonJunior94/ai-spec-harness/internal/parity/parity.go:276.4,277.1 1 0
github.com/JailtonJunior94/ai-spec-harness/internal/parity/parity.go:278.3,278.63 1 1
github.com/JailtonJunior94/ai-spec-harness/internal/parity/parity.go:279.4,280.1 1 0
github.com/JailtonJunior94/ai-spec-harness/internal/parity/parity.go:281.3,281.29 1 1
github.com/JailtonJunior94/ai-spec-harness/internal/parity/parity.go:290.3,290.65 1 1
github.com/JailtonJunior94/ai-spec-harness/internal/parity/parity.go:291.4,292.1 1 0
github.com/JailtonJunior94/ai-spec-harness/internal/parity/parity.go:293.3,293.29 1 1
github.com/JailtonJunior94/ai-spec-harness/internal/parity/parity.go:302.3,302.70 1 1
github.com/JailtonJunior94/ai-spec-harness/internal/parity/parity.go:303.4,304.1 1 0
github.com/JailtonJunior94/ai-spec-harness/internal/parity/parity.go:305.3,305.29 1 1
github.com/JailtonJunior94/ai-spec-harness/internal/parity/parity.go:314.3,314.64 1 1
github.com/JailtonJunior94/ai-spec-harness/internal/parity/parity.go:315.4,316.1 1 0
github.com/JailtonJunior94/ai-spec-harness/internal/parity/parity.go:317.3,317.29 1 1
github.com/JailtonJunior94/ai-spec-harness/internal/parity/parity.go:329.3,330.14 2 1
github.com/JailtonJunior94/ai-spec-harness/internal/parity/parity.go:331.4,332.1 1 0
github.com/JailtonJunior94/ai-spec-harness/internal/parity/parity.go:333.3,333.40 1 1
github.com/JailtonJunior94/ai-spec-harness/internal/parity/parity.go:334.4,335.1 1 0
github.com/JailtonJunior94/ai-spec-harness/internal/parity/parity.go:336.3,336.29 1 1
github.com/JailtonJunior94/ai-spec-harness/internal/parity/parity.go:346.3,346.64 1 1
github.com/JailtonJunior94/ai-spec-harness/internal/parity/parity.go:347.4,348.1 1 0
github.com/JailtonJunior94/ai-spec-harness/internal/parity/parity.go:349.3,349.29 1 1
github.com/JailtonJunior94/ai-spec-harness/internal/parity/parity.go:363.3,364.14 2 1
github.com/JailtonJunior94/ai-spec-harness/internal/parity/parity.go:365.4,366.1 1 0
github.com/JailtonJunior94/ai-spec-harness/internal/parity/parity.go:367.3,367.40 1 1
github.com/JailtonJunior94/ai-spec-harness/internal/parity/parity.go:368.4,369.1 1 0
github.com/JailtonJunior94/ai-spec-harness/internal/parity/parity.go:370.3,370.29 1 1
github.com/JailtonJunior94/ai-spec-harness/internal/parity/parity.go:380.3,381.67 2 1
github.com/JailtonJunior94/ai-spec-harness/internal/parity/parity.go:382.4,383.1 1 1
github.com/JailtonJunior94/ai-spec-harness/internal/parity/parity.go:384.3,384.63 1 1
github.com/JailtonJunior94/ai-spec-harness/internal/parity/parity.go:385.4,386.1 1 0
github.com/JailtonJunior94/ai-spec-harness/internal/parity/parity.go:387.3,387.29 1 1
github.com/JailtonJunior94/ai-spec-harness/internal/parity/parity.go:399.3,400.14 2 1
github.com/JailtonJunior94/ai-spec-harness/internal/parity/parity.go:401.4,402.1 1 0
github.com/JailtonJunior94/ai-spec-harness/internal/parity/parity.go:403.3,403.47 1 1
github.com/JailtonJunior94/ai-spec-harness/internal/parity/parity.go:404.4,405.1 1 0
github.com/JailtonJunior94/ai-spec-harness/internal/parity/parity.go:406.3,406.29 1 1
github.com/JailtonJunior94/ai-spec-harness/internal/parity/parity.go:416.3,416.73 1 1
github.com/JailtonJunior94/ai-spec-harness/internal/parity/parity.go:417.4,418.1 1 0
github.com/JailtonJunior94/ai-spec-harness/internal/parity/parity.go:419.3,419.29 1 1
github.com/JailtonJunior94/ai-spec-harness/internal/parity/parity.go:433.3,437.1 2 1
github.com/JailtonJunior94/ai-spec-harness/internal/parity/parity.go:438.3,438.32 2 1
github.com/JailtonJunior94/ai-spec-harness/internal/parity/parity.go:439.4,440.11 2 1
github.com/JailtonJunior94/ai-spec-harness/internal/parity/parity.go:441.5,441.13 1 1
github.com/JailtonJunior94/ai-spec-harness/internal/parity/parity.go:443.4,444.21 2 1
github.com/JailtonJunior94/ai-spec-harness/internal/parity/parity.go:445.5,446.1 1 1
github.com/JailtonJunior94/ai-spec-harness/internal/parity/parity.go:447.4,447.53 1 1
github.com/JailtonJunior94/ai-spec-harness/internal/parity/parity.go:448.5,449.1 1 1
github.com/JailtonJunior94/ai-spec-harness/internal/parity/parity.go:451.3,451.29 1 1
github.com/JailtonJunior94/ai-spec-harness/internal/parity/parity.go:463.3,463.59 1 1
github.com/JailtonJunior94/ai-spec-harness/internal/parity/parity.go:464.4,465.1 1 1
github.com/JailtonJunior94/ai-spec-harness/internal/parity/parity.go:466.3,466.29 1 1
github.com/JailtonJunior94/ai-spec-harness/internal/parity/parity.go:476.3,476.56 1 1
github.com/JailtonJunior94/ai-spec-harness/internal/parity/parity.go:477.4,478.1 1 1
github.com/JailtonJunior94/ai-spec-harness/internal/parity/parity.go:479.3,479.29 1 1
github.com/JailtonJunior94/ai-spec-harness/internal/parity/parity.go:489.3,489.50 1 1
github.com/JailtonJunior94/ai-spec-harness/internal/parity/parity.go:490.4,491.1 1 1
github.com/JailtonJunior94/ai-spec-harness/internal/parity/parity.go:492.3,492.29 1 1
github.com/JailtonJunior94/ai-spec-harness/internal/parity/parity.go:502.3,502.64 1 1
github.com/JailtonJunior94/ai-spec-harness/internal/parity/parity.go:503.4,504.1 1 1
github.com/JailtonJunior94/ai-spec-harness/internal/parity/parity.go:505.3,505.29 1 1
github.com/JailtonJunior94/ai-spec-harness/internal/parity/parity.go:515.3,515.66 1 1
github.com/JailtonJunior94/ai-spec-harness/internal/parity/parity.go:516.4,517.1 1 1
github.com/JailtonJunior94/ai-spec-harness/internal/parity/parity.go:518.3,518.29 1 1
github.com/JailtonJunior94/ai-spec-harness/internal/parity/parity.go:528.3,528.68 1 1
github.com/JailtonJunior94/ai-spec-harness/internal/parity/parity.go:529.4,530.1 1 1
github.com/JailtonJunior94/ai-spec-harness/internal/parity/parity.go:531.3,531.29 1 1
github.com/JailtonJunior94/ai-spec-harness/internal/parity/parity.go:545.3,545.60 1 1
github.com/JailtonJunior94/ai-spec-harness/internal/parity/parity.go:546.4,547.1 1 1
github.com/JailtonJunior94/ai-spec-harness/internal/parity/parity.go:548.3,548.29 1 1
github.com/JailtonJunior94/ai-spec-harness/internal/parity/parity.go:564.2,565.71 2 1
github.com/JailtonJunior94/ai-spec-harness/internal/parity/parity.go:566.3,567.17 2 1
github.com/JailtonJunior94/ai-spec-harness/internal/parity/parity.go:568.4,568.12 1 0
github.com/JailtonJunior94/ai-spec-harness/internal/parity/parity.go:570.3,571.58 2 1
github.com/JailtonJunior94/ai-spec-harness/internal/parity/parity.go:572.4,573.1 1 1
github.com/JailtonJunior94/ai-spec-harness/internal/parity/parity.go:575.2,575.16 1 1
github.com/JailtonJunior94/ai-spec-harness/internal/parity/parity.go:583.2,583.55 1 1
github.com/JailtonJunior94/ai-spec-harness/internal/parity/parity.go:584.3,584.53 1 0
github.com/JailtonJunior94/ai-spec-harness/internal/parity/parity.go:585.4,586.1 1 0
github.com/JailtonJunior94/ai-spec-harness/internal/parity/parity.go:588.2,588.30 1 1
github.com/JailtonJunior94/ai-spec-harness/internal/parity/parity.go:601.3,603.1 3 1
github.com/JailtonJunior94/ai-spec-harness/internal/parity/parity.go:605.3,605.48 3 1
github.com/JailtonJunior94/ai-spec-harness/internal/parity/parity.go:606.4,607.1 1 1
github.com/JailtonJunior94/ai-spec-harness/internal/parity/parity.go:609.3,611.1 4 1
github.com/JailtonJunior94/ai-spec-harness/internal/parity/parity.go:613.3,614.35 4 1
github.com/JailtonJunior94/ai-spec-harness/internal/parity/parity.go:615.4,615.61 1 1
github.com/JailtonJunior94/ai-spec-harness/internal/parity/parity.go:616.5,617.1 1 1
github.com/JailtonJunior94/ai-spec-harness/internal/parity/parity.go:619.3,620.34 2 1
github.com/JailtonJunior94/ai-spec-harness/internal/parity/parity.go:621.4,621.61 1 1
github.com/JailtonJunior94/ai-spec-harness/internal/parity/parity.go:622.5,623.1 1 1
github.com/JailtonJunior94/ai-spec-harness/internal/parity/parity.go:627.3,627.28 1 1
github.com/JailtonJunior94/ai-spec-harness/internal/parity/parity.go:628.4,629.1 1 0
github.com/JailtonJunior94/ai-spec-harness/internal/parity/parity.go:630.3,630.27 1 1
github.com/JailtonJunior94/ai-spec-harness/internal/parity/parity.go:631.4,632.1 1 0
github.com/JailtonJunior94/ai-spec-harness/internal/parity/parity.go:635.3,635.33 1 1
github.com/JailtonJunior94/ai-spec-harness/internal/parity/parity.go:636.4,636.24 1 1
github.com/JailtonJunior94/ai-spec-harness/internal/parity/parity.go:637.5,638.1 1 1
github.com/JailtonJunior94/ai-spec-harness/internal/parity/parity.go:640.3,641.28 1 1
github.com/JailtonJunior94/ai-spec-harness/internal/parity/parity.go:655.3,659.1 3 1
github.com/JailtonJunior94/ai-spec-harness/internal/parity/parity.go:661.3,662.35 3 1
github.com/JailtonJunior94/ai-spec-harness/internal/parity/parity.go:663.4,664.1 2 1
github.com/JailtonJunior94/ai-spec-harness/internal/parity/parity.go:665.4,665.21 2 1
github.com/JailtonJunior94/ai-spec-harness/internal/parity/parity.go:666.5,667.1 1 1
github.com/JailtonJunior94/ai-spec-harness/internal/parity/parity.go:668.4,669.61 2 1
github.com/JailtonJunior94/ai-spec-harness/internal/parity/parity.go:670.5,670.62 1 1
github.com/JailtonJunior94/ai-spec-harness/internal/parity/parity.go:671.6,672.1 1 1
github.com/JailtonJunior94/ai-spec-harness/internal/parity/parity.go:674.4,674.23 1 1
github.com/JailtonJunior94/ai-spec-harness/internal/parity/parity.go:675.5,676.1 1 0
github.com/JailtonJunior94/ai-spec-harness/internal/parity/parity.go:677.4,677.23 1 1
github.com/JailtonJunior94/ai-spec-harness/internal/parity/parity.go:681.3,683.34 3 1
github.com/JailtonJunior94/ai-spec-harness/internal/parity/parity.go:684.4,684.18 1 1
github.com/JailtonJunior94/ai-spec-harness/internal/parity/parity.go:685.5,686.13 2 1
github.com/JailtonJunior94/ai-spec-harness/internal/parity/parity.go:688.4,688.30 1 1
github.com/JailtonJunior94/ai-spec-harness/internal/parity/parity.go:689.5,691.1 1 0
github.com/JailtonJunior94/ai-spec-harness/internal/parity/parity.go:692.4,692.25 1 1
github.com/JailtonJunior94/ai-spec-harness/internal/parity/parity.go:693.5,693.16 1 1
github.com/JailtonJunior94/ai-spec-harness/internal/parity/parity.go:694.6,695.1 1 1
github.com/JailtonJunior94/ai-spec-harness/internal/parity/parity.go:698.3,698.29 1 1
github.com/JailtonJunior94/ai-spec-harness/internal/parity/parity.go:711.3,712.1 2 1
github.com/JailtonJunior94/ai-spec-harness/internal/parity/parity.go:714.3,714.38 2 1
github.com/JailtonJunior94/ai-spec-harness/internal/parity/parity.go:715.4,715.48 1 1
github.com/JailtonJunior94/ai-spec-harness/internal/parity/parity.go:716.5,716.13 1 1
github.com/JailtonJunior94/ai-spec-harness/internal/parity/parity.go:718.4,719.30 2 1
github.com/JailtonJunior94/ai-spec-harness/internal/parity/parity.go:720.5,720.51 1 1
github.com/JailtonJunior94/ai-spec-harness/internal/parity/parity.go:721.6,721.24 1 1
github.com/JailtonJunior94/ai-spec-harness/internal/parity/parity.go:722.7,724.1 1 1
github.com/JailtonJunior94/ai-spec-harness/internal/parity/parity.go:728.3,728.29 1 1
github.com/JailtonJunior94/ai-spec-harness/internal/parity/parity.go:746.3,747.19 2 1
github.com/JailtonJunior94/ai-spec-harness/internal/parity/parity.go:748.4,749.1 1 0
github.com/JailtonJunior94/ai-spec-harness/internal/parity/parity.go:753.3,753.51 1 1
github.com/JailtonJunior94/ai-spec-harness/internal/parity/parity.go:754.4,755.1 1 1
github.com/JailtonJunior94/ai-spec-harness/internal/parity/parity.go:756.3,756.129 1 1
github.com/JailtonJunior94/ai-spec-harness/internal/parity/parity.go:770.3,770.56 1 1
github.com/JailtonJunior94/ai-spec-harness/internal/parity/parity.go:771.4,772.1 1 1
github.com/JailtonJunior94/ai-spec-harness/internal/parity/parity.go:773.3,774.56 2 1
github.com/JailtonJunior94/ai-spec-harness/internal/parity/parity.go:775.4,776.1 1 0
github.com/JailtonJunior94/ai-spec-harness/internal/parity/parity.go:777.3,777.60 1 1
github.com/JailtonJunior94/ai-spec-harness/internal/parity/parity.go:778.4,779.1 1 0
github.com/JailtonJunior94/ai-spec-harness/internal/parity/parity.go:780.3,780.29 1 1
github.com/JailtonJunior94/ai-spec-harness/internal/parity/r1_receiver.go:6.30,6.49 1 1
github.com/JailtonJunior94/ai-spec-harness/cmd/ai_spec_harness/changelog.go:13.2,15.1 3 1
github.com/JailtonJunior94/ai-spec-harness/cmd/ai_spec_harness/changelog.go:16.2,27.55 3 1
github.com/JailtonJunior94/ai-spec-harness/cmd/ai_spec_harness/changelog.go:28.4,28.117 1 1
github.com/JailtonJunior94/ai-spec-harness/cmd/ai_spec_harness/changelog.go:29.5,30.1 1 1
github.com/JailtonJunior94/ai-spec-harness/cmd/ai_spec_harness/changelog.go:32.4,33.21 2 0
github.com/JailtonJunior94/ai-spec-harness/cmd/ai_spec_harness/changelog.go:34.5,35.1 1 0
github.com/JailtonJunior94/ai-spec-harness/cmd/ai_spec_harness/changelog.go:37.4,39.18 3 0
github.com/JailtonJunior94/ai-spec-harness/cmd/ai_spec_harness/changelog.go:40.5,41.1 1 0
github.com/JailtonJunior94/ai-spec-harness/cmd/ai_spec_harness/changelog.go:43.4,43.23 1 0
github.com/JailtonJunior94/ai-spec-harness/cmd/ai_spec_harness/changelog.go:44.5,46.1 2 0
github.com/JailtonJunior94/ai-spec-harness/cmd/ai_spec_harness/changelog.go:48.4,49.91 2 0
github.com/JailtonJunior94/ai-spec-harness/cmd/ai_spec_harness/changelog.go:50.5,51.1 1 0
github.com/JailtonJunior94/ai-spec-harness/cmd/ai_spec_harness/changelog.go:52.4,53.14 2 0
github.com/JailtonJunior94/ai-spec-harness/cmd/ai_spec_harness/changelog.go:57.2,59.12 3 1
github.com/JailtonJunior94/ai-spec-harness/cmd/ai_spec_harness/check_traceability.go:12.2,27.55 1 1
github.com/JailtonJunior94/ai-spec-harness/cmd/ai_spec_harness/check_traceability.go:28.4,29.1 3 1
github.com/JailtonJunior94/ai-spec-harness/cmd/ai_spec_harness/check_traceability.go:30.4,31.35 3 1
github.com/JailtonJunior94/ai-spec-harness/cmd/ai_spec_harness/check_traceability.go:32.5,34.1 2 1
github.com/JailtonJunior94/ai-spec-harness/cmd/ai_spec_harness/check_traceability.go:36.4,37.18 2 1
github.com/JailtonJunior94/ai-spec-harness/cmd/ai_spec_harness/check_traceability.go:38.5,40.1 2 0
github.com/JailtonJunior94/ai-spec-harness/cmd/ai_spec_harness/check_traceability.go:42.4,43.28 2 1
github.com/JailtonJunior94/ai-spec-harness/cmd/ai_spec_harness/check_traceability.go:44.5,47.1 2 1
github.com/JailtonJunior94/ai-spec-harness/cmd/ai_spec_harness/check_traceability.go:49.4,49.33 1 1
github.com/JailtonJunior94/ai-spec-harness/cmd/ai_spec_harness/check_traceability.go:50.5,51.1 1 1
github.com/JailtonJunior94/ai-spec-harness/cmd/ai_spec_harness/check_traceability.go:52.4,52.26 1 1
github.com/JailtonJunior94/ai-spec-harness/cmd/ai_spec_harness/check_traceability.go:55.2,55.12 1 1
github.com/JailtonJunior94/ai-spec-harness/cmd/ai_spec_harness/doctor.go:13.2,22.55 1 1
github.com/JailtonJunior94/ai-spec-harness/cmd/ai_spec_harness/doctor.go:23.4,27.1 7 0
github.com/JailtonJunior94/ai-spec-harness/cmd/ai_spec_harness/doctor.go:28.4,29.1 7 0
github.com/JailtonJunior94/ai-spec-harness/cmd/ai_spec_harness/doctor.go:30.4,32.1 7 0
github.com/JailtonJunior94/ai-spec-harness/cmd/ai_spec_harness/doctor.go:34.2,35.12 2 1
github.com/JailtonJunior94/ai-spec-harness/cmd/ai_spec_harness/exit_error.go:18.2,19.1 1 1
github.com/JailtonJunior94/ai-spec-harness/cmd/ai_spec_harness/exit_error.go:23.2,24.1 1 1
github.com/JailtonJunior94/ai-spec-harness/cmd/ai_spec_harness/exit_error.go:28.2,29.1 1 1
github.com/JailtonJunior94/ai-spec-harness/cmd/ai_spec_harness/exit_error.go:38.2,39.1 1 1
github.com/JailtonJunior94/ai-spec-harness/cmd/ai_spec_harness/exit_error.go:44.2,45.25 2 1
github.com/JailtonJunior94/ai-spec-harness/cmd/ai_spec_harness/exit_error.go:46.3,47.1 1 1
github.com/JailtonJunior94/ai-spec-harness/cmd/ai_spec_harness/exit_error.go:48.2,48.10 1 1
github.com/JailtonJunior94/ai-spec-harness/cmd/ai_spec_harness/flags.go:16.2,17.1 1 1
github.com/JailtonJunior94/ai-spec-harness/cmd/ai_spec_harness/flags.go:23.2,24.40 2 1
github.com/JailtonJunior94/ai-spec-harness/cmd/ai_spec_harness/flags.go:25.3,25.32 1 1
github.com/JailtonJunior94/ai-spec-harness/cmd/ai_spec_harness/flags.go:26.4,27.1 1 1
github.com/JailtonJunior94/ai-spec-harness/cmd/ai_spec_harness/flags.go:28.3,28.79 1 1
github.com/JailtonJunior94/ai-spec-harness/cmd/ai_spec_harness/flags.go:30.2,30.12 1 1
github.com/JailtonJunior94/ai-spec-harness/cmd/ai_spec_harness/flags.go:36.2,36.15 1 1
github.com/JailtonJunior94/ai-spec-harness/cmd/ai_spec_harness/flags.go:37.3,38.1 1 0
github.com/JailtonJunior94/ai-spec-harness/cmd/ai_spec_harness/flags.go:39.2,39.18 1 1
github.com/JailtonJunior94/ai-spec-harness/cmd/ai_spec_harness/flags.go:40.3,41.1 1 0
github.com/JailtonJunior94/ai-spec-harness/cmd/ai_spec_harness/flags.go:42.2,43.44 2 1
github.com/JailtonJunior94/ai-spec-harness/cmd/ai_spec_harness/flags.go:44.3,46.17 3 1
github.com/JailtonJunior94/ai-spec-harness/cmd/ai_spec_harness/flags.go:47.4,48.1 1 0
github.com/JailtonJunior94/ai-spec-harness/cmd/ai_spec_harness/flags.go:49.3,49.27 1 1
github.com/JailtonJunior94/ai-spec-harness/cmd/ai_spec_harness/flags.go:51.2,51.19 1 1
github.com/JailtonJunior94/ai-spec-harness/cmd/ai_spec_harness/flags.go:57.2,57.15 1 1
github.com/JailtonJunior94/ai-spec-harness/cmd/ai_spec_harness/flags.go:58.3,59.1 1 1
github.com/JailtonJunior94/ai-spec-harness/cmd/ai_spec_harness/flags.go:60.2,60.15 1 1
github.com/JailtonJunior94/ai-spec-harness/cmd/ai_spec_harness/flags.go:61.3,62.1 1 1
github.com/JailtonJunior94/ai-spec-harness/cmd/ai_spec_harness/flags.go:63.2,64.62 2 1
github.com/JailtonJunior94/ai-spec-harness/cmd/ai_spec_harness/flags.go:64.64,64.94 1 1
github.com/JailtonJunior94/ai-spec-harness/cmd/ai_spec_harness/flags.go:65.3,66.14 2 1
github.com/JailtonJunior94/ai-spec-harness/cmd/ai_spec_harness/flags.go:67.4,68.1 1 1
github.com/JailtonJunior94/ai-spec-harness/cmd/ai_spec_harness/flags.go:70.2,70.14 1 1
github.com/JailtonJunior94/ai-spec-harness/cmd/ai_spec_harness/flags.go:74.2,74.32 1 1
github.com/JailtonJunior94/ai-spec-harness/cmd/ai_spec_harness/flags.go:75.3,76.1 1 1
github.com/JailtonJunior94/ai-spec-harness/cmd/ai_spec_harness/flags.go:77.2,77.18 1 0
github.com/JailtonJunior94/ai-spec-harness/cmd/ai_spec_harness/flags.go:78.3,79.1 1 0
github.com/JailtonJunior94/ai-spec-harness/cmd/ai_spec_harness/flags.go:80.2,81.44 2 0
github.com/JailtonJunior94/ai-spec-harness/cmd/ai_spec_harness/flags.go:82.3,84.10 3 0
github.com/JailtonJunior94/ai-spec-harness/cmd/ai_spec_harness/flags.go:85.4,86.1 1 0
github.com/JailtonJunior94/ai-spec-harness/cmd/ai_spec_harness/flags.go:87.3,87.27 1 0
github.com/JailtonJunior94/ai-spec-harness/cmd/ai_spec_harness/flags.go:89.2,89.19 1 0
github.com/JailtonJunior94/ai-spec-harness/cmd/ai_spec_harness/hash.go:15.2,26.55 2 1
github.com/JailtonJunior94/ai-spec-harness/cmd/ai_spec_harness/hash.go:27.4,28.18 2 0
github.com/JailtonJunior94/ai-spec-harness/cmd/ai_spec_harness/hash.go:29.5,30.1 1 0
github.com/JailtonJunior94/ai-spec-harness/cmd/ai_spec_harness/hash.go:31.4,32.14 2 0
github.com/JailtonJunior94/ai-spec-harness/cmd/ai_spec_harness/hash.go:35.2,35.12 1 1
github.com/JailtonJunior94/ai-spec-harness/cmd/ai_spec_harness/hash.go:39.2,40.16 2 1
github.com/JailtonJunior94/ai-spec-harness/cmd/ai_spec_harness/hash.go:41.3,42.1 1 0
github.com/JailtonJunior94/ai-spec-harness/cmd/ai_spec_harness/hash.go:43.2,43.40 1 1
github.com/JailtonJunior94/ai-spec-harness/cmd/ai_spec_harness/inspect.go:14.2,17.1 4 1
github.com/JailtonJunior94/ai-spec-harness/cmd/ai_spec_harness/inspect.go:18.2,30.55 4 1
github.com/JailtonJunior94/ai-spec-harness/cmd/ai_spec_harness/inspect.go:31.4,35.1 6 0
github.com/JailtonJunior94/ai-spec-harness/cmd/ai_spec_harness/inspect.go:36.4,37.47 6 0
github.com/JailtonJunior94/ai-spec-harness/cmd/ai_spec_harness/inspect.go:38.5,39.1 1 0
github.com/JailtonJunior94/ai-spec-harness/cmd/ai_spec_harness/inspect.go:42.4,44.27 3 0
github.com/JailtonJunior94/ai-spec-harness/cmd/ai_spec_harness/inspect.go:45.5,46.1 1 0
github.com/JailtonJunior94/ai-spec-harness/cmd/ai_spec_harness/inspect.go:48.4,49.26 2 0
github.com/JailtonJunior94/ai-spec-harness/cmd/ai_spec_harness/inspect.go:50.5,50.28 1 0
github.com/JailtonJunior94/ai-spec-harness/cmd/ai_spec_harness/inspect.go:51.6,52.1 1 0
github.com/JailtonJunior94/ai-spec-harness/cmd/ai_spec_harness/inspect.go:53.6,54.1 1 0
github.com/JailtonJunior94/ai-spec-harness/cmd/ai_spec_harness/inspect.go:55.5,55.70 1 0
github.com/JailtonJunior94/ai-spec-harness/cmd/ai_spec_harness/inspect.go:56.6,57.13 2 0
github.com/JailtonJunior94/ai-spec-harness/cmd/ai_spec_harness/inspect.go:58.7,58.15 1 0
github.com/JailtonJunior94/ai-spec-harness/cmd/ai_spec_harness/inspect.go:60.6,61.25 2 0
github.com/JailtonJunior94/ai-spec-harness/cmd/ai_spec_harness/inspect.go:62.7,63.1 1 0
github.com/JailtonJunior94/ai-spec-harness/cmd/ai_spec_harness/inspect.go:64.6,64.26 1 0
github.com/JailtonJunior94/ai-spec-harness/cmd/ai_spec_harness/inspect.go:65.7,66.1 1 0
github.com/JailtonJunior94/ai-spec-harness/cmd/ai_spec_harness/inspect.go:67.6,67.26 1 0
github.com/JailtonJunior94/ai-spec-harness/cmd/ai_spec_harness/inspect.go:68.7,69.1 1 0
github.com/JailtonJunior94/ai-spec-harness/cmd/ai_spec_harness/inspect.go:74.4,74.47 1 0
github.com/JailtonJunior94/ai-spec-harness/cmd/ai_spec_harness/inspect.go:75.5,76.20 2 0
github.com/JailtonJunior94/ai-spec-harness/cmd/ai_spec_harness/inspect.go:77.6,78.1 1 0
github.com/JailtonJunior94/ai-spec-harness/cmd/ai_spec_harness/inspect.go:79.5,82.60 4 0
github.com/JailtonJunior94/ai-spec-harness/cmd/ai_spec_harness/inspect.go:83.6,85.32 3 0
github.com/JailtonJunior94/ai-spec-harness/cmd/ai_spec_harness/inspect.go:86.7,86.21 1 0
github.com/JailtonJunior94/ai-spec-harness/cmd/ai_spec_harness/inspect.go:87.8,87.16 1 0
github.com/JailtonJunior94/ai-spec-harness/cmd/ai_spec_harness/inspect.go:89.7,90.21 2 0
github.com/JailtonJunior94/ai-spec-harness/cmd/ai_spec_harness/inspect.go:91.8,91.16 1 0
github.com/JailtonJunior94/ai-spec-harness/cmd/ai_spec_harness/inspect.go:93.7,93.75 1 0
github.com/JailtonJunior94/ai-spec-harness/cmd/ai_spec_harness/inspect.go:98.4,98.14 1 0
github.com/JailtonJunior94/ai-spec-harness/cmd/ai_spec_harness/inspect.go:102.2,105.12 4 1
github.com/JailtonJunior94/ai-spec-harness/cmd/ai_spec_harness/install.go:22.2,38.1 15 1
github.com/JailtonJunior94/ai-spec-harness/cmd/ai_spec_harness/install.go:40.2,53.1 15 1
github.com/JailtonJunior94/ai-spec-harness/cmd/ai_spec_harness/install.go:56.2,69.1 14 1
github.com/JailtonJunior94/ai-spec-harness/cmd/ai_spec_harness/install.go:70.2,70.45 14 1
github.com/JailtonJunior94/ai-spec-harness/cmd/ai_spec_harness/install.go:71.3,72.1 1 1
github.com/JailtonJunior94/ai-spec-harness/cmd/ai_spec_harness/install.go:74.2,75.19 2 1
github.com/JailtonJunior94/ai-spec-harness/cmd/ai_spec_harness/install.go:76.3,77.1 1 0
github.com/JailtonJunior94/ai-spec-harness/cmd/ai_spec_harness/install.go:81.2,82.16 2 1
github.com/JailtonJunior94/ai-spec-harness/cmd/ai_spec_harness/install.go:83.3,84.1 1 0
github.com/JailtonJunior94/ai-spec-harness/cmd/ai_spec_harness/install.go:86.2,87.16 2 1
github.com/JailtonJunior94/ai-spec-harness/cmd/ai_spec_harness/install.go:88.3,89.1 1 0
github.com/JailtonJunior94/ai-spec-harness/cmd/ai_spec_harness/install.go:91.2,92.9 2 1
github.com/JailtonJunior94/ai-spec-harness/cmd/ai_spec_harness/install.go:93.3,94.1 1 0
github.com/JailtonJunior94/ai-spec-harness/cmd/ai_spec_harness/install.go:96.2,97.1 3 1
github.com/JailtonJunior94/ai-spec-harness/cmd/ai_spec_harness/install.go:98.2,99.22 3 1
github.com/JailtonJunior94/ai-spec-harness/cmd/ai_spec_harness/install.go:100.3,101.17 2 0
github.com/JailtonJunior94/ai-spec-harness/cmd/ai_spec_harness/install.go:102.4,103.1 1 0
github.com/JailtonJunior94/ai-spec-harness/cmd/ai_spec_harness/install.go:104.3,105.17 2 0
github.com/JailtonJunior94/ai-spec-harness/cmd/ai_spec_harness/install.go:106.4,107.1 1 0
github.com/JailtonJunior94/ai-spec-harness/cmd/ai_spec_harness/install.go:108.3,110.65 3 0
github.com/JailtonJunior94/ai-spec-harness/cmd/ai_spec_harness/install.go:111.4,112.1 1 0
github.com/JailtonJunior94/ai-spec-harness/cmd/ai_spec_harness/install.go:113.3,113.29 1 0
github.com/JailtonJunior94/ai-spec-harness/cmd/ai_spec_harness/install.go:116.2,120.1 6 1
github.com/JailtonJunior94/ai-spec-harness/cmd/ai_spec_harness/install.go:121.2,122.1 6 1
github.com/JailtonJunior94/ai-spec-harness/cmd/ai_spec_harness/install.go:123.2,136.4 6 1
github.com/JailtonJunior94/ai-spec-harness/cmd/ai_spec_harness/lint.go:15.2,17.1 3 1
github.com/JailtonJunior94/ai-spec-harness/cmd/ai_spec_harness/lint.go:18.2,33.55 3 1
github.com/JailtonJunior94/ai-spec-harness/cmd/ai_spec_harness/lint.go:34.4,35.21 2 0
github.com/JailtonJunior94/ai-spec-harness/cmd/ai_spec_harness/lint.go:36.5,37.1 1 0
github.com/JailtonJunior94/ai-spec-harness/cmd/ai_spec_harness/lint.go:39.4,42.18 4 0
github.com/JailtonJunior94/ai-spec-harness/cmd/ai_spec_harness/lint.go:43.5,44.1 1 0
github.com/JailtonJunior94/ai-spec-harness/cmd/ai_spec_harness/lint.go:47.4,51.1 6 0
github.com/JailtonJunior94/ai-spec-harness/cmd/ai_spec_harness/lint.go:52.4,53.22 6 0
github.com/JailtonJunior94/ai-spec-harness/cmd/ai_spec_harness/lint.go:54.5,55.23 2 0
github.com/JailtonJunior94/ai-spec-harness/cmd/ai_spec_harness/lint.go:56.6,58.1 2 0
github.com/JailtonJunior94/ai-spec-harness/cmd/ai_spec_harness/lint.go:62.4,62.37 1 0
github.com/JailtonJunior94/ai-spec-harness/cmd/ai_spec_harness/lint.go:63.5,64.1 1 0
github.com/JailtonJunior94/ai-spec-harness/cmd/ai_spec_harness/lint.go:67.4,67.45 1 0
github.com/JailtonJunior94/ai-spec-harness/cmd/ai_spec_harness/lint.go:68.5,68.38 1 0
github.com/JailtonJunior94/ai-spec-harness/cmd/ai_spec_harness/lint.go:69.6,73.1 1 0
github.com/JailtonJunior94/ai-spec-harness/cmd/ai_spec_harness/lint.go:76.4,76.22 1 0
github.com/JailtonJunior94/ai-spec-harness/cmd/ai_spec_harness/lint.go:77.5,78.32 2 0
github.com/JailtonJunior94/ai-spec-harness/cmd/ai_spec_harness/lint.go:79.6,80.1 1 0
github.com/JailtonJunior94/ai-spec-harness/cmd/ai_spec_harness/lint.go:81.6,82.1 1 0
github.com/JailtonJunior94/ai-spec-harness/cmd/ai_spec_harness/lint.go:83.5,83.15 1 0
github.com/JailtonJunior94/ai-spec-harness/cmd/ai_spec_harness/lint.go:86.4,86.27 1 0
github.com/JailtonJunior94/ai-spec-harness/cmd/ai_spec_harness/lint.go:87.5,88.1 1 0
github.com/JailtonJunior94/ai-spec-harness/cmd/ai_spec_harness/lint.go:89.4,90.26 2 0
github.com/JailtonJunior94/ai-spec-harness/cmd/ai_spec_harness/lint.go:94.2,96.12 3 1
github.com/JailtonJunior94/ai-spec-harness/cmd/ai_spec_harness/memory.go:24.2,31.1 8 1
github.com/JailtonJunior94/ai-spec-harness/cmd/ai_spec_harness/memory.go:33.2,40.1 8 1
github.com/JailtonJunior94/ai-spec-harness/cmd/ai_spec_harness/memory.go:45.2,48.1 3 1
github.com/JailtonJunior94/ai-spec-harness/cmd/ai_spec_harness/memory.go:51.2,52.1 2 1
github.com/JailtonJunior94/ai-spec-harness/cmd/ai_spec_harness/memory.go:53.2,56.52 2 1
github.com/JailtonJunior94/ai-spec-harness/cmd/ai_spec_harness/memory.go:57.4,61.1 4 0
github.com/JailtonJunior94/ai-spec-harness/cmd/ai_spec_harness/memory.go:64.2,65.12 2 1
github.com/JailtonJunior94/ai-spec-harness/cmd/ai_spec_harness/memory.go:74.2,75.74 2 1
github.com/JailtonJunior94/ai-spec-harness/cmd/ai_spec_harness/memory.go:76.3,77.17 2 1
github.com/JailtonJunior94/ai-spec-harness/cmd/ai_spec_harness/memory.go:78.4,78.32 1 0
github.com/JailtonJunior94/ai-spec-harness/cmd/ai_spec_harness/memory.go:79.5,79.13 1 0
github.com/JailtonJunior94/ai-spec-harness/cmd/ai_spec_harness/memory.go:81.4,81.73 1 0
github.com/JailtonJunior94/ai-spec-harness/cmd/ai_spec_harness/memory.go:83.3,83.22 1 1
github.com/JailtonJunior94/ai-spec-harness/cmd/ai_spec_harness/memory.go:84.4,84.12 1 1
github.com/JailtonJunior94/ai-spec-harness/cmd/ai_spec_harness/memory.go:86.3,88.44 3 1
github.com/JailtonJunior94/ai-spec-harness/cmd/ai_spec_harness/memory.go:89.4,90.50 2 1
github.com/JailtonJunior94/ai-spec-harness/cmd/ai_spec_harness/memory.go:91.5,92.1 1 1
github.com/JailtonJunior94/ai-spec-harness/cmd/ai_spec_harness/memory.go:93.4,95.47 3 1
github.com/JailtonJunior94/ai-spec-harness/cmd/ai_spec_harness/memory.go:98.2,98.12 1 1
github.com/JailtonJunior94/ai-spec-harness/cmd/ai_spec_harness/memory.go:99.3,100.1 1 1
github.com/JailtonJunior94/ai-spec-harness/cmd/ai_spec_harness/memory.go:101.2,101.12 1 1
github.com/JailtonJunior94/ai-spec-harness/cmd/ai_spec_harness/memory.go:105.2,107.1 3 1
github.com/JailtonJunior94/ai-spec-harness/cmd/ai_spec_harness/memory.go:108.2,112.55 3 1
github.com/JailtonJunior94/ai-spec-harness/cmd/ai_spec_harness/memory.go:113.4,117.1 4 0
github.com/JailtonJunior94/ai-spec-harness/cmd/ai_spec_harness/memory.go:120.2,122.12 3 1
github.com/JailtonJunior94/ai-spec-harness/cmd/ai_spec_harness/memory.go:132.2,134.1 3 1
github.com/JailtonJunior94/ai-spec-harness/cmd/ai_spec_harness/memory.go:135.2,135.74 3 1
github.com/JailtonJunior94/ai-spec-harness/cmd/ai_spec_harness/memory.go:136.3,137.17 2 1
github.com/JailtonJunior94/ai-spec-harness/cmd/ai_spec_harness/memory.go:138.4,138.32 1 0
github.com/JailtonJunior94/ai-spec-harness/cmd/ai_spec_harness/memory.go:139.5,139.13 1 0
github.com/JailtonJunior94/ai-spec-harness/cmd/ai_spec_harness/memory.go:141.4,141.75 1 0
github.com/JailtonJunior94/ai-spec-harness/cmd/ai_spec_harness/memory.go:143.3,143.29 1 1
github.com/JailtonJunior94/ai-spec-harness/cmd/ai_spec_harness/memory.go:144.4,145.1 1 1
github.com/JailtonJunior94/ai-spec-harness/cmd/ai_spec_harness/memory.go:146.3,146.40 1 1
github.com/JailtonJunior94/ai-spec-harness/cmd/ai_spec_harness/memory.go:149.2,150.14 2 1
github.com/JailtonJunior94/ai-spec-harness/cmd/ai_spec_harness/memory.go:151.3,152.1 1 1
github.com/JailtonJunior94/ai-spec-harness/cmd/ai_spec_harness/memory.go:153.3,154.1 1 1
github.com/JailtonJunior94/ai-spec-harness/cmd/ai_spec_harness/memory.go:156.2,156.23 1 1
github.com/JailtonJunior94/ai-spec-harness/cmd/ai_spec_harness/memory.go:157.3,159.1 2 1
github.com/JailtonJunior94/ai-spec-harness/cmd/ai_spec_harness/memory.go:160.2,160.30 1 1
github.com/JailtonJunior94/ai-spec-harness/cmd/ai_spec_harness/memory.go:161.3,162.1 1 1
github.com/JailtonJunior94/ai-spec-harness/cmd/ai_spec_harness/memory.go:163.2,163.12 1 1
github.com/JailtonJunior94/ai-spec-harness/cmd/ai_spec_harness/memory.go:167.2,168.1 2 1
github.com/JailtonJunior94/ai-spec-harness/cmd/ai_spec_harness/memory.go:169.2,172.52 2 1
github.com/JailtonJunior94/ai-spec-harness/cmd/ai_spec_harness/memory.go:173.4,178.1 5 0
github.com/JailtonJunior94/ai-spec-harness/cmd/ai_spec_harness/memory.go:181.2,183.12 3 1
github.com/JailtonJunior94/ai-spec-harness/cmd/ai_spec_harness/memory.go:193.2,196.1 5 1
github.com/JailtonJunior94/ai-spec-harness/cmd/ai_spec_harness/memory.go:197.2,198.74 5 1
github.com/JailtonJunior94/ai-spec-harness/cmd/ai_spec_harness/memory.go:199.3,200.17 2 1
github.com/JailtonJunior94/ai-spec-harness/cmd/ai_spec_harness/memory.go:201.4,201.32 1 0
github.com/JailtonJunior94/ai-spec-harness/cmd/ai_spec_harness/memory.go:202.5,202.13 1 0
github.com/JailtonJunior94/ai-spec-harness/cmd/ai_spec_harness/memory.go:204.4,204.75 1 0
github.com/JailtonJunior94/ai-spec-harness/cmd/ai_spec_harness/memory.go:206.3,206.22 1 1
github.com/JailtonJunior94/ai-spec-harness/cmd/ai_spec_harness/memory.go:207.4,207.12 1 1
github.com/JailtonJunior94/ai-spec-harness/cmd/ai_spec_harness/memory.go:209.3,211.44 3 1
github.com/JailtonJunior94/ai-spec-harness/cmd/ai_spec_harness/memory.go:212.4,216.1 4 1
github.com/JailtonJunior94/ai-spec-harness/cmd/ai_spec_harness/memory.go:219.2,219.17 1 1
github.com/JailtonJunior94/ai-spec-harness/cmd/ai_spec_harness/memory.go:220.3,221.1 1 0
github.com/JailtonJunior94/ai-spec-harness/cmd/ai_spec_harness/memory.go:223.2,223.70 1 1
github.com/JailtonJunior94/ai-spec-harness/cmd/ai_spec_harness/memory.go:224.3,225.1 1 0
github.com/JailtonJunior94/ai-spec-harness/cmd/ai_spec_harness/memory.go:226.2,227.12 2 1
github.com/JailtonJunior94/ai-spec-harness/cmd/ai_spec_harness/memory.go:231.2,233.1 3 1
github.com/JailtonJunior94/ai-spec-harness/cmd/ai_spec_harness/memory.go:234.2,237.52 3 1
github.com/JailtonJunior94/ai-spec-harness/cmd/ai_spec_harness/memory.go:238.4,243.1 5 0
github.com/JailtonJunior94/ai-spec-harness/cmd/ai_spec_harness/memory.go:246.2,249.12 4 1
github.com/JailtonJunior94/ai-spec-harness/cmd/ai_spec_harness/memory.go:259.2,260.74 2 1
github.com/JailtonJunior94/ai-spec-harness/cmd/ai_spec_harness/memory.go:261.3,262.17 2 1
github.com/JailtonJunior94/ai-spec-harness/cmd/ai_spec_harness/memory.go:263.4,263.32 1 0
github.com/JailtonJunior94/ai-spec-harness/cmd/ai_spec_harness/memory.go:264.5,264.13 1 0
github.com/JailtonJunior94/ai-spec-harness/cmd/ai_spec_harness/memory.go:266.4,266.76 1 0
github.com/JailtonJunior94/ai-spec-harness/cmd/ai_spec_harness/memory.go:268.3,268.22 1 1
github.com/JailtonJunior94/ai-spec-harness/cmd/ai_spec_harness/memory.go:269.4,269.12 1 1
github.com/JailtonJunior94/ai-spec-harness/cmd/ai_spec_harness/memory.go:272.3,273.21 2 1
github.com/JailtonJunior94/ai-spec-harness/cmd/ai_spec_harness/memory.go:274.4,274.55 1 0
github.com/JailtonJunior94/ai-spec-harness/cmd/ai_spec_harness/memory.go:275.5,277.13 3 0
github.com/JailtonJunior94/ai-spec-harness/cmd/ai_spec_harness/memory.go:279.4,279.76 1 0
github.com/JailtonJunior94/ai-spec-harness/cmd/ai_spec_harness/memory.go:282.3,282.33 1 1
github.com/JailtonJunior94/ai-spec-harness/cmd/ai_spec_harness/memory.go:283.4,284.12 2 0
github.com/JailtonJunior94/ai-spec-harness/cmd/ai_spec_harness/memory.go:286.3,286.69 1 1
github.com/JailtonJunior94/ai-spec-harness/cmd/ai_spec_harness/memory.go:287.4,288.1 1 0
github.com/JailtonJunior94/ai-spec-harness/cmd/ai_spec_harness/memory.go:289.3,289.89 1 1
github.com/JailtonJunior94/ai-spec-harness/cmd/ai_spec_harness/memory.go:292.2,292.17 1 1
github.com/JailtonJunior94/ai-spec-harness/cmd/ai_spec_harness/memory.go:293.3,294.1 1 0
github.com/JailtonJunior94/ai-spec-harness/cmd/ai_spec_harness/memory.go:295.2,295.12 1 1
github.com/JailtonJunior94/ai-spec-harness/cmd/ai_spec_harness/memory.go:299.2,300.1 2 1
github.com/JailtonJunior94/ai-spec-harness/cmd/ai_spec_harness/memory.go:301.2,308.52 2 1
github.com/JailtonJunior94/ai-spec-harness/cmd/ai_spec_harness/memory.go:309.4,312.1 3 0
github.com/JailtonJunior94/ai-spec-harness/cmd/ai_spec_harness/memory.go:315.2,317.12 3 1
github.com/JailtonJunior94/ai-spec-harness/cmd/ai_spec_harness/memory.go:321.2,323.1 4 1
github.com/JailtonJunior94/ai-spec-harness/cmd/ai_spec_harness/memory.go:324.2,325.16 4 1
github.com/JailtonJunior94/ai-spec-harness/cmd/ai_spec_harness/memory.go:326.3,327.1 1 0
github.com/JailtonJunior94/ai-spec-harness/cmd/ai_spec_harness/memory.go:329.2,329.30 1 1
github.com/JailtonJunior94/ai-spec-harness/cmd/ai_spec_harness/memory.go:330.3,332.1 2 1
github.com/JailtonJunior94/ai-spec-harness/cmd/ai_spec_harness/memory.go:334.2,335.16 2 1
github.com/JailtonJunior94/ai-spec-harness/cmd/ai_spec_harness/memory.go:336.3,337.1 1 0
github.com/JailtonJunior94/ai-spec-harness/cmd/ai_spec_harness/memory.go:339.2,340.16 2 1
github.com/JailtonJunior94/ai-spec-harness/cmd/ai_spec_harness/memory.go:341.3,342.1 1 0
github.com/JailtonJunior94/ai-spec-harness/cmd/ai_spec_harness/memory.go:343.2,343.37 1 1
github.com/JailtonJunior94/ai-spec-harness/cmd/ai_spec_harness/memory.go:344.3,345.1 1 1
github.com/JailtonJunior94/ai-spec-harness/cmd/ai_spec_harness/memory.go:347.2,348.67 2 1
github.com/JailtonJunior94/ai-spec-harness/cmd/ai_spec_harness/memory.go:349.3,350.1 1 0
github.com/JailtonJunior94/ai-spec-harness/cmd/ai_spec_harness/memory.go:351.2,352.16 2 1
github.com/JailtonJunior94/ai-spec-harness/cmd/ai_spec_harness/memory.go:353.3,354.1 1 0
github.com/JailtonJunior94/ai-spec-harness/cmd/ai_spec_harness/memory.go:355.2,355.48 1 1
github.com/JailtonJunior94/ai-spec-harness/cmd/ai_spec_harness/memory.go:356.3,357.1 1 0
github.com/JailtonJunior94/ai-spec-harness/cmd/ai_spec_harness/memory.go:359.2,364.1 3 1
github.com/JailtonJunior94/ai-spec-harness/cmd/ai_spec_harness/memory.go:365.2,366.16 3 1
github.com/JailtonJunior94/ai-spec-harness/cmd/ai_spec_harness/memory.go:367.3,368.1 1 0
github.com/JailtonJunior94/ai-spec-harness/cmd/ai_spec_harness/memory.go:370.2,370.67 1 1
github.com/JailtonJunior94/ai-spec-harness/cmd/ai_spec_harness/memory.go:371.3,372.1 1 0
github.com/JailtonJunior94/ai-spec-harness/cmd/ai_spec_harness/memory.go:374.2,375.16 2 1
github.com/JailtonJunior94/ai-spec-harness/cmd/ai_spec_harness/memory.go:376.3,377.1 1 0
github.com/JailtonJunior94/ai-spec-harness/cmd/ai_spec_harness/memory.go:378.2,378.44 1 1
github.com/JailtonJunior94/ai-spec-harness/cmd/ai_spec_harness/memory.go:379.3,380.1 1 0
github.com/JailtonJunior94/ai-spec-harness/cmd/ai_spec_harness/memory.go:382.2,383.12 2 1
github.com/JailtonJunior94/ai-spec-harness/cmd/ai_spec_harness/memory.go:387.2,390.1 5 1
github.com/JailtonJunior94/ai-spec-harness/cmd/ai_spec_harness/memory.go:392.2,396.1 5 1
github.com/JailtonJunior94/ai-spec-harness/cmd/ai_spec_harness/memory.go:399.2,400.1 2 1
github.com/JailtonJunior94/ai-spec-harness/cmd/ai_spec_harness/memory.go:401.2,404.52 2 1
github.com/JailtonJunior94/ai-spec-harness/cmd/ai_spec_harness/memory.go:405.4,408.1 3 0
github.com/JailtonJunior94/ai-spec-harness/cmd/ai_spec_harness/memory.go:411.2,413.12 3 1
github.com/JailtonJunior94/ai-spec-harness/cmd/ai_spec_harness/memory.go:417.2,418.16 2 1
github.com/JailtonJunior94/ai-spec-harness/cmd/ai_spec_harness/memory.go:419.3,420.1 1 0
github.com/JailtonJunior94/ai-spec-harness/cmd/ai_spec_harness/memory.go:422.2,423.16 2 1
github.com/JailtonJunior94/ai-spec-harness/cmd/ai_spec_harness/memory.go:424.3,425.1 1 0
github.com/JailtonJunior94/ai-spec-harness/cmd/ai_spec_harness/memory.go:426.2,426.18 1 1
github.com/JailtonJunior94/ai-spec-harness/cmd/ai_spec_harness/memory.go:427.3,429.1 2 1
github.com/JailtonJunior94/ai-spec-harness/cmd/ai_spec_harness/memory.go:431.2,433.12 3 1
github.com/JailtonJunior94/ai-spec-harness/cmd/ai_spec_harness/memory.go:437.2,439.1 3 1
github.com/JailtonJunior94/ai-spec-harness/cmd/ai_spec_harness/memory.go:440.2,443.52 3 1
github.com/JailtonJunior94/ai-spec-harness/cmd/ai_spec_harness/memory.go:444.4,447.1 3 0
github.com/JailtonJunior94/ai-spec-harness/cmd/ai_spec_harness/memory.go:450.2,454.12 5 1
github.com/JailtonJunior94/ai-spec-harness/cmd/ai_spec_harness/memory.go:458.2,459.16 2 1
github.com/JailtonJunior94/ai-spec-harness/cmd/ai_spec_harness/memory.go:460.3,461.1 1 0
github.com/JailtonJunior94/ai-spec-harness/cmd/ai_spec_harness/memory.go:463.2,464.16 2 1
github.com/JailtonJunior94/ai-spec-harness/cmd/ai_spec_harness/memory.go:465.3,466.1 1 0
github.com/JailtonJunior94/ai-spec-harness/cmd/ai_spec_harness/memory.go:468.2,470.21 3 1
github.com/JailtonJunior94/ai-spec-harness/cmd/ai_spec_harness/memory.go:471.3,473.1 2 1
github.com/JailtonJunior94/ai-spec-harness/cmd/ai_spec_harness/memory.go:475.2,475.62 1 1
github.com/JailtonJunior94/ai-spec-harness/cmd/ai_spec_harness/memory.go:476.3,477.1 1 0
github.com/JailtonJunior94/ai-spec-harness/cmd/ai_spec_harness/memory.go:479.2,479.55 1 1
github.com/JailtonJunior94/ai-spec-harness/cmd/ai_spec_harness/memory.go:480.3,483.1 2 1
github.com/JailtonJunior94/ai-spec-harness/cmd/ai_spec_harness/memory.go:484.2,485.12 2 1
github.com/JailtonJunior94/ai-spec-harness/cmd/ai_spec_harness/memory.go:489.2,490.1 2 1
github.com/JailtonJunior94/ai-spec-harness/cmd/ai_spec_harness/memory.go:491.2,494.52 2 1
github.com/JailtonJunior94/ai-spec-harness/cmd/ai_spec_harness/memory.go:495.4,498.1 3 0
github.com/JailtonJunior94/ai-spec-harness/cmd/ai_spec_harness/memory.go:501.2,504.12 4 1
github.com/JailtonJunior94/ai-spec-harness/cmd/ai_spec_harness/memory.go:508.2,509.16 2 1
github.com/JailtonJunior94/ai-spec-harness/cmd/ai_spec_harness/memory.go:510.3,511.1 1 0
github.com/JailtonJunior94/ai-spec-harness/cmd/ai_spec_harness/memory.go:513.2,514.16 2 1
github.com/JailtonJunior94/ai-spec-harness/cmd/ai_spec_harness/memory.go:515.3,516.1 1 0
github.com/JailtonJunior94/ai-spec-harness/cmd/ai_spec_harness/memory.go:517.2,517.20 1 1
github.com/JailtonJunior94/ai-spec-harness/cmd/ai_spec_harness/memory.go:518.3,520.1 2 0
github.com/JailtonJunior94/ai-spec-harness/cmd/ai_spec_harness/memory.go:522.2,523.31 2 1
github.com/JailtonJunior94/ai-spec-harness/cmd/ai_spec_harness/memory.go:524.3,526.1 2 1
github.com/JailtonJunior94/ai-spec-harness/cmd/ai_spec_harness/memory.go:528.2,528.42 1 1
github.com/JailtonJunior94/ai-spec-harness/cmd/ai_spec_harness/memory.go:529.3,530.1 1 0
github.com/JailtonJunior94/ai-spec-harness/cmd/ai_spec_harness/memory.go:531.2,532.12 2 1
github.com/JailtonJunior94/ai-spec-harness/cmd/ai_spec_harness/memory.go:544.2,546.1 2 1
github.com/JailtonJunior94/ai-spec-harness/cmd/ai_spec_harness/memory.go:549.2,549.17 1 1
github.com/JailtonJunior94/ai-spec-harness/cmd/ai_spec_harness/memory.go:550.3,551.1 1 1
github.com/JailtonJunior94/ai-spec-harness/cmd/ai_spec_harness/memory.go:552.2,552.63 1 0
github.com/JailtonJunior94/ai-spec-harness/cmd/ai_spec_harness/memory.go:556.2,556.24 1 1
github.com/JailtonJunior94/ai-spec-harness/cmd/ai_spec_harness/memory.go:557.3,558.1 1 1
github.com/JailtonJunior94/ai-spec-harness/cmd/ai_spec_harness/memory.go:559.2,560.16 2 1
github.com/JailtonJunior94/ai-spec-harness/cmd/ai_spec_harness/memory.go:561.3,562.1 1 0
github.com/JailtonJunior94/ai-spec-harness/cmd/ai_spec_harness/memory.go:564.2,565.54 2 1
github.com/JailtonJunior94/ai-spec-harness/cmd/ai_spec_harness/memory.go:566.3,567.1 1 0
github.com/JailtonJunior94/ai-spec-harness/cmd/ai_spec_harness/memory.go:569.2,577.1 2 1
github.com/JailtonJunior94/ai-spec-harness/cmd/ai_spec_harness/memory.go:578.2,578.20 2 1
github.com/JailtonJunior94/ai-spec-harness/cmd/ai_spec_harness/memory.go:582.2,588.1 3 1
github.com/JailtonJunior94/ai-spec-harness/cmd/ai_spec_harness/memory.go:589.2,590.16 3 1
github.com/JailtonJunior94/ai-spec-harness/cmd/ai_spec_harness/memory.go:591.3,592.1 1 0
github.com/JailtonJunior94/ai-spec-harness/cmd/ai_spec_harness/memory.go:593.2,593.57 1 1
github.com/JailtonJunior94/ai-spec-harness/cmd/ai_spec_harness/memory.go:594.3,595.1 1 0
github.com/JailtonJunior94/ai-spec-harness/cmd/ai_spec_harness/memory.go:596.2,596.12 1 1
github.com/JailtonJunior94/ai-spec-harness/cmd/ai_spec_harness/memory.go:600.2,602.1 2 1
github.com/JailtonJunior94/ai-spec-harness/cmd/ai_spec_harness/memory.go:603.2,603.20 2 1
github.com/JailtonJunior94/ai-spec-harness/cmd/ai_spec_harness/memory.go:604.3,605.1 1 1
github.com/JailtonJunior94/ai-spec-harness/cmd/ai_spec_harness/memory.go:606.2,607.24 2 1
github.com/JailtonJunior94/ai-spec-harness/cmd/ai_spec_harness/memory.go:608.3,609.1 1 1
github.com/JailtonJunior94/ai-spec-harness/cmd/ai_spec_harness/memory.go:610.2,610.15 1 1
github.com/JailtonJunior94/ai-spec-harness/cmd/ai_spec_harness/memory.go:614.2,618.1 1 1
github.com/JailtonJunior94/ai-spec-harness/cmd/ai_spec_harness/memory.go:621.2,623.47 3 1
github.com/JailtonJunior94/ai-spec-harness/cmd/ai_spec_harness/memory.go:624.3,625.1 1 1
github.com/JailtonJunior94/ai-spec-harness/cmd/ai_spec_harness/memory.go:626.2,626.15 1 1
github.com/JailtonJunior94/ai-spec-harness/cmd/ai_spec_harness/metrics.go:11.2,14.1 4 1
github.com/JailtonJunior94/ai-spec-harness/cmd/ai_spec_harness/metrics.go:15.2,29.55 4 1
github.com/JailtonJunior94/ai-spec-harness/cmd/ai_spec_harness/metrics.go:30.4,31.21 2 0
github.com/JailtonJunior94/ai-spec-harness/cmd/ai_spec_harness/metrics.go:32.5,33.1 1 0
github.com/JailtonJunior94/ai-spec-harness/cmd/ai_spec_harness/metrics.go:34.4,36.1 4 0
github.com/JailtonJunior94/ai-spec-harness/cmd/ai_spec_harness/metrics.go:37.4,38.22 4 0
github.com/JailtonJunior94/ai-spec-harness/cmd/ai_spec_harness/metrics.go:39.5,41.22 3 0
github.com/JailtonJunior94/ai-spec-harness/cmd/ai_spec_harness/metrics.go:42.6,43.1 1 0
github.com/JailtonJunior94/ai-spec-harness/cmd/ai_spec_harness/metrics.go:44.6,45.1 1 0
github.com/JailtonJunior94/ai-spec-harness/cmd/ai_spec_harness/metrics.go:47.5,48.1 1 0
github.com/JailtonJunior94/ai-spec-harness/cmd/ai_spec_harness/metrics.go:50.4,51.60 2 0
github.com/JailtonJunior94/ai-spec-harness/cmd/ai_spec_harness/metrics.go:55.2,58.12 4 1
github.com/JailtonJunior94/ai-spec-harness/cmd/ai_spec_harness/prerequisites.go:13.2,37.55 1 1
github.com/JailtonJunior94/ai-spec-harness/cmd/ai_spec_harness/prerequisites.go:38.4,40.22 3 0
github.com/JailtonJunior94/ai-spec-harness/cmd/ai_spec_harness/prerequisites.go:41.5,42.1 1 0
github.com/JailtonJunior94/ai-spec-harness/cmd/ai_spec_harness/prerequisites.go:44.4,46.18 3 0
github.com/JailtonJunior94/ai-spec-harness/cmd/ai_spec_harness/prerequisites.go:47.5,49.1 2 0
github.com/JailtonJunior94/ai-spec-harness/cmd/ai_spec_harness/prerequisites.go:51.4,52.1 2 0
github.com/JailtonJunior94/ai-spec-harness/cmd/ai_spec_harness/prerequisites.go:53.4,53.30 2 0
github.com/JailtonJunior94/ai-spec-harness/cmd/ai_spec_harness/prerequisites.go:54.5,55.12 2 0
github.com/JailtonJunior94/ai-spec-harness/cmd/ai_spec_harness/prerequisites.go:57.6,57.21 1 0
github.com/JailtonJunior94/ai-spec-harness/cmd/ai_spec_harness/prerequisites.go:59.6,59.22 1 0
github.com/JailtonJunior94/ai-spec-harness/cmd/ai_spec_harness/prerequisites.go:61.6,61.22 1 0
github.com/JailtonJunior94/ai-spec-harness/cmd/ai_spec_harness/prerequisites.go:64.5,65.19 2 0
github.com/JailtonJunior94/ai-spec-harness/cmd/ai_spec_harness/prerequisites.go:66.6,67.1 1 0
github.com/JailtonJunior94/ai-spec-harness/cmd/ai_spec_harness/prerequisites.go:68.5,68.60 1 0
github.com/JailtonJunior94/ai-spec-harness/cmd/ai_spec_harness/prerequisites.go:71.4,72.14 2 0
github.com/JailtonJunior94/ai-spec-harness/cmd/ai_spec_harness/prerequisites.go:73.5,75.1 2 0
github.com/JailtonJunior94/ai-spec-harness/cmd/ai_spec_harness/prerequisites.go:77.4,78.26 2 0
github.com/JailtonJunior94/ai-spec-harness/cmd/ai_spec_harness/prerequisites.go:81.2,81.12 1 1
github.com/JailtonJunior94/ai-spec-harness/cmd/ai_spec_harness/root.go:13.2,14.1 2 1
github.com/JailtonJunior94/ai-spec-harness/cmd/ai_spec_harness/root.go:15.2,28.68 2 1
github.com/JailtonJunior94/ai-spec-harness/cmd/ai_spec_harness/root.go:29.4,29.61 1 1
github.com/JailtonJunior94/ai-spec-harness/cmd/ai_spec_harness/root.go:30.5,31.1 1 0
github.com/JailtonJunior94/ai-spec-harness/cmd/ai_spec_harness/root.go:32.4,33.14 2 1
github.com/JailtonJunior94/ai-spec-harness/cmd/ai_spec_harness/root.go:37.2,74.12 38 1
github.com/JailtonJunior94/ai-spec-harness/cmd/ai_spec_harness/root.go:80.2,81.1 1 1
github.com/JailtonJunior94/ai-spec-harness/cmd/ai_spec_harness/root.go:84.2,86.1 2 1
github.com/JailtonJunior94/ai-spec-harness/cmd/ai_spec_harness/root.go:89.2,90.42 2 0
github.com/JailtonJunior94/ai-spec-harness/cmd/ai_spec_harness/root.go:91.3,92.27 2 0
github.com/JailtonJunior94/ai-spec-harness/cmd/ai_spec_harness/root.go:93.4,94.1 1 0
github.com/JailtonJunior94/ai-spec-harness/cmd/ai_spec_harness/root.go:95.3,95.13 1 0
github.com/JailtonJunior94/ai-spec-harness/cmd/ai_spec_harness/root.go:97.2,97.12 1 0
github.com/JailtonJunior94/ai-spec-harness/cmd/ai_spec_harness/scaffold.go:11.2,12.1 2 1
github.com/JailtonJunior94/ai-spec-harness/cmd/ai_spec_harness/scaffold.go:13.2,23.55 2 1
github.com/JailtonJunior94/ai-spec-harness/cmd/ai_spec_harness/scaffold.go:24.4,28.1 4 0
github.com/JailtonJunior94/ai-spec-harness/cmd/ai_spec_harness/scaffold.go:31.2,32.12 2 1
github.com/JailtonJunior94/ai-spec-harness/cmd/ai_spec_harness/sdd.go:16.2,16.220 1 1
github.com/JailtonJunior94/ai-spec-harness/cmd/ai_spec_harness/sdd.go:17.3,18.70 2 0
github.com/JailtonJunior94/ai-spec-harness/cmd/ai_spec_harness/sdd.go:19.4,19.65 1 0
github.com/JailtonJunior94/ai-spec-harness/cmd/ai_spec_harness/sdd.go:20.5,21.1 1 0
github.com/JailtonJunior94/ai-spec-harness/cmd/ai_spec_harness/sdd.go:23.3,23.74 1 0
github.com/JailtonJunior94/ai-spec-harness/cmd/ai_spec_harness/sdd.go:24.4,25.1 1 0
github.com/JailtonJunior94/ai-spec-harness/cmd/ai_spec_harness/sdd.go:26.3,27.13 2 0
github.com/JailtonJunior94/ai-spec-harness/cmd/ai_spec_harness/sdd.go:32.2,32.209 1 1
github.com/JailtonJunior94/ai-spec-harness/cmd/ai_spec_harness/sdd.go:33.3,34.78 2 0
github.com/JailtonJunior94/ai-spec-harness/cmd/ai_spec_harness/sdd.go:35.4,36.1 1 0
github.com/JailtonJunior94/ai-spec-harness/cmd/ai_spec_harness/sdd.go:37.3,37.83 1 0
github.com/JailtonJunior94/ai-spec-harness/cmd/ai_spec_harness/sdd.go:38.4,39.1 1 0
github.com/JailtonJunior94/ai-spec-harness/cmd/ai_spec_harness/sdd.go:40.3,41.13 2 0
github.com/JailtonJunior94/ai-spec-harness/cmd/ai_spec_harness/sdd.go:43.2,44.12 2 1
github.com/JailtonJunior94/ai-spec-harness/cmd/ai_spec_harness/sdd.go:48.2,48.217 1 1
github.com/JailtonJunior94/ai-spec-harness/cmd/ai_spec_harness/sdd.go:49.3,52.25 4 0
github.com/JailtonJunior94/ai-spec-harness/cmd/ai_spec_harness/sdd.go:53.4,54.1 1 0
github.com/JailtonJunior94/ai-spec-harness/cmd/ai_spec_harness/sdd.go:55.3,55.17 1 0
github.com/JailtonJunior94/ai-spec-harness/cmd/ai_spec_harness/sdd.go:56.4,57.1 1 0
github.com/JailtonJunior94/ai-spec-harness/cmd/ai_spec_harness/sdd.go:58.3,59.17 2 0
github.com/JailtonJunior94/ai-spec-harness/cmd/ai_spec_harness/sdd.go:60.4,61.1 1 0
github.com/JailtonJunior94/ai-spec-harness/cmd/ai_spec_harness/sdd.go:62.3,62.101 1 0
github.com/JailtonJunior94/ai-spec-harness/cmd/ai_spec_harness/sdd.go:63.4,64.61 2 0
github.com/JailtonJunior94/ai-spec-harness/cmd/ai_spec_harness/sdd.go:65.5,66.1 1 0
github.com/JailtonJunior94/ai-spec-harness/cmd/ai_spec_harness/sdd.go:68.3,70.17 3 0
github.com/JailtonJunior94/ai-spec-harness/cmd/ai_spec_harness/sdd.go:71.4,72.1 1 0
github.com/JailtonJunior94/ai-spec-harness/cmd/ai_spec_harness/sdd.go:73.3,74.46 2 0
github.com/JailtonJunior94/ai-spec-harness/cmd/ai_spec_harness/sdd.go:75.4,77.1 2 0
github.com/JailtonJunior94/ai-spec-harness/cmd/ai_spec_harness/sdd.go:78.3,78.17 1 0
github.com/JailtonJunior94/ai-spec-harness/cmd/ai_spec_harness/sdd.go:79.4,80.1 1 0
github.com/JailtonJunior94/ai-spec-harness/cmd/ai_spec_harness/sdd.go:81.3,82.13 2 0
github.com/JailtonJunior94/ai-spec-harness/cmd/ai_spec_harness/sdd.go:84.2,85.12 2 1
github.com/JailtonJunior94/ai-spec-harness/cmd/ai_spec_harness/sdd.go:89.2,89.192 1 1
github.com/JailtonJunior94/ai-spec-harness/cmd/ai_spec_harness/sdd.go:90.3,91.17 2 0
github.com/JailtonJunior94/ai-spec-harness/cmd/ai_spec_harness/sdd.go:92.4,93.1 1 0
github.com/JailtonJunior94/ai-spec-harness/cmd/ai_spec_harness/sdd.go:94.3,95.13 2 0
github.com/JailtonJunior94/ai-spec-harness/cmd/ai_spec_harness/sdd.go:100.2,100.223 1 1
github.com/JailtonJunior94/ai-spec-harness/cmd/ai_spec_harness/sdd.go:101.3,104.26 4 0
github.com/JailtonJunior94/ai-spec-harness/cmd/ai_spec_harness/sdd.go:105.4,106.1 1 0
github.com/JailtonJunior94/ai-spec-harness/cmd/ai_spec_harness/sdd.go:107.3,108.17 2 0
github.com/JailtonJunior94/ai-spec-harness/cmd/ai_spec_harness/sdd.go:109.4,110.1 1 0
github.com/JailtonJunior94/ai-spec-harness/cmd/ai_spec_harness/sdd.go:111.3,112.14 2 0
github.com/JailtonJunior94/ai-spec-harness/cmd/ai_spec_harness/sdd.go:113.4,114.1 1 0
github.com/JailtonJunior94/ai-spec-harness/cmd/ai_spec_harness/sdd.go:115.3,116.13 2 0
github.com/JailtonJunior94/ai-spec-harness/cmd/ai_spec_harness/sdd.go:118.2,122.12 5 1
github.com/JailtonJunior94/ai-spec-harness/cmd/ai_spec_harness/sdd.go:126.2,126.230 1 1
github.com/JailtonJunior94/ai-spec-harness/cmd/ai_spec_harness/sdd.go:127.3,129.15 3 0
github.com/JailtonJunior94/ai-spec-harness/cmd/ai_spec_harness/sdd.go:130.4,131.1 1 0
github.com/JailtonJunior94/ai-spec-harness/cmd/ai_spec_harness/sdd.go:132.3,132.74 1 0
github.com/JailtonJunior94/ai-spec-harness/cmd/ai_spec_harness/sdd.go:133.4,134.1 1 0
github.com/JailtonJunior94/ai-spec-harness/cmd/ai_spec_harness/sdd.go:135.3,136.13 2 0
github.com/JailtonJunior94/ai-spec-harness/cmd/ai_spec_harness/sdd.go:138.2,141.12 4 1
github.com/JailtonJunior94/ai-spec-harness/cmd/ai_spec_harness/sdd.go:145.2,149.55 1 1
github.com/JailtonJunior94/ai-spec-harness/cmd/ai_spec_harness/sdd.go:150.4,151.18 2 0
github.com/JailtonJunior94/ai-spec-harness/cmd/ai_spec_harness/sdd.go:152.5,153.1 1 0
github.com/JailtonJunior94/ai-spec-harness/cmd/ai_spec_harness/sdd.go:154.4,154.82 1 0
github.com/JailtonJunior94/ai-spec-harness/cmd/ai_spec_harness/sdd.go:155.5,156.1 1 0
github.com/JailtonJunior94/ai-spec-harness/cmd/ai_spec_harness/sdd.go:157.4,157.14 1 0
github.com/JailtonJunior94/ai-spec-harness/cmd/ai_spec_harness/sdd_result.go:14.2,18.55 1 1
github.com/JailtonJunior94/ai-spec-harness/cmd/ai_spec_harness/sdd_result.go:19.4,20.18 2 0
github.com/JailtonJunior94/ai-spec-harness/cmd/ai_spec_harness/sdd_result.go:21.5,22.1 1 0
github.com/JailtonJunior94/ai-spec-harness/cmd/ai_spec_harness/sdd_result.go:23.4,28.19 6 0
github.com/JailtonJunior94/ai-spec-harness/cmd/ai_spec_harness/sdd_result.go:30.5,31.19 2 0
github.com/JailtonJunior94/ai-spec-harness/cmd/ai_spec_harness/sdd_result.go:32.6,33.1 1 0
github.com/JailtonJunior94/ai-spec-harness/cmd/ai_spec_harness/sdd_result.go:34.5,34.64 1 0
github.com/JailtonJunior94/ai-spec-harness/cmd/ai_spec_harness/sdd_result.go:35.6,36.1 1 0
github.com/JailtonJunior94/ai-spec-harness/cmd/ai_spec_harness/sdd_result.go:37.5,37.23 1 0
github.com/JailtonJunior94/ai-spec-harness/cmd/ai_spec_harness/sdd_result.go:38.6,38.22 1 0
github.com/JailtonJunior94/ai-spec-harness/cmd/ai_spec_harness/sdd_result.go:39.7,40.1 1 0
github.com/JailtonJunior94/ai-spec-harness/cmd/ai_spec_harness/sdd_result.go:41.6,42.24 2 0
github.com/JailtonJunior94/ai-spec-harness/cmd/ai_spec_harness/sdd_result.go:43.7,44.1 1 0
github.com/JailtonJunior94/ai-spec-harness/cmd/ai_spec_harness/sdd_result.go:45.6,46.126 2 0
github.com/JailtonJunior94/ai-spec-harness/cmd/ai_spec_harness/sdd_result.go:47.7,48.1 1 0
github.com/JailtonJunior94/ai-spec-harness/cmd/ai_spec_harness/sdd_result.go:51.5,52.19 2 0
github.com/JailtonJunior94/ai-spec-harness/cmd/ai_spec_harness/sdd_result.go:53.6,54.1 1 0
github.com/JailtonJunior94/ai-spec-harness/cmd/ai_spec_harness/sdd_result.go:55.5,55.64 1 0
github.com/JailtonJunior94/ai-spec-harness/cmd/ai_spec_harness/sdd_result.go:56.6,57.1 1 0
github.com/JailtonJunior94/ai-spec-harness/cmd/ai_spec_harness/sdd_result.go:59.5,60.19 2 0
github.com/JailtonJunior94/ai-spec-harness/cmd/ai_spec_harness/sdd_result.go:61.6,62.1 1 0
github.com/JailtonJunior94/ai-spec-harness/cmd/ai_spec_harness/sdd_result.go:63.5,63.64 1 0
github.com/JailtonJunior94/ai-spec-harness/cmd/ai_spec_harness/sdd_result.go:64.6,65.1 1 0
github.com/JailtonJunior94/ai-spec-harness/cmd/ai_spec_harness/sdd_result.go:67.5,67.101 1 0
github.com/JailtonJunior94/ai-spec-harness/cmd/ai_spec_harness/sdd_result.go:69.4,70.14 2 0
github.com/JailtonJunior94/ai-spec-harness/cmd/ai_spec_harness/sdd_result.go:73.2,77.16 5 1
github.com/JailtonJunior94/ai-spec-harness/cmd/ai_spec_harness/seal_evidence.go:16.2,34.55 1 1
github.com/JailtonJunior94/ai-spec-harness/cmd/ai_spec_harness/seal_evidence.go:35.4,36.20 2 0
github.com/JailtonJunior94/ai-spec-harness/cmd/ai_spec_harness/seal_evidence.go:37.5,38.1 1 0
github.com/JailtonJunior94/ai-spec-harness/cmd/ai_spec_harness/seal_evidence.go:39.4,41.1 4 0
github.com/JailtonJunior94/ai-spec-harness/cmd/ai_spec_harness/seal_evidence.go:42.4,43.18 4 0
github.com/JailtonJunior94/ai-spec-harness/cmd/ai_spec_harness/seal_evidence.go:44.5,45.1 1 0
github.com/JailtonJunior94/ai-spec-harness/cmd/ai_spec_harness/seal_evidence.go:46.4,47.18 2 0
github.com/JailtonJunior94/ai-spec-harness/cmd/ai_spec_harness/seal_evidence.go:48.5,49.1 1 0
github.com/JailtonJunior94/ai-spec-harness/cmd/ai_spec_harness/seal_evidence.go:50.4,51.18 2 0
github.com/JailtonJunior94/ai-spec-harness/cmd/ai_spec_harness/seal_evidence.go:52.5,53.1 1 0
github.com/JailtonJunior94/ai-spec-harness/cmd/ai_spec_harness/seal_evidence.go:55.4,56.18 2 0
github.com/JailtonJunior94/ai-spec-harness/cmd/ai_spec_harness/seal_evidence.go:57.5,57.89 1 0
github.com/JailtonJunior94/ai-spec-harness/cmd/ai_spec_harness/seal_evidence.go:58.6,59.1 1 0
github.com/JailtonJunior94/ai-spec-harness/cmd/ai_spec_harness/seal_evidence.go:60.5,61.15 2 0
github.com/JailtonJunior94/ai-spec-harness/cmd/ai_spec_harness/seal_evidence.go:64.4,65.18 2 0
github.com/JailtonJunior94/ai-spec-harness/cmd/ai_spec_harness/seal_evidence.go:66.5,67.1 1 0
github.com/JailtonJunior94/ai-spec-harness/cmd/ai_spec_harness/seal_evidence.go:68.4,69.18 2 0
github.com/JailtonJunior94/ai-spec-harness/cmd/ai_spec_harness/seal_evidence.go:70.5,71.1 1 0
github.com/JailtonJunior94/ai-spec-harness/cmd/ai_spec_harness/seal_evidence.go:72.4,72.81 1 0
github.com/JailtonJunior94/ai-spec-harness/cmd/ai_spec_harness/seal_evidence.go:73.5,74.1 1 0
github.com/JailtonJunior94/ai-spec-harness/cmd/ai_spec_harness/seal_evidence.go:75.4,77.14 2 0
github.com/JailtonJunior94/ai-spec-harness/cmd/ai_spec_harness/seal_evidence.go:80.2,83.16 4 1
github.com/JailtonJunior94/ai-spec-harness/cmd/ai_spec_harness/semver_next.go:13.2,14.1 2 1
github.com/JailtonJunior94/ai-spec-harness/cmd/ai_spec_harness/semver_next.go:15.2,24.55 2 1
github.com/JailtonJunior94/ai-spec-harness/cmd/ai_spec_harness/semver_next.go:25.4,26.21 2 0
github.com/JailtonJunior94/ai-spec-harness/cmd/ai_spec_harness/semver_next.go:27.5,28.1 1 0
github.com/JailtonJunior94/ai-spec-harness/cmd/ai_spec_harness/semver_next.go:30.4,31.18 2 0
github.com/JailtonJunior94/ai-spec-harness/cmd/ai_spec_harness/semver_next.go:32.5,33.1 1 0
github.com/JailtonJunior94/ai-spec-harness/cmd/ai_spec_harness/semver_next.go:35.4,35.28 1 0
github.com/JailtonJunior94/ai-spec-harness/cmd/ai_spec_harness/semver_next.go:37.5,39.25 3 0
github.com/JailtonJunior94/ai-spec-harness/cmd/ai_spec_harness/semver_next.go:41.5,49.51 9 0
github.com/JailtonJunior94/ai-spec-harness/cmd/ai_spec_harness/semver_next.go:51.4,51.14 1 0
github.com/JailtonJunior94/ai-spec-harness/cmd/ai_spec_harness/semver_next.go:55.2,56.12 2 1
github.com/JailtonJunior94/ai-spec-harness/cmd/ai_spec_harness/skill_bump.go:16.2,18.1 5 1
github.com/JailtonJunior94/ai-spec-harness/cmd/ai_spec_harness/skill_bump.go:19.2,30.1 5 1
github.com/JailtonJunior94/ai-spec-harness/cmd/ai_spec_harness/skill_bump.go:32.2,34.1 5 1
github.com/JailtonJunior94/ai-spec-harness/cmd/ai_spec_harness/skill_bump.go:37.2,39.1 7 0
github.com/JailtonJunior94/ai-spec-harness/cmd/ai_spec_harness/skill_bump.go:40.2,43.1 7 0
github.com/JailtonJunior94/ai-spec-harness/cmd/ai_spec_harness/skill_bump.go:44.2,45.16 7 0
github.com/JailtonJunior94/ai-spec-harness/cmd/ai_spec_harness/skill_bump.go:46.3,46.45 1 0
github.com/JailtonJunior94/ai-spec-harness/cmd/ai_spec_harness/skill_bump.go:47.4,49.1 2 0
github.com/JailtonJunior94/ai-spec-harness/cmd/ai_spec_harness/skill_bump.go:50.3,50.46 1 0
github.com/JailtonJunior94/ai-spec-harness/cmd/ai_spec_harness/skill_bump.go:51.4,52.1 1 0
github.com/JailtonJunior94/ai-spec-harness/cmd/ai_spec_harness/skill_bump.go:53.3,53.13 1 0
github.com/JailtonJunior94/ai-spec-harness/cmd/ai_spec_harness/skill_bump.go:56.2,56.28 1 0
github.com/JailtonJunior94/ai-spec-harness/cmd/ai_spec_harness/skill_bump.go:57.3,57.13 1 0
github.com/JailtonJunior94/ai-spec-harness/cmd/ai_spec_harness/skill_bump.go:58.4,59.1 1 0
github.com/JailtonJunior94/ai-spec-harness/cmd/ai_spec_harness/skill_bump.go:60.4,61.1 1 0
github.com/JailtonJunior94/ai-spec-harness/cmd/ai_spec_harness/skill_bump.go:64.2,64.12 1 0
github.com/JailtonJunior94/ai-spec-harness/cmd/ai_spec_harness/skills.go:16.2,17.1 2 1
github.com/JailtonJunior94/ai-spec-harness/cmd/ai_spec_harness/skills.go:18.2,22.55 2 1
github.com/JailtonJunior94/ai-spec-harness/cmd/ai_spec_harness/skills.go:23.4,23.15 1 0
github.com/JailtonJunior94/ai-spec-harness/cmd/ai_spec_harness/skills.go:24.5,25.1 1 0
github.com/JailtonJunior94/ai-spec-harness/cmd/ai_spec_harness/skills.go:26.4,27.21 2 0
github.com/JailtonJunior94/ai-spec-harness/cmd/ai_spec_harness/skills.go:28.5,29.1 1 0
github.com/JailtonJunior94/ai-spec-harness/cmd/ai_spec_harness/skills.go:30.4,30.43 1 0
github.com/JailtonJunior94/ai-spec-harness/cmd/ai_spec_harness/skills.go:34.2,37.12 3 1
github.com/JailtonJunior94/ai-spec-harness/cmd/ai_spec_harness/skills.go:44.2,47.1 5 0
github.com/JailtonJunior94/ai-spec-harness/cmd/ai_spec_harness/skills.go:48.2,49.16 5 0
github.com/JailtonJunior94/ai-spec-harness/cmd/ai_spec_harness/skills.go:50.3,51.1 1 0
github.com/JailtonJunior94/ai-spec-harness/cmd/ai_spec_harness/skills.go:53.2,53.23 1 0
github.com/JailtonJunior94/ai-spec-harness/cmd/ai_spec_harness/skills.go:54.3,54.44 1 0
github.com/JailtonJunior94/ai-spec-harness/cmd/ai_spec_harness/skills.go:55.4,56.1 1 0
github.com/JailtonJunior94/ai-spec-harness/cmd/ai_spec_harness/skills.go:57.3,57.30 1 0
github.com/JailtonJunior94/ai-spec-harness/cmd/ai_spec_harness/skills.go:58.4,59.1 1 0
github.com/JailtonJunior94/ai-spec-harness/cmd/ai_spec_harness/skills.go:60.3,61.25 2 0
github.com/JailtonJunior94/ai-spec-harness/cmd/ai_spec_harness/skills.go:64.2,65.12 2 0
github.com/JailtonJunior94/ai-spec-harness/cmd/ai_spec_harness/skills.go:69.2,71.1 3 1
github.com/JailtonJunior94/ai-spec-harness/cmd/ai_spec_harness/skills.go:72.2,83.55 3 1
github.com/JailtonJunior94/ai-spec-harness/cmd/ai_spec_harness/skills.go:84.4,85.21 2 0
github.com/JailtonJunior94/ai-spec-harness/cmd/ai_spec_harness/skills.go:86.5,87.1 1 0
github.com/JailtonJunior94/ai-spec-harness/cmd/ai_spec_harness/skills.go:89.4,92.1 5 0
github.com/JailtonJunior94/ai-spec-harness/cmd/ai_spec_harness/skills.go:93.4,94.18 5 0
github.com/JailtonJunior94/ai-spec-harness/cmd/ai_spec_harness/skills.go:95.5,96.1 1 0
github.com/JailtonJunior94/ai-spec-harness/cmd/ai_spec_harness/skills.go:98.4,98.25 1 0
github.com/JailtonJunior94/ai-spec-harness/cmd/ai_spec_harness/skills.go:99.5,101.1 2 0
github.com/JailtonJunior94/ai-spec-harness/cmd/ai_spec_harness/skills.go:104.4,104.44 1 0
github.com/JailtonJunior94/ai-spec-harness/cmd/ai_spec_harness/skills.go:105.5,106.1 1 0
github.com/JailtonJunior94/ai-spec-harness/cmd/ai_spec_harness/skills.go:108.4,109.30 2 0
github.com/JailtonJunior94/ai-spec-harness/cmd/ai_spec_harness/skills.go:110.5,111.20 2 0
github.com/JailtonJunior94/ai-spec-harness/cmd/ai_spec_harness/skills.go:113.6,113.65 1 0
github.com/JailtonJunior94/ai-spec-harness/cmd/ai_spec_harness/skills.go:115.6,115.113 1 0
github.com/JailtonJunior94/ai-spec-harness/cmd/ai_spec_harness/skills.go:117.6,118.24 2 0
github.com/JailtonJunior94/ai-spec-harness/cmd/ai_spec_harness/skills.go:120.6,120.103 1 0
github.com/JailtonJunior94/ai-spec-harness/cmd/ai_spec_harness/skills.go:122.6,122.122 1 0
github.com/JailtonJunior94/ai-spec-harness/cmd/ai_spec_harness/skills.go:126.4,126.40 1 0
github.com/JailtonJunior94/ai-spec-harness/cmd/ai_spec_harness/skills.go:127.5,131.1 4 0
github.com/JailtonJunior94/ai-spec-harness/cmd/ai_spec_harness/skills.go:133.4,134.14 2 0
github.com/JailtonJunior94/ai-spec-harness/cmd/ai_spec_harness/skills.go:138.2,139.12 2 1
github.com/JailtonJunior94/ai-spec-harness/cmd/ai_spec_harness/skills.go:143.2,143.15 1 0
github.com/JailtonJunior94/ai-spec-harness/cmd/ai_spec_harness/skills.go:145.3,145.14 1 0
github.com/JailtonJunior94/ai-spec-harness/cmd/ai_spec_harness/skills.go:147.3,147.14 1 0
github.com/JailtonJunior94/ai-spec-harness/cmd/ai_spec_harness/skills.go:149.3,149.14 1 0
github.com/JailtonJunior94/ai-spec-harness/cmd/ai_spec_harness/skills.go:151.3,151.14 1 0
github.com/JailtonJunior94/ai-spec-harness/cmd/ai_spec_harness/skills.go:153.3,153.14 1 0
github.com/JailtonJunior94/ai-spec-harness/cmd/ai_spec_harness/spec_drift.go:14.2,26.55 1 1
github.com/JailtonJunior94/ai-spec-harness/cmd/ai_spec_harness/spec_drift.go:27.4,28.1 3 1
github.com/JailtonJunior94/ai-spec-harness/cmd/ai_spec_harness/spec_drift.go:29.4,30.18 3 1
github.com/JailtonJunior94/ai-spec-harness/cmd/ai_spec_harness/spec_drift.go:31.5,33.1 2 1
github.com/JailtonJunior94/ai-spec-harness/cmd/ai_spec_harness/spec_drift.go:35.4,36.21 2 1
github.com/JailtonJunior94/ai-spec-harness/cmd/ai_spec_harness/spec_drift.go:37.5,38.1 1 1
github.com/JailtonJunior94/ai-spec-harness/cmd/ai_spec_harness/spec_drift.go:40.4,41.18 2 1
github.com/JailtonJunior94/ai-spec-harness/cmd/ai_spec_harness/spec_drift.go:42.5,44.1 2 1
github.com/JailtonJunior94/ai-spec-harness/cmd/ai_spec_harness/spec_drift.go:46.4,46.40 1 1
github.com/JailtonJunior94/ai-spec-harness/cmd/ai_spec_harness/spec_drift.go:47.5,47.32 1 1
github.com/JailtonJunior94/ai-spec-harness/cmd/ai_spec_harness/spec_drift.go:48.6,50.1 1 1
github.com/JailtonJunior94/ai-spec-harness/cmd/ai_spec_harness/spec_drift.go:53.4,53.36 1 1
github.com/JailtonJunior94/ai-spec-harness/cmd/ai_spec_harness/spec_drift.go:54.5,54.17 1 1
github.com/JailtonJunior94/ai-spec-harness/cmd/ai_spec_harness/spec_drift.go:55.6,55.23 1 1
github.com/JailtonJunior94/ai-spec-harness/cmd/ai_spec_harness/spec_drift.go:56.7,57.1 1 1
github.com/JailtonJunior94/ai-spec-harness/cmd/ai_spec_harness/spec_drift.go:58.7,60.1 1 0
github.com/JailtonJunior94/ai-spec-harness/cmd/ai_spec_harness/spec_drift.go:64.4,64.19 1 1
github.com/JailtonJunior94/ai-spec-harness/cmd/ai_spec_harness/spec_drift.go:65.5,67.1 2 1
github.com/JailtonJunior94/ai-spec-harness/cmd/ai_spec_harness/spec_drift.go:69.4,69.26 1 1
github.com/JailtonJunior94/ai-spec-harness/cmd/ai_spec_harness/spec_drift.go:72.2,72.12 1 1
github.com/JailtonJunior94/ai-spec-harness/cmd/ai_spec_harness/sync_spec_hash.go:12.2,25.55 1 1
github.com/JailtonJunior94/ai-spec-harness/cmd/ai_spec_harness/sync_spec_hash.go:26.4,27.1 2 0
github.com/JailtonJunior94/ai-spec-harness/cmd/ai_spec_harness/sync_spec_hash.go:28.4,28.56 2 0
github.com/JailtonJunior94/ai-spec-harness/cmd/ai_spec_harness/sync_spec_hash.go:29.5,31.1 2 0
github.com/JailtonJunior94/ai-spec-harness/cmd/ai_spec_harness/sync_spec_hash.go:33.4,33.73 1 0
github.com/JailtonJunior94/ai-spec-harness/cmd/ai_spec_harness/sync_spec_hash.go:34.5,36.1 2 0
github.com/JailtonJunior94/ai-spec-harness/cmd/ai_spec_harness/sync_spec_hash.go:38.4,39.14 2 0
github.com/JailtonJunior94/ai-spec-harness/cmd/ai_spec_harness/sync_spec_hash.go:42.2,42.12 1 1
github.com/JailtonJunior94/ai-spec-harness/cmd/ai_spec_harness/task_loop.go:29.2,59.55 2 1
github.com/JailtonJunior94/ai-spec-harness/cmd/ai_spec_harness/task_loop.go:60.4,61.1 38 1
github.com/JailtonJunior94/ai-spec-harness/cmd/ai_spec_harness/task_loop.go:62.4,100.1 38 1
github.com/JailtonJunior94/ai-spec-harness/cmd/ai_spec_harness/task_loop.go:102.4,103.40 38 1
github.com/JailtonJunior94/ai-spec-harness/cmd/ai_spec_harness/task_loop.go:104.5,107.1 2 0
github.com/JailtonJunior94/ai-spec-harness/cmd/ai_spec_harness/task_loop.go:110.4,111.32 2 1
github.com/JailtonJunior94/ai-spec-harness/cmd/ai_spec_harness/task_loop.go:112.5,115.1 2 0
github.com/JailtonJunior94/ai-spec-harness/cmd/ai_spec_harness/task_loop.go:118.4,118.28 1 1
github.com/JailtonJunior94/ai-spec-harness/cmd/ai_spec_harness/task_loop.go:119.5,119.39 1 0
github.com/JailtonJunior94/ai-spec-harness/cmd/ai_spec_harness/task_loop.go:120.6,124.1 1 0
github.com/JailtonJunior94/ai-spec-harness/cmd/ai_spec_harness/task_loop.go:128.4,128.47 1 1
github.com/JailtonJunior94/ai-spec-harness/cmd/ai_spec_harness/task_loop.go:129.5,131.1 2 0
github.com/JailtonJunior94/ai-spec-harness/cmd/ai_spec_harness/task_loop.go:132.4,132.24 1 1
github.com/JailtonJunior94/ai-spec-harness/cmd/ai_spec_harness/task_loop.go:133.5,134.28 2 0
github.com/JailtonJunior94/ai-spec-harness/cmd/ai_spec_harness/task_loop.go:135.6,136.1 1 0
github.com/JailtonJunior94/ai-spec-harness/cmd/ai_spec_harness/task_loop.go:137.5,137.55 1 0
github.com/JailtonJunior94/ai-spec-harness/cmd/ai_spec_harness/task_loop.go:138.6,138.92 1 0
github.com/JailtonJunior94/ai-spec-harness/cmd/ai_spec_harness/task_loop.go:139.7,140.45 2 0
github.com/JailtonJunior94/ai-spec-harness/cmd/ai_spec_harness/task_loop.go:141.8,142.1 1 0
github.com/JailtonJunior94/ai-spec-harness/cmd/ai_spec_harness/task_loop.go:144.6,145.39 2 0
github.com/JailtonJunior94/ai-spec-harness/cmd/ai_spec_harness/task_loop.go:146.7,147.1 1 0
github.com/JailtonJunior94/ai-spec-harness/cmd/ai_spec_harness/task_loop.go:148.6,151.28 3 0
github.com/JailtonJunior94/ai-spec-harness/cmd/ai_spec_harness/task_loop.go:154.4,154.27 1 1
github.com/JailtonJunior94/ai-spec-harness/cmd/ai_spec_harness/task_loop.go:155.5,157.1 2 0
github.com/JailtonJunior94/ai-spec-harness/cmd/ai_spec_harness/task_loop.go:159.4,159.57 1 1
github.com/JailtonJunior94/ai-spec-harness/cmd/ai_spec_harness/task_loop.go:160.5,163.1 2 1
github.com/JailtonJunior94/ai-spec-harness/cmd/ai_spec_harness/task_loop.go:164.4,164.31 1 1
github.com/JailtonJunior94/ai-spec-harness/cmd/ai_spec_harness/task_loop.go:165.5,166.1 1 1
github.com/JailtonJunior94/ai-spec-harness/cmd/ai_spec_harness/task_loop.go:169.4,169.74 1 1
github.com/JailtonJunior94/ai-spec-harness/cmd/ai_spec_harness/task_loop.go:170.5,172.1 2 0
github.com/JailtonJunior94/ai-spec-harness/cmd/ai_spec_harness/task_loop.go:175.4,175.55 1 1
github.com/JailtonJunior94/ai-spec-harness/cmd/ai_spec_harness/task_loop.go:176.5,177.1 1 0
github.com/JailtonJunior94/ai-spec-harness/cmd/ai_spec_harness/task_loop.go:178.4,178.55 1 1
github.com/JailtonJunior94/ai-spec-harness/cmd/ai_spec_harness/task_loop.go:179.5,180.1 1 0
github.com/JailtonJunior94/ai-spec-harness/cmd/ai_spec_harness/task_loop.go:181.4,181.41 1 1
github.com/JailtonJunior94/ai-spec-harness/cmd/ai_spec_harness/task_loop.go:182.5,183.1 1 0
github.com/JailtonJunior94/ai-spec-harness/cmd/ai_spec_harness/task_loop.go:184.4,184.39 1 1
github.com/JailtonJunior94/ai-spec-harness/cmd/ai_spec_harness/task_loop.go:185.5,186.1 1 0
github.com/JailtonJunior94/ai-spec-harness/cmd/ai_spec_harness/task_loop.go:188.4,188.71 1 1
github.com/JailtonJunior94/ai-spec-harness/cmd/ai_spec_harness/task_loop.go:189.5,189.68 1 0
github.com/JailtonJunior94/ai-spec-harness/cmd/ai_spec_harness/task_loop.go:190.6,191.1 1 0
github.com/JailtonJunior94/ai-spec-harness/cmd/ai_spec_harness/task_loop.go:192.5,192.89 1 0
github.com/JailtonJunior94/ai-spec-harness/cmd/ai_spec_harness/task_loop.go:196.4,197.18 2 1
github.com/JailtonJunior94/ai-spec-harness/cmd/ai_spec_harness/task_loop.go:198.5,199.1 1 0
github.com/JailtonJunior94/ai-spec-harness/cmd/ai_spec_harness/task_loop.go:201.4,201.24 1 1
github.com/JailtonJunior94/ai-spec-harness/cmd/ai_spec_harness/task_loop.go:202.5,203.1 1 1
github.com/JailtonJunior94/ai-spec-harness/cmd/ai_spec_harness/task_loop.go:205.4,207.1 5 1
github.com/JailtonJunior94/ai-spec-harness/cmd/ai_spec_harness/task_loop.go:208.4,244.56 5 1
github.com/JailtonJunior94/ai-spec-harness/cmd/ai_spec_harness/task_loop.go:245.5,247.1 2 0
github.com/JailtonJunior94/ai-spec-harness/cmd/ai_spec_harness/task_loop.go:248.4,248.14 1 1
github.com/JailtonJunior94/ai-spec-harness/cmd/ai_spec_harness/task_loop.go:252.2,253.12 2 1
github.com/JailtonJunior94/ai-spec-harness/cmd/ai_spec_harness/task_loop.go:258.2,264.1 31 1
github.com/JailtonJunior94/ai-spec-harness/cmd/ai_spec_harness/task_loop.go:266.2,275.1 31 1
github.com/JailtonJunior94/ai-spec-harness/cmd/ai_spec_harness/task_loop.go:277.2,280.1 31 1
github.com/JailtonJunior94/ai-spec-harness/cmd/ai_spec_harness/task_loop.go:283.2,287.1 31 1
github.com/JailtonJunior94/ai-spec-harness/cmd/ai_spec_harness/task_loop.go:289.2,293.1 31 1
github.com/JailtonJunior94/ai-spec-harness/cmd/ai_spec_harness/task_loop.go:297.2,309.1 31 1
github.com/JailtonJunior94/ai-spec-harness/cmd/ai_spec_harness/task_loop.go:312.2,316.1 31 1
github.com/JailtonJunior94/ai-spec-harness/cmd/ai_spec_harness/task_loop.go:320.2,325.1 31 1
github.com/JailtonJunior94/ai-spec-harness/cmd/ai_spec_harness/task_loop.go:326.2,331.1 31 1
github.com/JailtonJunior94/ai-spec-harness/cmd/ai_spec_harness/task_loop.go:335.2,340.1 31 1
github.com/JailtonJunior94/ai-spec-harness/cmd/ai_spec_harness/telemetry.go:14.2,17.1 5 1
github.com/JailtonJunior94/ai-spec-harness/cmd/ai_spec_harness/telemetry.go:19.2,23.1 5 1
github.com/JailtonJunior94/ai-spec-harness/cmd/ai_spec_harness/telemetry.go:26.2,30.55 1 1
github.com/JailtonJunior94/ai-spec-harness/cmd/ai_spec_harness/telemetry.go:31.4,33.21 3 0
github.com/JailtonJunior94/ai-spec-harness/cmd/ai_spec_harness/telemetry.go:34.5,35.1 1 0
github.com/JailtonJunior94/ai-spec-harness/cmd/ai_spec_harness/telemetry.go:36.4,36.54 1 0
github.com/JailtonJunior94/ai-spec-harness/cmd/ai_spec_harness/telemetry.go:39.2,39.12 1 1
github.com/JailtonJunior94/ai-spec-harness/cmd/ai_spec_harness/telemetry.go:43.2,44.1 2 1
github.com/JailtonJunior94/ai-spec-harness/cmd/ai_spec_harness/telemetry.go:45.2,48.55 2 1
github.com/JailtonJunior94/ai-spec-harness/cmd/ai_spec_harness/telemetry.go:49.4,50.28 2 0
github.com/JailtonJunior94/ai-spec-harness/cmd/ai_spec_harness/telemetry.go:51.5,52.19 2 0
github.com/JailtonJunior94/ai-spec-harness/cmd/ai_spec_harness/telemetry.go:53.6,54.1 1 0
github.com/JailtonJunior94/ai-spec-harness/cmd/ai_spec_harness/telemetry.go:55.5,55.14 1 0
github.com/JailtonJunior94/ai-spec-harness/cmd/ai_spec_harness/telemetry.go:57.4,58.18 2 0
github.com/JailtonJunior94/ai-spec-harness/cmd/ai_spec_harness/telemetry.go:59.5,60.1 1 0
github.com/JailtonJunior94/ai-spec-harness/cmd/ai_spec_harness/telemetry.go:61.4,62.14 2 0
github.com/JailtonJunior94/ai-spec-harness/cmd/ai_spec_harness/telemetry.go:66.2,67.12 2 1
github.com/JailtonJunior94/ai-spec-harness/cmd/ai_spec_harness/telemetry.go:71.2,76.1 6 1
github.com/JailtonJunior94/ai-spec-harness/cmd/ai_spec_harness/telemetry.go:77.2,80.55 6 1
github.com/JailtonJunior94/ai-spec-harness/cmd/ai_spec_harness/telemetry.go:81.4,82.25 2 0
github.com/JailtonJunior94/ai-spec-harness/cmd/ai_spec_harness/telemetry.go:83.5,84.19 2 0
github.com/JailtonJunior94/ai-spec-harness/cmd/ai_spec_harness/telemetry.go:85.6,86.1 1 0
github.com/JailtonJunior94/ai-spec-harness/cmd/ai_spec_harness/telemetry.go:87.5,87.14 1 0
github.com/JailtonJunior94/ai-spec-harness/cmd/ai_spec_harness/telemetry.go:91.4,91.19 1 0
github.com/JailtonJunior94/ai-spec-harness/cmd/ai_spec_harness/telemetry.go:92.5,93.19 2 0
github.com/JailtonJunior94/ai-spec-harness/cmd/ai_spec_harness/telemetry.go:94.6,95.1 1 0
github.com/JailtonJunior94/ai-spec-harness/cmd/ai_spec_harness/telemetry.go:96.5,96.31 1 0
github.com/JailtonJunior94/ai-spec-harness/cmd/ai_spec_harness/telemetry.go:97.6,98.20 2 0
github.com/JailtonJunior94/ai-spec-harness/cmd/ai_spec_harness/telemetry.go:99.7,100.1 1 0
github.com/JailtonJunior94/ai-spec-harness/cmd/ai_spec_harness/telemetry.go:101.6,102.16 2 0
github.com/JailtonJunior94/ai-spec-harness/cmd/ai_spec_harness/telemetry.go:104.5,105.15 2 0
github.com/JailtonJunior94/ai-spec-harness/cmd/ai_spec_harness/telemetry.go:109.4,109.20 1 0
github.com/JailtonJunior94/ai-spec-harness/cmd/ai_spec_harness/telemetry.go:110.5,111.19 2 0
github.com/JailtonJunior94/ai-spec-harness/cmd/ai_spec_harness/telemetry.go:112.6,113.1 1 0
github.com/JailtonJunior94/ai-spec-harness/cmd/ai_spec_harness/telemetry.go:114.5,114.31 1 0
github.com/JailtonJunior94/ai-spec-harness/cmd/ai_spec_harness/telemetry.go:115.6,116.20 2 0
github.com/JailtonJunior94/ai-spec-harness/cmd/ai_spec_harness/telemetry.go:117.7,118.1 1 0
github.com/JailtonJunior94/ai-spec-harness/cmd/ai_spec_harness/telemetry.go:119.6,120.16 2 0
github.com/JailtonJunior94/ai-spec-harness/cmd/ai_spec_harness/telemetry.go:122.5,123.15 2 0
github.com/JailtonJunior94/ai-spec-harness/cmd/ai_spec_harness/telemetry.go:126.4,127.18 2 0
github.com/JailtonJunior94/ai-spec-harness/cmd/ai_spec_harness/telemetry.go:128.5,129.1 1 0
github.com/JailtonJunior94/ai-spec-harness/cmd/ai_spec_harness/telemetry.go:132.4,132.23 1 0
github.com/JailtonJunior94/ai-spec-harness/cmd/ai_spec_harness/telemetry.go:133.5,133.31 1 0
github.com/JailtonJunior94/ai-spec-harness/cmd/ai_spec_harness/telemetry.go:134.6,135.20 2 0
github.com/JailtonJunior94/ai-spec-harness/cmd/ai_spec_harness/telemetry.go:136.7,137.1 1 0
github.com/JailtonJunior94/ai-spec-harness/cmd/ai_spec_harness/telemetry.go:138.6,139.16 2 0
github.com/JailtonJunior94/ai-spec-harness/cmd/ai_spec_harness/telemetry.go:141.5,142.15 2 0
github.com/JailtonJunior94/ai-spec-harness/cmd/ai_spec_harness/telemetry.go:145.4,145.24 1 0
github.com/JailtonJunior94/ai-spec-harness/cmd/ai_spec_harness/telemetry.go:147.5,148.19 2 0
github.com/JailtonJunior94/ai-spec-harness/cmd/ai_spec_harness/telemetry.go:149.6,150.1 1 0
github.com/JailtonJunior94/ai-spec-harness/cmd/ai_spec_harness/telemetry.go:151.5,152.15 2 0
github.com/JailtonJunior94/ai-spec-harness/cmd/ai_spec_harness/telemetry.go:154.5,155.15 2 0
github.com/JailtonJunior94/ai-spec-harness/cmd/ai_spec_harness/telemetry.go:160.2,165.12 6 1
github.com/JailtonJunior94/ai-spec-harness/cmd/ai_spec_harness/uninstall.go:11.2,12.1 2 1
github.com/JailtonJunior94/ai-spec-harness/cmd/ai_spec_harness/uninstall.go:13.2,22.55 2 1
github.com/JailtonJunior94/ai-spec-harness/cmd/ai_spec_harness/uninstall.go:23.4,27.1 4 0
github.com/JailtonJunior94/ai-spec-harness/cmd/ai_spec_harness/uninstall.go:30.2,31.12 2 1
github.com/JailtonJunior94/ai-spec-harness/cmd/ai_spec_harness/update_version.go:15.2,17.1 3 1
github.com/JailtonJunior94/ai-spec-harness/cmd/ai_spec_harness/update_version.go:18.2,26.55 3 1
github.com/JailtonJunior94/ai-spec-harness/cmd/ai_spec_harness/update_version.go:27.4,27.112 1 1
github.com/JailtonJunior94/ai-spec-harness/cmd/ai_spec_harness/update_version.go:28.5,29.1 1 1
github.com/JailtonJunior94/ai-spec-harness/cmd/ai_spec_harness/update_version.go:31.4,32.38 2 1
github.com/JailtonJunior94/ai-spec-harness/cmd/ai_spec_harness/update_version.go:33.5,34.1 1 1
github.com/JailtonJunior94/ai-spec-harness/cmd/ai_spec_harness/update_version.go:36.4,36.87 1 1
github.com/JailtonJunior94/ai-spec-harness/cmd/ai_spec_harness/update_version.go:37.5,38.1 1 0
github.com/JailtonJunior94/ai-spec-harness/cmd/ai_spec_harness/update_version.go:40.4,41.14 2 1
github.com/JailtonJunior94/ai-spec-harness/cmd/ai_spec_harness/update_version.go:45.2,47.12 3 1
github.com/JailtonJunior94/ai-spec-harness/cmd/ai_spec_harness/upgrade.go:21.2,38.1 8 1
github.com/JailtonJunior94/ai-spec-harness/cmd/ai_spec_harness/upgrade.go:40.2,46.1 8 1
github.com/JailtonJunior94/ai-spec-harness/cmd/ai_spec_harness/upgrade.go:49.2,54.1 6 1
github.com/JailtonJunior94/ai-spec-harness/cmd/ai_spec_harness/upgrade.go:55.2,55.45 6 1
github.com/JailtonJunior94/ai-spec-harness/cmd/ai_spec_harness/upgrade.go:56.3,57.1 1 1
github.com/JailtonJunior94/ai-spec-harness/cmd/ai_spec_harness/upgrade.go:59.2,60.16 2 0
github.com/JailtonJunior94/ai-spec-harness/cmd/ai_spec_harness/upgrade.go:61.3,62.1 1 0
github.com/JailtonJunior94/ai-spec-harness/cmd/ai_spec_harness/upgrade.go:64.2,65.1 3 0
github.com/JailtonJunior94/ai-spec-harness/cmd/ai_spec_harness/upgrade.go:66.2,67.22 3 0
github.com/JailtonJunior94/ai-spec-harness/cmd/ai_spec_harness/upgrade.go:68.3,69.17 2 0
github.com/JailtonJunior94/ai-spec-harness/cmd/ai_spec_harness/upgrade.go:70.4,71.1 1 0
github.com/JailtonJunior94/ai-spec-harness/cmd/ai_spec_harness/upgrade.go:72.3,73.17 2 0
github.com/JailtonJunior94/ai-spec-harness/cmd/ai_spec_harness/upgrade.go:74.4,75.1 1 0
github.com/JailtonJunior94/ai-spec-harness/cmd/ai_spec_harness/upgrade.go:76.3,77.27 2 0
github.com/JailtonJunior94/ai-spec-harness/cmd/ai_spec_harness/upgrade.go:80.2,84.1 6 0
github.com/JailtonJunior94/ai-spec-harness/cmd/ai_spec_harness/upgrade.go:85.2,86.1 6 0
github.com/JailtonJunior94/ai-spec-harness/cmd/ai_spec_harness/upgrade.go:87.2,93.4 6 0
github.com/JailtonJunior94/ai-spec-harness/cmd/ai_spec_harness/validate.go:16.2,27.55 2 1
github.com/JailtonJunior94/ai-spec-harness/cmd/ai_spec_harness/validate.go:28.4,29.21 2 0
github.com/JailtonJunior94/ai-spec-harness/cmd/ai_spec_harness/validate.go:30.5,31.1 1 0
github.com/JailtonJunior94/ai-spec-harness/cmd/ai_spec_harness/validate.go:33.4,35.1 3 0
github.com/JailtonJunior94/ai-spec-harness/cmd/ai_spec_harness/validate.go:36.4,36.30 3 0
github.com/JailtonJunior94/ai-spec-harness/cmd/ai_spec_harness/validate.go:37.5,38.1 1 0
github.com/JailtonJunior94/ai-spec-harness/cmd/ai_spec_harness/validate.go:40.4,41.18 2 0
github.com/JailtonJunior94/ai-spec-harness/cmd/ai_spec_harness/validate.go:42.5,43.1 1 0
github.com/JailtonJunior94/ai-spec-harness/cmd/ai_spec_harness/validate.go:45.4,47.1 3 0
github.com/JailtonJunior94/ai-spec-harness/cmd/ai_spec_harness/validate.go:48.4,48.30 3 0
github.com/JailtonJunior94/ai-spec-harness/cmd/ai_spec_harness/validate.go:49.5,49.19 1 0
github.com/JailtonJunior94/ai-spec-harness/cmd/ai_spec_harness/validate.go:50.6,50.14 1 0
github.com/JailtonJunior94/ai-spec-harness/cmd/ai_spec_harness/validate.go:52.5,54.1 4 0
github.com/JailtonJunior94/ai-spec-harness/cmd/ai_spec_harness/validate.go:55.5,56.19 4 0
github.com/JailtonJunior94/ai-spec-harness/cmd/ai_spec_harness/validate.go:57.6,57.14 1 0
github.com/JailtonJunior94/ai-spec-harness/cmd/ai_spec_harness/validate.go:60.5,62.1 3 0
github.com/JailtonJunior94/ai-spec-harness/cmd/ai_spec_harness/validate.go:63.5,63.25 3 0
github.com/JailtonJunior94/ai-spec-harness/cmd/ai_spec_harness/validate.go:64.6,66.1 2 0
github.com/JailtonJunior94/ai-spec-harness/cmd/ai_spec_harness/validate.go:66.12,66.50 1 0
github.com/JailtonJunior94/ai-spec-harness/cmd/ai_spec_harness/validate.go:67.6,69.1 2 0
github.com/JailtonJunior94/ai-spec-harness/cmd/ai_spec_harness/validate.go:71.5,71.29 1 0
github.com/JailtonJunior94/ai-spec-harness/cmd/ai_spec_harness/validate.go:72.6,74.1 2 0
github.com/JailtonJunior94/ai-spec-harness/cmd/ai_spec_harness/validate.go:77.5,78.19 2 0
github.com/JailtonJunior94/ai-spec-harness/cmd/ai_spec_harness/validate.go:79.6,81.1 2 0
github.com/JailtonJunior94/ai-spec-harness/cmd/ai_spec_harness/validate.go:81.12,81.33 1 0
github.com/JailtonJunior94/ai-spec-harness/cmd/ai_spec_harness/validate.go:82.6,84.1 2 0
github.com/JailtonJunior94/ai-spec-harness/cmd/ai_spec_harness/validate.go:86.5,86.38 1 0
github.com/JailtonJunior94/ai-spec-harness/cmd/ai_spec_harness/validate.go:87.6,87.52 1 0
github.com/JailtonJunior94/ai-spec-harness/cmd/ai_spec_harness/validate.go:88.7,90.1 2 0
github.com/JailtonJunior94/ai-spec-harness/cmd/ai_spec_harness/validate.go:94.4,94.20 1 0
github.com/JailtonJunior94/ai-spec-harness/cmd/ai_spec_harness/validate.go:95.5,96.1 1 0
github.com/JailtonJunior94/ai-spec-harness/cmd/ai_spec_harness/validate.go:98.4,98.18 1 0
github.com/JailtonJunior94/ai-spec-harness/cmd/ai_spec_harness/validate.go:99.5,102.1 3 0
github.com/JailtonJunior94/ai-spec-harness/cmd/ai_spec_harness/validate.go:104.4,105.14 2 0
github.com/JailtonJunior94/ai-spec-harness/cmd/ai_spec_harness/validate.go:108.2,108.12 1 1
github.com/JailtonJunior94/ai-spec-harness/cmd/ai_spec_harness/validate.go:112.2,113.22 2 0
github.com/JailtonJunior94/ai-spec-harness/cmd/ai_spec_harness/validate.go:114.3,114.15 1 0
github.com/JailtonJunior94/ai-spec-harness/cmd/ai_spec_harness/validate.go:115.4,116.1 1 0
github.com/JailtonJunior94/ai-spec-harness/cmd/ai_spec_harness/validate.go:116.10,116.32 1 0
github.com/JailtonJunior94/ai-spec-harness/cmd/ai_spec_harness/validate.go:117.4,117.16 1 0
github.com/JailtonJunior94/ai-spec-harness/cmd/ai_spec_harness/validate.go:118.5,118.10 1 0
github.com/JailtonJunior94/ai-spec-harness/cmd/ai_spec_harness/validate.go:120.4,120.16 1 0
github.com/JailtonJunior94/ai-spec-harness/cmd/ai_spec_harness/validate.go:123.2,123.19 1 0
github.com/JailtonJunior94/ai-spec-harness/cmd/ai_spec_harness/validate_bugs.go:9.2,10.1 2 1
github.com/JailtonJunior94/ai-spec-harness/cmd/ai_spec_harness/validate_bugs.go:11.2,20.55 2 1
github.com/JailtonJunior94/ai-spec-harness/cmd/ai_spec_harness/validate_bugs.go:21.4,22.24 2 0
github.com/JailtonJunior94/ai-spec-harness/cmd/ai_spec_harness/validate_bugs.go:23.5,24.1 1 0
github.com/JailtonJunior94/ai-spec-harness/cmd/ai_spec_harness/validate_bugs.go:25.4,25.65 1 0
github.com/JailtonJunior94/ai-spec-harness/cmd/ai_spec_harness/validate_bugs.go:29.2,30.12 2 1
github.com/JailtonJunior94/ai-spec-harness/cmd/ai_spec_harness/validate_evidence.go:12.2,13.1 2 1
github.com/JailtonJunior94/ai-spec-harness/cmd/ai_spec_harness/validate_evidence.go:14.2,26.55 2 1
github.com/JailtonJunior94/ai-spec-harness/cmd/ai_spec_harness/validate_evidence.go:27.4,29.1 4 0
github.com/JailtonJunior94/ai-spec-harness/cmd/ai_spec_harness/validate_evidence.go:30.4,31.19 4 0
github.com/JailtonJunior94/ai-spec-harness/cmd/ai_spec_harness/validate_evidence.go:33.5,33.29 1 0
github.com/JailtonJunior94/ai-spec-harness/cmd/ai_spec_harness/validate_evidence.go:35.5,35.31 1 0
github.com/JailtonJunior94/ai-spec-harness/cmd/ai_spec_harness/validate_evidence.go:37.5,37.33 1 0
github.com/JailtonJunior94/ai-spec-harness/cmd/ai_spec_harness/validate_evidence.go:39.5,41.27 3 0
github.com/JailtonJunior94/ai-spec-harness/cmd/ai_spec_harness/validate_evidence.go:44.4,45.18 2 0
github.com/JailtonJunior94/ai-spec-harness/cmd/ai_spec_harness/validate_evidence.go:46.5,48.1 2 0
github.com/JailtonJunior94/ai-spec-harness/cmd/ai_spec_harness/validate_evidence.go:50.4,51.1 2 0
github.com/JailtonJunior94/ai-spec-harness/cmd/ai_spec_harness/validate_evidence.go:52.4,52.38 2 0
github.com/JailtonJunior94/ai-spec-harness/cmd/ai_spec_harness/validate_evidence.go:53.5,54.1 1 0
github.com/JailtonJunior94/ai-spec-harness/cmd/ai_spec_harness/validate_evidence.go:56.4,56.19 1 0
github.com/JailtonJunior94/ai-spec-harness/cmd/ai_spec_harness/validate_evidence.go:57.5,59.1 2 0
github.com/JailtonJunior94/ai-spec-harness/cmd/ai_spec_harness/validate_evidence.go:61.4,62.26 2 0
github.com/JailtonJunior94/ai-spec-harness/cmd/ai_spec_harness/validate_evidence.go:66.2,67.12 2 1
github.com/JailtonJunior94/ai-spec-harness/cmd/ai_spec_harness/verify.go:20.2,41.1 9 1
github.com/JailtonJunior94/ai-spec-harness/cmd/ai_spec_harness/verify.go:43.2,50.1 9 1
github.com/JailtonJunior94/ai-spec-harness/cmd/ai_spec_harness/verify.go:53.2,59.1 8 0
github.com/JailtonJunior94/ai-spec-harness/cmd/ai_spec_harness/verify.go:60.2,61.19 8 0
github.com/JailtonJunior94/ai-spec-harness/cmd/ai_spec_harness/verify.go:62.3,63.1 1 0
github.com/JailtonJunior94/ai-spec-harness/cmd/ai_spec_harness/verify.go:65.2,66.16 2 0
github.com/JailtonJunior94/ai-spec-harness/cmd/ai_spec_harness/verify.go:67.3,68.1 1 0
github.com/JailtonJunior94/ai-spec-harness/cmd/ai_spec_harness/verify.go:70.2,71.16 2 0
github.com/JailtonJunior94/ai-spec-harness/cmd/ai_spec_harness/verify.go:72.3,73.1 1 0
github.com/JailtonJunior94/ai-spec-harness/cmd/ai_spec_harness/verify.go:75.2,76.18 2 0
github.com/JailtonJunior94/ai-spec-harness/cmd/ai_spec_harness/verify.go:77.3,78.1 1 0
github.com/JailtonJunior94/ai-spec-harness/cmd/ai_spec_harness/verify.go:80.2,85.1 8 0
github.com/JailtonJunior94/ai-spec-harness/cmd/ai_spec_harness/verify.go:86.2,87.1 8 0
github.com/JailtonJunior94/ai-spec-harness/cmd/ai_spec_harness/verify.go:88.2,96.16 8 0
github.com/JailtonJunior94/ai-spec-harness/cmd/ai_spec_harness/verify.go:97.3,98.1 1 0
github.com/JailtonJunior94/ai-spec-harness/cmd/ai_spec_harness/verify.go:100.2,100.21 1 0
github.com/JailtonJunior94/ai-spec-harness/cmd/ai_spec_harness/verify.go:101.3,104.1 3 0
github.com/JailtonJunior94/ai-spec-harness/cmd/ai_spec_harness/verify.go:106.2,107.29 2 0
github.com/JailtonJunior94/ai-spec-harness/cmd/ai_spec_harness/verify.go:108.3,108.21 1 0
github.com/JailtonJunior94/ai-spec-harness/cmd/ai_spec_harness/verify.go:110.4,110.14 1 0
github.com/JailtonJunior94/ai-spec-harness/cmd/ai_spec_harness/verify.go:112.4,112.14 1 0
github.com/JailtonJunior94/ai-spec-harness/cmd/ai_spec_harness/verify.go:114.4,114.14 1 0
github.com/JailtonJunior94/ai-spec-harness/cmd/ai_spec_harness/verify.go:116.4,116.12 1 0
github.com/JailtonJunior94/ai-spec-harness/cmd/ai_spec_harness/verify.go:118.4,118.14 1 0
github.com/JailtonJunior94/ai-spec-harness/cmd/ai_spec_harness/verify.go:122.2,124.1 4 0
github.com/JailtonJunior94/ai-spec-harness/cmd/ai_spec_harness/verify.go:125.2,126.29 4 0
github.com/JailtonJunior94/ai-spec-harness/cmd/ai_spec_harness/verify.go:127.3,127.23 1 0
github.com/JailtonJunior94/ai-spec-harness/cmd/ai_spec_harness/verify.go:128.4,129.23 2 0
github.com/JailtonJunior94/ai-spec-harness/cmd/ai_spec_harness/verify.go:130.5,131.1 1 0
github.com/JailtonJunior94/ai-spec-harness/cmd/ai_spec_harness/verify.go:133.3,134.112 2 0
github.com/JailtonJunior94/ai-spec-harness/cmd/ai_spec_harness/verify.go:135.4,136.12 2 0
github.com/JailtonJunior94/ai-spec-harness/cmd/ai_spec_harness/verify.go:138.3,138.55 1 0
github.com/JailtonJunior94/ai-spec-harness/cmd/ai_spec_harness/verify.go:141.2,143.1 3 0
github.com/JailtonJunior94/ai-spec-harness/cmd/ai_spec_harness/verify.go:144.2,144.17 3 0
github.com/JailtonJunior94/ai-spec-harness/cmd/ai_spec_harness/verify.go:147.3,150.30 4 0
github.com/JailtonJunior94/ai-spec-harness/cmd/ai_spec_harness/verify.go:151.4,152.22 2 0
github.com/JailtonJunior94/ai-spec-harness/cmd/ai_spec_harness/verify.go:154.5,154.16 1 0
github.com/JailtonJunior94/ai-spec-harness/cmd/ai_spec_harness/verify.go:156.5,156.16 1 0
github.com/JailtonJunior94/ai-spec-harness/cmd/ai_spec_harness/verify.go:158.5,158.16 1 0
github.com/JailtonJunior94/ai-spec-harness/cmd/ai_spec_harness/verify.go:160.5,160.14 1 0
github.com/JailtonJunior94/ai-spec-harness/cmd/ai_spec_harness/verify.go:162.5,162.16 1 0
github.com/JailtonJunior94/ai-spec-harness/cmd/ai_spec_harness/verify.go:164.4,164.25 1 0
github.com/JailtonJunior94/ai-spec-harness/cmd/ai_spec_harness/verify.go:166.3,168.34 3 0
github.com/JailtonJunior94/ai-spec-harness/cmd/ai_spec_harness/verify.go:169.4,169.34 1 0
github.com/JailtonJunior94/ai-spec-harness/cmd/ai_spec_harness/verify.go:170.5,171.1 1 0
github.com/JailtonJunior94/ai-spec-harness/cmd/ai_spec_harness/verify.go:172.4,174.147 3 0
github.com/JailtonJunior94/ai-spec-harness/cmd/ai_spec_harness/verify.go:176.3,176.29 1 0
github.com/JailtonJunior94/ai-spec-harness/cmd/ai_spec_harness/verify.go:177.4,178.1 1 0
github.com/JailtonJunior94/ai-spec-harness/cmd/ai_spec_harness/verify.go:179.3,179.28 1 0
github.com/JailtonJunior94/ai-spec-harness/cmd/ai_spec_harness/verify.go:180.4,180.19 1 0
github.com/JailtonJunior94/ai-spec-harness/cmd/ai_spec_harness/verify.go:181.5,182.1 1 0
github.com/JailtonJunior94/ai-spec-harness/cmd/ai_spec_harness/verify.go:186.2,186.18 1 0
github.com/JailtonJunior94/ai-spec-harness/cmd/ai_spec_harness/verify.go:187.3,189.1 2 0
github.com/JailtonJunior94/ai-spec-harness/cmd/ai_spec_harness/verify.go:191.2,191.48 1 0
github.com/JailtonJunior94/ai-spec-harness/cmd/ai_spec_harness/verify.go:192.3,195.1 3 0
github.com/JailtonJunior94/ai-spec-harness/cmd/ai_spec_harness/verify.go:197.2,197.12 1 0
github.com/JailtonJunior94/ai-spec-harness/cmd/ai_spec_harness/verify.go:201.2,201.15 1 0
github.com/JailtonJunior94/ai-spec-harness/cmd/ai_spec_harness/verify.go:203.3,203.19 1 0
github.com/JailtonJunior94/ai-spec-harness/cmd/ai_spec_harness/verify.go:205.3,205.19 1 0
github.com/JailtonJunior94/ai-spec-harness/cmd/ai_spec_harness/verify.go:207.3,207.19 1 0
github.com/JailtonJunior94/ai-spec-harness/cmd/ai_spec_harness/verify.go:209.3,209.17 1 0
github.com/JailtonJunior94/ai-spec-harness/cmd/ai_spec_harness/verify.go:211.3,211.19 1 0
github.com/JailtonJunior94/ai-spec-harness/cmd/ai_spec_harness/verify.go:213.3,213.23 1 0
github.com/JailtonJunior94/ai-spec-harness/cmd/ai_spec_harness/version.go:19.2,21.1 3 1
github.com/JailtonJunior94/ai-spec-harness/cmd/ai_spec_harness/version.go:22.2,25.55 3 1
github.com/JailtonJunior94/ai-spec-harness/cmd/ai_spec_harness/version.go:26.4,27.1 1 0
github.com/JailtonJunior94/ai-spec-harness/cmd/ai_spec_harness/version.go:30.2,32.12 3 1
github.com/JailtonJunior94/ai-spec-harness/cmd/ai_spec_harness/version.go:39.2,40.1 2 1
github.com/JailtonJunior94/ai-spec-harness/cmd/ai_spec_harness/version.go:41.2,41.16 2 1
github.com/JailtonJunior94/ai-spec-harness/cmd/ai_spec_harness/version.go:42.3,43.1 1 1
github.com/JailtonJunior94/ai-spec-harness/cmd/ai_spec_harness/version.go:45.2,45.14 1 1
github.com/JailtonJunior94/ai-spec-harness/cmd/ai_spec_harness/version.go:47.3,48.17 2 1
github.com/JailtonJunior94/ai-spec-harness/cmd/ai_spec_harness/version.go:49.4,50.1 1 0
github.com/JailtonJunior94/ai-spec-harness/cmd/ai_spec_harness/version.go:51.3,53.28 3 1
github.com/JailtonJunior94/ai-spec-harness/cmd/ai_spec_harness/version.go:56.3,57.17 2 1
github.com/JailtonJunior94/ai-spec-harness/cmd/ai_spec_harness/version.go:58.4,59.1 1 0
github.com/JailtonJunior94/ai-spec-harness/cmd/ai_spec_harness/version.go:60.3,61.17 2 1
github.com/JailtonJunior94/ai-spec-harness/cmd/ai_spec_harness/version.go:62.4,63.1 1 0
github.com/JailtonJunior94/ai-spec-harness/cmd/ai_spec_harness/version.go:64.3,66.28 3 1
github.com/JailtonJunior94/ai-spec-harness/cmd/ai_spec_harness/version.go:69.3,70.17 2 1
github.com/JailtonJunior94/ai-spec-harness/cmd/ai_spec_harness/version.go:71.4,72.1 1 0
github.com/JailtonJunior94/ai-spec-harness/cmd/ai_spec_harness/version.go:73.3,74.17 2 1
github.com/JailtonJunior94/ai-spec-harness/cmd/ai_spec_harness/version.go:75.4,76.1 1 0
github.com/JailtonJunior94/ai-spec-harness/cmd/ai_spec_harness/version.go:77.3,78.17 2 1
github.com/JailtonJunior94/ai-spec-harness/cmd/ai_spec_harness/version.go:79.4,80.1 1 0
github.com/JailtonJunior94/ai-spec-harness/cmd/ai_spec_harness/version.go:81.3,86.32 6 1
github.com/JailtonJunior94/ai-spec-harness/cmd/ai_spec_harness/version.go:89.2,89.12 1 1
github.com/JailtonJunior94/ai-spec-harness/cmd/ai_spec_harness/version.go:93.2,93.20 1 1
github.com/JailtonJunior94/ai-spec-harness/cmd/ai_spec_harness/version.go:94.3,95.1 1 1
github.com/JailtonJunior94/ai-spec-harness/cmd/ai_spec_harness/version.go:96.2,97.16 2 0
github.com/JailtonJunior94/ai-spec-harness/cmd/ai_spec_harness/version.go:98.3,99.1 1 0
github.com/JailtonJunior94/ai-spec-harness/cmd/ai_spec_harness/version.go:100.2,100.17 1 0
github.com/JailtonJunior94/ai-spec-harness/cmd/ai_spec_harness/version.go:109.2,110.1 3 1
github.com/JailtonJunior94/ai-spec-harness/cmd/ai_spec_harness/version.go:111.2,112.16 3 1
github.com/JailtonJunior94/ai-spec-harness/cmd/ai_spec_harness/version.go:113.3,114.1 1 0
github.com/JailtonJunior94/ai-spec-harness/cmd/ai_spec_harness/version.go:116.2,117.28 2 1
github.com/JailtonJunior94/ai-spec-harness/cmd/ai_spec_harness/version.go:118.3,118.17 1 1
github.com/JailtonJunior94/ai-spec-harness/cmd/ai_spec_harness/version.go:119.4,119.12 1 0
github.com/JailtonJunior94/ai-spec-harness/cmd/ai_spec_harness/version.go:121.3,124.17 4 1
github.com/JailtonJunior94/ai-spec-harness/cmd/ai_spec_harness/version.go:125.4,126.12 2 0
github.com/JailtonJunior94/ai-spec-harness/cmd/ai_spec_harness/version.go:128.3,130.17 3 1
github.com/JailtonJunior94/ai-spec-harness/cmd/ai_spec_harness/version.go:131.4,132.1 1 0
github.com/JailtonJunior94/ai-spec-harness/cmd/ai_spec_harness/version.go:133.3,133.71 1 1
github.com/JailtonJunior94/ai-spec-harness/cmd/ai_spec_harness/version.go:136.2,136.41 1 1
github.com/JailtonJunior94/ai-spec-harness/cmd/ai_spec_harness/version.go:137.3,138.1 1 1
github.com/JailtonJunior94/ai-spec-harness/cmd/ai_spec_harness/version.go:139.2,139.20 1 1
github.com/JailtonJunior94/ai-spec-harness/cmd/ai_spec_harness/version.go:143.2,144.54 2 1
github.com/JailtonJunior94/ai-spec-harness/cmd/ai_spec_harness/version.go:145.3,146.1 1 1
github.com/JailtonJunior94/ai-spec-harness/cmd/ai_spec_harness/version.go:148.2,149.16 2 1
github.com/JailtonJunior94/ai-spec-harness/cmd/ai_spec_harness/version.go:150.3,151.1 1 0
github.com/JailtonJunior94/ai-spec-harness/cmd/ai_spec_harness/version.go:153.2,154.28 2 1
github.com/JailtonJunior94/ai-spec-harness/cmd/ai_spec_harness/version.go:155.3,155.17 1 1
github.com/JailtonJunior94/ai-spec-harness/cmd/ai_spec_harness/version.go:156.4,156.12 1 0
github.com/JailtonJunior94/ai-spec-harness/cmd/ai_spec_harness/version.go:158.3,161.17 4 1
github.com/JailtonJunior94/ai-spec-harness/cmd/ai_spec_harness/version.go:162.4,163.12 2 0
github.com/JailtonJunior94/ai-spec-harness/cmd/ai_spec_harness/version.go:165.3,167.17 3 1
github.com/JailtonJunior94/ai-spec-harness/cmd/ai_spec_harness/version.go:168.4,169.1 1 0
github.com/JailtonJunior94/ai-spec-harness/cmd/ai_spec_harness/version.go:170.3,170.71 1 1
github.com/JailtonJunior94/ai-spec-harness/cmd/ai_spec_harness/version.go:173.2,173.41 1 1
github.com/JailtonJunior94/ai-spec-harness/cmd/ai_spec_harness/version.go:174.3,175.1 1 0
github.com/JailtonJunior94/ai-spec-harness/cmd/ai_spec_harness/version.go:176.2,176.20 1 1
github.com/JailtonJunior94/ai-spec-harness/cmd/ai_spec_harness/version.go:180.2,180.22 1 1
github.com/JailtonJunior94/ai-spec-harness/cmd/ai_spec_harness/version.go:181.3,183.1 2 1
github.com/JailtonJunior94/ai-spec-harness/cmd/ai_spec_harness/version.go:184.2,184.27 1 1
github.com/JailtonJunior94/ai-spec-harness/cmd/ai_spec_harness/version.go:185.3,186.16 2 1
github.com/JailtonJunior94/ai-spec-harness/cmd/ai_spec_harness/version.go:187.4,188.1 1 1
github.com/JailtonJunior94/ai-spec-harness/cmd/ai_spec_harness/version.go:189.3,189.46 1 1
github.com/JailtonJunior94/ai-spec-harness/cmd/ai_spec_harness/wrapper.go:13.2,36.55 1 1
github.com/JailtonJunior94/ai-spec-harness/cmd/ai_spec_harness/wrapper.go:37.4,39.1 3 0
github.com/JailtonJunior94/ai-spec-harness/cmd/ai_spec_harness/wrapper.go:41.4,41.33 3 0
github.com/JailtonJunior94/ai-spec-harness/cmd/ai_spec_harness/wrapper.go:42.5,44.1 2 0
github.com/JailtonJunior94/ai-spec-harness/cmd/ai_spec_harness/wrapper.go:46.4,48.22 3 0
github.com/JailtonJunior94/ai-spec-harness/cmd/ai_spec_harness/wrapper.go:49.5,51.1 2 0
github.com/JailtonJunior94/ai-spec-harness/cmd/ai_spec_harness/wrapper.go:53.4,55.18 3 0
github.com/JailtonJunior94/ai-spec-harness/cmd/ai_spec_harness/wrapper.go:56.5,58.1 2 0
github.com/JailtonJunior94/ai-spec-harness/cmd/ai_spec_harness/wrapper.go:60.4,61.14 2 0
github.com/JailtonJunior94/ai-spec-harness/cmd/ai_spec_harness/wrapper.go:64.2,64.12 1 1
github.com/JailtonJunior94/ai-spec-harness/internal/platform/platform.go:16.2,17.1 1 1
github.com/JailtonJunior94/ai-spec-harness/internal/platform/platform.go:21.2,22.1 1 1
github.com/JailtonJunior94/ai-spec-harness/internal/platform/platform.go:27.2,28.1 1 1
github.com/JailtonJunior94/ai-spec-harness/internal/gitref/gitref.go:24.2,25.1 1 1
github.com/JailtonJunior94/ai-spec-harness/internal/gitref/gitref.go:30.2,30.48 1 1
github.com/JailtonJunior94/ai-spec-harness/internal/gitref/gitref.go:31.3,32.1 1 0
github.com/JailtonJunior94/ai-spec-harness/internal/gitref/gitref.go:34.2,35.50 2 1
github.com/JailtonJunior94/ai-spec-harness/internal/gitref/gitref.go:36.3,37.1 1 1
github.com/JailtonJunior94/ai-spec-harness/internal/gitref/gitref.go:38.3,39.1 1 1
github.com/JailtonJunior94/ai-spec-harness/internal/gitref/gitref.go:41.2,43.16 3 1
github.com/JailtonJunior94/ai-spec-harness/internal/gitref/gitref.go:44.3,45.1 1 1
github.com/JailtonJunior94/ai-spec-harness/internal/gitref/gitref.go:46.2,47.1 3 1
github.com/JailtonJunior94/ai-spec-harness/internal/gitref/gitref.go:48.2,49.16 3 1
github.com/JailtonJunior94/ai-spec-harness/internal/gitref/gitref.go:50.3,51.1 1 0
github.com/JailtonJunior94/ai-spec-harness/internal/gitref/gitref.go:53.2,55.1 4 1
github.com/JailtonJunior94/ai-spec-harness/internal/gitref/gitref.go:56.2,57.16 4 1
github.com/JailtonJunior94/ai-spec-harness/internal/gitref/gitref.go:58.3,60.1 2 0
github.com/JailtonJunior94/ai-spec-harness/internal/gitref/gitref.go:61.2,62.1 2 1
github.com/JailtonJunior94/ai-spec-harness/internal/gitref/gitref.go:63.2,63.43 2 1
github.com/JailtonJunior94/ai-spec-harness/internal/gitref/gitref.go:64.3,66.1 2 0
github.com/JailtonJunior94/ai-spec-harness/internal/gitref/gitref.go:67.2,67.39 1 1
github.com/JailtonJunior94/ai-spec-harness/internal/gitref/gitref.go:68.3,71.1 3 0
github.com/JailtonJunior94/ai-spec-harness/internal/gitref/gitref.go:72.2,72.42 1 1
github.com/JailtonJunior94/ai-spec-harness/internal/gitref/gitref.go:73.3,76.1 3 0
github.com/JailtonJunior94/ai-spec-harness/internal/gitref/gitref.go:77.2,77.38 1 1
github.com/JailtonJunior94/ai-spec-harness/internal/gitref/gitref.go:78.3,80.1 2 0
github.com/JailtonJunior94/ai-spec-harness/internal/gitref/gitref.go:82.2,86.19 1 1
github.com/JailtonJunior94/ai-spec-harness/internal/gitref/gitref.go:87.4,88.1 1 1
github.com/JailtonJunior94/ai-spec-harness/main.go:10.2,10.48 1 0
github.com/JailtonJunior94/ai-spec-harness/main.go:11.3,12.1 1 0
github.com/JailtonJunior94/ai-spec-harness/internal/prerequisites/prerequisites.go:90.2,91.12 2 1
github.com/JailtonJunior94/ai-spec-harness/internal/prerequisites/prerequisites.go:92.3,93.1 1 1
github.com/JailtonJunior94/ai-spec-harness/internal/prerequisites/prerequisites.go:95.2,96.16 2 1
github.com/JailtonJunior94/ai-spec-harness/internal/prerequisites/prerequisites.go:97.3,98.1 1 0
github.com/JailtonJunior94/ai-spec-harness/internal/prerequisites/prerequisites.go:99.2,99.25 1 1
github.com/JailtonJunior94/ai-spec-harness/internal/prerequisites/prerequisites.go:100.3,101.1 1 1
github.com/JailtonJunior94/ai-spec-harness/internal/prerequisites/prerequisites.go:103.2,104.1 2 1
github.com/JailtonJunior94/ai-spec-harness/internal/prerequisites/prerequisites.go:105.2,105.36 2 1
github.com/JailtonJunior94/ai-spec-harness/internal/prerequisites/prerequisites.go:106.3,107.13 2 1
github.com/JailtonJunior94/ai-spec-harness/internal/prerequisites/prerequisites.go:108.4,109.1 1 1
github.com/JailtonJunior94/ai-spec-harness/internal/prerequisites/prerequisites.go:110.3,110.84 1 1
github.com/JailtonJunior94/ai-spec-harness/internal/prerequisites/prerequisites.go:113.2,113.36 1 1
github.com/JailtonJunior94/ai-spec-harness/internal/prerequisites/prerequisites.go:114.3,116.1 2 1
github.com/JailtonJunior94/ai-spec-harness/internal/prerequisites/prerequisites.go:118.2,118.32 1 1
github.com/JailtonJunior94/ai-spec-harness/internal/prerequisites/prerequisites.go:123.2,124.27 2 1
github.com/JailtonJunior94/ai-spec-harness/internal/prerequisites/prerequisites.go:125.3,126.1 1 1
github.com/JailtonJunior94/ai-spec-harness/internal/prerequisites/prerequisites.go:127.2,127.15 1 1
github.com/JailtonJunior94/ai-spec-harness/internal/prerequisites/prerequisites.go:131.2,131.26 1 1
github.com/JailtonJunior94/ai-spec-harness/internal/prerequisites/prerequisites.go:132.3,132.41 1 1
github.com/JailtonJunior94/ai-spec-harness/internal/prerequisites/prerequisites.go:133.4,134.1 1 1
github.com/JailtonJunior94/ai-spec-harness/internal/prerequisites/prerequisites.go:136.2,136.14 1 1
github.com/JailtonJunior94/ai-spec-harness/internal/prerequisites/r1_receiver.go:6.32,6.52 1 1
github.com/JailtonJunior94/ai-spec-harness/internal/runtime/acpfake/r1_catalog.go:7.2,8.1 1 1
github.com/JailtonJunior94/ai-spec-harness/internal/runtime/acpfake/script.go:30.2,31.1 1 1
github.com/JailtonJunior94/ai-spec-harness/internal/runtime/acpfake/script.go:35.2,37.1 2 1
github.com/JailtonJunior94/ai-spec-harness/internal/runtime/acpfake/script.go:41.2,42.1 1 1
github.com/JailtonJunior94/ai-spec-harness/internal/runtime/acpfake/script.go:46.2,47.1 1 1
github.com/JailtonJunior94/ai-spec-harness/internal/runtime/acpfake/script.go:51.2,52.1 1 1
github.com/JailtonJunior94/ai-spec-harness/internal/runtime/acpfake/script.go:56.2,61.1 1 1
github.com/JailtonJunior94/ai-spec-harness/internal/runtime/acpfake/script.go:65.2,66.16 2 1
github.com/JailtonJunior94/ai-spec-harness/internal/runtime/acpfake/script.go:68.3,68.35 1 1
github.com/JailtonJunior94/ai-spec-harness/internal/runtime/acpfake/script.go:70.3,70.32 1 1
github.com/JailtonJunior94/ai-spec-harness/internal/runtime/acpfake/script.go:72.3,72.34 1 1
github.com/JailtonJunior94/ai-spec-harness/internal/runtime/acpfake/script.go:74.2,77.4 1 1
github.com/JailtonJunior94/ai-spec-harness/internal/runtime/acpfake/script.go:85.2,90.1 2 1
github.com/JailtonJunior94/ai-spec-harness/internal/runtime/acpfake/script.go:96.2,97.1 1 1
github.com/JailtonJunior94/ai-spec-harness/internal/runtime/acpfake/script.go:104.2,113.1 2 1
github.com/JailtonJunior94/ai-spec-harness/internal/runtime/acpfake/script.go:117.2,120.1 3 1
github.com/JailtonJunior94/ai-spec-harness/internal/runtime/acpfake/server.go:24.2,25.1 1 1
github.com/JailtonJunior94/ai-spec-harness/internal/runtime/acpfake/server.go:39.2,40.1 7 1
github.com/JailtonJunior94/ai-spec-harness/internal/runtime/acpfake/server.go:42.2,43.1 7 1
github.com/JailtonJunior94/ai-spec-harness/internal/runtime/acpfake/server.go:44.2,46.1 7 1
github.com/JailtonJunior94/ai-spec-harness/internal/runtime/acpfake/server.go:50.2,53.1 7 1
github.com/JailtonJunior94/ai-spec-harness/internal/runtime/acpfake/server.go:55.2,55.12 7 1
github.com/JailtonJunior94/ai-spec-harness/internal/runtime/acpfake/server.go:56.3,56.10 1 1
github.com/JailtonJunior94/ai-spec-harness/internal/runtime/acpfake/server.go:57.22,57.22 0 0
github.com/JailtonJunior94/ai-spec-harness/internal/runtime/acpfake/server.go:59.4,60.30 2 1
github.com/JailtonJunior94/ai-spec-harness/internal/runtime/acpfake/server.go:64.2,69.8 1 1
github.com/JailtonJunior94/ai-spec-harness/internal/runtime/acpfake/server.go:73.2,76.1 3 1
github.com/JailtonJunior94/ai-spec-harness/internal/runtime/acpfake/server.go:79.2,82.1 3 1
github.com/JailtonJunior94/ai-spec-harness/internal/runtime/acpfake/server.go:91.2,95.1 1 1
github.com/JailtonJunior94/ai-spec-harness/internal/runtime/acpfake/server.go:98.2,99.1 1 0
github.com/JailtonJunior94/ai-spec-harness/internal/runtime/acpfake/server.go:102.2,103.1 1 0
github.com/JailtonJunior94/ai-spec-harness/internal/runtime/acpfake/server.go:106.2,107.1 1 1
github.com/JailtonJunior94/ai-spec-harness/internal/runtime/acpfake/server.go:110.2,111.1 1 0
github.com/JailtonJunior94/ai-spec-harness/internal/runtime/acpfake/server.go:114.2,115.1 1 0
github.com/JailtonJunior94/ai-spec-harness/internal/runtime/acpfake/server.go:118.2,119.1 1 0
github.com/JailtonJunior94/ai-spec-harness/internal/runtime/acpfake/server.go:122.2,123.1 1 0
github.com/JailtonJunior94/ai-spec-harness/internal/runtime/acpfake/server.go:126.2,127.1 1 0
github.com/JailtonJunior94/ai-spec-harness/internal/runtime/acpfake/server.go:131.2,132.17 2 1
github.com/JailtonJunior94/ai-spec-harness/internal/runtime/acpfake/server.go:133.3,134.1 1 0
github.com/JailtonJunior94/ai-spec-harness/internal/runtime/acpfake/server.go:136.2,136.47 1 1
github.com/JailtonJunior94/ai-spec-harness/internal/runtime/acpfake/server.go:137.3,137.23 1 1
github.com/JailtonJunior94/ai-spec-harness/internal/runtime/acpfake/server.go:138.4,139.1 1 0
github.com/JailtonJunior94/ai-spec-harness/internal/runtime/acpfake/server.go:141.3,141.19 1 1
github.com/JailtonJunior94/ai-spec-harness/internal/runtime/acpfake/server.go:142.4,142.11 1 1
github.com/JailtonJunior94/ai-spec-harness/internal/runtime/acpfake/server.go:144.5,144.76 1 1
github.com/JailtonJunior94/ai-spec-harness/internal/runtime/acpfake/server.go:145.32,145.32 0 1
github.com/JailtonJunior94/ai-spec-harness/internal/runtime/acpfake/server.go:150.3,150.43 1 1
github.com/JailtonJunior94/ai-spec-harness/internal/runtime/acpfake/server.go:151.4,152.1 1 1
github.com/JailtonJunior94/ai-spec-harness/internal/runtime/acpfake/server.go:155.3,155.80 1 1
github.com/JailtonJunior94/ai-spec-harness/internal/runtime/acpfake/server.go:156.4,176.12 2 1
github.com/JailtonJunior94/ai-spec-harness/internal/runtime/acpfake/server.go:179.3,182.5 1 1
github.com/JailtonJunior94/ai-spec-harness/internal/runtime/acpfake/server.go:185.2,185.67 1 1
github.com/JailtonJunior94/ai-spec-harness/internal/runtime/acpfake/server.go:190.2,196.1 1 1
github.com/JailtonJunior94/ai-spec-harness/internal/runtime/acpfake/server.go:200.2,200.47 1 1
github.com/JailtonJunior94/ai-spec-harness/internal/runtime/acpfake/server.go:201.3,202.1 1 1
github.com/JailtonJunior94/ai-spec-harness/internal/runtime/acpfake/server.go:203.2,204.54 2 1
github.com/JailtonJunior94/ai-spec-harness/internal/runtime/acpfake/server.go:205.3,206.1 1 1
github.com/JailtonJunior94/ai-spec-harness/internal/runtime/acpfake/server.go:207.2,207.18 1 0
github.com/JailtonJunior94/ai-spec-harness/internal/runtime/client/client.go:69.2,70.1 1 1
github.com/JailtonJunior94/ai-spec-harness/internal/runtime/client/client.go:74.2,75.1 1 1
github.com/JailtonJunior94/ai-spec-harness/internal/runtime/client/client.go:81.2,82.1 1 1
github.com/JailtonJunior94/ai-spec-harness/internal/runtime/client/client.go:89.2,90.1 1 1
github.com/JailtonJunior94/ai-spec-harness/internal/runtime/client/client.go:93.2,94.1 1 1
github.com/JailtonJunior94/ai-spec-harness/internal/runtime/client/client.go:152.2,152.14 1 1
github.com/JailtonJunior94/ai-spec-harness/internal/runtime/client/client.go:153.3,154.1 1 0
github.com/JailtonJunior94/ai-spec-harness/internal/runtime/client/client.go:155.2,161.1 1 1
github.com/JailtonJunior94/ai-spec-harness/internal/runtime/client/client.go:167.2,170.1 4 1
github.com/JailtonJunior94/ai-spec-harness/internal/runtime/client/client.go:171.2,171.25 4 1
github.com/JailtonJunior94/ai-spec-harness/internal/runtime/client/client.go:173.3,174.17 2 1
github.com/JailtonJunior94/ai-spec-harness/internal/runtime/client/client.go:175.4,176.1 1 0
github.com/JailtonJunior94/ai-spec-harness/internal/runtime/client/client.go:179.3,180.17 2 1
github.com/JailtonJunior94/ai-spec-harness/internal/runtime/client/client.go:181.4,182.1 1 1
github.com/JailtonJunior94/ai-spec-harness/internal/runtime/client/client.go:185.2,186.16 2 1
github.com/JailtonJunior94/ai-spec-harness/internal/runtime/client/client.go:187.3,187.19 1 1
github.com/JailtonJunior94/ai-spec-harness/internal/runtime/client/client.go:188.4,189.1 1 1
github.com/JailtonJunior94/ai-spec-harness/internal/runtime/client/client.go:190.3,190.13 1 1
github.com/JailtonJunior94/ai-spec-harness/internal/runtime/client/client.go:193.2,193.30 1 1
github.com/JailtonJunior94/ai-spec-harness/internal/runtime/client/client.go:194.3,194.53 1 1
github.com/JailtonJunior94/ai-spec-harness/internal/runtime/client/client.go:195.4,195.20 1 1
github.com/JailtonJunior94/ai-spec-harness/internal/runtime/client/client.go:196.5,197.1 1 0
github.com/JailtonJunior94/ai-spec-harness/internal/runtime/client/client.go:198.4,198.70 1 1
github.com/JailtonJunior94/ai-spec-harness/internal/runtime/client/client.go:202.2,206.1 6 1
github.com/JailtonJunior94/ai-spec-harness/internal/runtime/client/client.go:208.2,209.1 6 1
github.com/JailtonJunior94/ai-spec-harness/internal/runtime/client/client.go:216.2,216.12 6 1
github.com/JailtonJunior94/ai-spec-harness/internal/runtime/client/client.go:217.3,217.10 1 1
github.com/JailtonJunior94/ai-spec-harness/internal/runtime/client/client.go:219.4,219.23 1 1
github.com/JailtonJunior94/ai-spec-harness/internal/runtime/client/client.go:220.21,220.21 0 1
github.com/JailtonJunior94/ai-spec-harness/internal/runtime/client/client.go:224.2,224.12 1 1
github.com/JailtonJunior94/ai-spec-harness/internal/runtime/client/client.go:229.2,230.1 3 1
github.com/JailtonJunior94/ai-spec-harness/internal/runtime/client/client.go:233.2,234.21 3 1
github.com/JailtonJunior94/ai-spec-harness/internal/runtime/client/client.go:235.3,236.1 1 1
github.com/JailtonJunior94/ai-spec-harness/internal/runtime/client/client.go:237.2,238.23 2 1
github.com/JailtonJunior94/ai-spec-harness/internal/runtime/client/client.go:239.3,240.1 1 1
github.com/JailtonJunior94/ai-spec-harness/internal/runtime/client/client.go:241.2,242.1 3 1
github.com/JailtonJunior94/ai-spec-harness/internal/runtime/client/client.go:243.2,244.16 3 1
github.com/JailtonJunior94/ai-spec-harness/internal/runtime/client/client.go:245.3,246.1 1 0
github.com/JailtonJunior94/ai-spec-harness/internal/runtime/client/client.go:247.2,248.16 2 1
github.com/JailtonJunior94/ai-spec-harness/internal/runtime/client/client.go:249.3,250.1 1 0
github.com/JailtonJunior94/ai-spec-harness/internal/runtime/client/client.go:252.2,252.38 1 1
github.com/JailtonJunior94/ai-spec-harness/internal/runtime/client/client.go:253.3,254.1 1 1
github.com/JailtonJunior94/ai-spec-harness/internal/runtime/client/client.go:256.2,256.35 1 1
github.com/JailtonJunior94/ai-spec-harness/internal/runtime/client/client.go:261.2,264.24 1 1
github.com/JailtonJunior94/ai-spec-harness/internal/runtime/client/client.go:265.4,269.21 5 1
github.com/JailtonJunior94/ai-spec-harness/internal/runtime/client/client.go:270.5,271.1 1 1
github.com/JailtonJunior94/ai-spec-harness/internal/runtime/client/client.go:274.2,275.1 3 1
github.com/JailtonJunior94/ai-spec-harness/internal/runtime/client/client.go:276.2,285.16 3 1
github.com/JailtonJunior94/ai-spec-harness/internal/runtime/client/client.go:286.3,287.1 1 1
github.com/JailtonJunior94/ai-spec-harness/internal/runtime/client/client.go:289.2,293.16 2 1
github.com/JailtonJunior94/ai-spec-harness/internal/runtime/client/client.go:294.3,295.1 1 0
github.com/JailtonJunior94/ai-spec-harness/internal/runtime/client/client.go:297.2,297.38 1 1
github.com/JailtonJunior94/ai-spec-harness/internal/runtime/client/client.go:302.2,302.15 1 1
github.com/JailtonJunior94/ai-spec-harness/internal/runtime/client/client.go:303.3,304.35 2 1
github.com/JailtonJunior94/ai-spec-harness/internal/runtime/client/client.go:305.4,307.1 2 1
github.com/JailtonJunior94/ai-spec-harness/internal/runtime/client/client.go:308.3,308.22 1 1
github.com/JailtonJunior94/ai-spec-harness/internal/runtime/client/client.go:311.2,315.16 2 1
github.com/JailtonJunior94/ai-spec-harness/internal/runtime/client/client.go:316.3,316.35 1 1
github.com/JailtonJunior94/ai-spec-harness/internal/runtime/client/client.go:317.4,319.1 2 1
github.com/JailtonJunior94/ai-spec-harness/internal/runtime/client/client.go:320.3,320.23 1 1
github.com/JailtonJunior94/ai-spec-harness/internal/runtime/client/client.go:321.4,323.1 2 1
github.com/JailtonJunior94/ai-spec-harness/internal/runtime/client/client.go:324.3,325.9 2 0
github.com/JailtonJunior94/ai-spec-harness/internal/runtime/client/client.go:328.2,328.88 1 1
github.com/JailtonJunior94/ai-spec-harness/internal/runtime/client/client.go:329.3,329.10 1 1
github.com/JailtonJunior94/ai-spec-harness/internal/runtime/client/client.go:330.25,330.25 0 1
github.com/JailtonJunior94/ai-spec-harness/internal/runtime/client/client.go:331.21,331.21 0 0
github.com/JailtonJunior94/ai-spec-harness/internal/runtime/client/client.go:337.2,343.16 2 1
github.com/JailtonJunior94/ai-spec-harness/internal/runtime/client/client.go:344.3,345.1 1 0
github.com/JailtonJunior94/ai-spec-harness/internal/runtime/client/client.go:346.2,346.80 1 1
github.com/JailtonJunior94/ai-spec-harness/internal/runtime/client/client.go:353.2,353.19 1 1
github.com/JailtonJunior94/ai-spec-harness/internal/runtime/client/client.go:354.3,355.17 2 1
github.com/JailtonJunior94/ai-spec-harness/internal/runtime/client/client.go:356.4,357.1 1 1
github.com/JailtonJunior94/ai-spec-harness/internal/runtime/client/client.go:358.3,362.20 5 1
github.com/JailtonJunior94/ai-spec-harness/internal/runtime/client/client.go:377.2,379.21 3 1
github.com/JailtonJunior94/ai-spec-harness/internal/runtime/client/client.go:380.3,381.1 1 0
github.com/JailtonJunior94/ai-spec-harness/internal/runtime/client/client.go:384.2,384.9 1 1
github.com/JailtonJunior94/ai-spec-harness/internal/runtime/client/client.go:386.3,386.9 1 1
github.com/JailtonJunior94/ai-spec-harness/internal/runtime/client/client.go:387.10,387.10 0 0
github.com/JailtonJunior94/ai-spec-harness/internal/runtime/client/client.go:391.2,391.27 1 0
github.com/JailtonJunior94/ai-spec-harness/internal/runtime/client/client.go:393.3,395.1 2 0
github.com/JailtonJunior94/ai-spec-harness/internal/runtime/client/client.go:398.2,400.9 3 0
github.com/JailtonJunior94/ai-spec-harness/internal/runtime/client/client.go:402.3,402.25 1 0
github.com/JailtonJunior94/ai-spec-harness/internal/runtime/client/client.go:404.3,404.26 1 0
github.com/JailtonJunior94/ai-spec-harness/internal/runtime/client/client.go:411.2,412.1 1 1
github.com/JailtonJunior94/ai-spec-harness/internal/runtime/client/client.go:417.2,418.1 1 1
github.com/JailtonJunior94/ai-spec-harness/internal/runtime/client/client.go:422.2,423.1 1 1
github.com/JailtonJunior94/ai-spec-harness/internal/runtime/client/client.go:427.2,430.1 3 1
github.com/JailtonJunior94/ai-spec-harness/internal/runtime/client/client.go:434.2,434.43 1 1
github.com/JailtonJunior94/ai-spec-harness/internal/runtime/client/client.go:435.3,436.1 1 1
github.com/JailtonJunior94/ai-spec-harness/internal/runtime/client/client.go:437.2,437.24 1 1
github.com/JailtonJunior94/ai-spec-harness/internal/runtime/client/client.go:444.2,444.23 1 1
github.com/JailtonJunior94/ai-spec-harness/internal/runtime/client/client.go:445.3,448.1 4 1
github.com/JailtonJunior94/ai-spec-harness/internal/runtime/client/client.go:449.3,449.39 4 1
github.com/JailtonJunior94/ai-spec-harness/internal/runtime/client/client.go:450.4,451.1 1 1
github.com/JailtonJunior94/ai-spec-harness/internal/runtime/client/client.go:453.3,455.13 3 1
github.com/JailtonJunior94/ai-spec-harness/internal/runtime/client/client.go:455.15,455.35 1 1
github.com/JailtonJunior94/ai-spec-harness/internal/runtime/client/client.go:457.3,457.10 1 1
github.com/JailtonJunior94/ai-spec-harness/internal/runtime/client/client.go:458.15,458.15 0 1
github.com/JailtonJunior94/ai-spec-harness/internal/runtime/client/client.go:460.4,461.10 2 0
github.com/JailtonJunior94/ai-spec-harness/internal/runtime/client/client.go:464.2,464.12 1 1
github.com/JailtonJunior94/ai-spec-harness/internal/runtime/client/client.go:475.2,478.1 3 1
github.com/JailtonJunior94/ai-spec-harness/internal/runtime/client/client.go:484.2,484.26 1 1
github.com/JailtonJunior94/ai-spec-harness/internal/runtime/client/client.go:485.3,485.35 1 1
github.com/JailtonJunior94/ai-spec-harness/internal/runtime/client/client.go:486.4,486.104 1 1
github.com/JailtonJunior94/ai-spec-harness/internal/runtime/client/client.go:487.5,490.1 1 1
github.com/JailtonJunior94/ai-spec-harness/internal/runtime/client/client.go:494.2,494.28 1 1
github.com/JailtonJunior94/ai-spec-harness/internal/runtime/client/client.go:495.3,496.1 1 1
github.com/JailtonJunior94/ai-spec-harness/internal/runtime/client/client.go:497.2,501.8 1 1
github.com/JailtonJunior94/ai-spec-harness/internal/runtime/client/client.go:505.2,506.1 1 1
github.com/JailtonJunior94/ai-spec-harness/internal/runtime/client/client.go:509.2,510.1 1 1
github.com/JailtonJunior94/ai-spec-harness/internal/runtime/client/client.go:513.2,514.1 1 0
github.com/JailtonJunior94/ai-spec-harness/internal/runtime/client/client.go:517.2,518.1 1 1
github.com/JailtonJunior94/ai-spec-harness/internal/runtime/client/client.go:521.2,522.1 1 1
github.com/JailtonJunior94/ai-spec-harness/internal/runtime/client/client.go:525.2,526.1 1 1
github.com/JailtonJunior94/ai-spec-harness/internal/runtime/client/client.go:529.2,530.1 1 1
github.com/JailtonJunior94/ai-spec-harness/internal/runtime/client/process_unix.go:18.2,19.28 2 1
github.com/JailtonJunior94/ai-spec-harness/internal/runtime/client/process_unix.go:20.3,20.25 1 1
github.com/JailtonJunior94/ai-spec-harness/internal/runtime/client/process_unix.go:21.4,22.1 1 0
github.com/JailtonJunior94/ai-spec-harness/internal/runtime/client/process_unix.go:23.3,23.57 1 1
github.com/JailtonJunior94/ai-spec-harness/internal/runtime/client/process_unix.go:25.2,25.34 1 1
github.com/JailtonJunior94/ai-spec-harness/internal/runtime/client/process_unix.go:31.2,32.1 1 1
github.com/JailtonJunior94/ai-spec-harness/internal/runtime/client/process_unix.go:36.2,37.1 1 0
github.com/JailtonJunior94/ai-spec-harness/internal/runtime/client/r1_catalog.go:7.2,8.1 1 1
github.com/JailtonJunior94/ai-spec-harness/internal/runtime/client/testing.go:18.2,19.1 1 1
github.com/JailtonJunior94/ai-spec-harness/internal/runtime/client/testing.go:25.2,26.1 1 1
github.com/JailtonJunior94/ai-spec-harness/internal/runtime/client/testing.go:31.2,32.1 1 1
github.com/JailtonJunior94/ai-spec-harness/internal/runtime/handshake/catalog.go:6.2,7.1 1 1
github.com/JailtonJunior94/ai-spec-harness/internal/runtime/handshake/waiter.go:27.2,27.18 1 1
github.com/JailtonJunior94/ai-spec-harness/internal/runtime/handshake/waiter.go:28.3,29.1 1 0
github.com/JailtonJunior94/ai-spec-harness/internal/runtime/handshake/waiter.go:30.2,32.15 3 1
github.com/JailtonJunior94/ai-spec-harness/internal/runtime/handshake/waiter.go:33.3,34.17 2 1
github.com/JailtonJunior94/ai-spec-harness/internal/runtime/handshake/waiter.go:35.4,36.1 1 0
github.com/JailtonJunior94/ai-spec-harness/internal/runtime/handshake/waiter.go:37.3,38.16 2 1
github.com/JailtonJunior94/ai-spec-harness/internal/runtime/handshake/waiter.go:40.2,41.42 2 1
github.com/JailtonJunior94/ai-spec-harness/internal/runtime/handshake/waiter.go:42.3,42.13 1 0
github.com/JailtonJunior94/ai-spec-harness/internal/runtime/handshake/waiter.go:43.4,44.1 1 0
github.com/JailtonJunior94/ai-spec-harness/internal/runtime/handshake/waiter.go:45.3,45.18 1 0
github.com/JailtonJunior94/ai-spec-harness/internal/runtime/handshake/waiter.go:47.2,48.12 2 1
github.com/JailtonJunior94/ai-spec-harness/internal/runtime/handshake/waiter.go:49.3,50.1 1 1
github.com/JailtonJunior94/ai-spec-harness/internal/runtime/handshake/waiter.go:51.2,51.15 1 1
github.com/JailtonJunior94/ai-spec-harness/internal/runtime/handshake/waiter.go:55.2,55.17 1 1
github.com/JailtonJunior94/ai-spec-harness/internal/runtime/handshake/waiter.go:56.3,57.1 1 0
github.com/JailtonJunior94/ai-spec-harness/internal/runtime/handshake/waiter.go:58.2,58.28 1 1
github.com/JailtonJunior94/ai-spec-harness/internal/runtime/handshake/waiter.go:62.2,63.39 2 1
github.com/JailtonJunior94/ai-spec-harness/internal/runtime/handshake/waiter.go:64.3,65.1 1 0
github.com/JailtonJunior94/ai-spec-harness/internal/runtime/handshake/waiter.go:66.2,66.12 1 1
github.com/JailtonJunior94/ai-spec-harness/internal/runtime/handshake/waiter.go:69.34,69.49 1 1
github.com/JailtonJunior94/ai-spec-harness/internal/runtime/handshake/waiter.go:72.2,75.6 4 1
github.com/JailtonJunior94/ai-spec-harness/internal/runtime/handshake/waiter.go:76.3,76.44 1 1
github.com/JailtonJunior94/ai-spec-harness/internal/runtime/handshake/waiter.go:77.4,78.1 1 1
github.com/JailtonJunior94/ai-spec-harness/internal/runtime/handshake/waiter.go:79.3,79.33 1 1
github.com/JailtonJunior94/ai-spec-harness/internal/runtime/handshake/waiter.go:80.4,81.1 1 1
github.com/JailtonJunior94/ai-spec-harness/internal/runtime/handshake/waiter.go:82.3,82.10 1 1
github.com/JailtonJunior94/ai-spec-harness/internal/runtime/handshake/waiter.go:84.4,84.20 1 1
github.com/JailtonJunior94/ai-spec-harness/internal/runtime/handshake/waiter.go:85.19,85.19 0 1
github.com/JailtonJunior94/ai-spec-harness/internal/runtime/hooks/dispatcher.go:68.46,68.74 1 0
github.com/JailtonJunior94/ai-spec-harness/internal/runtime/hooks/dispatcher.go:77.43,77.71 1 0
github.com/JailtonJunior94/ai-spec-harness/internal/runtime/hooks/dispatcher.go:85.40,85.73 1 0
github.com/JailtonJunior94/ai-spec-harness/internal/runtime/hooks/dispatcher.go:93.46,93.74 1 0
github.com/JailtonJunior94/ai-spec-harness/internal/runtime/hooks/dispatcher.go:102.49,102.80 1 0
github.com/JailtonJunior94/ai-spec-harness/internal/runtime/hooks/dispatcher.go:114.2,116.1 1 1
github.com/JailtonJunior94/ai-spec-harness/internal/runtime/hooks/dispatcher.go:121.2,124.1 3 1
github.com/JailtonJunior94/ai-spec-harness/internal/runtime/hooks/dispatcher.go:130.2,132.1 6 1
github.com/JailtonJunior94/ai-spec-harness/internal/runtime/hooks/dispatcher.go:133.2,136.1 6 1
github.com/JailtonJunior94/ai-spec-harness/internal/runtime/hooks/dispatcher.go:137.2,137.27 6 1
github.com/JailtonJunior94/ai-spec-harness/internal/runtime/hooks/dispatcher.go:138.3,138.41 1 1
github.com/JailtonJunior94/ai-spec-harness/internal/runtime/hooks/dispatcher.go:139.4,140.1 1 1
github.com/JailtonJunior94/ai-spec-harness/internal/runtime/hooks/dispatcher.go:142.2,142.12 1 1
github.com/JailtonJunior94/ai-spec-harness/internal/runtime/hooks/governance.go:35.2,36.1 1 1
github.com/JailtonJunior94/ai-spec-harness/internal/runtime/hooks/governance.go:39.42,39.63 1 1
github.com/JailtonJunior94/ai-spec-harness/internal/runtime/hooks/governance.go:44.2,45.9 2 1
github.com/JailtonJunior94/ai-spec-harness/internal/runtime/hooks/governance.go:47.3,48.1 1 1
github.com/JailtonJunior94/ai-spec-harness/internal/runtime/hooks/governance.go:50.2,51.49 2 1
github.com/JailtonJunior94/ai-spec-harness/internal/runtime/hooks/governance.go:52.3,52.25 1 1
github.com/JailtonJunior94/ai-spec-harness/internal/runtime/hooks/governance.go:53.4,54.1 1 1
github.com/JailtonJunior94/ai-spec-harness/internal/runtime/hooks/governance.go:55.3,55.52 1 0
github.com/JailtonJunior94/ai-spec-harness/internal/runtime/hooks/governance.go:57.2,57.12 1 1
github.com/JailtonJunior94/ai-spec-harness/internal/runtime/hooks/memory_events.go:20.50,20.82 1 1
github.com/JailtonJunior94/ai-spec-harness/internal/runtime/hooks/memory_events.go:29.50,29.82 1 1
github.com/JailtonJunior94/ai-spec-harness/internal/runtime/hooks/memory_events.go:38.50,38.82 1 1
github.com/JailtonJunior94/ai-spec-harness/internal/runtime/hooks/memory_events.go:47.59,47.100 1 1
github.com/JailtonJunior94/ai-spec-harness/internal/runtime/hooks/memory_events.go:56.52,56.86 1 1
github.com/JailtonJunior94/ai-spec-harness/internal/runtime/hooks/memory_events.go:65.56,65.94 1 1
github.com/JailtonJunior94/ai-spec-harness/internal/runtime/hooks/memory_events.go:74.54,74.90 1 1
github.com/JailtonJunior94/ai-spec-harness/internal/runtime/hooks/memory_evidence.go:21.2,22.1 1 1
github.com/JailtonJunior94/ai-spec-harness/internal/runtime/hooks/memory_evidence.go:25.2,28.1 3 1
github.com/JailtonJunior94/ai-spec-harness/internal/runtime/hooks/memory_evidence.go:31.2,34.1 3 1
github.com/JailtonJunior94/ai-spec-harness/internal/runtime/hooks/memory_evidence.go:37.2,42.1 5 1
github.com/JailtonJunior94/ai-spec-harness/internal/runtime/hooks/memory_evidence.go:45.2,50.1 5 1
github.com/JailtonJunior94/ai-spec-harness/internal/runtime/hooks/memory_evidence.go:59.2,60.1 1 1
github.com/JailtonJunior94/ai-spec-harness/internal/runtime/hooks/memory_evidence.go:62.46,62.72 1 1
github.com/JailtonJunior94/ai-spec-harness/internal/runtime/hooks/memory_evidence.go:65.2,65.25 1 1
github.com/JailtonJunior94/ai-spec-harness/internal/runtime/hooks/memory_evidence.go:67.3,67.126 1 1
github.com/JailtonJunior94/ai-spec-harness/internal/runtime/hooks/memory_evidence.go:69.3,69.126 1 0
github.com/JailtonJunior94/ai-spec-harness/internal/runtime/hooks/memory_evidence.go:71.3,71.126 1 0
github.com/JailtonJunior94/ai-spec-harness/internal/runtime/hooks/memory_evidence.go:73.3,73.126 1 0
github.com/JailtonJunior94/ai-spec-harness/internal/runtime/hooks/memory_evidence.go:75.3,75.126 1 0
github.com/JailtonJunior94/ai-spec-harness/internal/runtime/hooks/memory_evidence.go:77.3,77.126 1 0
github.com/JailtonJunior94/ai-spec-harness/internal/runtime/hooks/memory_evidence.go:79.3,79.130 1 0
github.com/JailtonJunior94/ai-spec-harness/internal/runtime/hooks/memory_evidence.go:81.3,81.89 1 1
github.com/JailtonJunior94/ai-spec-harness/internal/runtime/hooks/memory_evidence.go:83.2,83.12 1 1
github.com/JailtonJunior94/ai-spec-harness/internal/runtime/hooks/memory_persist.go:42.2,43.1 1 1
github.com/JailtonJunior94/ai-spec-harness/internal/runtime/hooks/memory_persist.go:46.45,46.70 1 1
github.com/JailtonJunior94/ai-spec-harness/internal/runtime/hooks/memory_persist.go:52.2,53.9 2 1
github.com/JailtonJunior94/ai-spec-harness/internal/runtime/hooks/memory_persist.go:54.3,55.1 1 1
github.com/JailtonJunior94/ai-spec-harness/internal/runtime/hooks/memory_persist.go:57.2,58.9 2 1
github.com/JailtonJunior94/ai-spec-harness/internal/runtime/hooks/memory_persist.go:59.3,61.1 2 1
github.com/JailtonJunior94/ai-spec-harness/internal/runtime/hooks/memory_persist.go:63.2,64.1 2 1
github.com/JailtonJunior94/ai-spec-harness/internal/runtime/hooks/memory_persist.go:65.2,65.85 2 1
github.com/JailtonJunior94/ai-spec-harness/internal/runtime/hooks/memory_persist.go:66.3,67.1 1 0
github.com/JailtonJunior94/ai-spec-harness/internal/runtime/hooks/memory_persist.go:71.2,75.1 4 1
github.com/JailtonJunior94/ai-spec-harness/internal/runtime/hooks/memory_persist.go:76.2,76.12 4 1
github.com/JailtonJunior94/ai-spec-harness/internal/runtime/hooks/memory_persist.go:83.2,94.1 1 1
github.com/JailtonJunior94/ai-spec-harness/internal/runtime/hooks/spec_drift.go:41.2,42.1 1 1
github.com/JailtonJunior94/ai-spec-harness/internal/runtime/hooks/spec_drift.go:45.41,45.62 1 0
github.com/JailtonJunior94/ai-spec-harness/internal/runtime/hooks/spec_drift.go:56.2,57.9 2 1
github.com/JailtonJunior94/ai-spec-harness/internal/runtime/hooks/spec_drift.go:59.3,60.1 1 1
github.com/JailtonJunior94/ai-spec-harness/internal/runtime/hooks/spec_drift.go:63.2,63.28 1 1
github.com/JailtonJunior94/ai-spec-harness/internal/runtime/hooks/spec_drift.go:64.3,65.1 1 1
github.com/JailtonJunior94/ai-spec-harness/internal/runtime/hooks/spec_drift.go:68.2,68.22 1 1
github.com/JailtonJunior94/ai-spec-harness/internal/runtime/hooks/spec_drift.go:69.3,70.1 1 1
github.com/JailtonJunior94/ai-spec-harness/internal/runtime/hooks/spec_drift.go:72.2,73.16 2 1
github.com/JailtonJunior94/ai-spec-harness/internal/runtime/hooks/spec_drift.go:77.3,77.37 1 1
github.com/JailtonJunior94/ai-spec-harness/internal/runtime/hooks/spec_drift.go:78.4,79.1 1 1
github.com/JailtonJunior94/ai-spec-harness/internal/runtime/hooks/spec_drift.go:81.3,81.84 1 1
github.com/JailtonJunior94/ai-spec-harness/internal/runtime/hooks/spec_drift.go:85.2,85.34 1 1
github.com/JailtonJunior94/ai-spec-harness/internal/runtime/hooks/spec_drift.go:86.3,86.20 1 1
github.com/JailtonJunior94/ai-spec-harness/internal/runtime/hooks/spec_drift.go:87.4,88.1 1 1
github.com/JailtonJunior94/ai-spec-harness/internal/runtime/hooks/spec_drift.go:92.2,92.18 1 1
github.com/JailtonJunior94/ai-spec-harness/internal/runtime/hooks/spec_drift.go:93.3,94.1 1 1
github.com/JailtonJunior94/ai-spec-harness/internal/runtime/hooks/spec_drift.go:96.2,96.12 1 1
github.com/JailtonJunior94/ai-spec-harness/internal/runtime/hooks/token_budget.go:50.2,51.1 1 1
github.com/JailtonJunior94/ai-spec-harness/internal/runtime/hooks/token_budget.go:57.2,57.16 1 1
github.com/JailtonJunior94/ai-spec-harness/internal/runtime/hooks/token_budget.go:58.3,59.1 1 1
github.com/JailtonJunior94/ai-spec-harness/internal/runtime/hooks/token_budget.go:60.2,60.57 1 1
github.com/JailtonJunior94/ai-spec-harness/internal/runtime/hooks/token_budget.go:64.43,64.66 1 1
github.com/JailtonJunior94/ai-spec-harness/internal/runtime/hooks/token_budget.go:70.2,71.9 2 1
github.com/JailtonJunior94/ai-spec-harness/internal/runtime/hooks/token_budget.go:73.3,74.1 1 1
github.com/JailtonJunior94/ai-spec-harness/internal/runtime/hooks/token_budget.go:76.2,76.29 1 1
github.com/JailtonJunior94/ai-spec-harness/internal/runtime/hooks/token_budget.go:77.3,78.1 1 1
github.com/JailtonJunior94/ai-spec-harness/internal/runtime/hooks/token_budget.go:80.2,82.9 3 1
github.com/JailtonJunior94/ai-spec-harness/internal/runtime/hooks/token_budget.go:83.3,85.1 1 1
github.com/JailtonJunior94/ai-spec-harness/internal/runtime/hooks/token_budget.go:86.2,86.12 1 1
github.com/JailtonJunior94/ai-spec-harness/internal/runtime/events/cancel_reason.go:31.2,32.42 2 1
github.com/JailtonJunior94/ai-spec-harness/internal/runtime/events/cancel_reason.go:33.3,34.1 1 1
github.com/JailtonJunior94/ai-spec-harness/internal/runtime/events/cancel_reason.go:35.2,35.15 1 1
github.com/JailtonJunior94/ai-spec-harness/internal/runtime/events/convert.go:19.2,20.46 2 1
github.com/JailtonJunior94/ai-spec-harness/internal/runtime/events/convert.go:21.3,22.1 1 1
github.com/JailtonJunior94/ai-spec-harness/internal/runtime/events/convert.go:23.2,24.9 2 1
github.com/JailtonJunior94/ai-spec-harness/internal/runtime/events/convert.go:25.3,26.1 1 1
github.com/JailtonJunior94/ai-spec-harness/internal/runtime/events/convert.go:27.2,28.49 2 1
github.com/JailtonJunior94/ai-spec-harness/internal/runtime/events/convert.go:29.3,30.1 1 0
github.com/JailtonJunior94/ai-spec-harness/internal/runtime/events/convert.go:31.2,31.13 1 1
github.com/JailtonJunior94/ai-spec-harness/internal/runtime/events/convert.go:37.2,38.46 2 1
github.com/JailtonJunior94/ai-spec-harness/internal/runtime/events/convert.go:39.3,40.1 1 0
github.com/JailtonJunior94/ai-spec-harness/internal/runtime/events/convert.go:41.2,42.9 2 1
github.com/JailtonJunior94/ai-spec-harness/internal/runtime/events/convert.go:43.3,44.1 1 0
github.com/JailtonJunior94/ai-spec-harness/internal/runtime/events/convert.go:45.2,46.49 2 1
github.com/JailtonJunior94/ai-spec-harness/internal/runtime/events/convert.go:47.3,48.1 1 0
github.com/JailtonJunior94/ai-spec-harness/internal/runtime/events/convert.go:49.2,49.13 1 1
github.com/JailtonJunior94/ai-spec-harness/internal/runtime/events/convert.go:54.2,55.46 2 1
github.com/JailtonJunior94/ai-spec-harness/internal/runtime/events/convert.go:56.3,57.1 1 0
github.com/JailtonJunior94/ai-spec-harness/internal/runtime/events/convert.go:58.2,58.50 1 1
github.com/JailtonJunior94/ai-spec-harness/internal/runtime/events/convert.go:59.3,59.26 1 1
github.com/JailtonJunior94/ai-spec-harness/internal/runtime/events/convert.go:60.4,61.48 2 1
github.com/JailtonJunior94/ai-spec-harness/internal/runtime/events/convert.go:62.5,63.1 1 1
github.com/JailtonJunior94/ai-spec-harness/internal/runtime/events/convert.go:66.2,66.11 1 1
github.com/JailtonJunior94/ai-spec-harness/internal/runtime/events/convert.go:72.2,72.20 1 1
github.com/JailtonJunior94/ai-spec-harness/internal/runtime/events/convert.go:73.3,74.1 1 1
github.com/JailtonJunior94/ai-spec-harness/internal/runtime/events/convert.go:75.2,75.11 1 1
github.com/JailtonJunior94/ai-spec-harness/internal/runtime/events/convert.go:80.2,81.1 1 1
github.com/JailtonJunior94/ai-spec-harness/internal/runtime/events/convert.go:90.2,91.1 3 1
github.com/JailtonJunior94/ai-spec-harness/internal/runtime/events/convert.go:92.2,93.14 3 1
github.com/JailtonJunior94/ai-spec-harness/internal/runtime/events/convert.go:95.3,97.51 3 1
github.com/JailtonJunior94/ai-spec-harness/internal/runtime/events/convert.go:100.3,100.51 1 1
github.com/JailtonJunior94/ai-spec-harness/internal/runtime/events/convert.go:103.3,103.36 1 1
github.com/JailtonJunior94/ai-spec-harness/internal/runtime/events/convert.go:118.2,119.1 4 1
github.com/JailtonJunior94/ai-spec-harness/internal/runtime/events/convert.go:122.2,123.1 4 1
github.com/JailtonJunior94/ai-spec-harness/internal/runtime/events/convert.go:125.2,126.1 4 1
github.com/JailtonJunior94/ai-spec-harness/internal/runtime/events/convert.go:128.2,128.37 4 1
github.com/JailtonJunior94/ai-spec-harness/internal/runtime/events/convert.go:129.3,130.17 2 1
github.com/JailtonJunior94/ai-spec-harness/internal/runtime/events/convert.go:133.4,134.1 1 1
github.com/JailtonJunior94/ai-spec-harness/internal/runtime/events/convert.go:135.3,135.41 1 1
github.com/JailtonJunior94/ai-spec-harness/internal/runtime/events/convert.go:139.2,139.37 1 1
github.com/JailtonJunior94/ai-spec-harness/internal/runtime/events/convert.go:140.3,141.17 2 1
github.com/JailtonJunior94/ai-spec-harness/internal/runtime/events/convert.go:142.4,143.1 1 1
github.com/JailtonJunior94/ai-spec-harness/internal/runtime/events/convert.go:144.3,144.41 1 1
github.com/JailtonJunior94/ai-spec-harness/internal/runtime/events/convert.go:148.2,148.28 1 1
github.com/JailtonJunior94/ai-spec-harness/internal/runtime/events/convert.go:149.3,152.17 4 1
github.com/JailtonJunior94/ai-spec-harness/internal/runtime/events/convert.go:154.4,155.1 1 0
github.com/JailtonJunior94/ai-spec-harness/internal/runtime/events/convert.go:156.3,157.25 2 1
github.com/JailtonJunior94/ai-spec-harness/internal/runtime/events/convert.go:158.4,158.55 1 1
github.com/JailtonJunior94/ai-spec-harness/internal/runtime/events/convert.go:159.5,160.1 1 1
github.com/JailtonJunior94/ai-spec-harness/internal/runtime/events/convert.go:162.3,162.56 1 1
github.com/JailtonJunior94/ai-spec-harness/internal/runtime/events/convert.go:166.2,166.34 1 1
github.com/JailtonJunior94/ai-spec-harness/internal/runtime/events/convert.go:167.3,169.1 4 1
github.com/JailtonJunior94/ai-spec-harness/internal/runtime/events/convert.go:170.3,171.24 4 1
github.com/JailtonJunior94/ai-spec-harness/internal/runtime/events/convert.go:172.4,173.1 1 1
github.com/JailtonJunior94/ai-spec-harness/internal/runtime/events/convert.go:174.3,175.1 3 1
github.com/JailtonJunior94/ai-spec-harness/internal/runtime/events/convert.go:176.3,177.27 3 1
github.com/JailtonJunior94/ai-spec-harness/internal/runtime/events/convert.go:178.4,178.57 1 1
github.com/JailtonJunior94/ai-spec-harness/internal/runtime/events/convert.go:179.5,180.1 1 1
github.com/JailtonJunior94/ai-spec-harness/internal/runtime/events/convert.go:182.3,182.75 1 1
github.com/JailtonJunior94/ai-spec-harness/internal/runtime/events/convert.go:186.2,186.36 1 1
github.com/JailtonJunior94/ai-spec-harness/internal/runtime/events/convert.go:187.3,188.1 1 1
github.com/JailtonJunior94/ai-spec-harness/internal/runtime/events/convert.go:192.2,193.19 2 1
github.com/JailtonJunior94/ai-spec-harness/internal/runtime/events/convert.go:194.3,195.1 1 0
github.com/JailtonJunior94/ai-spec-harness/internal/runtime/events/convert.go:196.2,196.38 1 1
github.com/JailtonJunior94/ai-spec-harness/internal/runtime/events/convert.go:244.2,244.19 1 1
github.com/JailtonJunior94/ai-spec-harness/internal/runtime/events/convert.go:245.3,246.1 1 1
github.com/JailtonJunior94/ai-spec-harness/internal/runtime/events/convert.go:247.2,248.55 2 1
github.com/JailtonJunior94/ai-spec-harness/internal/runtime/events/convert.go:249.3,250.1 1 1
github.com/JailtonJunior94/ai-spec-harness/internal/runtime/events/convert.go:251.2,251.27 1 1
github.com/JailtonJunior94/ai-spec-harness/internal/runtime/events/convert.go:252.3,253.1 1 1
github.com/JailtonJunior94/ai-spec-harness/internal/runtime/events/convert.go:254.2,259.1 2 1
github.com/JailtonJunior94/ai-spec-harness/internal/runtime/events/counters.go:40.2,43.1 1 1
github.com/JailtonJunior94/ai-spec-harness/internal/runtime/events/counters.go:49.2,49.20 1 1
github.com/JailtonJunior94/ai-spec-harness/internal/runtime/events/counters.go:51.3,52.15 2 1
github.com/JailtonJunior94/ai-spec-harness/internal/runtime/events/counters.go:53.4,54.1 1 0
github.com/JailtonJunior94/ai-spec-harness/internal/runtime/events/counters.go:55.3,56.18 2 1
github.com/JailtonJunior94/ai-spec-harness/internal/runtime/events/counters.go:57.4,58.1 1 1
github.com/JailtonJunior94/ai-spec-harness/internal/runtime/events/counters.go:59.3,59.39 1 1
github.com/JailtonJunior94/ai-spec-harness/internal/runtime/events/counters.go:60.4,64.1 1 1
github.com/JailtonJunior94/ai-spec-harness/internal/runtime/events/counters.go:67.3,68.15 2 1
github.com/JailtonJunior94/ai-spec-harness/internal/runtime/events/counters.go:69.4,70.1 1 0
github.com/JailtonJunior94/ai-spec-harness/internal/runtime/events/counters.go:71.3,72.18 2 1
github.com/JailtonJunior94/ai-spec-harness/internal/runtime/events/counters.go:73.4,74.1 1 0
github.com/JailtonJunior94/ai-spec-harness/internal/runtime/events/counters.go:75.3,76.14 2 1
github.com/JailtonJunior94/ai-spec-harness/internal/runtime/events/counters.go:77.4,80.1 1 1
github.com/JailtonJunior94/ai-spec-harness/internal/runtime/events/counters.go:82.3,83.16 2 1
github.com/JailtonJunior94/ai-spec-harness/internal/runtime/events/counters.go:84.4,85.1 1 1
github.com/JailtonJunior94/ai-spec-harness/internal/runtime/events/counters.go:86.3,86.19 1 1
github.com/JailtonJunior94/ai-spec-harness/internal/runtime/events/counters.go:88.3,89.36 2 1
github.com/JailtonJunior94/ai-spec-harness/internal/runtime/events/counters.go:90.4,91.1 1 1
github.com/JailtonJunior94/ai-spec-harness/internal/runtime/events/counters.go:97.2,98.29 2 1
github.com/JailtonJunior94/ai-spec-harness/internal/runtime/events/counters.go:99.3,106.1 1 1
github.com/JailtonJunior94/ai-spec-harness/internal/runtime/events/counters.go:107.2,107.41 1 1
github.com/JailtonJunior94/ai-spec-harness/internal/runtime/events/counters.go:108.3,109.1 1 1
github.com/JailtonJunior94/ai-spec-harness/internal/runtime/events/counters.go:110.2,110.15 1 1
github.com/JailtonJunior94/ai-spec-harness/internal/runtime/events/counters.go:115.2,116.1 1 1
github.com/JailtonJunior94/ai-spec-harness/internal/runtime/events/counters.go:120.2,121.32 2 1
github.com/JailtonJunior94/ai-spec-harness/internal/runtime/events/counters.go:122.3,123.1 1 1
github.com/JailtonJunior94/ai-spec-harness/internal/runtime/events/counters.go:124.2,125.15 2 1
github.com/JailtonJunior94/ai-spec-harness/internal/runtime/events/event.go:50.2,53.1 2 0
github.com/JailtonJunior94/ai-spec-harness/internal/runtime/events/event.go:54.2,55.1 2 0
github.com/JailtonJunior94/ai-spec-harness/internal/runtime/events/event.go:59.2,59.32 1 0
github.com/JailtonJunior94/ai-spec-harness/internal/runtime/events/event.go:60.3,61.1 1 0
github.com/JailtonJunior94/ai-spec-harness/internal/runtime/events/event.go:62.2,62.43 1 0
github.com/JailtonJunior94/ai-spec-harness/internal/runtime/events/event.go:67.2,67.32 1 0
github.com/JailtonJunior94/ai-spec-harness/internal/runtime/events/event.go:68.3,69.1 1 0
github.com/JailtonJunior94/ai-spec-harness/internal/runtime/events/event.go:70.2,70.36 1 0
github.com/JailtonJunior94/ai-spec-harness/internal/runtime/events/event.go:75.2,75.16 1 1
github.com/JailtonJunior94/ai-spec-harness/internal/runtime/events/event.go:76.3,77.1 1 1
github.com/JailtonJunior94/ai-spec-harness/internal/runtime/events/event.go:78.2,83.8 1 1
github.com/JailtonJunior94/ai-spec-harness/internal/runtime/events/event.go:88.2,88.16 1 1
github.com/JailtonJunior94/ai-spec-harness/internal/runtime/events/event.go:89.3,90.1 1 1
github.com/JailtonJunior94/ai-spec-harness/internal/runtime/events/event.go:91.2,96.8 1 1
github.com/JailtonJunior94/ai-spec-harness/internal/runtime/events/event.go:101.2,101.16 1 1
github.com/JailtonJunior94/ai-spec-harness/internal/runtime/events/event.go:102.3,103.1 1 1
github.com/JailtonJunior94/ai-spec-harness/internal/runtime/events/event.go:104.2,110.8 1 1
github.com/JailtonJunior94/ai-spec-harness/internal/runtime/events/event.go:115.2,122.1 1 1
github.com/JailtonJunior94/ai-spec-harness/internal/runtime/events/event.go:126.2,132.1 1 1
github.com/JailtonJunior94/ai-spec-harness/internal/runtime/events/event.go:137.2,137.47 1 1
github.com/JailtonJunior94/ai-spec-harness/internal/runtime/events/event.go:138.3,139.1 1 1
github.com/JailtonJunior94/ai-spec-harness/internal/runtime/events/event.go:140.2,154.8 3 1
github.com/JailtonJunior94/ai-spec-harness/internal/runtime/events/event.go:159.2,165.1 1 1
github.com/JailtonJunior94/ai-spec-harness/internal/runtime/events/event.go:168.35,168.50 1 1
github.com/JailtonJunior94/ai-spec-harness/internal/runtime/events/event.go:171.40,171.53 1 1
github.com/JailtonJunior94/ai-spec-harness/internal/runtime/events/event.go:174.42,174.63 1 1
github.com/JailtonJunior94/ai-spec-harness/internal/runtime/events/event.go:177.36,177.55 1 1
github.com/JailtonJunior94/ai-spec-harness/internal/runtime/events/event.go:180.36,180.69 1 1
github.com/JailtonJunior94/ai-spec-harness/internal/runtime/events/event.go:183.54,183.77 1 1
github.com/JailtonJunior94/ai-spec-harness/internal/runtime/events/event.go:186.54,186.77 1 1
github.com/JailtonJunior94/ai-spec-harness/internal/runtime/events/event.go:189.56,189.80 1 1
github.com/JailtonJunior94/ai-spec-harness/internal/runtime/events/event.go:192.58,192.83 1 1
github.com/JailtonJunior94/ai-spec-harness/internal/runtime/events/event.go:195.50,195.71 1 1
github.com/JailtonJunior94/ai-spec-harness/internal/runtime/events/event.go:198.52,198.74 1 1
github.com/JailtonJunior94/ai-spec-harness/internal/runtime/events/event.go:201.44,201.62 1 1
github.com/JailtonJunior94/ai-spec-harness/internal/runtime/events/event.go:205.40,205.54 1 0
github.com/JailtonJunior94/ai-spec-harness/internal/runtime/events/event.go:221.2,227.1 2 1
github.com/JailtonJunior94/ai-spec-harness/internal/runtime/events/event.go:228.2,228.32 2 1
github.com/JailtonJunior94/ai-spec-harness/internal/runtime/events/event.go:229.3,231.1 2 0
github.com/JailtonJunior94/ai-spec-harness/internal/runtime/events/event.go:232.2,232.26 1 1
github.com/JailtonJunior94/ai-spec-harness/internal/runtime/events/extractor.go:24.2,24.20 1 1
github.com/JailtonJunior94/ai-spec-harness/internal/runtime/events/extractor.go:26.3,26.27 1 1
github.com/JailtonJunior94/ai-spec-harness/internal/runtime/events/extractor.go:29.3,29.25 1 1
github.com/JailtonJunior94/ai-spec-harness/internal/runtime/events/extractor.go:42.2,43.83 2 1
github.com/JailtonJunior94/ai-spec-harness/internal/runtime/events/extractor.go:44.3,45.1 1 1
github.com/JailtonJunior94/ai-spec-harness/internal/runtime/events/extractor.go:46.2,48.1 2 1
github.com/JailtonJunior94/ai-spec-harness/internal/runtime/events/extractor.go:49.2,49.68 2 1
github.com/JailtonJunior94/ai-spec-harness/internal/runtime/events/extractor.go:61.2,62.1 1 1
github.com/JailtonJunior94/ai-spec-harness/internal/runtime/events/kinds.go:38.2,39.34 2 1
github.com/JailtonJunior94/ai-spec-harness/internal/runtime/events/kinds.go:40.3,41.1 1 1
github.com/JailtonJunior94/ai-spec-harness/internal/runtime/events/kinds.go:42.2,42.15 1 1
github.com/JailtonJunior94/ai-spec-harness/internal/runtime/events/metricset.go:32.2,36.1 2 1
github.com/JailtonJunior94/ai-spec-harness/internal/runtime/events/metricset.go:37.2,37.20 2 1
github.com/JailtonJunior94/ai-spec-harness/internal/runtime/events/metricset.go:38.3,39.27 2 1
github.com/JailtonJunior94/ai-spec-harness/internal/runtime/events/metricset.go:40.4,41.1 1 1
github.com/JailtonJunior94/ai-spec-harness/internal/runtime/events/metricset.go:43.2,43.10 1 1
github.com/JailtonJunior94/ai-spec-harness/internal/runtime/events/metricset.go:48.2,48.11 1 1
github.com/JailtonJunior94/ai-spec-harness/internal/runtime/events/metricset.go:49.3,50.1 1 1
github.com/JailtonJunior94/ai-spec-harness/internal/runtime/events/metricset.go:51.2,51.10 1 1
github.com/JailtonJunior94/ai-spec-harness/internal/runtime/events/metricset.go:55.40,55.62 1 1
github.com/JailtonJunior94/ai-spec-harness/internal/runtime/events/metricset.go:58.44,58.70 1 1
github.com/JailtonJunior94/ai-spec-harness/internal/runtime/events/metricset.go:61.43,61.68 1 1
github.com/JailtonJunior94/ai-spec-harness/internal/runtime/events/metricset.go:66.2,69.1 3 1
github.com/JailtonJunior94/ai-spec-harness/internal/runtime/events/metricset.go:75.2,79.1 3 1
github.com/JailtonJunior94/ai-spec-harness/internal/runtime/events/metricset.go:81.2,82.20 3 1
github.com/JailtonJunior94/ai-spec-harness/internal/runtime/events/metricset.go:83.3,84.29 2 1
github.com/JailtonJunior94/ai-spec-harness/internal/runtime/events/metricset.go:85.4,86.1 1 1
github.com/JailtonJunior94/ai-spec-harness/internal/runtime/events/metricset.go:87.3,87.29 1 1
github.com/JailtonJunior94/ai-spec-harness/internal/runtime/events/metricset.go:88.4,89.1 1 1
github.com/JailtonJunior94/ai-spec-harness/internal/runtime/events/metricset.go:91.2,91.15 1 1
github.com/JailtonJunior94/ai-spec-harness/internal/runtime/events/metricset.go:97.2,97.75 1 1
github.com/JailtonJunior94/ai-spec-harness/internal/runtime/events/metricset.go:98.3,99.1 1 1
github.com/JailtonJunior94/ai-spec-harness/internal/runtime/events/metricset.go:100.2,100.28 1 1
github.com/JailtonJunior94/ai-spec-harness/internal/runtime/events/metricset.go:101.3,101.13 1 1
github.com/JailtonJunior94/ai-spec-harness/internal/runtime/events/metricset.go:102.4,103.1 1 1
github.com/JailtonJunior94/ai-spec-harness/internal/runtime/events/metricset.go:105.2,105.13 1 1
github.com/JailtonJunior94/ai-spec-harness/internal/runtime/events/metricset.go:113.2,113.16 1 1
github.com/JailtonJunior94/ai-spec-harness/internal/runtime/events/metricset.go:114.3,115.1 1 1
github.com/JailtonJunior94/ai-spec-harness/internal/runtime/events/metricset.go:118.2,125.1 3 1
github.com/JailtonJunior94/ai-spec-harness/internal/runtime/events/metricset.go:127.2,128.30 3 1
github.com/JailtonJunior94/ai-spec-harness/internal/runtime/events/metricset.go:129.3,129.19 1 1
github.com/JailtonJunior94/ai-spec-harness/internal/runtime/events/metricset.go:130.4,131.1 1 1
github.com/JailtonJunior94/ai-spec-harness/internal/runtime/events/metricset.go:135.2,136.25 2 1
github.com/JailtonJunior94/ai-spec-harness/internal/runtime/events/metricset.go:137.3,138.1 1 1
github.com/JailtonJunior94/ai-spec-harness/internal/runtime/events/metricset.go:139.2,140.30 2 1
github.com/JailtonJunior94/ai-spec-harness/internal/runtime/events/metricset.go:141.3,141.30 1 1
github.com/JailtonJunior94/ai-spec-harness/internal/runtime/events/metricset.go:142.4,143.1 1 1
github.com/JailtonJunior94/ai-spec-harness/internal/runtime/events/metricset.go:146.2,146.12 1 1
github.com/JailtonJunior94/ai-spec-harness/internal/runtime/events/normalize.go:62.2,63.1 3 1
github.com/JailtonJunior94/ai-spec-harness/internal/runtime/events/normalize.go:65.2,66.36 3 1
github.com/JailtonJunior94/ai-spec-harness/internal/runtime/events/normalize.go:67.3,67.16 1 1
github.com/JailtonJunior94/ai-spec-harness/internal/runtime/events/normalize.go:68.4,68.12 1 1
github.com/JailtonJunior94/ai-spec-harness/internal/runtime/events/normalize.go:70.3,72.17 3 1
github.com/JailtonJunior94/ai-spec-harness/internal/runtime/events/normalize.go:73.4,74.9 2 1
github.com/JailtonJunior94/ai-spec-harness/internal/runtime/events/normalize.go:78.2,81.43 4 1
github.com/JailtonJunior94/ai-spec-harness/internal/runtime/events/normalize.go:82.3,83.1 1 0
github.com/JailtonJunior94/ai-spec-harness/internal/runtime/events/normalize.go:85.2,85.24 1 1
github.com/JailtonJunior94/ai-spec-harness/internal/runtime/events/normalize.go:86.3,87.1 1 1
github.com/JailtonJunior94/ai-spec-harness/internal/runtime/events/normalize.go:88.2,89.1 2 1
github.com/JailtonJunior94/ai-spec-harness/internal/runtime/events/normalize.go:90.2,90.20 2 1
github.com/JailtonJunior94/ai-spec-harness/internal/runtime/events/normalize.go:97.2,97.68 1 1
github.com/JailtonJunior94/ai-spec-harness/internal/runtime/events/normalize.go:98.3,99.1 1 1
github.com/JailtonJunior94/ai-spec-harness/internal/runtime/events/normalize.go:100.2,100.26 1 1
github.com/JailtonJunior94/ai-spec-harness/internal/runtime/events/normalize.go:101.3,102.1 1 0
github.com/JailtonJunior94/ai-spec-harness/internal/runtime/events/normalize.go:103.2,103.47 1 1
github.com/JailtonJunior94/ai-spec-harness/internal/runtime/events/normalize.go:104.3,104.51 1 1
github.com/JailtonJunior94/ai-spec-harness/internal/runtime/events/normalize.go:106.4,106.12 1 1
github.com/JailtonJunior94/ai-spec-harness/internal/runtime/events/normalize.go:109.3,111.38 3 1
github.com/JailtonJunior94/ai-spec-harness/internal/runtime/events/normalize.go:125.2,126.16 2 1
github.com/JailtonJunior94/ai-spec-harness/internal/runtime/events/normalize.go:127.3,128.1 1 1
github.com/JailtonJunior94/ai-spec-harness/internal/runtime/events/normalize.go:130.2,130.73 1 1
github.com/JailtonJunior94/ai-spec-harness/internal/runtime/events/normalize.go:144.2,144.27 1 1
github.com/JailtonJunior94/ai-spec-harness/internal/runtime/events/normalize.go:145.3,146.1 1 1
github.com/JailtonJunior94/ai-spec-harness/internal/runtime/events/normalize.go:147.2,148.16 2 1
github.com/JailtonJunior94/ai-spec-harness/internal/runtime/events/normalize.go:149.3,150.1 1 0
github.com/JailtonJunior94/ai-spec-harness/internal/runtime/events/normalize.go:151.2,151.80 1 1
github.com/JailtonJunior94/ai-spec-harness/internal/runtime/events/normalize.go:158.2,159.48 2 1
github.com/JailtonJunior94/ai-spec-harness/internal/runtime/events/normalize.go:160.3,160.57 1 1
github.com/JailtonJunior94/ai-spec-harness/internal/runtime/events/normalize.go:161.4,162.1 1 1
github.com/JailtonJunior94/ai-spec-harness/internal/runtime/events/normalize.go:167.2,168.16 2 1
github.com/JailtonJunior94/ai-spec-harness/internal/runtime/events/normalize.go:169.3,170.1 1 0
github.com/JailtonJunior94/ai-spec-harness/internal/runtime/events/normalize.go:172.2,177.8 1 1
github.com/JailtonJunior94/ai-spec-harness/internal/runtime/events/normalize.go:184.2,184.24 1 1
github.com/JailtonJunior94/ai-spec-harness/internal/runtime/events/normalize.go:185.3,186.1 1 1
github.com/JailtonJunior94/ai-spec-harness/internal/runtime/events/normalize.go:189.2,190.61 2 1
github.com/JailtonJunior94/ai-spec-harness/internal/runtime/events/normalize.go:191.3,191.44 1 1
github.com/JailtonJunior94/ai-spec-harness/internal/runtime/events/normalize.go:192.4,193.1 1 1
github.com/JailtonJunior94/ai-spec-harness/internal/runtime/events/normalize.go:197.2,197.28 1 1
github.com/JailtonJunior94/ai-spec-harness/internal/runtime/events/normalize.go:198.3,201.1 3 1
github.com/JailtonJunior94/ai-spec-harness/internal/runtime/events/normalize.go:204.2,205.60 2 1
github.com/JailtonJunior94/ai-spec-harness/internal/runtime/events/normalize.go:207.3,210.1 3 1
github.com/JailtonJunior94/ai-spec-harness/internal/runtime/events/normalize.go:212.2,213.29 2 1
github.com/JailtonJunior94/ai-spec-harness/internal/runtime/events/normalize.go:214.3,214.56 1 1
github.com/JailtonJunior94/ai-spec-harness/internal/runtime/events/normalize.go:215.4,216.1 1 1
github.com/JailtonJunior94/ai-spec-harness/internal/runtime/events/normalize.go:217.4,218.1 1 1
github.com/JailtonJunior94/ai-spec-harness/internal/runtime/events/normalize.go:221.2,222.16 2 1
github.com/JailtonJunior94/ai-spec-harness/internal/runtime/events/normalize.go:223.3,224.1 1 0
github.com/JailtonJunior94/ai-spec-harness/internal/runtime/events/normalize.go:226.2,226.21 1 1
github.com/JailtonJunior94/ai-spec-harness/internal/runtime/events/payloads.go:10.2,11.1 1 1
github.com/JailtonJunior94/ai-spec-harness/internal/runtime/events/payloads.go:20.2,21.1 1 1
github.com/JailtonJunior94/ai-spec-harness/internal/runtime/events/payloads.go:31.2,32.1 1 1
github.com/JailtonJunior94/ai-spec-harness/internal/runtime/events/payloads.go:36.2,37.1 1 1
github.com/JailtonJunior94/ai-spec-harness/internal/runtime/events/payloads.go:48.2,49.1 1 1
github.com/JailtonJunior94/ai-spec-harness/internal/runtime/events/payloads.go:53.2,54.1 1 1
github.com/JailtonJunior94/ai-spec-harness/internal/runtime/events/payloads.go:58.2,59.1 1 1
github.com/JailtonJunior94/ai-spec-harness/internal/runtime/events/payloads.go:69.2,70.1 1 1
github.com/JailtonJunior94/ai-spec-harness/internal/runtime/events/payloads.go:74.2,75.1 1 1
github.com/JailtonJunior94/ai-spec-harness/internal/runtime/events/payloads.go:88.2,89.1 1 1
github.com/JailtonJunior94/ai-spec-harness/internal/runtime/events/payloads.go:93.2,94.1 1 1
github.com/JailtonJunior94/ai-spec-harness/internal/runtime/events/payloads.go:98.2,101.1 3 1
github.com/JailtonJunior94/ai-spec-harness/internal/runtime/events/payloads.go:105.2,106.1 1 1
github.com/JailtonJunior94/ai-spec-harness/internal/runtime/events/payloads.go:110.2,111.1 1 1
github.com/JailtonJunior94/ai-spec-harness/internal/runtime/events/payloads.go:120.2,121.1 1 1
github.com/JailtonJunior94/ai-spec-harness/internal/runtime/events/r1_catalog.go:7.2,8.1 1 1
github.com/JailtonJunior94/ai-spec-harness/internal/runtime/events/state.go:34.2,35.12 2 1
github.com/JailtonJunior94/ai-spec-harness/internal/runtime/events/state.go:36.3,37.1 1 1
github.com/JailtonJunior94/ai-spec-harness/internal/runtime/events/state.go:38.2,38.28 1 1
github.com/JailtonJunior94/ai-spec-harness/internal/runtime/events/state.go:39.3,39.16 1 1
github.com/JailtonJunior94/ai-spec-harness/internal/runtime/events/state.go:40.4,41.1 1 1
github.com/JailtonJunior94/ai-spec-harness/internal/runtime/events/state.go:43.2,43.85 1 1
github.com/JailtonJunior94/ai-spec-harness/internal/runtime/events/timeout.go:15.2,15.11 1 1
github.com/JailtonJunior94/ai-spec-harness/internal/runtime/events/timeout.go:16.3,17.1 1 1
github.com/JailtonJunior94/ai-spec-harness/internal/runtime/events/timeout.go:18.2,18.32 1 1
github.com/JailtonJunior94/ai-spec-harness/internal/runtime/events/timeout.go:23.2,24.1 1 1
github.com/JailtonJunior94/ai-spec-harness/internal/runtime/events/timeout.go:28.2,29.1 1 1
github.com/JailtonJunior94/ai-spec-harness/internal/runtime/events/toolcallid.go:14.2,15.1 1 1
github.com/JailtonJunior94/ai-spec-harness/internal/runtime/events/toolcallid.go:19.2,20.1 1 1
github.com/JailtonJunior94/ai-spec-harness/internal/runtime/events/toolcallid.go:24.2,25.1 1 1
github.com/JailtonJunior94/ai-spec-harness/internal/runtime/events/toolcallid.go:29.2,29.16 1 1
github.com/JailtonJunior94/ai-spec-harness/internal/runtime/events/toolcallid.go:30.3,31.1 1 1
github.com/JailtonJunior94/ai-spec-harness/internal/runtime/events/toolcallid.go:32.2,32.30 1 1
github.com/JailtonJunior94/ai-spec-harness/internal/runtime/mcpserver/engine.go:36.2,37.1 5 1
github.com/JailtonJunior94/ai-spec-harness/internal/runtime/mcpserver/engine.go:39.2,42.1 5 1
github.com/JailtonJunior94/ai-spec-harness/internal/runtime/mcpserver/engine.go:43.2,43.61 5 1
github.com/JailtonJunior94/ai-spec-harness/internal/runtime/mcpserver/engine.go:44.3,45.1 1 0
github.com/JailtonJunior94/ai-spec-harness/internal/runtime/mcpserver/engine.go:48.2,49.16 2 1
github.com/JailtonJunior94/ai-spec-harness/internal/runtime/mcpserver/engine.go:50.3,51.1 1 0
github.com/JailtonJunior94/ai-spec-harness/internal/runtime/mcpserver/engine.go:56.2,58.15 3 1
github.com/JailtonJunior94/ai-spec-harness/internal/runtime/mcpserver/engine.go:59.3,59.20 1 1
github.com/JailtonJunior94/ai-spec-harness/internal/runtime/mcpserver/engine.go:60.4,61.1 1 1
github.com/JailtonJunior94/ai-spec-harness/internal/runtime/mcpserver/engine.go:62.4,63.1 1 0
github.com/JailtonJunior94/ai-spec-harness/internal/runtime/mcpserver/engine.go:67.2,68.1 3 1
github.com/JailtonJunior94/ai-spec-harness/internal/runtime/mcpserver/engine.go:70.2,71.17 3 1
github.com/JailtonJunior94/ai-spec-harness/internal/runtime/mcpserver/engine.go:72.3,73.1 1 1
github.com/JailtonJunior94/ai-spec-harness/internal/runtime/mcpserver/engine.go:75.2,76.21 2 1
github.com/JailtonJunior94/ai-spec-harness/internal/runtime/mcpserver/engine.go:77.3,78.1 1 0
github.com/JailtonJunior94/ai-spec-harness/internal/runtime/mcpserver/engine.go:80.2,90.1 3 1
github.com/JailtonJunior94/ai-spec-harness/internal/runtime/mcpserver/engine.go:93.2,94.29 3 1
github.com/JailtonJunior94/ai-spec-harness/internal/runtime/mcpserver/engine.go:95.3,96.1 1 0
github.com/JailtonJunior94/ai-spec-harness/internal/runtime/mcpserver/engine.go:98.2,100.16 3 1
github.com/JailtonJunior94/ai-spec-harness/internal/runtime/mcpserver/engine.go:101.3,102.1 1 1
github.com/JailtonJunior94/ai-spec-harness/internal/runtime/mcpserver/engine.go:104.2,107.8 1 0
github.com/JailtonJunior94/ai-spec-harness/internal/runtime/mcpserver/engine.go:113.2,114.16 2 1
github.com/JailtonJunior94/ai-spec-harness/internal/runtime/mcpserver/engine.go:115.3,116.1 1 1
github.com/JailtonJunior94/ai-spec-harness/internal/runtime/mcpserver/engine.go:117.2,117.13 1 1
github.com/JailtonJunior94/ai-spec-harness/internal/runtime/mcpserver/engine.go:123.2,125.1 2 1
github.com/JailtonJunior94/ai-spec-harness/internal/runtime/mcpserver/engine.go:130.2,130.35 1 1
github.com/JailtonJunior94/ai-spec-harness/internal/runtime/mcpserver/engine.go:131.3,132.1 1 1
github.com/JailtonJunior94/ai-spec-harness/internal/runtime/mcpserver/engine.go:133.2,133.77 1 1
github.com/JailtonJunior94/ai-spec-harness/internal/runtime/mcpserver/engine.go:139.2,139.24 1 1
github.com/JailtonJunior94/ai-spec-harness/internal/runtime/mcpserver/engine.go:140.3,141.1 1 1
github.com/JailtonJunior94/ai-spec-harness/internal/runtime/mcpserver/engine.go:142.2,142.73 1 1
github.com/JailtonJunior94/ai-spec-harness/internal/runtime/mcpserver/engine.go:147.2,154.1 1 0
github.com/JailtonJunior94/ai-spec-harness/internal/runtime/mcpserver/r1_catalog.go:7.2,8.1 1 1
github.com/JailtonJunior94/ai-spec-harness/internal/runtime/mcpserver/server.go:81.2,81.19 1 1
github.com/JailtonJunior94/ai-spec-harness/internal/runtime/mcpserver/server.go:82.3,83.1 1 1
github.com/JailtonJunior94/ai-spec-harness/internal/runtime/mcpserver/server.go:84.2,88.1 1 1
github.com/JailtonJunior94/ai-spec-harness/internal/runtime/mcpserver/server.go:93.2,93.42 1 1
github.com/JailtonJunior94/ai-spec-harness/internal/runtime/mcpserver/server.go:94.3,94.53 1 0
github.com/JailtonJunior94/ai-spec-harness/internal/runtime/mcpserver/server.go:95.4,96.1 1 0
github.com/JailtonJunior94/ai-spec-harness/internal/runtime/mcpserver/server.go:98.2,98.24 1 1
github.com/JailtonJunior94/ai-spec-harness/internal/runtime/mcpserver/server.go:103.2,104.1 3 1
github.com/JailtonJunior94/ai-spec-harness/internal/runtime/mcpserver/server.go:106.2,107.1 3 1
github.com/JailtonJunior94/ai-spec-harness/internal/runtime/mcpserver/server.go:108.2,108.6 3 1
github.com/JailtonJunior94/ai-spec-harness/internal/runtime/mcpserver/server.go:109.3,109.10 1 1
github.com/JailtonJunior94/ai-spec-harness/internal/runtime/mcpserver/server.go:111.4,111.20 1 1
github.com/JailtonJunior94/ai-spec-harness/internal/runtime/mcpserver/server.go:112.11,112.11 0 1
github.com/JailtonJunior94/ai-spec-harness/internal/runtime/mcpserver/server.go:115.3,116.20 2 1
github.com/JailtonJunior94/ai-spec-harness/internal/runtime/mcpserver/server.go:117.4,118.1 1 1
github.com/JailtonJunior94/ai-spec-harness/internal/runtime/mcpserver/server.go:119.3,119.17 1 1
github.com/JailtonJunior94/ai-spec-harness/internal/runtime/mcpserver/server.go:121.4,122.12 2 0
github.com/JailtonJunior94/ai-spec-harness/internal/runtime/mcpserver/server.go:125.3,125.81 1 1
github.com/JailtonJunior94/ai-spec-harness/internal/runtime/mcpserver/server.go:127.4,128.1 1 0
github.com/JailtonJunior94/ai-spec-harness/internal/runtime/mcpserver/server.go:139.2,139.20 1 1
github.com/JailtonJunior94/ai-spec-harness/internal/runtime/mcpserver/server.go:141.3,141.40 1 1
github.com/JailtonJunior94/ai-spec-harness/internal/runtime/mcpserver/server.go:144.3,144.13 1 0
github.com/JailtonJunior94/ai-spec-harness/internal/runtime/mcpserver/server.go:146.3,146.39 1 1
github.com/JailtonJunior94/ai-spec-harness/internal/runtime/mcpserver/server.go:148.3,148.55 1 1
github.com/JailtonJunior94/ai-spec-harness/internal/runtime/mcpserver/server.go:150.3,151.58 1 1
github.com/JailtonJunior94/ai-spec-harness/internal/runtime/mcpserver/server.go:157.2,166.1 2 1
github.com/JailtonJunior94/ai-spec-harness/internal/runtime/mcpserver/server.go:167.2,168.1 2 1
github.com/JailtonJunior94/ai-spec-harness/internal/runtime/mcpserver/server.go:172.2,180.1 2 1
github.com/JailtonJunior94/ai-spec-harness/internal/runtime/mcpserver/server.go:181.2,182.1 2 1
github.com/JailtonJunior94/ai-spec-harness/internal/runtime/mcpserver/server.go:191.2,192.60 2 1
github.com/JailtonJunior94/ai-spec-harness/internal/runtime/mcpserver/server.go:193.3,195.1 1 0
github.com/JailtonJunior94/ai-spec-harness/internal/runtime/mcpserver/server.go:197.2,197.37 1 1
github.com/JailtonJunior94/ai-spec-harness/internal/runtime/mcpserver/server.go:198.3,200.1 1 0
github.com/JailtonJunior94/ai-spec-harness/internal/runtime/mcpserver/server.go:202.2,203.31 2 1
github.com/JailtonJunior94/ai-spec-harness/internal/runtime/mcpserver/server.go:204.3,204.66 1 1
github.com/JailtonJunior94/ai-spec-harness/internal/runtime/mcpserver/server.go:205.4,207.1 1 0
github.com/JailtonJunior94/ai-spec-harness/internal/runtime/mcpserver/server.go:211.2,211.27 1 1
github.com/JailtonJunior94/ai-spec-harness/internal/runtime/mcpserver/server.go:212.3,213.1 1 1
github.com/JailtonJunior94/ai-spec-harness/internal/runtime/mcpserver/server.go:216.2,217.31 2 1
github.com/JailtonJunior94/ai-spec-harness/internal/runtime/mcpserver/server.go:218.3,220.1 1 1
github.com/JailtonJunior94/ai-spec-harness/internal/runtime/mcpserver/server.go:223.2,224.16 2 1
github.com/JailtonJunior94/ai-spec-harness/internal/runtime/mcpserver/server.go:225.3,227.1 1 1
github.com/JailtonJunior94/ai-spec-harness/internal/runtime/mcpserver/server.go:230.2,231.21 2 1
github.com/JailtonJunior94/ai-spec-harness/internal/runtime/mcpserver/server.go:232.3,233.1 1 0
github.com/JailtonJunior94/ai-spec-harness/internal/runtime/mcpserver/server.go:234.2,234.29 1 1
github.com/JailtonJunior94/ai-spec-harness/internal/runtime/mcpserver/server.go:235.3,236.1 1 0
github.com/JailtonJunior94/ai-spec-harness/internal/runtime/mcpserver/server.go:239.2,241.1 5 1
github.com/JailtonJunior94/ai-spec-harness/internal/runtime/mcpserver/server.go:243.2,247.1 5 1
github.com/JailtonJunior94/ai-spec-harness/internal/runtime/mcpserver/server.go:250.2,257.16 5 1
github.com/JailtonJunior94/ai-spec-harness/internal/runtime/mcpserver/server.go:258.3,259.49 2 1
github.com/JailtonJunior94/ai-spec-harness/internal/runtime/mcpserver/server.go:260.4,262.1 2 0
github.com/JailtonJunior94/ai-spec-harness/internal/runtime/mcpserver/server.go:263.3,263.56 1 1
github.com/JailtonJunior94/ai-spec-harness/internal/runtime/mcpserver/server.go:267.2,272.1 3 0
github.com/JailtonJunior94/ai-spec-harness/internal/runtime/mcpserver/server.go:273.2,273.42 3 0
github.com/JailtonJunior94/ai-spec-harness/internal/runtime/mcpserver/server.go:279.2,280.15 2 1
github.com/JailtonJunior94/ai-spec-harness/internal/runtime/mcpserver/server.go:281.3,282.1 1 1
github.com/JailtonJunior94/ai-spec-harness/internal/runtime/mcpserver/server.go:283.2,284.57 2 1
github.com/JailtonJunior94/ai-spec-harness/internal/runtime/mcpserver/server.go:285.3,286.1 1 1
github.com/JailtonJunior94/ai-spec-harness/internal/runtime/mcpserver/server.go:287.2,287.11 1 1
github.com/JailtonJunior94/ai-spec-harness/internal/runtime/mcpserver/server.go:292.2,315.1 1 1
github.com/JailtonJunior94/ai-spec-harness/internal/runtime/mcpserver/wire/wire.go:121.2,127.1 3 1
github.com/JailtonJunior94/ai-spec-harness/internal/runtime/mcpserver/wire/wire.go:133.2,133.23 1 1
github.com/JailtonJunior94/ai-spec-harness/internal/runtime/mcpserver/wire/wire.go:134.3,134.41 1 1
github.com/JailtonJunior94/ai-spec-harness/internal/runtime/mcpserver/wire/wire.go:135.4,136.1 1 0
github.com/JailtonJunior94/ai-spec-harness/internal/runtime/mcpserver/wire/wire.go:137.3,137.27 1 1
github.com/JailtonJunior94/ai-spec-harness/internal/runtime/mcpserver/wire/wire.go:139.2,140.64 2 1
github.com/JailtonJunior94/ai-spec-harness/internal/runtime/mcpserver/wire/wire.go:141.3,142.1 1 1
github.com/JailtonJunior94/ai-spec-harness/internal/runtime/mcpserver/wire/wire.go:143.2,143.17 1 1
github.com/JailtonJunior94/ai-spec-harness/internal/runtime/mcpserver/wire/wire.go:148.2,148.47 1 1
github.com/JailtonJunior94/ai-spec-harness/internal/runtime/mcpserver/wire/wire.go:149.3,150.1 1 0
github.com/JailtonJunior94/ai-spec-harness/internal/runtime/mcpserver/wire/wire.go:151.2,151.12 1 1
github.com/JailtonJunior94/ai-spec-harness/internal/runtime/mcpserver/wire/wire.go:156.2,161.1 1 1
github.com/JailtonJunior94/ai-spec-harness/internal/runtime/mcpserver/wire/wire.go:165.2,170.1 1 1
github.com/JailtonJunior94/ai-spec-harness/internal/runtime/memory/r1_catalog.go:7.2,8.1 1 1
github.com/JailtonJunior94/ai-spec-harness/internal/runtime/memory/store.go:30.2,35.1 1 1
github.com/JailtonJunior94/ai-spec-harness/internal/runtime/memory/store.go:80.2,83.1 1 1
github.com/JailtonJunior94/ai-spec-harness/internal/runtime/memory/store.go:88.2,89.1 1 1
github.com/JailtonJunior94/ai-spec-harness/internal/runtime/memory/store.go:93.2,94.1 1 1
github.com/JailtonJunior94/ai-spec-harness/internal/runtime/memory/store.go:99.2,100.1 1 1
github.com/JailtonJunior94/ai-spec-harness/internal/runtime/memory/store.go:104.2,105.1 1 1
github.com/JailtonJunior94/ai-spec-harness/internal/runtime/memory/store.go:110.2,111.36 2 1
github.com/JailtonJunior94/ai-spec-harness/internal/runtime/memory/store.go:112.3,112.25 1 1
github.com/JailtonJunior94/ai-spec-harness/internal/runtime/memory/store.go:113.4,114.1 1 1
github.com/JailtonJunior94/ai-spec-harness/internal/runtime/memory/store.go:116.2,116.14 1 1
github.com/JailtonJunior94/ai-spec-harness/internal/runtime/memory/store.go:121.2,122.16 2 1
github.com/JailtonJunior94/ai-spec-harness/internal/runtime/memory/store.go:123.3,123.25 1 1
github.com/JailtonJunior94/ai-spec-harness/internal/runtime/memory/store.go:124.4,128.1 1 1
github.com/JailtonJunior94/ai-spec-harness/internal/runtime/memory/store.go:129.3,129.66 1 0
github.com/JailtonJunior94/ai-spec-harness/internal/runtime/memory/store.go:132.2,136.1 5 1
github.com/JailtonJunior94/ai-spec-harness/internal/runtime/memory/store.go:137.2,146.8 5 1
github.com/JailtonJunior94/ai-spec-harness/internal/runtime/memory/store.go:151.2,151.14 1 1
github.com/JailtonJunior94/ai-spec-harness/internal/runtime/memory/store.go:153.3,153.52 1 1
github.com/JailtonJunior94/ai-spec-harness/internal/runtime/memory/store.go:155.3,156.17 2 1
github.com/JailtonJunior94/ai-spec-harness/internal/runtime/memory/store.go:157.4,158.1 1 0
github.com/JailtonJunior94/ai-spec-harness/internal/runtime/memory/store.go:159.3,160.51 2 1
github.com/JailtonJunior94/ai-spec-harness/internal/runtime/memory/store.go:161.4,162.1 1 0
github.com/JailtonJunior94/ai-spec-harness/internal/runtime/memory/store.go:163.3,163.13 1 1
github.com/JailtonJunior94/ai-spec-harness/internal/runtime/memory/store.go:165.3,165.67 1 1
github.com/JailtonJunior94/ai-spec-harness/internal/runtime/memory/store.go:171.2,172.1 1 1
github.com/JailtonJunior94/ai-spec-harness/internal/runtime/memory/store.go:176.2,177.1 1 1
github.com/JailtonJunior94/ai-spec-harness/internal/runtime/memory/store.go:181.2,181.38 1 1
github.com/JailtonJunior94/ai-spec-harness/internal/runtime/memory/store.go:182.3,183.1 1 0
github.com/JailtonJunior94/ai-spec-harness/internal/runtime/memory/store.go:184.2,184.64 1 1
github.com/JailtonJunior94/ai-spec-harness/internal/runtime/memory/store.go:189.2,189.38 1 1
github.com/JailtonJunior94/ai-spec-harness/internal/runtime/memory/store.go:190.3,191.1 1 0
github.com/JailtonJunior94/ai-spec-harness/internal/runtime/memory/store.go:192.2,192.72 1 1
github.com/JailtonJunior94/ai-spec-harness/internal/runtime/memory/window_policy.go:32.2,33.1 1 1
github.com/JailtonJunior94/ai-spec-harness/internal/runtime/memory/window_policy.go:39.2,40.1 2 1
github.com/JailtonJunior94/ai-spec-harness/internal/runtime/memory/window_policy.go:41.2,41.32 2 1
github.com/JailtonJunior94/ai-spec-harness/internal/runtime/memory/window_policy.go:43.3,44.1 1 1
github.com/JailtonJunior94/ai-spec-harness/internal/runtime/memory/window_policy.go:45.2,45.14 1 1
github.com/JailtonJunior94/ai-spec-harness/internal/runtime/memory/window_policy.go:46.3,47.1 1 1
github.com/JailtonJunior94/ai-spec-harness/internal/runtime/memory/window_policy.go:51.2,56.1 1 1
github.com/JailtonJunior94/ai-spec-harness/internal/runtime/memory/window_policy.go:62.2,62.26 1 1
github.com/JailtonJunior94/ai-spec-harness/internal/runtime/memory/window_policy.go:63.3,64.1 1 1
github.com/JailtonJunior94/ai-spec-harness/internal/runtime/memory/window_policy.go:65.2,65.26 1 1
github.com/JailtonJunior94/ai-spec-harness/internal/runtime/memory/window_policy.go:66.3,67.1 1 1
github.com/JailtonJunior94/ai-spec-harness/internal/runtime/memory/window_policy.go:68.2,68.22 1 1
github.com/JailtonJunior94/ai-spec-harness/internal/runtime/memory/window_policy.go:69.3,70.1 1 1
github.com/JailtonJunior94/ai-spec-harness/internal/runtime/memory/window_policy.go:71.2,71.22 1 1
github.com/JailtonJunior94/ai-spec-harness/internal/runtime/memory/window_policy.go:72.3,73.1 1 1
github.com/JailtonJunior94/ai-spec-harness/internal/runtime/memory/window_policy.go:74.2,74.10 1 1
github.com/JailtonJunior94/ai-spec-harness/internal/runtime/precondition/codex.go:35.2,35.18 1 0
github.com/JailtonJunior94/ai-spec-harness/internal/runtime/precondition/codex.go:36.3,37.1 1 0
github.com/JailtonJunior94/ai-spec-harness/internal/runtime/precondition/codex.go:38.2,38.45 1 0
github.com/JailtonJunior94/ai-spec-harness/internal/runtime/precondition/codex.go:47.2,48.1 3 0
github.com/JailtonJunior94/ai-spec-harness/internal/runtime/precondition/codex.go:49.2,50.16 3 0
github.com/JailtonJunior94/ai-spec-harness/internal/runtime/precondition/codex.go:51.3,52.1 1 0
github.com/JailtonJunior94/ai-spec-harness/internal/runtime/precondition/codex.go:53.2,54.16 2 0
github.com/JailtonJunior94/ai-spec-harness/internal/runtime/precondition/codex.go:55.3,56.1 1 0
github.com/JailtonJunior94/ai-spec-harness/internal/runtime/precondition/codex.go:58.2,58.36 1 0
github.com/JailtonJunior94/ai-spec-harness/internal/runtime/precondition/codex.go:59.3,60.1 1 0
github.com/JailtonJunior94/ai-spec-harness/internal/runtime/precondition/codex.go:61.2,61.15 1 0
github.com/JailtonJunior94/ai-spec-harness/internal/runtime/precondition/codex.go:62.3,64.1 2 0
github.com/JailtonJunior94/ai-spec-harness/internal/runtime/precondition/codex.go:66.2,67.1 2 0
github.com/JailtonJunior94/ai-spec-harness/internal/runtime/precondition/codex.go:68.2,70.17 2 0
github.com/JailtonJunior94/ai-spec-harness/internal/runtime/precondition/codex.go:71.3,72.1 1 0
github.com/JailtonJunior94/ai-spec-harness/internal/runtime/precondition/codex.go:73.2,73.59 1 0
github.com/JailtonJunior94/ai-spec-harness/internal/runtime/precondition/codex.go:74.3,75.1 1 0
github.com/JailtonJunior94/ai-spec-harness/internal/runtime/precondition/codex.go:77.2,77.86 1 0
github.com/JailtonJunior94/ai-spec-harness/internal/runtime/precondition/codex.go:78.3,79.1 1 0
github.com/JailtonJunior94/ai-spec-harness/internal/runtime/precondition/codex.go:80.2,81.16 2 0
github.com/JailtonJunior94/ai-spec-harness/internal/runtime/precondition/codex.go:82.3,83.1 1 0
github.com/JailtonJunior94/ai-spec-harness/internal/runtime/precondition/codex.go:85.2,98.1 2 0
github.com/JailtonJunior94/ai-spec-harness/internal/runtime/precondition/codex.go:99.2,99.56 2 0
github.com/JailtonJunior94/ai-spec-harness/internal/runtime/precondition/codex.go:100.3,101.1 1 0
github.com/JailtonJunior94/ai-spec-harness/internal/runtime/precondition/codex.go:102.2,102.27 1 0
github.com/JailtonJunior94/ai-spec-harness/internal/runtime/precondition/codex.go:103.3,104.1 1 0
github.com/JailtonJunior94/ai-spec-harness/internal/runtime/precondition/codex.go:106.2,107.45 2 0
github.com/JailtonJunior94/ai-spec-harness/internal/runtime/precondition/codex.go:108.3,108.33 1 0
github.com/JailtonJunior94/ai-spec-harness/internal/runtime/precondition/codex.go:109.4,114.1 1 0
github.com/JailtonJunior94/ai-spec-harness/internal/runtime/precondition/codex.go:116.2,116.17 1 0
github.com/JailtonJunior94/ai-spec-harness/internal/runtime/precondition/codex.go:120.2,125.1 3 0
github.com/JailtonJunior94/ai-spec-harness/internal/runtime/precondition/codex.go:126.2,127.16 3 0
github.com/JailtonJunior94/ai-spec-harness/internal/runtime/precondition/codex.go:128.3,129.1 1 0
github.com/JailtonJunior94/ai-spec-harness/internal/runtime/precondition/codex.go:130.2,132.12 3 0
github.com/JailtonJunior94/ai-spec-harness/internal/runtime/precondition/codex.go:136.2,136.6 1 0
github.com/JailtonJunior94/ai-spec-harness/internal/runtime/precondition/codex.go:137.3,138.17 2 0
github.com/JailtonJunior94/ai-spec-harness/internal/runtime/precondition/codex.go:139.4,140.1 1 0
github.com/JailtonJunior94/ai-spec-harness/internal/runtime/precondition/codex.go:141.3,142.57 2 0
github.com/JailtonJunior94/ai-spec-harness/internal/runtime/precondition/codex.go:143.4,143.12 1 0
github.com/JailtonJunior94/ai-spec-harness/internal/runtime/precondition/codex.go:145.3,145.51 1 0
github.com/JailtonJunior94/ai-spec-harness/internal/runtime/precondition/codex.go:146.4,146.12 1 0
github.com/JailtonJunior94/ai-spec-harness/internal/runtime/precondition/codex.go:148.3,148.19 1 0
github.com/JailtonJunior94/ai-spec-harness/internal/runtime/precondition/codex.go:153.2,153.19 1 1
github.com/JailtonJunior94/ai-spec-harness/internal/runtime/precondition/codex.go:154.3,155.1 1 1
github.com/JailtonJunior94/ai-spec-harness/internal/runtime/precondition/codex.go:157.2,159.1 4 1
github.com/JailtonJunior94/ai-spec-harness/internal/runtime/precondition/codex.go:160.2,161.16 4 1
github.com/JailtonJunior94/ai-spec-harness/internal/runtime/precondition/codex.go:162.3,163.1 1 1
github.com/JailtonJunior94/ai-spec-harness/internal/runtime/precondition/codex.go:165.2,165.36 1 1
github.com/JailtonJunior94/ai-spec-harness/internal/runtime/precondition/codex.go:166.3,166.64 1 1
github.com/JailtonJunior94/ai-spec-harness/internal/runtime/precondition/codex.go:167.4,168.1 1 1
github.com/JailtonJunior94/ai-spec-harness/internal/runtime/precondition/codex.go:170.2,170.37 1 1
github.com/JailtonJunior94/ai-spec-harness/internal/runtime/precondition/copilot.go:22.2,23.1 1 1
github.com/JailtonJunior94/ai-spec-harness/internal/runtime/precondition/copilot.go:26.2,27.1 1 0
github.com/JailtonJunior94/ai-spec-harness/internal/runtime/precondition/copilot.go:30.2,31.16 2 0
github.com/JailtonJunior94/ai-spec-harness/internal/runtime/precondition/copilot.go:32.3,33.1 1 0
github.com/JailtonJunior94/ai-spec-harness/internal/runtime/precondition/copilot.go:34.2,34.60 1 0
github.com/JailtonJunior94/ai-spec-harness/internal/runtime/precondition/copilot.go:38.2,39.16 2 1
github.com/JailtonJunior94/ai-spec-harness/internal/runtime/precondition/copilot.go:40.3,40.37 1 1
github.com/JailtonJunior94/ai-spec-harness/internal/runtime/precondition/copilot.go:41.4,42.1 1 1
github.com/JailtonJunior94/ai-spec-harness/internal/runtime/precondition/copilot.go:43.3,43.40 1 1
github.com/JailtonJunior94/ai-spec-harness/internal/runtime/precondition/copilot.go:46.2,47.1 3 1
github.com/JailtonJunior94/ai-spec-harness/internal/runtime/precondition/copilot.go:48.2,50.1 3 1
github.com/JailtonJunior94/ai-spec-harness/internal/runtime/precondition/copilot.go:51.2,51.55 3 1
github.com/JailtonJunior94/ai-spec-harness/internal/runtime/precondition/copilot.go:52.3,53.1 1 0
github.com/JailtonJunior94/ai-spec-harness/internal/runtime/precondition/copilot.go:55.2,56.16 2 1
github.com/JailtonJunior94/ai-spec-harness/internal/runtime/precondition/copilot.go:57.3,58.1 1 0
github.com/JailtonJunior94/ai-spec-harness/internal/runtime/precondition/copilot.go:59.2,60.1 2 1
github.com/JailtonJunior94/ai-spec-harness/internal/runtime/precondition/copilot.go:61.2,61.44 2 1
github.com/JailtonJunior94/ai-spec-harness/internal/runtime/precondition/copilot.go:62.3,63.17 2 1
github.com/JailtonJunior94/ai-spec-harness/internal/runtime/precondition/copilot.go:64.4,64.12 1 0
github.com/JailtonJunior94/ai-spec-harness/internal/runtime/precondition/copilot.go:66.3,67.101 2 1
github.com/JailtonJunior94/ai-spec-harness/internal/runtime/precondition/copilot.go:68.4,69.1 1 1
github.com/JailtonJunior94/ai-spec-harness/internal/runtime/precondition/copilot.go:71.2,71.37 1 1
github.com/JailtonJunior94/ai-spec-harness/internal/runtime/precondition/copilot.go:75.2,78.1 4 1
github.com/JailtonJunior94/ai-spec-harness/internal/runtime/precondition/copilot.go:79.2,79.33 4 1
github.com/JailtonJunior94/ai-spec-harness/internal/runtime/precondition/copilot.go:80.3,81.1 2 1
github.com/JailtonJunior94/ai-spec-harness/internal/runtime/precondition/copilot.go:82.3,82.15 2 1
github.com/JailtonJunior94/ai-spec-harness/internal/runtime/precondition/copilot.go:83.4,84.11 2 1
github.com/JailtonJunior94/ai-spec-harness/internal/runtime/precondition/copilot.go:86.5,86.20 1 0
github.com/JailtonJunior94/ai-spec-harness/internal/runtime/precondition/copilot.go:88.5,88.19 1 0
github.com/JailtonJunior94/ai-spec-harness/internal/runtime/precondition/copilot.go:90.5,90.21 1 1
github.com/JailtonJunior94/ai-spec-harness/internal/runtime/precondition/copilot.go:92.4,92.12 1 1
github.com/JailtonJunior94/ai-spec-harness/internal/runtime/precondition/copilot.go:95.3,95.15 1 1
github.com/JailtonJunior94/ai-spec-harness/internal/runtime/precondition/copilot.go:96.4,98.12 3 1
github.com/JailtonJunior94/ai-spec-harness/internal/runtime/precondition/copilot.go:101.3,101.54 1 1
github.com/JailtonJunior94/ai-spec-harness/internal/runtime/precondition/copilot.go:102.4,102.41 1 1
github.com/JailtonJunior94/ai-spec-harness/internal/runtime/precondition/copilot.go:103.5,104.1 1 1
github.com/JailtonJunior94/ai-spec-harness/internal/runtime/precondition/copilot.go:105.4,105.21 1 1
github.com/JailtonJunior94/ai-spec-harness/internal/runtime/precondition/copilot.go:106.5,107.1 1 1
github.com/JailtonJunior94/ai-spec-harness/internal/runtime/precondition/copilot.go:108.4,108.12 1 1
github.com/JailtonJunior94/ai-spec-harness/internal/runtime/precondition/copilot.go:111.3,111.23 1 1
github.com/JailtonJunior94/ai-spec-harness/internal/runtime/precondition/copilot.go:113.2,113.12 1 1
github.com/JailtonJunior94/ai-spec-harness/internal/runtime/precondition/precondition.go:16.2,17.1 1 1
github.com/JailtonJunior94/ai-spec-harness/internal/runtime/precondition/precondition.go:20.2,20.38 1 1
github.com/JailtonJunior94/ai-spec-harness/internal/runtime/precondition/precondition.go:21.3,21.29 1 1
github.com/JailtonJunior94/ai-spec-harness/internal/runtime/precondition/precondition.go:22.4,23.1 1 1
github.com/JailtonJunior94/ai-spec-harness/internal/runtime/precondition/precondition.go:25.2,25.34 1 1
github.com/JailtonJunior94/ai-spec-harness/internal/runtime/precondition/precondition.go:29.2,30.1 1 1
github.com/JailtonJunior94/ai-spec-harness/internal/runtime/precondition/route.go:16.2,17.1 2 1
github.com/JailtonJunior94/ai-spec-harness/internal/runtime/precondition/route.go:18.2,18.20 2 1
github.com/JailtonJunior94/ai-spec-harness/internal/runtime/precondition/route.go:20.3,21.17 2 0
github.com/JailtonJunior94/ai-spec-harness/internal/runtime/precondition/route.go:22.4,24.1 2 0
github.com/JailtonJunior94/ai-spec-harness/internal/runtime/precondition/route.go:25.3,25.23 1 0
github.com/JailtonJunior94/ai-spec-harness/internal/runtime/precondition/route.go:27.3,27.85 1 1
github.com/JailtonJunior94/ai-spec-harness/internal/runtime/precondition/route.go:29.3,29.37 1 1
github.com/JailtonJunior94/ai-spec-harness/internal/runtime/precondition/route.go:31.3,31.24 1 1
github.com/JailtonJunior94/ai-spec-harness/internal/runtime/precondition/route.go:32.4,34.1 2 1
github.com/JailtonJunior94/ai-spec-harness/internal/runtime/precondition/route.go:35.3,36.17 2 1
github.com/JailtonJunior94/ai-spec-harness/internal/runtime/precondition/route.go:37.4,39.1 2 0
github.com/JailtonJunior94/ai-spec-harness/internal/runtime/precondition/route.go:40.3,40.23 1 1
github.com/JailtonJunior94/ai-spec-harness/internal/runtime/precondition/route.go:42.2,42.15 1 1
github.com/JailtonJunior94/ai-spec-harness/internal/runtime/persistence/jsonl.go:29.2,30.33 2 1
github.com/JailtonJunior94/ai-spec-harness/internal/runtime/persistence/jsonl.go:31.3,32.1 1 1
github.com/JailtonJunior94/ai-spec-harness/internal/runtime/persistence/jsonl.go:33.2,34.43 2 1
github.com/JailtonJunior94/ai-spec-harness/internal/runtime/persistence/jsonl.go:35.3,36.1 1 1
github.com/JailtonJunior94/ai-spec-harness/internal/runtime/persistence/jsonl.go:38.2,39.16 2 1
github.com/JailtonJunior94/ai-spec-harness/internal/runtime/persistence/jsonl.go:40.3,41.1 1 1
github.com/JailtonJunior94/ai-spec-harness/internal/runtime/persistence/jsonl.go:42.2,42.51 1 1
github.com/JailtonJunior94/ai-spec-harness/internal/runtime/persistence/jsonl.go:48.2,49.16 2 1
github.com/JailtonJunior94/ai-spec-harness/internal/runtime/persistence/jsonl.go:50.3,51.1 1 0
github.com/JailtonJunior94/ai-spec-harness/internal/runtime/persistence/jsonl.go:52.2,53.1 5 1
github.com/JailtonJunior94/ai-spec-harness/internal/runtime/persistence/jsonl.go:54.2,56.1 5 1
github.com/JailtonJunior94/ai-spec-harness/internal/runtime/persistence/jsonl.go:57.2,58.57 5 1
github.com/JailtonJunior94/ai-spec-harness/internal/runtime/persistence/jsonl.go:59.3,60.1 1 1
github.com/JailtonJunior94/ai-spec-harness/internal/runtime/persistence/jsonl.go:61.2,62.12 2 1
github.com/JailtonJunior94/ai-spec-harness/internal/runtime/persistence/r1_catalog.go:7.2,8.1 1 1
github.com/JailtonJunior94/ai-spec-harness/internal/runtime/persistence/report.go:45.2,46.1 3 1
github.com/JailtonJunior94/ai-spec-harness/internal/runtime/persistence/report.go:47.2,48.16 3 1
github.com/JailtonJunior94/ai-spec-harness/internal/runtime/persistence/report.go:50.3,51.1 1 1
github.com/JailtonJunior94/ai-spec-harness/internal/runtime/persistence/report.go:53.2,54.16 2 1
github.com/JailtonJunior94/ai-spec-harness/internal/runtime/persistence/report.go:55.3,56.1 1 0
github.com/JailtonJunior94/ai-spec-harness/internal/runtime/persistence/report.go:58.2,59.1 2 1
github.com/JailtonJunior94/ai-spec-harness/internal/runtime/persistence/report.go:60.2,60.93 2 1
github.com/JailtonJunior94/ai-spec-harness/internal/runtime/persistence/report.go:61.3,62.1 1 1
github.com/JailtonJunior94/ai-spec-harness/internal/runtime/persistence/report.go:66.2,66.96 1 1
github.com/JailtonJunior94/ai-spec-harness/internal/runtime/persistence/report.go:67.3,68.1 1 1
github.com/JailtonJunior94/ai-spec-harness/internal/runtime/persistence/report.go:70.2,70.63 1 1
github.com/JailtonJunior94/ai-spec-harness/internal/runtime/persistence/report.go:71.3,72.1 1 1
github.com/JailtonJunior94/ai-spec-harness/internal/runtime/persistence/report.go:73.2,73.12 1 1
github.com/JailtonJunior94/ai-spec-harness/internal/runtime/persistence/report.go:81.2,82.22 2 1
github.com/JailtonJunior94/ai-spec-harness/internal/runtime/persistence/report.go:83.3,84.1 1 1
github.com/JailtonJunior94/ai-spec-harness/internal/runtime/persistence/report.go:85.2,88.27 4 1
github.com/JailtonJunior94/ai-spec-harness/internal/runtime/persistence/report.go:89.3,90.1 1 1
github.com/JailtonJunior94/ai-spec-harness/internal/runtime/persistence/report.go:91.2,91.20 1 1
github.com/JailtonJunior94/ai-spec-harness/internal/runtime/persistence/report.go:98.2,99.1 1 1
github.com/JailtonJunior94/ai-spec-harness/internal/runtime/persistence/report.go:102.2,103.14 2 1
github.com/JailtonJunior94/ai-spec-harness/internal/runtime/persistence/report.go:104.3,105.1 1 1
github.com/JailtonJunior94/ai-spec-harness/internal/runtime/persistence/report.go:107.2,124.20 18 1
github.com/JailtonJunior94/ai-spec-harness/internal/runtime/persistence/report.go:128.2,128.23 1 1
github.com/JailtonJunior94/ai-spec-harness/internal/runtime/persistence/report.go:129.3,130.1 1 0
github.com/JailtonJunior94/ai-spec-harness/internal/runtime/persistence/report.go:131.2,132.25 2 1
github.com/JailtonJunior94/ai-spec-harness/internal/runtime/persistence/report.go:133.3,134.1 1 1
github.com/JailtonJunior94/ai-spec-harness/internal/runtime/persistence/report.go:135.2,137.25 3 1
github.com/JailtonJunior94/ai-spec-harness/internal/runtime/persistence/report.go:138.3,139.1 1 1
github.com/JailtonJunior94/ai-spec-harness/internal/runtime/persistence/report.go:140.2,140.34 1 1
github.com/JailtonJunior94/ai-spec-harness/internal/runtime/persistence/report.go:146.2,148.16 3 1
github.com/JailtonJunior94/ai-spec-harness/internal/runtime/persistence/report.go:150.3,150.40 1 1
github.com/JailtonJunior94/ai-spec-harness/internal/runtime/persistence/report.go:151.4,152.1 1 0
github.com/JailtonJunior94/ai-spec-harness/internal/runtime/persistence/report.go:153.3,153.34 1 1
github.com/JailtonJunior94/ai-spec-harness/internal/runtime/persistence/report.go:156.2,157.34 2 1
github.com/JailtonJunior94/ai-spec-harness/internal/runtime/persistence/report.go:162.2,163.62 2 1
github.com/JailtonJunior94/ai-spec-harness/internal/runtime/persistence/report.go:164.3,165.1 1 0
github.com/JailtonJunior94/ai-spec-harness/internal/runtime/persistence/report.go:166.2,166.25 1 1
github.com/JailtonJunior94/ai-spec-harness/internal/runtime/persistence/report.go:171.2,172.1 1 1
github.com/JailtonJunior94/ai-spec-harness/internal/runtime/persistence/report.go:175.2,176.16 2 1
github.com/JailtonJunior94/ai-spec-harness/internal/runtime/persistence/report.go:177.3,177.57 1 1
github.com/JailtonJunior94/ai-spec-harness/internal/runtime/persistence/report.go:178.4,179.1 1 0
github.com/JailtonJunior94/ai-spec-harness/internal/runtime/persistence/report.go:180.3,180.34 1 1
github.com/JailtonJunior94/ai-spec-harness/internal/runtime/persistence/report.go:183.2,185.1 4 1
github.com/JailtonJunior94/ai-spec-harness/internal/runtime/persistence/report.go:186.2,187.20 4 1
github.com/JailtonJunior94/ai-spec-harness/internal/runtime/persistence/report.go:188.3,189.1 1 1
github.com/JailtonJunior94/ai-spec-harness/internal/runtime/persistence/report.go:191.2,192.63 2 1
github.com/JailtonJunior94/ai-spec-harness/internal/runtime/persistence/session.go:23.2,25.16 3 0
github.com/JailtonJunior94/ai-spec-harness/internal/runtime/persistence/session.go:26.3,27.1 1 0
github.com/JailtonJunior94/ai-spec-harness/internal/runtime/persistence/session.go:28.2,32.8 1 0
github.com/JailtonJunior94/ai-spec-harness/internal/runtime/persistence/session.go:37.2,38.1 1 0
github.com/JailtonJunior94/ai-spec-harness/internal/runtime/persistence/session.go:42.2,44.1 2 0
github.com/JailtonJunior94/ai-spec-harness/internal/runtime/persistence/session.go:48.2,50.1 2 0
github.com/JailtonJunior94/ai-spec-harness/internal/runtime/persistence/session.go:61.2,62.1 1 0
github.com/JailtonJunior94/ai-spec-harness/internal/runtime/persistence/session.go:66.2,67.1 1 0
github.com/JailtonJunior94/ai-spec-harness/internal/runtime/persistence/toolcalls.go:16.2,18.43 3 1
github.com/JailtonJunior94/ai-spec-harness/internal/runtime/persistence/toolcalls.go:19.3,20.1 1 1
github.com/JailtonJunior94/ai-spec-harness/internal/runtime/persistence/toolcalls.go:22.2,23.63 2 1
github.com/JailtonJunior94/ai-spec-harness/internal/runtime/persistence/toolcalls.go:24.3,25.1 1 1
github.com/JailtonJunior94/ai-spec-harness/internal/runtime/persistence/toolcalls.go:26.2,26.12 1 1
github.com/JailtonJunior94/ai-spec-harness/internal/runtime/persistence/toolcalls.go:31.2,31.25 1 1
github.com/JailtonJunior94/ai-spec-harness/internal/runtime/persistence/toolcalls.go:32.3,33.1 1 1
github.com/JailtonJunior94/ai-spec-harness/internal/runtime/persistence/toolcalls.go:35.2,37.30 3 1
github.com/JailtonJunior94/ai-spec-harness/internal/runtime/persistence/toolcalls.go:38.3,39.14 2 1
github.com/JailtonJunior94/ai-spec-harness/internal/runtime/persistence/toolcalls.go:40.4,41.1 1 1
github.com/JailtonJunior94/ai-spec-harness/internal/runtime/persistence/toolcalls.go:43.3,48.4 1 1
github.com/JailtonJunior94/ai-spec-harness/internal/runtime/persistence/toolcalls.go:50.2,50.20 1 1
github.com/JailtonJunior94/ai-spec-harness/internal/runtime/memory/durable/budget_policy.go:51.2,52.16 2 1
github.com/JailtonJunior94/ai-spec-harness/internal/runtime/memory/durable/budget_policy.go:53.3,54.1 1 1
github.com/JailtonJunior94/ai-spec-harness/internal/runtime/memory/durable/budget_policy.go:55.2,55.32 1 1
github.com/JailtonJunior94/ai-spec-harness/internal/runtime/memory/durable/budget_policy.go:56.3,57.1 1 1
github.com/JailtonJunior94/ai-spec-harness/internal/runtime/memory/durable/budget_policy.go:59.2,60.42 2 1
github.com/JailtonJunior94/ai-spec-harness/internal/runtime/memory/durable/budget_policy.go:61.3,65.1 1 1
github.com/JailtonJunior94/ai-spec-harness/internal/runtime/memory/durable/budget_policy.go:67.2,67.51 1 1
github.com/JailtonJunior94/ai-spec-harness/internal/runtime/memory/durable/budget_policy.go:71.2,72.38 2 1
github.com/JailtonJunior94/ai-spec-harness/internal/runtime/memory/durable/budget_policy.go:73.3,74.1 1 1
github.com/JailtonJunior94/ai-spec-harness/internal/runtime/memory/durable/budget_policy.go:76.2,81.1 6 1
github.com/JailtonJunior94/ai-spec-harness/internal/runtime/memory/durable/budget_policy.go:82.2,82.26 6 1
github.com/JailtonJunior94/ai-spec-harness/internal/runtime/memory/durable/budget_policy.go:83.3,84.17 2 1
github.com/JailtonJunior94/ai-spec-harness/internal/runtime/memory/durable/budget_policy.go:85.4,86.12 2 0
github.com/JailtonJunior94/ai-spec-harness/internal/runtime/memory/durable/budget_policy.go:89.3,90.71 2 1
github.com/JailtonJunior94/ai-spec-harness/internal/runtime/memory/durable/budget_policy.go:91.4,95.12 5 1
github.com/JailtonJunior94/ai-spec-harness/internal/runtime/memory/durable/budget_policy.go:97.3,97.31 1 1
github.com/JailtonJunior94/ai-spec-harness/internal/runtime/memory/durable/budget_policy.go:100.2,101.38 2 1
github.com/JailtonJunior94/ai-spec-harness/internal/runtime/memory/durable/budget_policy.go:102.3,103.1 1 1
github.com/JailtonJunior94/ai-spec-harness/internal/runtime/memory/durable/budget_policy.go:105.2,106.28 2 1
github.com/JailtonJunior94/ai-spec-harness/internal/runtime/memory/durable/budget_policy.go:107.3,108.62 2 1
github.com/JailtonJunior94/ai-spec-harness/internal/runtime/memory/durable/budget_policy.go:109.4,112.68 4 1
github.com/JailtonJunior94/ai-spec-harness/internal/runtime/memory/durable/budget_policy.go:113.5,114.1 1 1
github.com/JailtonJunior94/ai-spec-harness/internal/runtime/memory/durable/budget_policy.go:115.4,115.12 1 1
github.com/JailtonJunior94/ai-spec-harness/internal/runtime/memory/durable/budget_policy.go:117.3,117.41 1 1
github.com/JailtonJunior94/ai-spec-harness/internal/runtime/memory/durable/budget_policy.go:120.2,121.33 2 1
github.com/JailtonJunior94/ai-spec-harness/internal/runtime/memory/durable/budget_policy.go:122.3,123.1 1 1
github.com/JailtonJunior94/ai-spec-harness/internal/runtime/memory/durable/budget_policy.go:125.2,126.39 2 1
github.com/JailtonJunior94/ai-spec-harness/internal/runtime/memory/durable/budget_policy.go:127.3,128.1 1 1
github.com/JailtonJunior94/ai-spec-harness/internal/runtime/memory/durable/budget_policy.go:130.2,130.117 1 1
github.com/JailtonJunior94/ai-spec-harness/internal/runtime/memory/durable/budget_policy.go:134.2,135.1 1 1
github.com/JailtonJunior94/ai-spec-harness/internal/runtime/memory/durable/compaction_policy.go:24.2,27.1 4 1
github.com/JailtonJunior94/ai-spec-harness/internal/runtime/memory/durable/compaction_policy.go:28.2,28.6 4 1
github.com/JailtonJunior94/ai-spec-harness/internal/runtime/memory/durable/compaction_policy.go:29.3,30.17 2 1
github.com/JailtonJunior94/ai-spec-harness/internal/runtime/memory/durable/compaction_policy.go:31.4,32.1 1 0
github.com/JailtonJunior94/ai-spec-harness/internal/runtime/memory/durable/compaction_policy.go:34.3,36.1 3 1
github.com/JailtonJunior94/ai-spec-harness/internal/runtime/memory/durable/compaction_policy.go:37.3,37.54 3 1
github.com/JailtonJunior94/ai-spec-harness/internal/runtime/memory/durable/compaction_policy.go:38.4,39.1 1 1
github.com/JailtonJunior94/ai-spec-harness/internal/runtime/memory/durable/compaction_policy.go:41.3,41.26 1 1
github.com/JailtonJunior94/ai-spec-harness/internal/runtime/memory/durable/compaction_policy.go:42.4,43.1 1 1
github.com/JailtonJunior94/ai-spec-harness/internal/runtime/memory/durable/compaction_policy.go:45.3,47.43 3 1
github.com/JailtonJunior94/ai-spec-harness/internal/runtime/memory/durable/facade.go:99.2,100.1 1 1
github.com/JailtonJunior94/ai-spec-harness/internal/runtime/memory/durable/facade.go:107.2,116.1 1 1
github.com/JailtonJunior94/ai-spec-harness/internal/runtime/memory/durable/facade.go:120.2,121.30 2 1
github.com/JailtonJunior94/ai-spec-harness/internal/runtime/memory/durable/facade.go:122.3,123.1 1 1
github.com/JailtonJunior94/ai-spec-harness/internal/runtime/memory/durable/facade.go:124.2,129.1 1 1
github.com/JailtonJunior94/ai-spec-harness/internal/runtime/memory/durable/facade.go:136.2,137.1 5 1
github.com/JailtonJunior94/ai-spec-harness/internal/runtime/memory/durable/facade.go:138.2,141.1 5 1
github.com/JailtonJunior94/ai-spec-harness/internal/runtime/memory/durable/facade.go:142.2,142.91 5 1
github.com/JailtonJunior94/ai-spec-harness/internal/runtime/memory/durable/facade.go:143.3,144.17 2 1
github.com/JailtonJunior94/ai-spec-harness/internal/runtime/memory/durable/facade.go:145.4,145.11 1 1
github.com/JailtonJunior94/ai-spec-harness/internal/runtime/memory/durable/facade.go:147.5,147.13 1 1
github.com/JailtonJunior94/ai-spec-harness/internal/runtime/memory/durable/facade.go:149.5,151.13 3 1
github.com/JailtonJunior94/ai-spec-harness/internal/runtime/memory/durable/facade.go:153.5,153.74 1 0
github.com/JailtonJunior94/ai-spec-harness/internal/runtime/memory/durable/facade.go:156.3,157.40 2 1
github.com/JailtonJunior94/ai-spec-harness/internal/runtime/memory/durable/facade.go:160.2,160.24 1 1
github.com/JailtonJunior94/ai-spec-harness/internal/runtime/memory/durable/facade.go:161.3,162.1 1 1
github.com/JailtonJunior94/ai-spec-harness/internal/runtime/memory/durable/facade.go:164.2,167.1 5 1
github.com/JailtonJunior94/ai-spec-harness/internal/runtime/memory/durable/facade.go:168.2,169.42 5 1
github.com/JailtonJunior94/ai-spec-harness/internal/runtime/memory/durable/facade.go:170.3,170.41 1 1
github.com/JailtonJunior94/ai-spec-harness/internal/runtime/memory/durable/facade.go:171.4,172.1 1 0
github.com/JailtonJunior94/ai-spec-harness/internal/runtime/memory/durable/facade.go:175.2,183.8 1 1
github.com/JailtonJunior94/ai-spec-harness/internal/runtime/memory/durable/facade.go:187.2,187.21 1 1
github.com/JailtonJunior94/ai-spec-harness/internal/runtime/memory/durable/facade.go:188.3,189.1 1 0
github.com/JailtonJunior94/ai-spec-harness/internal/runtime/memory/durable/facade.go:190.2,192.28 3 1
github.com/JailtonJunior94/ai-spec-harness/internal/runtime/memory/durable/facade.go:193.3,195.41 3 1
github.com/JailtonJunior94/ai-spec-harness/internal/runtime/memory/durable/facade.go:196.4,197.1 1 0
github.com/JailtonJunior94/ai-spec-harness/internal/runtime/memory/durable/facade.go:199.2,200.19 2 1
github.com/JailtonJunior94/ai-spec-harness/internal/runtime/memory/durable/facade.go:208.2,210.16 3 1
github.com/JailtonJunior94/ai-spec-harness/internal/runtime/memory/durable/facade.go:211.3,212.1 1 0
github.com/JailtonJunior94/ai-spec-harness/internal/runtime/memory/durable/facade.go:213.2,213.21 1 1
github.com/JailtonJunior94/ai-spec-harness/internal/runtime/memory/durable/facade.go:214.3,215.1 1 1
github.com/JailtonJunior94/ai-spec-harness/internal/runtime/memory/durable/facade.go:217.2,219.28 3 1
github.com/JailtonJunior94/ai-spec-harness/internal/runtime/memory/durable/facade.go:220.3,221.20 2 1
github.com/JailtonJunior94/ai-spec-harness/internal/runtime/memory/durable/facade.go:222.4,223.1 1 1
github.com/JailtonJunior94/ai-spec-harness/internal/runtime/memory/durable/facade.go:224.3,226.37 3 1
github.com/JailtonJunior94/ai-spec-harness/internal/runtime/memory/durable/facade.go:229.2,230.21 2 1
github.com/JailtonJunior94/ai-spec-harness/internal/runtime/memory/durable/facade.go:231.3,232.1 1 0
github.com/JailtonJunior94/ai-spec-harness/internal/runtime/memory/durable/facade.go:233.2,236.1 4 1
github.com/JailtonJunior94/ai-spec-harness/internal/runtime/memory/durable/facade.go:237.2,239.32 4 1
github.com/JailtonJunior94/ai-spec-harness/internal/runtime/memory/durable/facade.go:240.3,241.22 2 1
github.com/JailtonJunior94/ai-spec-harness/internal/runtime/memory/durable/facade.go:242.4,243.1 1 0
github.com/JailtonJunior94/ai-spec-harness/internal/runtime/memory/durable/facade.go:244.3,244.47 1 1
github.com/JailtonJunior94/ai-spec-harness/internal/runtime/memory/durable/facade.go:247.2,253.41 7 1
github.com/JailtonJunior94/ai-spec-harness/internal/runtime/memory/durable/facade.go:254.3,255.1 2 1
github.com/JailtonJunior94/ai-spec-harness/internal/runtime/memory/durable/facade.go:256.3,256.54 2 1
github.com/JailtonJunior94/ai-spec-harness/internal/runtime/memory/durable/facade.go:257.4,257.57 1 1
github.com/JailtonJunior94/ai-spec-harness/internal/runtime/memory/durable/facade.go:258.5,259.1 1 0
github.com/JailtonJunior94/ai-spec-harness/internal/runtime/memory/durable/facade.go:262.3,263.21 2 1
github.com/JailtonJunior94/ai-spec-harness/internal/runtime/memory/durable/facade.go:264.4,264.136 1 1
github.com/JailtonJunior94/ai-spec-harness/internal/runtime/memory/durable/facade.go:265.5,266.13 2 1
github.com/JailtonJunior94/ai-spec-harness/internal/runtime/memory/durable/facade.go:268.4,268.77 1 0
github.com/JailtonJunior94/ai-spec-harness/internal/runtime/memory/durable/facade.go:270.3,273.1 5 1
github.com/JailtonJunior94/ai-spec-harness/internal/runtime/memory/durable/facade.go:274.3,275.21 5 1
github.com/JailtonJunior94/ai-spec-harness/internal/runtime/memory/durable/facade.go:276.4,277.12 2 0
github.com/JailtonJunior94/ai-spec-harness/internal/runtime/memory/durable/facade.go:279.3,280.21 2 1
github.com/JailtonJunior94/ai-spec-harness/internal/runtime/memory/durable/facade.go:281.4,282.12 2 0
github.com/JailtonJunior94/ai-spec-harness/internal/runtime/memory/durable/facade.go:284.3,284.33 1 1
github.com/JailtonJunior94/ai-spec-harness/internal/runtime/memory/durable/facade.go:285.4,285.12 1 1
github.com/JailtonJunior94/ai-spec-harness/internal/runtime/memory/durable/facade.go:287.3,287.79 1 0
github.com/JailtonJunior94/ai-spec-harness/internal/runtime/memory/durable/facade.go:288.4,289.12 2 0
github.com/JailtonJunior94/ai-spec-harness/internal/runtime/memory/durable/facade.go:291.3,293.16 3 0
github.com/JailtonJunior94/ai-spec-harness/internal/runtime/memory/durable/facade.go:296.2,306.8 1 1
github.com/JailtonJunior94/ai-spec-harness/internal/runtime/memory/durable/facade.go:310.2,311.24 2 1
github.com/JailtonJunior94/ai-spec-harness/internal/runtime/memory/durable/facade.go:312.3,313.1 1 1
github.com/JailtonJunior94/ai-spec-harness/internal/runtime/memory/durable/facade.go:314.2,314.24 1 1
github.com/JailtonJunior94/ai-spec-harness/internal/runtime/memory/durable/facade.go:315.3,316.1 1 1
github.com/JailtonJunior94/ai-spec-harness/internal/runtime/memory/durable/facade.go:317.2,317.12 1 1
github.com/JailtonJunior94/ai-spec-harness/internal/runtime/memory/durable/facade.go:325.2,327.1 3 1
github.com/JailtonJunior94/ai-spec-harness/internal/runtime/memory/durable/facade.go:328.2,328.70 3 1
github.com/JailtonJunior94/ai-spec-harness/internal/runtime/memory/durable/facade.go:329.3,330.1 1 1
github.com/JailtonJunior94/ai-spec-harness/internal/runtime/memory/durable/facade.go:331.2,331.62 1 1
github.com/JailtonJunior94/ai-spec-harness/internal/runtime/memory/durable/facade.go:335.2,337.19 3 1
github.com/JailtonJunior94/ai-spec-harness/internal/runtime/memory/durable/facade.go:338.3,339.1 1 1
github.com/JailtonJunior94/ai-spec-harness/internal/runtime/memory/durable/facade.go:340.2,341.1 3 1
github.com/JailtonJunior94/ai-spec-harness/internal/runtime/memory/durable/facade.go:342.2,343.1 3 1
github.com/JailtonJunior94/ai-spec-harness/internal/runtime/memory/durable/facade.go:344.2,344.46 3 1
github.com/JailtonJunior94/ai-spec-harness/internal/runtime/memory/durable/facade.go:345.3,347.17 3 1
github.com/JailtonJunior94/ai-spec-harness/internal/runtime/memory/durable/facade.go:348.4,349.1 1 0
github.com/JailtonJunior94/ai-spec-harness/internal/runtime/memory/durable/facade.go:350.3,355.5 1 1
github.com/JailtonJunior94/ai-spec-harness/internal/runtime/memory/durable/facade.go:358.2,358.71 1 1
github.com/JailtonJunior94/ai-spec-harness/internal/runtime/memory/durable/facade.go:359.3,360.17 2 1
github.com/JailtonJunior94/ai-spec-harness/internal/runtime/memory/durable/facade.go:361.4,362.1 1 0
github.com/JailtonJunior94/ai-spec-harness/internal/runtime/memory/durable/facade.go:363.3,368.5 1 1
github.com/JailtonJunior94/ai-spec-harness/internal/runtime/memory/durable/facade.go:371.2,371.19 1 1
github.com/JailtonJunior94/ai-spec-harness/internal/runtime/memory/durable/fact.go:31.2,31.11 1 1
github.com/JailtonJunior94/ai-spec-harness/internal/runtime/memory/durable/fact.go:33.3,33.21 1 1
github.com/JailtonJunior94/ai-spec-harness/internal/runtime/memory/durable/fact.go:35.3,35.15 1 1
github.com/JailtonJunior94/ai-spec-harness/internal/runtime/memory/durable/fact.go:37.3,37.19 1 1
github.com/JailtonJunior94/ai-spec-harness/internal/runtime/memory/durable/fact.go:39.3,39.12 1 0
github.com/JailtonJunior94/ai-spec-harness/internal/runtime/memory/durable/fact.go:44.2,44.11 1 1
github.com/JailtonJunior94/ai-spec-harness/internal/runtime/memory/durable/fact.go:46.3,46.34 1 1
github.com/JailtonJunior94/ai-spec-harness/internal/runtime/memory/durable/fact.go:48.3,48.28 1 1
github.com/JailtonJunior94/ai-spec-harness/internal/runtime/memory/durable/fact.go:50.3,50.32 1 1
github.com/JailtonJunior94/ai-spec-harness/internal/runtime/memory/durable/fact.go:52.3,52.32 1 0
github.com/JailtonJunior94/ai-spec-harness/internal/runtime/memory/durable/fact.go:54.3,54.99 1 0
github.com/JailtonJunior94/ai-spec-harness/internal/runtime/memory/durable/fact.go:59.2,60.1 1 1
github.com/JailtonJunior94/ai-spec-harness/internal/runtime/memory/durable/fact.go:63.2,64.41 2 1
github.com/JailtonJunior94/ai-spec-harness/internal/runtime/memory/durable/fact.go:65.3,66.1 1 0
github.com/JailtonJunior94/ai-spec-harness/internal/runtime/memory/durable/fact.go:67.2,68.16 2 1
github.com/JailtonJunior94/ai-spec-harness/internal/runtime/memory/durable/fact.go:69.3,70.1 1 0
github.com/JailtonJunior94/ai-spec-harness/internal/runtime/memory/durable/fact.go:71.2,72.12 2 1
github.com/JailtonJunior94/ai-spec-harness/internal/runtime/memory/durable/fact.go:87.2,87.11 1 1
github.com/JailtonJunior94/ai-spec-harness/internal/runtime/memory/durable/fact.go:89.3,89.20 1 1
github.com/JailtonJunior94/ai-spec-harness/internal/runtime/memory/durable/fact.go:91.3,91.18 1 1
github.com/JailtonJunior94/ai-spec-harness/internal/runtime/memory/durable/fact.go:93.3,93.24 1 1
github.com/JailtonJunior94/ai-spec-harness/internal/runtime/memory/durable/fact.go:95.3,95.20 1 1
github.com/JailtonJunior94/ai-spec-harness/internal/runtime/memory/durable/fact.go:97.3,97.20 1 1
github.com/JailtonJunior94/ai-spec-harness/internal/runtime/memory/durable/fact.go:99.3,99.12 1 1
github.com/JailtonJunior94/ai-spec-harness/internal/runtime/memory/durable/fact.go:104.2,104.11 1 1
github.com/JailtonJunior94/ai-spec-harness/internal/runtime/memory/durable/fact.go:106.3,106.32 1 1
github.com/JailtonJunior94/ai-spec-harness/internal/runtime/memory/durable/fact.go:108.3,108.30 1 1
github.com/JailtonJunior94/ai-spec-harness/internal/runtime/memory/durable/fact.go:110.3,110.36 1 1
github.com/JailtonJunior94/ai-spec-harness/internal/runtime/memory/durable/fact.go:112.3,112.32 1 1
github.com/JailtonJunior94/ai-spec-harness/internal/runtime/memory/durable/fact.go:114.3,114.32 1 1
github.com/JailtonJunior94/ai-spec-harness/internal/runtime/memory/durable/fact.go:116.3,116.33 1 1
github.com/JailtonJunior94/ai-spec-harness/internal/runtime/memory/durable/fact.go:118.3,118.100 1 0
github.com/JailtonJunior94/ai-spec-harness/internal/runtime/memory/durable/fact.go:123.2,124.1 1 1
github.com/JailtonJunior94/ai-spec-harness/internal/runtime/memory/durable/fact.go:127.2,128.41 2 1
github.com/JailtonJunior94/ai-spec-harness/internal/runtime/memory/durable/fact.go:129.3,130.1 1 0
github.com/JailtonJunior94/ai-spec-harness/internal/runtime/memory/durable/fact.go:131.2,132.16 2 1
github.com/JailtonJunior94/ai-spec-harness/internal/runtime/memory/durable/fact.go:133.3,134.1 1 0
github.com/JailtonJunior94/ai-spec-harness/internal/runtime/memory/durable/fact.go:135.2,136.12 2 1
github.com/JailtonJunior94/ai-spec-harness/internal/runtime/memory/durable/fact.go:150.2,150.11 1 1
github.com/JailtonJunior94/ai-spec-harness/internal/runtime/memory/durable/fact.go:152.3,152.20 1 1
github.com/JailtonJunior94/ai-spec-harness/internal/runtime/memory/durable/fact.go:154.3,154.18 1 0
github.com/JailtonJunior94/ai-spec-harness/internal/runtime/memory/durable/fact.go:156.3,156.17 1 0
github.com/JailtonJunior94/ai-spec-harness/internal/runtime/memory/durable/fact.go:158.3,158.23 1 1
github.com/JailtonJunior94/ai-spec-harness/internal/runtime/memory/durable/fact.go:160.3,160.12 1 0
github.com/JailtonJunior94/ai-spec-harness/internal/runtime/memory/durable/fact.go:165.2,165.11 1 1
github.com/JailtonJunior94/ai-spec-harness/internal/runtime/memory/durable/fact.go:167.3,167.31 1 1
github.com/JailtonJunior94/ai-spec-harness/internal/runtime/memory/durable/fact.go:169.3,169.29 1 0
github.com/JailtonJunior94/ai-spec-harness/internal/runtime/memory/durable/fact.go:171.3,171.28 1 0
github.com/JailtonJunior94/ai-spec-harness/internal/runtime/memory/durable/fact.go:173.3,173.34 1 1
github.com/JailtonJunior94/ai-spec-harness/internal/runtime/memory/durable/fact.go:175.3,175.32 1 0
github.com/JailtonJunior94/ai-spec-harness/internal/runtime/memory/durable/fact.go:177.3,177.98 1 0
github.com/JailtonJunior94/ai-spec-harness/internal/runtime/memory/durable/fact.go:182.2,183.1 1 1
github.com/JailtonJunior94/ai-spec-harness/internal/runtime/memory/durable/fact.go:186.2,187.41 2 1
github.com/JailtonJunior94/ai-spec-harness/internal/runtime/memory/durable/fact.go:188.3,189.1 1 0
github.com/JailtonJunior94/ai-spec-harness/internal/runtime/memory/durable/fact.go:190.2,191.16 2 1
github.com/JailtonJunior94/ai-spec-harness/internal/runtime/memory/durable/fact.go:192.3,193.1 1 0
github.com/JailtonJunior94/ai-spec-harness/internal/runtime/memory/durable/fact.go:194.2,195.12 2 1
github.com/JailtonJunior94/ai-spec-harness/internal/runtime/memory/durable/fact.go:229.2,229.11 1 1
github.com/JailtonJunior94/ai-spec-harness/internal/runtime/memory/durable/fact.go:231.3,231.16 1 1
github.com/JailtonJunior94/ai-spec-harness/internal/runtime/memory/durable/fact.go:233.3,233.15 1 1
github.com/JailtonJunior94/ai-spec-harness/internal/runtime/memory/durable/fact.go:235.3,235.19 1 1
github.com/JailtonJunior94/ai-spec-harness/internal/runtime/memory/durable/fact.go:237.3,237.12 1 1
github.com/JailtonJunior94/ai-spec-harness/internal/runtime/memory/durable/fact.go:242.2,242.11 1 1
github.com/JailtonJunior94/ai-spec-harness/internal/runtime/memory/durable/fact.go:244.3,244.30 1 0
github.com/JailtonJunior94/ai-spec-harness/internal/runtime/memory/durable/fact.go:246.3,246.29 1 0
github.com/JailtonJunior94/ai-spec-harness/internal/runtime/memory/durable/fact.go:248.3,248.33 1 0
github.com/JailtonJunior94/ai-spec-harness/internal/runtime/memory/durable/fact.go:250.3,250.35 1 1
github.com/JailtonJunior94/ai-spec-harness/internal/runtime/memory/durable/fact.go:252.3,252.97 1 0
github.com/JailtonJunior94/ai-spec-harness/internal/runtime/memory/durable/fact.go:257.2,258.1 1 1
github.com/JailtonJunior94/ai-spec-harness/internal/runtime/memory/durable/fact.go:261.2,262.41 2 1
github.com/JailtonJunior94/ai-spec-harness/internal/runtime/memory/durable/fact.go:263.3,264.1 1 0
github.com/JailtonJunior94/ai-spec-harness/internal/runtime/memory/durable/fact.go:265.2,266.16 2 1
github.com/JailtonJunior94/ai-spec-harness/internal/runtime/memory/durable/fact.go:267.3,268.1 1 0
github.com/JailtonJunior94/ai-spec-harness/internal/runtime/memory/durable/fact.go:269.2,270.12 2 1
github.com/JailtonJunior94/ai-spec-harness/internal/runtime/memory/durable/fact.go:274.2,274.26 1 1
github.com/JailtonJunior94/ai-spec-harness/internal/runtime/memory/durable/fact.go:275.3,276.1 1 1
github.com/JailtonJunior94/ai-spec-harness/internal/runtime/memory/durable/fact.go:277.2,277.39 1 1
github.com/JailtonJunior94/ai-spec-harness/internal/runtime/memory/durable/fact.go:278.3,279.1 1 1
github.com/JailtonJunior94/ai-spec-harness/internal/runtime/memory/durable/fact.go:280.2,280.12 1 1
github.com/JailtonJunior94/ai-spec-harness/internal/runtime/memory/durable/fact.go:284.2,284.11 1 1
github.com/JailtonJunior94/ai-spec-harness/internal/runtime/memory/durable/fact.go:286.3,286.30 1 1
github.com/JailtonJunior94/ai-spec-harness/internal/runtime/memory/durable/fact.go:288.3,288.29 1 1
github.com/JailtonJunior94/ai-spec-harness/internal/runtime/memory/durable/fact.go:290.3,290.33 1 1
github.com/JailtonJunior94/ai-spec-harness/internal/runtime/memory/durable/fact.go:292.3,292.52 1 1
github.com/JailtonJunior94/ai-spec-harness/internal/runtime/memory/durable/fact.go:297.2,300.1 3 1
github.com/JailtonJunior94/ai-spec-harness/internal/runtime/memory/durable/fact.go:311.2,311.53 1 1
github.com/JailtonJunior94/ai-spec-harness/internal/runtime/memory/durable/fact.go:312.3,313.1 1 1
github.com/JailtonJunior94/ai-spec-harness/internal/runtime/memory/durable/fact.go:314.2,314.55 1 1
github.com/JailtonJunior94/ai-spec-harness/internal/runtime/memory/durable/fact.go:315.3,316.1 1 1
github.com/JailtonJunior94/ai-spec-harness/internal/runtime/memory/durable/fact.go:317.2,317.31 1 1
github.com/JailtonJunior94/ai-spec-harness/internal/runtime/memory/durable/fact.go:327.2,330.33 4 1
github.com/JailtonJunior94/ai-spec-harness/internal/runtime/memory/durable/fact.go:331.3,332.1 1 1
github.com/JailtonJunior94/ai-spec-harness/internal/runtime/memory/durable/fact.go:333.2,334.17 2 1
github.com/JailtonJunior94/ai-spec-harness/internal/runtime/memory/durable/fact.go:335.3,336.1 1 1
github.com/JailtonJunior94/ai-spec-harness/internal/runtime/memory/durable/fact.go:337.2,337.51 1 1
github.com/JailtonJunior94/ai-spec-harness/internal/runtime/memory/durable/fact.go:341.2,344.22 4 1
github.com/JailtonJunior94/ai-spec-harness/internal/runtime/memory/durable/fact.go:345.3,345.10 1 1
github.com/JailtonJunior94/ai-spec-harness/internal/runtime/memory/durable/fact.go:347.4,348.20 2 1
github.com/JailtonJunior94/ai-spec-harness/internal/runtime/memory/durable/fact.go:350.4,350.32 1 1
github.com/JailtonJunior94/ai-spec-harness/internal/runtime/memory/durable/fact.go:351.5,353.1 2 1
github.com/JailtonJunior94/ai-spec-harness/internal/runtime/memory/durable/fact.go:356.2,356.43 1 1
github.com/JailtonJunior94/ai-spec-harness/internal/runtime/memory/durable/handoff_lease.go:27.2,27.11 1 0
github.com/JailtonJunior94/ai-spec-harness/internal/runtime/memory/durable/handoff_lease.go:29.3,29.19 1 0
github.com/JailtonJunior94/ai-spec-harness/internal/runtime/memory/durable/handoff_lease.go:31.3,31.19 1 0
github.com/JailtonJunior94/ai-spec-harness/internal/runtime/memory/durable/handoff_lease.go:33.3,33.23 1 0
github.com/JailtonJunior94/ai-spec-harness/internal/runtime/memory/durable/handoff_lease.go:35.3,35.19 1 0
github.com/JailtonJunior94/ai-spec-harness/internal/runtime/memory/durable/handoff_lease.go:37.3,37.12 1 0
github.com/JailtonJunior94/ai-spec-harness/internal/runtime/memory/durable/handoff_lease.go:50.2,50.11 1 0
github.com/JailtonJunior94/ai-spec-harness/internal/runtime/memory/durable/handoff_lease.go:52.3,52.28 1 0
github.com/JailtonJunior94/ai-spec-harness/internal/runtime/memory/durable/handoff_lease.go:54.3,54.22 1 0
github.com/JailtonJunior94/ai-spec-harness/internal/runtime/memory/durable/handoff_lease.go:56.3,56.12 1 0
github.com/JailtonJunior94/ai-spec-harness/internal/runtime/memory/durable/handoff_lease.go:77.2,78.1 1 1
github.com/JailtonJunior94/ai-spec-harness/internal/runtime/memory/durable/handoff_lease.go:81.2,81.20 1 1
github.com/JailtonJunior94/ai-spec-harness/internal/runtime/memory/durable/handoff_lease.go:82.3,83.1 1 1
github.com/JailtonJunior94/ai-spec-harness/internal/runtime/memory/durable/handoff_lease.go:84.2,84.23 1 1
github.com/JailtonJunior94/ai-spec-harness/internal/runtime/memory/durable/handoff_lease.go:88.2,89.16 2 1
github.com/JailtonJunior94/ai-spec-harness/internal/runtime/memory/durable/handoff_lease.go:90.3,91.1 1 0
github.com/JailtonJunior94/ai-spec-harness/internal/runtime/memory/durable/handoff_lease.go:92.2,93.20 2 1
github.com/JailtonJunior94/ai-spec-harness/internal/runtime/memory/durable/handoff_lease.go:97.2,97.20 1 1
github.com/JailtonJunior94/ai-spec-harness/internal/runtime/memory/durable/handoff_lease.go:98.3,99.1 1 1
github.com/JailtonJunior94/ai-spec-harness/internal/runtime/memory/durable/handoff_lease.go:100.2,101.16 2 1
github.com/JailtonJunior94/ai-spec-harness/internal/runtime/memory/durable/handoff_lease.go:102.3,103.1 1 0
github.com/JailtonJunior94/ai-spec-harness/internal/runtime/memory/durable/handoff_lease.go:104.2,105.20 2 1
github.com/JailtonJunior94/ai-spec-harness/internal/runtime/memory/durable/layer.go:28.2,28.17 1 1
github.com/JailtonJunior94/ai-spec-harness/internal/runtime/memory/durable/layer.go:30.3,30.25 1 1
github.com/JailtonJunior94/ai-spec-harness/internal/runtime/memory/durable/layer.go:31.4,32.1 1 1
github.com/JailtonJunior94/ai-spec-harness/internal/runtime/memory/durable/layer.go:33.3,33.82 1 1
github.com/JailtonJunior94/ai-spec-harness/internal/runtime/memory/durable/layer.go:35.3,35.23 1 1
github.com/JailtonJunior94/ai-spec-harness/internal/runtime/memory/durable/layer.go:36.4,37.1 1 1
github.com/JailtonJunior94/ai-spec-harness/internal/runtime/memory/durable/layer.go:38.3,38.58 1 1
github.com/JailtonJunior94/ai-spec-harness/internal/runtime/memory/durable/layer.go:40.3,40.31 1 1
github.com/JailtonJunior94/ai-spec-harness/internal/runtime/memory/durable/layer.go:45.2,45.17 1 1
github.com/JailtonJunior94/ai-spec-harness/internal/runtime/memory/durable/layer.go:47.3,47.34 1 1
github.com/JailtonJunior94/ai-spec-harness/internal/runtime/memory/durable/layer.go:49.3,49.30 1 1
github.com/JailtonJunior94/ai-spec-harness/internal/runtime/memory/durable/layer.go:51.3,51.27 1 1
github.com/JailtonJunior94/ai-spec-harness/internal/runtime/memory/durable/layer.go:52.4,53.1 1 1
github.com/JailtonJunior94/ai-spec-harness/internal/runtime/memory/durable/layer.go:54.3,54.44 1 1
github.com/JailtonJunior94/ai-spec-harness/internal/runtime/memory/durable/layer.go:56.3,56.31 1 0
github.com/JailtonJunior94/ai-spec-harness/internal/runtime/memory/durable/layer.go:61.2,62.16 2 1
github.com/JailtonJunior94/ai-spec-harness/internal/runtime/memory/durable/layer.go:63.3,64.1 1 1
github.com/JailtonJunior94/ai-spec-harness/internal/runtime/memory/durable/layer.go:65.2,66.16 2 1
github.com/JailtonJunior94/ai-spec-harness/internal/runtime/memory/durable/layer.go:67.3,68.1 1 1
github.com/JailtonJunior94/ai-spec-harness/internal/runtime/memory/durable/layer.go:69.2,69.38 1 1
github.com/JailtonJunior94/ai-spec-harness/internal/runtime/memory/durable/layer.go:73.2,74.16 2 1
github.com/JailtonJunior94/ai-spec-harness/internal/runtime/memory/durable/layer.go:75.3,76.1 1 1
github.com/JailtonJunior94/ai-spec-harness/internal/runtime/memory/durable/layer.go:77.2,78.27 2 1
github.com/JailtonJunior94/ai-spec-harness/internal/runtime/memory/durable/layer.go:86.2,87.1 1 0
github.com/JailtonJunior94/ai-spec-harness/internal/runtime/memory/durable/layer.go:94.2,95.1 1 0
github.com/JailtonJunior94/ai-spec-harness/internal/runtime/memory/durable/layer.go:98.2,99.1 1 1
github.com/JailtonJunior94/ai-spec-harness/internal/runtime/memory/durable/layer.go:125.2,126.1 1 1
github.com/JailtonJunior94/ai-spec-harness/internal/runtime/memory/durable/layer.go:129.2,134.1 1 1
github.com/JailtonJunior94/ai-spec-harness/internal/runtime/memory/durable/layer.go:138.2,139.16 2 1
github.com/JailtonJunior94/ai-spec-harness/internal/runtime/memory/durable/layer.go:140.3,141.1 1 1
github.com/JailtonJunior94/ai-spec-harness/internal/runtime/memory/durable/layer.go:143.2,144.16 2 1
github.com/JailtonJunior94/ai-spec-harness/internal/runtime/memory/durable/layer.go:145.3,146.1 1 1
github.com/JailtonJunior94/ai-spec-harness/internal/runtime/memory/durable/layer.go:148.2,149.24 2 1
github.com/JailtonJunior94/ai-spec-harness/internal/runtime/memory/durable/layer.go:150.3,150.67 1 1
github.com/JailtonJunior94/ai-spec-harness/internal/runtime/memory/durable/layer.go:151.4,151.12 1 1
github.com/JailtonJunior94/ai-spec-harness/internal/runtime/memory/durable/layer.go:153.3,153.29 1 1
github.com/JailtonJunior94/ai-spec-harness/internal/runtime/memory/durable/layer.go:155.2,155.27 1 1
github.com/JailtonJunior94/ai-spec-harness/internal/runtime/memory/durable/layer.go:159.2,159.29 1 1
github.com/JailtonJunior94/ai-spec-harness/internal/runtime/memory/durable/layer.go:160.3,160.51 1 1
github.com/JailtonJunior94/ai-spec-harness/internal/runtime/memory/durable/layer.go:161.4,162.1 1 1
github.com/JailtonJunior94/ai-spec-harness/internal/runtime/memory/durable/layer.go:165.2,166.16 2 1
github.com/JailtonJunior94/ai-spec-harness/internal/runtime/memory/durable/layer.go:167.3,168.1 1 1
github.com/JailtonJunior94/ai-spec-harness/internal/runtime/memory/durable/layer.go:169.2,170.16 2 1
github.com/JailtonJunior94/ai-spec-harness/internal/runtime/memory/durable/layer.go:171.3,172.1 1 1
github.com/JailtonJunior94/ai-spec-harness/internal/runtime/memory/durable/layer.go:173.2,173.15 1 1
github.com/JailtonJunior94/ai-spec-harness/internal/runtime/memory/durable/layer.go:173.17,173.32 1 1
github.com/JailtonJunior94/ai-spec-harness/internal/runtime/memory/durable/layer.go:175.2,176.16 2 1
github.com/JailtonJunior94/ai-spec-harness/internal/runtime/memory/durable/layer.go:177.3,178.1 1 0
github.com/JailtonJunior94/ai-spec-harness/internal/runtime/memory/durable/layer.go:180.2,181.16 2 1
github.com/JailtonJunior94/ai-spec-harness/internal/runtime/memory/durable/layer.go:182.3,183.1 1 0
github.com/JailtonJunior94/ai-spec-harness/internal/runtime/memory/durable/layer.go:185.2,186.1 2 1
github.com/JailtonJunior94/ai-spec-harness/internal/runtime/memory/durable/layer.go:187.2,187.70 2 1
github.com/JailtonJunior94/ai-spec-harness/internal/runtime/memory/durable/layer.go:188.3,189.1 1 0
github.com/JailtonJunior94/ai-spec-harness/internal/runtime/memory/durable/layer.go:191.2,191.20 1 1
github.com/JailtonJunior94/ai-spec-harness/internal/runtime/memory/durable/layer.go:195.2,196.16 2 1
github.com/JailtonJunior94/ai-spec-harness/internal/runtime/memory/durable/layer.go:197.3,198.1 1 0
github.com/JailtonJunior94/ai-spec-harness/internal/runtime/memory/durable/layer.go:199.2,200.16 2 1
github.com/JailtonJunior94/ai-spec-harness/internal/runtime/memory/durable/layer.go:201.3,202.1 1 0
github.com/JailtonJunior94/ai-spec-harness/internal/runtime/memory/durable/layer.go:203.2,203.15 1 1
github.com/JailtonJunior94/ai-spec-harness/internal/runtime/memory/durable/layer.go:203.17,203.32 1 1
github.com/JailtonJunior94/ai-spec-harness/internal/runtime/memory/durable/layer.go:205.2,206.16 2 1
github.com/JailtonJunior94/ai-spec-harness/internal/runtime/memory/durable/layer.go:207.3,208.1 1 0
github.com/JailtonJunior94/ai-spec-harness/internal/runtime/memory/durable/layer.go:210.2,211.16 2 1
github.com/JailtonJunior94/ai-spec-harness/internal/runtime/memory/durable/layer.go:212.3,213.1 1 0
github.com/JailtonJunior94/ai-spec-harness/internal/runtime/memory/durable/layer.go:215.2,216.25 2 1
github.com/JailtonJunior94/ai-spec-harness/internal/runtime/memory/durable/layer.go:217.3,218.1 1 1
github.com/JailtonJunior94/ai-spec-harness/internal/runtime/memory/durable/layer.go:220.2,221.26 2 1
github.com/JailtonJunior94/ai-spec-harness/internal/runtime/memory/durable/layer.go:222.3,222.80 1 1
github.com/JailtonJunior94/ai-spec-harness/internal/runtime/memory/durable/layer.go:223.4,225.1 2 1
github.com/JailtonJunior94/ai-spec-harness/internal/runtime/memory/durable/layer.go:228.2,228.14 1 1
github.com/JailtonJunior94/ai-spec-harness/internal/runtime/memory/durable/layer.go:229.3,230.1 1 0
github.com/JailtonJunior94/ai-spec-harness/internal/runtime/memory/durable/layer.go:232.2,232.56 1 1
github.com/JailtonJunior94/ai-spec-harness/internal/runtime/memory/durable/layer.go:236.2,237.16 2 1
github.com/JailtonJunior94/ai-spec-harness/internal/runtime/memory/durable/layer.go:238.3,239.1 1 0
github.com/JailtonJunior94/ai-spec-harness/internal/runtime/memory/durable/layer.go:240.2,241.16 2 1
github.com/JailtonJunior94/ai-spec-harness/internal/runtime/memory/durable/layer.go:242.3,243.1 1 0
github.com/JailtonJunior94/ai-spec-harness/internal/runtime/memory/durable/layer.go:245.2,246.16 2 1
github.com/JailtonJunior94/ai-spec-harness/internal/runtime/memory/durable/layer.go:247.3,248.1 1 0
github.com/JailtonJunior94/ai-spec-harness/internal/runtime/memory/durable/layer.go:249.2,249.15 1 1
github.com/JailtonJunior94/ai-spec-harness/internal/runtime/memory/durable/layer.go:250.3,250.38 1 1
github.com/JailtonJunior94/ai-spec-harness/internal/runtime/memory/durable/layer.go:251.4,252.1 1 1
github.com/JailtonJunior94/ai-spec-harness/internal/runtime/memory/durable/layer.go:255.2,256.16 2 1
github.com/JailtonJunior94/ai-spec-harness/internal/runtime/memory/durable/layer.go:257.3,258.1 1 0
github.com/JailtonJunior94/ai-spec-harness/internal/runtime/memory/durable/layer.go:259.2,260.16 2 1
github.com/JailtonJunior94/ai-spec-harness/internal/runtime/memory/durable/layer.go:261.3,262.1 1 0
github.com/JailtonJunior94/ai-spec-harness/internal/runtime/memory/durable/layer.go:264.2,265.30 2 1
github.com/JailtonJunior94/ai-spec-harness/internal/runtime/memory/durable/layer.go:266.3,266.23 1 1
github.com/JailtonJunior94/ai-spec-harness/internal/runtime/memory/durable/layer.go:267.4,268.9 2 1
github.com/JailtonJunior94/ai-spec-harness/internal/runtime/memory/durable/layer.go:271.2,271.15 1 1
github.com/JailtonJunior94/ai-spec-harness/internal/runtime/memory/durable/layer.go:272.3,273.1 1 1
github.com/JailtonJunior94/ai-spec-harness/internal/runtime/memory/durable/layer.go:274.2,274.52 1 1
github.com/JailtonJunior94/ai-spec-harness/internal/runtime/memory/durable/layer.go:275.3,276.1 1 1
github.com/JailtonJunior94/ai-spec-harness/internal/runtime/memory/durable/layer.go:278.2,280.1 3 1
github.com/JailtonJunior94/ai-spec-harness/internal/runtime/memory/durable/layer.go:281.2,281.80 3 1
github.com/JailtonJunior94/ai-spec-harness/internal/runtime/memory/durable/layer.go:282.3,283.1 1 0
github.com/JailtonJunior94/ai-spec-harness/internal/runtime/memory/durable/layer.go:285.2,286.16 2 1
github.com/JailtonJunior94/ai-spec-harness/internal/runtime/memory/durable/layer.go:287.3,288.1 1 0
github.com/JailtonJunior94/ai-spec-harness/internal/runtime/memory/durable/layer.go:289.2,290.16 2 1
github.com/JailtonJunior94/ai-spec-harness/internal/runtime/memory/durable/layer.go:291.3,292.1 1 0
github.com/JailtonJunior94/ai-spec-harness/internal/runtime/memory/durable/layer.go:294.2,296.1 3 1
github.com/JailtonJunior94/ai-spec-harness/internal/runtime/memory/durable/layer.go:297.2,297.55 3 1
github.com/JailtonJunior94/ai-spec-harness/internal/runtime/memory/durable/layer.go:301.2,302.20 2 1
github.com/JailtonJunior94/ai-spec-harness/internal/runtime/memory/durable/layer.go:303.3,304.1 1 1
github.com/JailtonJunior94/ai-spec-harness/internal/runtime/memory/durable/layer.go:306.2,307.16 2 1
github.com/JailtonJunior94/ai-spec-harness/internal/runtime/memory/durable/layer.go:308.3,309.1 1 0
github.com/JailtonJunior94/ai-spec-harness/internal/runtime/memory/durable/layer.go:310.2,310.21 1 1
github.com/JailtonJunior94/ai-spec-harness/internal/runtime/memory/durable/layer.go:311.3,312.1 1 0
github.com/JailtonJunior94/ai-spec-harness/internal/runtime/memory/durable/layer.go:314.2,315.16 2 1
github.com/JailtonJunior94/ai-spec-harness/internal/runtime/memory/durable/layer.go:316.3,318.1 2 0
github.com/JailtonJunior94/ai-spec-harness/internal/runtime/memory/durable/layer.go:319.2,319.57 1 1
github.com/JailtonJunior94/ai-spec-harness/internal/runtime/memory/durable/layer.go:323.2,325.1 4 1
github.com/JailtonJunior94/ai-spec-harness/internal/runtime/memory/durable/layer.go:326.2,327.1 4 1
github.com/JailtonJunior94/ai-spec-harness/internal/runtime/memory/durable/layer.go:328.2,328.39 4 1
github.com/JailtonJunior94/ai-spec-harness/internal/runtime/memory/durable/layer.go:329.3,331.28 3 1
github.com/JailtonJunior94/ai-spec-harness/internal/runtime/memory/durable/layer.go:332.4,332.40 1 1
github.com/JailtonJunior94/ai-spec-harness/internal/runtime/memory/durable/layer.go:333.5,334.10 2 1
github.com/JailtonJunior94/ai-spec-harness/internal/runtime/memory/durable/layer.go:336.4,336.78 1 1
github.com/JailtonJunior94/ai-spec-harness/internal/runtime/memory/durable/layer.go:337.5,338.1 1 1
github.com/JailtonJunior94/ai-spec-harness/internal/runtime/memory/durable/layer.go:341.3,341.21 1 1
github.com/JailtonJunior94/ai-spec-harness/internal/runtime/memory/durable/layer.go:342.4,342.51 1 1
github.com/JailtonJunior94/ai-spec-harness/internal/runtime/memory/durable/layer.go:343.5,345.1 2 1
github.com/JailtonJunior94/ai-spec-harness/internal/runtime/memory/durable/layer.go:346.5,347.1 1 1
github.com/JailtonJunior94/ai-spec-harness/internal/runtime/memory/durable/layer.go:348.4,348.12 1 1
github.com/JailtonJunior94/ai-spec-harness/internal/runtime/memory/durable/layer.go:351.3,351.25 1 1
github.com/JailtonJunior94/ai-spec-harness/internal/runtime/memory/durable/layer.go:352.4,354.1 9 1
github.com/JailtonJunior94/ai-spec-harness/internal/runtime/memory/durable/layer.go:355.4,359.1 9 1
github.com/JailtonJunior94/ai-spec-harness/internal/runtime/memory/durable/layer.go:360.4,362.12 9 1
github.com/JailtonJunior94/ai-spec-harness/internal/runtime/memory/durable/layer.go:365.3,368.58 4 1
github.com/JailtonJunior94/ai-spec-harness/internal/runtime/memory/durable/layer.go:371.2,371.23 1 1
github.com/JailtonJunior94/ai-spec-harness/internal/runtime/memory/durable/layer.go:375.2,375.32 1 1
github.com/JailtonJunior94/ai-spec-harness/internal/runtime/memory/durable/layer.go:376.3,377.1 1 1
github.com/JailtonJunior94/ai-spec-harness/internal/runtime/memory/durable/layer.go:378.2,379.16 2 1
github.com/JailtonJunior94/ai-spec-harness/internal/runtime/memory/durable/layer.go:380.3,381.1 1 0
github.com/JailtonJunior94/ai-spec-harness/internal/runtime/memory/durable/layer.go:382.2,383.16 2 1
github.com/JailtonJunior94/ai-spec-harness/internal/runtime/memory/durable/layer.go:384.3,385.1 1 1
github.com/JailtonJunior94/ai-spec-harness/internal/runtime/memory/durable/layer.go:386.2,386.26 1 1
github.com/JailtonJunior94/ai-spec-harness/internal/runtime/memory/durable/layer.go:390.2,391.16 2 1
github.com/JailtonJunior94/ai-spec-harness/internal/runtime/memory/durable/layer.go:392.3,393.1 1 0
github.com/JailtonJunior94/ai-spec-harness/internal/runtime/memory/durable/layer.go:395.2,396.22 2 1
github.com/JailtonJunior94/ai-spec-harness/internal/runtime/memory/durable/layer.go:397.3,398.1 1 1
github.com/JailtonJunior94/ai-spec-harness/internal/runtime/memory/durable/layer.go:399.2,399.22 1 1
github.com/JailtonJunior94/ai-spec-harness/internal/runtime/memory/durable/layer.go:400.3,400.89 1 1
github.com/JailtonJunior94/ai-spec-harness/internal/runtime/memory/durable/layer.go:401.4,402.1 1 0
github.com/JailtonJunior94/ai-spec-harness/internal/runtime/memory/durable/layer.go:405.2,405.69 1 1
github.com/JailtonJunior94/ai-spec-harness/internal/runtime/memory/durable/layer.go:406.3,407.1 1 0
github.com/JailtonJunior94/ai-spec-harness/internal/runtime/memory/durable/layer.go:408.2,408.12 1 1
github.com/JailtonJunior94/ai-spec-harness/internal/runtime/memory/durable/layer_lock.go:10.2,11.1 1 1
github.com/JailtonJunior94/ai-spec-harness/internal/runtime/memory/durable/layer_lock_unix.go:13.2,14.16 2 1
github.com/JailtonJunior94/ai-spec-harness/internal/runtime/memory/durable/layer_lock_unix.go:15.3,16.1 1 0
github.com/JailtonJunior94/ai-spec-harness/internal/runtime/memory/durable/layer_lock_unix.go:17.2,17.84 1 1
github.com/JailtonJunior94/ai-spec-harness/internal/runtime/memory/durable/layer_lock_unix.go:18.3,19.76 2 0
github.com/JailtonJunior94/ai-spec-harness/internal/runtime/memory/durable/layer_lock_unix.go:20.4,21.1 1 0
github.com/JailtonJunior94/ai-spec-harness/internal/runtime/memory/durable/layer_lock_unix.go:22.3,22.65 1 0
github.com/JailtonJunior94/ai-spec-harness/internal/runtime/memory/durable/layer_lock_unix.go:24.2,24.22 1 1
github.com/JailtonJunior94/ai-spec-harness/internal/runtime/memory/durable/layer_lock_unix.go:25.3,25.69 1 1
github.com/JailtonJunior94/ai-spec-harness/internal/runtime/memory/durable/layer_lock_unix.go:26.4,28.1 2 0
github.com/JailtonJunior94/ai-spec-harness/internal/runtime/memory/durable/layer_lock_unix.go:29.3,29.35 1 1
github.com/JailtonJunior94/ai-spec-harness/internal/runtime/memory/durable/layer_lock_unix.go:30.4,31.1 1 0
github.com/JailtonJunior94/ai-spec-harness/internal/runtime/memory/durable/layer_lock_unix.go:32.3,32.13 1 1
github.com/JailtonJunior94/ai-spec-harness/internal/runtime/memory/durable/lease_policy.go:17.2,17.20 1 1
github.com/JailtonJunior94/ai-spec-harness/internal/runtime/memory/durable/lease_policy.go:18.3,19.1 1 0
github.com/JailtonJunior94/ai-spec-harness/internal/runtime/memory/durable/lease_policy.go:20.2,20.16 1 1
github.com/JailtonJunior94/ai-spec-harness/internal/runtime/memory/durable/lease_policy.go:24.2,24.14 1 1
github.com/JailtonJunior94/ai-spec-harness/internal/runtime/memory/durable/lease_policy.go:25.3,26.1 1 1
github.com/JailtonJunior94/ai-spec-harness/internal/runtime/memory/durable/lease_policy.go:27.2,27.12 1 0
github.com/JailtonJunior94/ai-spec-harness/internal/runtime/memory/durable/lease_policy.go:31.2,32.1 2 1
github.com/JailtonJunior94/ai-spec-harness/internal/runtime/memory/durable/lease_policy.go:33.2,33.20 2 1
github.com/JailtonJunior94/ai-spec-harness/internal/runtime/memory/durable/lease_policy.go:34.3,37.1 3 1
github.com/JailtonJunior94/ai-spec-harness/internal/runtime/memory/durable/lease_policy.go:39.2,39.34 1 1
github.com/JailtonJunior94/ai-spec-harness/internal/runtime/memory/durable/lease_policy.go:40.3,48.1 3 1
github.com/JailtonJunior94/ai-spec-harness/internal/runtime/memory/durable/lease_policy.go:49.3,50.1 3 1
github.com/JailtonJunior94/ai-spec-harness/internal/runtime/memory/durable/lease_policy.go:52.2,53.42 2 1
github.com/JailtonJunior94/ai-spec-harness/internal/runtime/memory/durable/lease_policy.go:54.3,62.1 3 1
github.com/JailtonJunior94/ai-spec-harness/internal/runtime/memory/durable/lease_policy.go:63.3,64.1 3 1
github.com/JailtonJunior94/ai-spec-harness/internal/runtime/memory/durable/lease_policy.go:66.2,72.1 3 1
github.com/JailtonJunior94/ai-spec-harness/internal/runtime/memory/durable/lease_policy.go:73.2,74.30 3 1
github.com/JailtonJunior94/ai-spec-harness/internal/runtime/memory/durable/lease_policy.go:78.2,78.28 1 1
github.com/JailtonJunior94/ai-spec-harness/internal/runtime/memory/durable/lease_policy.go:79.3,85.1 3 1
github.com/JailtonJunior94/ai-spec-harness/internal/runtime/memory/durable/lease_policy.go:86.3,88.1 3 1
github.com/JailtonJunior94/ai-spec-harness/internal/runtime/memory/durable/lease_policy.go:90.2,98.1 4 1
github.com/JailtonJunior94/ai-spec-harness/internal/runtime/memory/durable/lease_policy.go:99.2,99.27 4 1
github.com/JailtonJunior94/ai-spec-harness/internal/runtime/memory/durable/liveness.go:15.2,20.1 2 1
github.com/JailtonJunior94/ai-spec-harness/internal/runtime/memory/durable/liveness.go:35.2,36.1 1 1
github.com/JailtonJunior94/ai-spec-harness/internal/runtime/memory/durable/page.go:49.2,50.1 1 1
github.com/JailtonJunior94/ai-spec-harness/internal/runtime/memory/durable/page.go:53.2,54.1 3 1
github.com/JailtonJunior94/ai-spec-harness/internal/runtime/memory/durable/page.go:55.2,56.77 3 1
github.com/JailtonJunior94/ai-spec-harness/internal/runtime/memory/durable/page.go:57.3,58.68 2 1
github.com/JailtonJunior94/ai-spec-harness/internal/runtime/memory/durable/page.go:59.4,60.1 1 1
github.com/JailtonJunior94/ai-spec-harness/internal/runtime/memory/durable/page.go:61.3,61.25 1 1
github.com/JailtonJunior94/ai-spec-harness/internal/runtime/memory/durable/page.go:64.2,65.1 5 1
github.com/JailtonJunior94/ai-spec-harness/internal/runtime/memory/durable/page.go:66.2,68.1 5 1
github.com/JailtonJunior94/ai-spec-harness/internal/runtime/memory/durable/page.go:69.2,70.28 5 1
github.com/JailtonJunior94/ai-spec-harness/internal/runtime/memory/durable/page.go:71.3,72.1 5 1
github.com/JailtonJunior94/ai-spec-harness/internal/runtime/memory/durable/page.go:73.3,75.1 5 1
github.com/JailtonJunior94/ai-spec-harness/internal/runtime/memory/durable/page.go:76.3,77.70 5 1
github.com/JailtonJunior94/ai-spec-harness/internal/runtime/memory/durable/page.go:78.4,79.1 1 1
github.com/JailtonJunior94/ai-spec-harness/internal/runtime/memory/durable/page.go:81.3,92.1 2 1
github.com/JailtonJunior94/ai-spec-harness/internal/runtime/memory/durable/page.go:93.3,93.16 2 1
github.com/JailtonJunior94/ai-spec-harness/internal/runtime/memory/durable/page.go:95.2,96.1 2 1
github.com/JailtonJunior94/ai-spec-harness/internal/runtime/memory/durable/page.go:97.2,97.72 2 1
github.com/JailtonJunior94/ai-spec-harness/internal/runtime/memory/durable/page.go:101.2,102.26 2 1
github.com/JailtonJunior94/ai-spec-harness/internal/runtime/memory/durable/page.go:103.3,103.49 1 1
github.com/JailtonJunior94/ai-spec-harness/internal/runtime/memory/durable/page.go:104.4,105.1 1 1
github.com/JailtonJunior94/ai-spec-harness/internal/runtime/memory/durable/page.go:108.2,109.1 3 1
github.com/JailtonJunior94/ai-spec-harness/internal/runtime/memory/durable/page.go:110.2,111.31 3 1
github.com/JailtonJunior94/ai-spec-harness/internal/runtime/memory/durable/page.go:112.3,113.1 1 1
github.com/JailtonJunior94/ai-spec-harness/internal/runtime/memory/durable/page.go:114.2,115.16 2 1
github.com/JailtonJunior94/ai-spec-harness/internal/runtime/memory/durable/page.go:116.3,117.1 1 0
github.com/JailtonJunior94/ai-spec-harness/internal/runtime/memory/durable/page.go:118.2,121.1 6 1
github.com/JailtonJunior94/ai-spec-harness/internal/runtime/memory/durable/page.go:122.2,123.1 6 1
github.com/JailtonJunior94/ai-spec-harness/internal/runtime/memory/durable/page.go:124.2,125.20 6 1
github.com/JailtonJunior94/ai-spec-harness/internal/runtime/memory/durable/page.go:126.3,127.1 1 1
github.com/JailtonJunior94/ai-spec-harness/internal/runtime/memory/durable/page.go:129.2,129.26 1 1
github.com/JailtonJunior94/ai-spec-harness/internal/runtime/memory/durable/page.go:130.3,137.1 3 1
github.com/JailtonJunior94/ai-spec-harness/internal/runtime/memory/durable/page.go:138.3,139.17 3 1
github.com/JailtonJunior94/ai-spec-harness/internal/runtime/memory/durable/page.go:140.4,141.1 1 0
github.com/JailtonJunior94/ai-spec-harness/internal/runtime/memory/durable/page.go:142.3,148.25 7 1
github.com/JailtonJunior94/ai-spec-harness/internal/runtime/memory/durable/page.go:151.2,152.1 3 1
github.com/JailtonJunior94/ai-spec-harness/internal/runtime/memory/durable/page.go:153.2,154.16 3 1
github.com/JailtonJunior94/ai-spec-harness/internal/runtime/memory/durable/page.go:155.3,156.1 1 0
github.com/JailtonJunior94/ai-spec-harness/internal/runtime/memory/durable/page.go:158.2,159.20 2 1
github.com/JailtonJunior94/ai-spec-harness/internal/runtime/memory/durable/page.go:160.3,161.1 1 1
github.com/JailtonJunior94/ai-spec-harness/internal/runtime/memory/durable/page.go:162.2,162.46 1 1
github.com/JailtonJunior94/ai-spec-harness/internal/runtime/memory/durable/page.go:163.3,164.1 1 0
github.com/JailtonJunior94/ai-spec-harness/internal/runtime/memory/durable/page.go:166.2,166.20 1 1
github.com/JailtonJunior94/ai-spec-harness/internal/runtime/memory/durable/process_unix.go:12.2,12.18 1 1
github.com/JailtonJunior94/ai-spec-harness/internal/runtime/memory/durable/process_unix.go:13.3,14.1 1 0
github.com/JailtonJunior94/ai-spec-harness/internal/runtime/memory/durable/process_unix.go:16.2,17.68 2 1
github.com/JailtonJunior94/ai-spec-harness/internal/runtime/memory/durable/process_unix.go:18.3,19.1 1 1
github.com/JailtonJunior94/ai-spec-harness/internal/runtime/memory/durable/process_unix.go:21.2,22.9 2 1
github.com/JailtonJunior94/ai-spec-harness/internal/runtime/memory/durable/process_unix.go:24.3,24.53 1 1
github.com/JailtonJunior94/ai-spec-harness/internal/runtime/memory/durable/process_unix.go:26.3,26.53 1 0
github.com/JailtonJunior94/ai-spec-harness/internal/runtime/memory/durable/process_unix.go:28.3,28.54 1 1
github.com/JailtonJunior94/ai-spec-harness/internal/runtime/memory/durable/process_unix.go:30.3,30.55 1 0
github.com/JailtonJunior94/ai-spec-harness/internal/runtime/memory/durable/r1_catalog.go:6.2,7.1 1 1
github.com/JailtonJunior94/ai-spec-harness/internal/runtime/memory/durable/relevance_policy.go:10.2,12.1 3 1
github.com/JailtonJunior94/ai-spec-harness/internal/runtime/memory/durable/relevance_policy.go:13.2,13.47 3 1
github.com/JailtonJunior94/ai-spec-harness/internal/runtime/memory/durable/relevance_policy.go:14.3,15.1 1 1
github.com/JailtonJunior94/ai-spec-harness/internal/runtime/memory/durable/relevance_policy.go:17.2,17.15 1 1
github.com/JailtonJunior94/ai-spec-harness/internal/runtime/memory/durable/relevance_policy.go:21.2,23.22 3 1
github.com/JailtonJunior94/ai-spec-harness/internal/runtime/memory/durable/relevance_policy.go:24.3,25.1 1 1
github.com/JailtonJunior94/ai-spec-harness/internal/runtime/memory/durable/relevance_policy.go:26.2,26.40 1 1
github.com/JailtonJunior94/ai-spec-harness/internal/runtime/memory/durable/relevance_policy.go:30.2,31.1 2 1
github.com/JailtonJunior94/ai-spec-harness/internal/runtime/memory/durable/relevance_policy.go:32.2,32.53 2 1
github.com/JailtonJunior94/ai-spec-harness/internal/runtime/memory/durable/relevance_policy.go:33.3,34.1 1 1
github.com/JailtonJunior94/ai-spec-harness/internal/runtime/memory/durable/relevance_policy.go:36.2,37.66 2 1
github.com/JailtonJunior94/ai-spec-harness/internal/runtime/memory/durable/relevance_policy.go:38.3,38.16 1 1
github.com/JailtonJunior94/ai-spec-harness/internal/runtime/memory/durable/relevance_policy.go:40.4,40.15 1 1
github.com/JailtonJunior94/ai-spec-harness/internal/runtime/memory/durable/relevance_policy.go:42.4,42.14 1 1
github.com/JailtonJunior94/ai-spec-harness/internal/runtime/memory/durable/relevance_policy.go:44.4,44.14 1 1
github.com/JailtonJunior94/ai-spec-harness/internal/runtime/memory/durable/relevance_policy.go:48.2,48.38 1 1
github.com/JailtonJunior94/ai-spec-harness/internal/runtime/memory/durable/relevance_policy.go:49.3,50.1 1 1
github.com/JailtonJunior94/ai-spec-harness/internal/runtime/memory/durable/relevance_policy.go:52.2,52.14 1 1
github.com/JailtonJunior94/ai-spec-harness/internal/runtime/memory/durable/sanitization_policy.go:15.2,16.16 2 1
github.com/JailtonJunior94/ai-spec-harness/internal/runtime/memory/durable/sanitization_policy.go:17.3,18.1 1 0
github.com/JailtonJunior94/ai-spec-harness/internal/runtime/memory/durable/sanitization_policy.go:19.2,19.64 1 1
github.com/JailtonJunior94/ai-spec-harness/internal/runtime/memory/durable/sanitization_policy.go:69.2,71.1 3 1
github.com/JailtonJunior94/ai-spec-harness/internal/runtime/memory/durable/sanitization_policy.go:72.2,72.41 3 1
github.com/JailtonJunior94/ai-spec-harness/internal/runtime/memory/durable/sanitization_policy.go:73.3,74.1 1 1
github.com/JailtonJunior94/ai-spec-harness/internal/runtime/memory/durable/sanitization_policy.go:76.2,76.26 1 1
github.com/JailtonJunior94/ai-spec-harness/internal/runtime/memory/durable/sanitization_policy.go:77.3,78.1 1 1
github.com/JailtonJunior94/ai-spec-harness/internal/runtime/memory/durable/sanitization_policy.go:80.2,81.40 2 1
github.com/JailtonJunior94/ai-spec-harness/internal/runtime/memory/durable/sanitization_policy.go:82.3,83.1 1 1
github.com/JailtonJunior94/ai-spec-harness/internal/runtime/memory/durable/sanitization_policy.go:85.2,85.76 1 1
github.com/JailtonJunior94/ai-spec-harness/internal/runtime/memory/durable/sanitization_policy.go:89.2,93.1 4 1
github.com/JailtonJunior94/ai-spec-harness/internal/runtime/memory/durable/sanitization_policy.go:96.2,97.23 2 1
github.com/JailtonJunior94/ai-spec-harness/internal/runtime/memory/durable/sanitization_policy.go:98.3,99.1 1 1
github.com/JailtonJunior94/ai-spec-harness/internal/runtime/memory/durable/sanitization_policy.go:101.2,103.28 3 1
github.com/JailtonJunior94/ai-spec-harness/internal/runtime/memory/durable/sanitization_policy.go:104.3,110.1 6 1
github.com/JailtonJunior94/ai-spec-harness/internal/runtime/memory/durable/sanitization_policy.go:111.2,112.1 2 1
github.com/JailtonJunior94/ai-spec-harness/internal/runtime/memory/durable/sanitization_policy.go:113.2,113.31 2 1
github.com/JailtonJunior94/ai-spec-harness/internal/runtime/memory/durable/search_policy.go:13.2,14.18 2 1
github.com/JailtonJunior94/ai-spec-harness/internal/runtime/memory/durable/search_policy.go:15.3,16.1 1 1
github.com/JailtonJunior94/ai-spec-harness/internal/runtime/memory/durable/search_policy.go:17.2,18.26 2 1
github.com/JailtonJunior94/ai-spec-harness/internal/runtime/memory/durable/search_policy.go:19.3,20.70 1 1
github.com/JailtonJunior94/ai-spec-harness/internal/runtime/memory/durable/search_policy.go:21.4,22.1 1 1
github.com/JailtonJunior94/ai-spec-harness/internal/runtime/memory/durable/search_policy.go:24.2,24.26 1 1
github.com/JailtonJunior94/ai-spec-harness/internal/runtime/memory/durable/search_policy.go:28.2,29.18 2 1
github.com/JailtonJunior94/ai-spec-harness/internal/runtime/memory/durable/search_policy.go:30.3,31.1 1 1
github.com/JailtonJunior94/ai-spec-harness/internal/runtime/memory/durable/search_policy.go:32.2,33.26 2 1
github.com/JailtonJunior94/ai-spec-harness/internal/runtime/memory/durable/search_policy.go:34.3,37.60 1 1
github.com/JailtonJunior94/ai-spec-harness/internal/runtime/memory/durable/search_policy.go:38.4,39.1 1 1
github.com/JailtonJunior94/ai-spec-harness/internal/runtime/memory/durable/search_policy.go:41.2,41.26 1 1
github.com/JailtonJunior94/ai-spec-harness/internal/runtime/memory/durable/search_policy.go:45.2,45.46 1 1
github.com/JailtonJunior94/ai-spec-harness/internal/runtime/memory/durable/search_policy.go:46.3,47.1 1 1
github.com/JailtonJunior94/ai-spec-harness/internal/runtime/memory/durable/search_policy.go:48.2,48.14 1 1
github.com/JailtonJunior94/ai-spec-harness/internal/runtime/probe/lookpath.go:18.2,19.1 1 0
github.com/JailtonJunior94/ai-spec-harness/internal/runtime/probe/lookpath.go:22.2,23.1 1 0
github.com/JailtonJunior94/ai-spec-harness/internal/runtime/probe/probe.go:20.2,21.16 2 1
github.com/JailtonJunior94/ai-spec-harness/internal/runtime/probe/probe.go:22.3,23.1 1 1
github.com/JailtonJunior94/ai-spec-harness/internal/runtime/probe/probe.go:24.2,24.30 1 1
github.com/JailtonJunior94/ai-spec-harness/internal/runtime/probe/probe.go:31.2,35.1 1 1
github.com/JailtonJunior94/ai-spec-harness/internal/runtime/probe/probe.go:56.2,56.34 1 1
github.com/JailtonJunior94/ai-spec-harness/internal/runtime/probe/probe.go:57.3,58.1 1 1
github.com/JailtonJunior94/ai-spec-harness/internal/runtime/probe/probe.go:60.2,62.9 3 1
github.com/JailtonJunior94/ai-spec-harness/internal/runtime/probe/probe.go:63.3,64.1 1 0
github.com/JailtonJunior94/ai-spec-harness/internal/runtime/probe/probe.go:66.2,66.19 1 1
github.com/JailtonJunior94/ai-spec-harness/internal/runtime/probe/probe.go:67.3,68.1 1 1
github.com/JailtonJunior94/ai-spec-harness/internal/runtime/probe/probe.go:70.2,70.26 1 1
github.com/JailtonJunior94/ai-spec-harness/internal/runtime/probe/probe.go:80.2,80.58 1 1
github.com/JailtonJunior94/ai-spec-harness/internal/runtime/probe/probe.go:81.3,82.1 1 1
github.com/JailtonJunior94/ai-spec-harness/internal/runtime/probe/probe.go:87.2,87.36 1 1
github.com/JailtonJunior94/ai-spec-harness/internal/runtime/probe/probe.go:88.3,88.57 1 1
github.com/JailtonJunior94/ai-spec-harness/internal/runtime/probe/probe.go:89.4,90.1 1 1
github.com/JailtonJunior94/ai-spec-harness/internal/runtime/probe/probe.go:95.2,96.9 2 1
github.com/JailtonJunior94/ai-spec-harness/internal/runtime/probe/probe.go:97.3,98.1 1 1
github.com/JailtonJunior94/ai-spec-harness/internal/runtime/probe/probe.go:99.2,100.76 2 1
github.com/JailtonJunior94/ai-spec-harness/internal/runtime/probe/probe.go:106.2,106.37 1 1
github.com/JailtonJunior94/ai-spec-harness/internal/runtime/probe/probe.go:107.3,109.1 2 1
github.com/JailtonJunior94/ai-spec-harness/internal/runtime/probe/r1_catalog.go:7.2,8.1 1 1
github.com/JailtonJunior94/ai-spec-harness/internal/runtime/render/human.go:21.2,22.1 1 1
github.com/JailtonJunior94/ai-spec-harness/internal/runtime/render/human.go:27.2,27.20 1 1
github.com/JailtonJunior94/ai-spec-harness/internal/runtime/render/human.go:29.3,29.40 1 1
github.com/JailtonJunior94/ai-spec-harness/internal/runtime/render/human.go:30.4,31.1 1 1
github.com/JailtonJunior94/ai-spec-harness/internal/runtime/render/human.go:34.3,34.40 1 1
github.com/JailtonJunior94/ai-spec-harness/internal/runtime/render/human.go:35.4,36.1 1 1
github.com/JailtonJunior94/ai-spec-harness/internal/runtime/render/human.go:39.3,39.41 1 1
github.com/JailtonJunior94/ai-spec-harness/internal/runtime/render/human.go:40.4,41.1 1 1
github.com/JailtonJunior94/ai-spec-harness/internal/runtime/render/human.go:44.3,44.55 1 1
github.com/JailtonJunior94/ai-spec-harness/internal/runtime/render/human.go:45.4,46.1 1 1
github.com/JailtonJunior94/ai-spec-harness/internal/runtime/render/human.go:49.10,49.10 0 1
github.com/JailtonJunior94/ai-spec-harness/internal/scaffold/scaffold.go:19.2,20.1 1 1
github.com/JailtonJunior94/ai-spec-harness/internal/scaffold/scaffold.go:24.2,27.1 5 1
github.com/JailtonJunior94/ai-spec-harness/internal/scaffold/scaffold.go:28.2,29.1 5 1
github.com/JailtonJunior94/ai-spec-harness/internal/scaffold/scaffold.go:31.2,31.64 5 1
github.com/JailtonJunior94/ai-spec-harness/internal/scaffold/scaffold.go:32.3,33.1 1 0
github.com/JailtonJunior94/ai-spec-harness/internal/scaffold/scaffold.go:35.2,77.1 2 1
github.com/JailtonJunior94/ai-spec-harness/internal/scaffold/scaffold.go:78.2,78.83 2 1
github.com/JailtonJunior94/ai-spec-harness/internal/scaffold/scaffold.go:79.3,80.1 1 0
github.com/JailtonJunior94/ai-spec-harness/internal/scaffold/scaffold.go:83.2,88.1 2 1
github.com/JailtonJunior94/ai-spec-harness/internal/scaffold/scaffold.go:90.2,90.27 2 1
github.com/JailtonJunior94/ai-spec-harness/internal/scaffold/scaffold.go:91.3,106.92 4 1
github.com/JailtonJunior94/ai-spec-harness/internal/scaffold/scaffold.go:107.4,108.1 1 0
github.com/JailtonJunior94/ai-spec-harness/internal/scaffold/scaffold.go:111.2,120.1 10 1
github.com/JailtonJunior94/ai-spec-harness/internal/scaffold/scaffold.go:121.2,121.12 10 1
github.com/JailtonJunior94/ai-spec-harness/internal/scaffold/scaffold.go:125.2,126.39 2 1
github.com/JailtonJunior94/ai-spec-harness/internal/scaffold/scaffold.go:127.3,127.49 1 1
github.com/JailtonJunior94/ai-spec-harness/internal/scaffold/scaffold.go:128.4,130.1 2 1
github.com/JailtonJunior94/ai-spec-harness/internal/scaffold/scaffold.go:131.3,132.11 2 1
github.com/JailtonJunior94/ai-spec-harness/internal/sdd/tasks/parser.go:43.2,44.1 1 1
github.com/JailtonJunior94/ai-spec-harness/internal/sdd/tasks/parser.go:48.2,49.1 1 1
github.com/JailtonJunior94/ai-spec-harness/internal/sdd/tasks/parser.go:53.2,54.16 2 1
github.com/JailtonJunior94/ai-spec-harness/internal/sdd/tasks/parser.go:55.3,56.1 1 1
github.com/JailtonJunior94/ai-spec-harness/internal/sdd/tasks/parser.go:57.2,58.16 2 1
github.com/JailtonJunior94/ai-spec-harness/internal/sdd/tasks/parser.go:59.3,60.1 1 1
github.com/JailtonJunior94/ai-spec-harness/internal/sdd/tasks/parser.go:61.2,62.16 2 1
github.com/JailtonJunior94/ai-spec-harness/internal/sdd/tasks/parser.go:63.3,64.1 1 0
github.com/JailtonJunior94/ai-spec-harness/internal/sdd/tasks/parser.go:65.2,66.53 2 1
github.com/JailtonJunior94/ai-spec-harness/internal/sdd/tasks/parser.go:67.3,68.1 1 1
github.com/JailtonJunior94/ai-spec-harness/internal/sdd/tasks/parser.go:69.2,69.22 1 1
github.com/JailtonJunior94/ai-spec-harness/internal/sdd/tasks/parser.go:73.2,75.26 3 1
github.com/JailtonJunior94/ai-spec-harness/internal/sdd/tasks/parser.go:76.3,77.1 1 1
github.com/JailtonJunior94/ai-spec-harness/internal/sdd/tasks/parser.go:78.2,80.60 3 1
github.com/JailtonJunior94/ai-spec-harness/internal/sdd/tasks/parser.go:81.3,82.39 2 1
github.com/JailtonJunior94/ai-spec-harness/internal/sdd/tasks/parser.go:83.4,83.12 1 1
github.com/JailtonJunior94/ai-spec-harness/internal/sdd/tasks/parser.go:85.3,87.55 3 1
github.com/JailtonJunior94/ai-spec-harness/internal/sdd/tasks/parser.go:88.4,89.1 1 0
github.com/JailtonJunior94/ai-spec-harness/internal/sdd/tasks/parser.go:90.3,90.42 1 1
github.com/JailtonJunior94/ai-spec-harness/internal/sdd/tasks/parser.go:91.4,92.1 1 0
github.com/JailtonJunior94/ai-spec-harness/internal/sdd/tasks/parser.go:93.3,94.42 2 1
github.com/JailtonJunior94/ai-spec-harness/internal/sdd/tasks/parser.go:96.2,96.28 1 1
github.com/JailtonJunior94/ai-spec-harness/internal/sdd/tasks/parser.go:97.3,98.1 1 0
github.com/JailtonJunior94/ai-spec-harness/internal/sdd/tasks/parser.go:99.2,99.26 1 1
github.com/JailtonJunior94/ai-spec-harness/internal/sdd/tasks/parser.go:103.2,104.19 2 1
github.com/JailtonJunior94/ai-spec-harness/internal/sdd/tasks/parser.go:105.3,106.1 1 1
github.com/JailtonJunior94/ai-spec-harness/internal/sdd/tasks/parser.go:107.2,107.19 1 1
github.com/JailtonJunior94/ai-spec-harness/internal/sdd/tasks/parser.go:108.3,109.1 1 1
github.com/JailtonJunior94/ai-spec-harness/internal/sdd/tasks/parser.go:110.2,112.9 3 1
github.com/JailtonJunior94/ai-spec-harness/internal/sdd/tasks/parser.go:113.3,114.1 1 0
github.com/JailtonJunior94/ai-spec-harness/internal/sdd/tasks/parser.go:115.2,119.1 7 1
github.com/JailtonJunior94/ai-spec-harness/internal/sdd/tasks/parser.go:120.2,122.31 7 1
github.com/JailtonJunior94/ai-spec-harness/internal/sdd/tasks/parser.go:123.3,124.30 2 1
github.com/JailtonJunior94/ai-spec-harness/internal/sdd/tasks/parser.go:125.4,126.1 1 0
github.com/JailtonJunior94/ai-spec-harness/internal/sdd/tasks/parser.go:127.3,128.38 2 1
github.com/JailtonJunior94/ai-spec-harness/internal/sdd/tasks/parser.go:129.4,130.1 1 0
github.com/JailtonJunior94/ai-spec-harness/internal/sdd/tasks/parser.go:131.3,131.42 1 1
github.com/JailtonJunior94/ai-spec-harness/internal/sdd/tasks/parser.go:132.4,133.1 1 0
github.com/JailtonJunior94/ai-spec-harness/internal/sdd/tasks/parser.go:134.3,136.53 3 1
github.com/JailtonJunior94/ai-spec-harness/internal/sdd/tasks/parser.go:137.4,138.1 1 1
github.com/JailtonJunior94/ai-spec-harness/internal/sdd/tasks/parser.go:139.3,139.49 1 1
github.com/JailtonJunior94/ai-spec-harness/internal/sdd/tasks/parser.go:140.4,141.1 1 1
github.com/JailtonJunior94/ai-spec-harness/internal/sdd/tasks/parser.go:142.3,142.59 1 1
github.com/JailtonJunior94/ai-spec-harness/internal/sdd/tasks/parser.go:143.4,144.1 1 1
github.com/JailtonJunior94/ai-spec-harness/internal/sdd/tasks/parser.go:145.3,145.57 1 1
github.com/JailtonJunior94/ai-spec-harness/internal/sdd/tasks/parser.go:146.4,147.1 1 1
github.com/JailtonJunior94/ai-spec-harness/internal/sdd/tasks/parser.go:148.3,148.30 1 1
github.com/JailtonJunior94/ai-spec-harness/internal/sdd/tasks/parser.go:150.2,150.19 1 1
github.com/JailtonJunior94/ai-spec-harness/internal/sdd/tasks/parser.go:154.2,157.29 4 1
github.com/JailtonJunior94/ai-spec-harness/internal/sdd/tasks/parser.go:158.3,159.38 2 1
github.com/JailtonJunior94/ai-spec-harness/internal/sdd/tasks/parser.go:160.4,162.12 3 1
github.com/JailtonJunior94/ai-spec-harness/internal/sdd/tasks/parser.go:164.3,164.14 1 1
github.com/JailtonJunior94/ai-spec-harness/internal/sdd/tasks/parser.go:165.4,165.9 1 1
github.com/JailtonJunior94/ai-spec-harness/internal/sdd/tasks/parser.go:168.2,168.15 1 1
github.com/JailtonJunior94/ai-spec-harness/internal/sdd/tasks/parser.go:172.2,173.19 2 1
github.com/JailtonJunior94/ai-spec-harness/internal/sdd/tasks/parser.go:174.3,175.1 1 0
github.com/JailtonJunior94/ai-spec-harness/internal/sdd/tasks/parser.go:176.2,178.9 3 1
github.com/JailtonJunior94/ai-spec-harness/internal/sdd/tasks/parser.go:179.3,180.1 1 0
github.com/JailtonJunior94/ai-spec-harness/internal/sdd/tasks/parser.go:181.2,182.27 2 1
github.com/JailtonJunior94/ai-spec-harness/internal/sdd/tasks/parser.go:183.3,184.1 1 0
github.com/JailtonJunior94/ai-spec-harness/internal/sdd/tasks/parser.go:185.2,186.31 2 1
github.com/JailtonJunior94/ai-spec-harness/internal/sdd/tasks/parser.go:187.3,188.69 2 1
github.com/JailtonJunior94/ai-spec-harness/internal/sdd/tasks/parser.go:189.4,190.1 1 0
github.com/JailtonJunior94/ai-spec-harness/internal/sdd/tasks/parser.go:191.3,192.38 2 1
github.com/JailtonJunior94/ai-spec-harness/internal/sdd/tasks/parser.go:193.4,194.1 1 0
github.com/JailtonJunior94/ai-spec-harness/internal/sdd/tasks/parser.go:195.3,195.46 1 1
github.com/JailtonJunior94/ai-spec-harness/internal/sdd/tasks/parser.go:196.4,197.1 1 0
github.com/JailtonJunior94/ai-spec-harness/internal/sdd/tasks/parser.go:198.3,198.58 1 1
github.com/JailtonJunior94/ai-spec-harness/internal/sdd/tasks/parser.go:200.2,200.22 1 1
github.com/JailtonJunior94/ai-spec-harness/internal/sdd/tasks/parser.go:204.2,205.38 2 1
github.com/JailtonJunior94/ai-spec-harness/internal/sdd/tasks/parser.go:206.3,207.1 1 1
github.com/JailtonJunior94/ai-spec-harness/internal/sdd/tasks/parser.go:208.2,209.52 2 1
github.com/JailtonJunior94/ai-spec-harness/internal/sdd/tasks/parser.go:210.3,211.1 1 1
github.com/JailtonJunior94/ai-spec-harness/internal/sdd/tasks/parser.go:212.2,213.60 2 1
github.com/JailtonJunior94/ai-spec-harness/internal/sdd/tasks/parser.go:214.3,214.46 1 1
github.com/JailtonJunior94/ai-spec-harness/internal/sdd/tasks/parser.go:215.4,216.1 1 0
github.com/JailtonJunior94/ai-spec-harness/internal/sdd/tasks/parser.go:217.3,217.35 1 1
github.com/JailtonJunior94/ai-spec-harness/internal/sdd/tasks/parser.go:218.4,219.1 1 0
github.com/JailtonJunior94/ai-spec-harness/internal/sdd/tasks/parser.go:220.3,220.50 1 1
github.com/JailtonJunior94/ai-spec-harness/internal/sdd/tasks/parser.go:221.4,222.55 2 1
github.com/JailtonJunior94/ai-spec-harness/internal/sdd/tasks/parser.go:223.5,224.1 1 0
github.com/JailtonJunior94/ai-spec-harness/internal/sdd/tasks/parser.go:225.4,225.37 1 1
github.com/JailtonJunior94/ai-spec-harness/internal/sdd/tasks/parser.go:228.2,228.52 1 1
github.com/JailtonJunior94/ai-spec-harness/internal/sdd/tasks/parser.go:229.3,229.49 1 1
github.com/JailtonJunior94/ai-spec-harness/internal/sdd/tasks/parser.go:230.4,231.1 1 1
github.com/JailtonJunior94/ai-spec-harness/internal/sdd/tasks/parser.go:233.2,233.66 1 1
github.com/JailtonJunior94/ai-spec-harness/internal/sdd/tasks/parser.go:234.3,235.1 1 1
github.com/JailtonJunior94/ai-spec-harness/internal/sdd/tasks/parser.go:236.2,236.44 1 1
github.com/JailtonJunior94/ai-spec-harness/internal/sdd/tasks/parser.go:240.2,242.32 3 1
github.com/JailtonJunior94/ai-spec-harness/internal/sdd/tasks/parser.go:243.3,243.20 1 1
github.com/JailtonJunior94/ai-spec-harness/internal/sdd/tasks/parser.go:245.4,245.78 1 1
github.com/JailtonJunior94/ai-spec-harness/internal/sdd/tasks/parser.go:247.4,247.14 1 1
github.com/JailtonJunior94/ai-spec-harness/internal/sdd/tasks/parser.go:249.3,250.53 2 1
github.com/JailtonJunior94/ai-spec-harness/internal/sdd/tasks/parser.go:251.4,251.48 1 1
github.com/JailtonJunior94/ai-spec-harness/internal/sdd/tasks/parser.go:252.5,252.21 1 1
github.com/JailtonJunior94/ai-spec-harness/internal/sdd/tasks/parser.go:253.6,254.1 1 1
github.com/JailtonJunior94/ai-spec-harness/internal/sdd/tasks/parser.go:255.5,256.19 2 1
github.com/JailtonJunior94/ai-spec-harness/internal/sdd/tasks/parser.go:257.6,258.1 1 0
github.com/JailtonJunior94/ai-spec-harness/internal/sdd/tasks/parser.go:259.5,259.111 1 1
github.com/JailtonJunior94/ai-spec-harness/internal/sdd/tasks/parser.go:260.6,261.1 1 1
github.com/JailtonJunior94/ai-spec-harness/internal/sdd/tasks/parser.go:262.5,262.13 1 1
github.com/JailtonJunior94/ai-spec-harness/internal/sdd/tasks/parser.go:264.4,264.47 1 1
github.com/JailtonJunior94/ai-spec-harness/internal/sdd/tasks/parser.go:265.5,266.1 1 0
github.com/JailtonJunior94/ai-spec-harness/internal/sdd/tasks/parser.go:267.4,267.47 1 1
github.com/JailtonJunior94/ai-spec-harness/internal/sdd/tasks/parser.go:268.5,269.1 1 1
github.com/JailtonJunior94/ai-spec-harness/internal/sdd/tasks/parser.go:270.4,270.44 1 1
github.com/JailtonJunior94/ai-spec-harness/internal/sdd/tasks/parser.go:271.5,272.1 1 1
github.com/JailtonJunior94/ai-spec-harness/internal/sdd/tasks/parser.go:274.3,275.13 2 1
github.com/JailtonJunior94/ai-spec-harness/internal/sdd/tasks/parser.go:277.2,278.24 2 1
github.com/JailtonJunior94/ai-spec-harness/internal/sdd/tasks/parser.go:279.3,280.1 1 1
github.com/JailtonJunior94/ai-spec-harness/internal/sdd/tasks/parser.go:281.2,282.25 2 1
github.com/JailtonJunior94/ai-spec-harness/internal/sdd/tasks/parser.go:283.3,283.35 1 1
github.com/JailtonJunior94/ai-spec-harness/internal/sdd/tasks/parser.go:284.4,285.1 1 1
github.com/JailtonJunior94/ai-spec-harness/internal/sdd/tasks/parser.go:287.2,287.12 1 1
github.com/JailtonJunior94/ai-spec-harness/internal/sdd/tasks/parser.go:303.2,306.1 3 1
github.com/JailtonJunior94/ai-spec-harness/internal/sdd/tasks/parser.go:309.2,310.16 2 1
github.com/JailtonJunior94/ai-spec-harness/internal/sdd/tasks/parser.go:311.3,312.1 1 0
github.com/JailtonJunior94/ai-spec-harness/internal/sdd/tasks/parser.go:313.2,314.16 2 1
github.com/JailtonJunior94/ai-spec-harness/internal/sdd/tasks/parser.go:315.3,316.1 1 1
github.com/JailtonJunior94/ai-spec-harness/internal/sdd/tasks/parser.go:317.2,320.16 4 1
github.com/JailtonJunior94/ai-spec-harness/internal/sdd/tasks/parser.go:321.3,322.1 1 1
github.com/JailtonJunior94/ai-spec-harness/internal/sdd/tasks/parser.go:323.2,324.84 2 1
github.com/JailtonJunior94/ai-spec-harness/internal/sdd/tasks/parser.go:325.3,326.1 1 0
github.com/JailtonJunior94/ai-spec-harness/internal/sdd/tasks/parser.go:327.2,328.76 2 1
github.com/JailtonJunior94/ai-spec-harness/internal/sdd/tasks/parser.go:329.3,330.1 1 0
github.com/JailtonJunior94/ai-spec-harness/internal/sdd/tasks/parser.go:331.2,332.16 2 1
github.com/JailtonJunior94/ai-spec-harness/internal/sdd/tasks/parser.go:333.3,334.1 1 0
github.com/JailtonJunior94/ai-spec-harness/internal/sdd/tasks/parser.go:335.2,336.54 2 1
github.com/JailtonJunior94/ai-spec-harness/internal/sdd/tasks/parser.go:337.3,338.1 1 1
github.com/JailtonJunior94/ai-spec-harness/internal/sdd/tasks/parser.go:339.2,340.38 2 1
github.com/JailtonJunior94/ai-spec-harness/internal/sdd/tasks/parser.go:341.3,342.1 1 1
github.com/JailtonJunior94/ai-spec-harness/internal/sdd/tasks/parser.go:343.2,343.47 1 1
github.com/JailtonJunior94/ai-spec-harness/internal/sdd/tasks/parser.go:344.3,344.47 1 1
github.com/JailtonJunior94/ai-spec-harness/internal/sdd/tasks/parser.go:345.4,345.81 1 1
github.com/JailtonJunior94/ai-spec-harness/internal/sdd/tasks/parser.go:346.5,347.1 1 1
github.com/JailtonJunior94/ai-spec-harness/internal/sdd/tasks/parser.go:348.4,348.12 1 0
github.com/JailtonJunior94/ai-spec-harness/internal/sdd/tasks/parser.go:350.3,350.74 1 0
github.com/JailtonJunior94/ai-spec-harness/internal/sdd/tasks/parser.go:351.4,352.1 1 0
github.com/JailtonJunior94/ai-spec-harness/internal/sdd/tasks/parser.go:353.3,353.77 1 0
github.com/JailtonJunior94/ai-spec-harness/internal/sdd/tasks/parser.go:354.4,355.1 1 0
github.com/JailtonJunior94/ai-spec-harness/internal/sdd/tasks/parser.go:357.2,357.12 1 1
github.com/JailtonJunior94/ai-spec-harness/internal/sdd/tasks/parser.go:361.2,362.29 2 1
github.com/JailtonJunior94/ai-spec-harness/internal/sdd/tasks/parser.go:363.3,363.48 1 1
github.com/JailtonJunior94/ai-spec-harness/internal/sdd/tasks/parser.go:364.4,365.1 1 1
github.com/JailtonJunior94/ai-spec-harness/internal/sdd/tasks/parser.go:366.3,366.44 1 1
github.com/JailtonJunior94/ai-spec-harness/internal/sdd/tasks/parser.go:367.4,368.123 2 1
github.com/JailtonJunior94/ai-spec-harness/internal/sdd/tasks/parser.go:369.5,370.1 1 1
github.com/JailtonJunior94/ai-spec-harness/internal/sdd/tasks/parser.go:371.4,371.36 1 1
github.com/JailtonJunior94/ai-spec-harness/internal/sdd/tasks/parser.go:372.5,372.52 1 1
github.com/JailtonJunior94/ai-spec-harness/internal/sdd/tasks/parser.go:373.6,374.1 1 1
github.com/JailtonJunior94/ai-spec-harness/internal/sdd/tasks/parser.go:376.4,376.27 1 1
github.com/JailtonJunior94/ai-spec-harness/internal/sdd/tasks/parser.go:379.2,379.12 1 1
github.com/JailtonJunior94/ai-spec-harness/internal/sdd/tasks/parser.go:383.2,384.1 1 1
github.com/JailtonJunior94/ai-spec-harness/internal/sdd/tasks/parser.go:387.2,390.29 4 1
github.com/JailtonJunior94/ai-spec-harness/internal/sdd/tasks/parser.go:391.3,392.40 2 1
github.com/JailtonJunior94/ai-spec-harness/internal/sdd/tasks/parser.go:393.4,393.17 1 1
github.com/JailtonJunior94/ai-spec-harness/internal/sdd/tasks/parser.go:394.5,394.10 1 1
github.com/JailtonJunior94/ai-spec-harness/internal/sdd/tasks/parser.go:396.4,397.12 2 1
github.com/JailtonJunior94/ai-spec-harness/internal/sdd/tasks/parser.go:399.3,399.16 1 1
github.com/JailtonJunior94/ai-spec-harness/internal/sdd/tasks/parser.go:400.4,401.1 1 1
github.com/JailtonJunior94/ai-spec-harness/internal/sdd/tasks/parser.go:403.2,403.15 1 1
github.com/JailtonJunior94/ai-spec-harness/internal/sdd/tasks/parser.go:407.2,409.29 3 1
github.com/JailtonJunior94/ai-spec-harness/internal/sdd/tasks/parser.go:410.3,410.54 1 1
github.com/JailtonJunior94/ai-spec-harness/internal/sdd/tasks/parser.go:411.4,412.1 1 1
github.com/JailtonJunior94/ai-spec-harness/internal/sdd/tasks/parser.go:414.2,414.15 1 1
github.com/JailtonJunior94/ai-spec-harness/internal/sdd/tasks/parser.go:418.2,420.37 3 1
github.com/JailtonJunior94/ai-spec-harness/internal/sdd/tasks/parser.go:421.3,422.1 1 1
github.com/JailtonJunior94/ai-spec-harness/internal/sdd/tasks/parser.go:423.2,423.16 1 1
github.com/JailtonJunior94/ai-spec-harness/internal/sdd/tasks/parser.go:427.2,428.20 2 1
github.com/JailtonJunior94/ai-spec-harness/internal/sdd/tasks/parser.go:429.3,430.1 1 0
github.com/JailtonJunior94/ai-spec-harness/internal/sdd/tasks/parser.go:431.2,431.32 1 1
github.com/JailtonJunior94/ai-spec-harness/internal/sdd/tasks/parser.go:435.2,435.29 1 1
github.com/JailtonJunior94/ai-spec-harness/internal/sdd/tasks/parser.go:436.3,436.45 1 1
github.com/JailtonJunior94/ai-spec-harness/internal/sdd/tasks/parser.go:437.4,438.1 1 1
github.com/JailtonJunior94/ai-spec-harness/internal/sdd/tasks/parser.go:440.2,440.11 1 0
github.com/JailtonJunior94/ai-spec-harness/internal/sdd/tasks/parser.go:444.2,445.82 2 1
github.com/JailtonJunior94/ai-spec-harness/internal/sdd/tasks/parser.go:446.3,447.1 1 1
github.com/JailtonJunior94/ai-spec-harness/internal/sdd/tasks/parser.go:448.2,450.29 3 1
github.com/JailtonJunior94/ai-spec-harness/internal/sdd/tasks/parser.go:451.3,451.52 1 1
github.com/JailtonJunior94/ai-spec-harness/internal/sdd/tasks/parser.go:452.4,453.1 1 1
github.com/JailtonJunior94/ai-spec-harness/internal/sdd/tasks/parser.go:455.2,455.15 1 1
github.com/JailtonJunior94/ai-spec-harness/internal/sdd/tasks/parser.go:459.2,461.1 2 1
github.com/JailtonJunior94/ai-spec-harness/internal/sdd/result_schema.go:41.2,42.1 1 1
github.com/JailtonJunior94/ai-spec-harness/internal/sdd/result_schema.go:45.2,46.1 1 1
github.com/JailtonJunior94/ai-spec-harness/internal/sdd/result_schema.go:53.2,54.1 1 1
github.com/JailtonJunior94/ai-spec-harness/internal/sdd/result_schema.go:58.2,58.76 1 1
github.com/JailtonJunior94/ai-spec-harness/internal/sdd/result_schema.go:59.3,60.1 1 1
github.com/JailtonJunior94/ai-spec-harness/internal/sdd/result_schema.go:61.2,62.57 2 1
github.com/JailtonJunior94/ai-spec-harness/internal/sdd/result_schema.go:63.3,64.1 1 0
github.com/JailtonJunior94/ai-spec-harness/internal/sdd/result_schema.go:65.2,65.82 1 1
github.com/JailtonJunior94/ai-spec-harness/internal/sdd/result_schema.go:66.3,67.1 1 1
github.com/JailtonJunior94/ai-spec-harness/internal/sdd/result_schema.go:68.2,68.27 1 1
github.com/JailtonJunior94/ai-spec-harness/internal/sdd/result_schema.go:69.3,69.65 1 1
github.com/JailtonJunior94/ai-spec-harness/internal/sdd/result_schema.go:70.4,71.1 1 0
github.com/JailtonJunior94/ai-spec-harness/internal/sdd/result_schema.go:73.2,73.20 1 1
github.com/JailtonJunior94/ai-spec-harness/internal/sdd/result_schema.go:80.2,81.16 2 1
github.com/JailtonJunior94/ai-spec-harness/internal/sdd/result_schema.go:82.3,83.1 1 0
github.com/JailtonJunior94/ai-spec-harness/internal/sdd/result_schema.go:84.2,84.20 1 1
github.com/JailtonJunior94/ai-spec-harness/internal/sdd/result_schema.go:89.2,89.73 1 1
github.com/JailtonJunior94/ai-spec-harness/internal/sdd/result_schema.go:90.3,91.1 1 0
github.com/JailtonJunior94/ai-spec-harness/internal/sdd/result_schema.go:92.2,93.57 2 1
github.com/JailtonJunior94/ai-spec-harness/internal/sdd/result_schema.go:94.3,95.1 1 0
github.com/JailtonJunior94/ai-spec-harness/internal/sdd/result_schema.go:96.2,96.82 1 1
github.com/JailtonJunior94/ai-spec-harness/internal/sdd/result_schema.go:97.3,98.1 1 0
github.com/JailtonJunior94/ai-spec-harness/internal/sdd/result_schema.go:99.2,99.20 1 1
github.com/JailtonJunior94/ai-spec-harness/internal/sdd/result_schema.go:103.2,103.32 1 1
github.com/JailtonJunior94/ai-spec-harness/internal/sdd/result_schema.go:104.3,104.54 1 1
github.com/JailtonJunior94/ai-spec-harness/internal/sdd/result_schema.go:105.4,106.1 1 1
github.com/JailtonJunior94/ai-spec-harness/internal/sdd/result_schema.go:108.2,108.37 1 1
github.com/JailtonJunior94/ai-spec-harness/internal/sdd/result_schema.go:109.3,109.71 1 1
github.com/JailtonJunior94/ai-spec-harness/internal/sdd/result_schema.go:110.4,111.1 1 0
github.com/JailtonJunior94/ai-spec-harness/internal/sdd/result_schema.go:113.2,113.12 1 1
github.com/JailtonJunior94/ai-spec-harness/internal/sdd/result_schema.go:117.2,122.54 3 1
github.com/JailtonJunior94/ai-spec-harness/internal/sdd/result_schema.go:123.3,124.1 1 1
github.com/JailtonJunior94/ai-spec-harness/internal/sdd/result_schema.go:125.2,125.57 1 1
github.com/JailtonJunior94/ai-spec-harness/internal/sdd/result_schema.go:126.3,126.22 1 1
github.com/JailtonJunior94/ai-spec-harness/internal/sdd/result_schema.go:127.4,128.1 1 0
github.com/JailtonJunior94/ai-spec-harness/internal/sdd/result_schema.go:130.2,130.12 1 1
github.com/JailtonJunior94/ai-spec-harness/internal/sdd/result_schema.go:134.2,135.16 2 1
github.com/JailtonJunior94/ai-spec-harness/internal/sdd/result_schema.go:136.3,137.1 1 0
github.com/JailtonJunior94/ai-spec-harness/internal/sdd/result_schema.go:138.2,139.16 2 1
github.com/JailtonJunior94/ai-spec-harness/internal/sdd/result_schema.go:140.3,141.1 1 0
github.com/JailtonJunior94/ai-spec-harness/internal/sdd/result_schema.go:142.2,142.49 1 1
github.com/JailtonJunior94/ai-spec-harness/internal/sdd/result_schema.go:143.3,144.1 1 1
github.com/JailtonJunior94/ai-spec-harness/internal/sdd/result_schema.go:145.2,145.12 1 1
github.com/JailtonJunior94/ai-spec-harness/internal/sdd/result_schema.go:149.2,150.16 2 1
github.com/JailtonJunior94/ai-spec-harness/internal/sdd/result_schema.go:151.3,152.1 1 0
github.com/JailtonJunior94/ai-spec-harness/internal/sdd/result_schema.go:153.2,154.55 2 1
github.com/JailtonJunior94/ai-spec-harness/internal/sdd/result_schema.go:155.3,156.1 1 0
github.com/JailtonJunior94/ai-spec-harness/internal/sdd/result_schema.go:157.2,158.16 2 1
github.com/JailtonJunior94/ai-spec-harness/internal/sdd/result_schema.go:159.3,160.1 1 0
github.com/JailtonJunior94/ai-spec-harness/internal/sdd/result_schema.go:161.2,161.20 1 1
github.com/JailtonJunior94/ai-spec-harness/internal/sdd/result_schema.go:165.2,165.66 1 1
github.com/JailtonJunior94/ai-spec-harness/internal/sdd/result_schema.go:166.3,167.1 1 1
github.com/JailtonJunior94/ai-spec-harness/internal/sdd/result_schema.go:168.2,168.55 1 0
github.com/JailtonJunior94/ai-spec-harness/internal/sdd/state.go:148.2,149.1 1 1
github.com/JailtonJunior94/ai-spec-harness/internal/sdd/state.go:152.2,153.1 1 1
github.com/JailtonJunior94/ai-spec-harness/internal/sdd/state.go:156.2,157.16 2 1
github.com/JailtonJunior94/ai-spec-harness/internal/sdd/state.go:158.3,159.1 1 0
github.com/JailtonJunior94/ai-spec-harness/internal/sdd/state.go:160.2,161.53 2 1
github.com/JailtonJunior94/ai-spec-harness/internal/sdd/state.go:162.3,163.1 1 0
github.com/JailtonJunior94/ai-spec-harness/internal/sdd/state.go:164.2,164.42 1 1
github.com/JailtonJunior94/ai-spec-harness/internal/sdd/state.go:165.3,166.1 1 0
github.com/JailtonJunior94/ai-spec-harness/internal/sdd/state.go:167.2,167.19 1 1
github.com/JailtonJunior94/ai-spec-harness/internal/sdd/state.go:171.2,171.36 1 1
github.com/JailtonJunior94/ai-spec-harness/internal/sdd/state.go:172.3,173.1 1 0
github.com/JailtonJunior94/ai-spec-harness/internal/sdd/state.go:174.2,186.1 3 1
github.com/JailtonJunior94/ai-spec-harness/internal/sdd/state.go:187.2,188.46 3 1
github.com/JailtonJunior94/ai-spec-harness/internal/sdd/state.go:189.3,190.1 1 0
github.com/JailtonJunior94/ai-spec-harness/internal/sdd/state.go:191.2,191.19 1 1
github.com/JailtonJunior94/ai-spec-harness/internal/sdd/state.go:196.2,196.48 1 1
github.com/JailtonJunior94/ai-spec-harness/internal/sdd/state.go:197.3,198.1 1 0
github.com/JailtonJunior94/ai-spec-harness/internal/sdd/state.go:199.2,201.47 3 1
github.com/JailtonJunior94/ai-spec-harness/internal/sdd/state.go:202.3,203.1 1 0
github.com/JailtonJunior94/ai-spec-harness/internal/sdd/state.go:204.2,205.20 2 1
github.com/JailtonJunior94/ai-spec-harness/internal/sdd/state.go:206.3,207.1 1 1
github.com/JailtonJunior94/ai-spec-harness/internal/sdd/state.go:208.2,217.1 2 1
github.com/JailtonJunior94/ai-spec-harness/internal/sdd/state.go:218.2,218.84 2 1
github.com/JailtonJunior94/ai-spec-harness/internal/sdd/state.go:219.3,220.17 2 1
github.com/JailtonJunior94/ai-spec-harness/internal/sdd/state.go:221.4,222.1 1 0
github.com/JailtonJunior94/ai-spec-harness/internal/sdd/state.go:223.3,224.17 2 1
github.com/JailtonJunior94/ai-spec-harness/internal/sdd/state.go:225.4,226.1 1 0
github.com/JailtonJunior94/ai-spec-harness/internal/sdd/state.go:227.3,227.100 1 1
github.com/JailtonJunior94/ai-spec-harness/internal/sdd/state.go:229.2,229.67 1 1
github.com/JailtonJunior94/ai-spec-harness/internal/sdd/state.go:230.3,231.1 1 0
github.com/JailtonJunior94/ai-spec-harness/internal/sdd/state.go:232.2,233.42 2 1
github.com/JailtonJunior94/ai-spec-harness/internal/sdd/state.go:234.3,235.1 1 0
github.com/JailtonJunior94/ai-spec-harness/internal/sdd/state.go:236.2,236.12 1 1
github.com/JailtonJunior94/ai-spec-harness/internal/sdd/state.go:237.3,238.1 1 1
github.com/JailtonJunior94/ai-spec-harness/internal/sdd/state.go:239.2,239.23 1 1
github.com/JailtonJunior94/ai-spec-harness/internal/sdd/state.go:240.3,240.86 1 1
github.com/JailtonJunior94/ai-spec-harness/internal/sdd/state.go:241.4,242.1 1 0
github.com/JailtonJunior94/ai-spec-harness/internal/sdd/state.go:244.2,244.46 1 1
github.com/JailtonJunior94/ai-spec-harness/internal/sdd/state.go:245.3,246.1 1 0
github.com/JailtonJunior94/ai-spec-harness/internal/sdd/state.go:247.2,247.19 1 1
github.com/JailtonJunior94/ai-spec-harness/internal/sdd/state.go:252.2,253.16 2 1
github.com/JailtonJunior94/ai-spec-harness/internal/sdd/state.go:254.3,255.1 1 0
github.com/JailtonJunior94/ai-spec-harness/internal/sdd/state.go:256.2,256.62 1 1
github.com/JailtonJunior94/ai-spec-harness/internal/sdd/state.go:257.3,258.1 1 1
github.com/JailtonJunior94/ai-spec-harness/internal/sdd/state.go:259.2,259.55 1 1
github.com/JailtonJunior94/ai-spec-harness/internal/sdd/state.go:260.3,261.1 1 0
github.com/JailtonJunior94/ai-spec-harness/internal/sdd/state.go:262.2,262.37 1 1
github.com/JailtonJunior94/ai-spec-harness/internal/sdd/state.go:263.3,264.64 2 1
github.com/JailtonJunior94/ai-spec-harness/internal/sdd/state.go:265.4,266.1 1 0
github.com/JailtonJunior94/ai-spec-harness/internal/sdd/state.go:268.2,268.12 1 1
github.com/JailtonJunior94/ai-spec-harness/internal/sdd/state.go:272.2,273.16 2 1
github.com/JailtonJunior94/ai-spec-harness/internal/sdd/state.go:274.3,275.1 1 0
github.com/JailtonJunior94/ai-spec-harness/internal/sdd/state.go:276.2,277.47 2 1
github.com/JailtonJunior94/ai-spec-harness/internal/sdd/state.go:278.3,279.1 1 0
github.com/JailtonJunior94/ai-spec-harness/internal/sdd/state.go:280.2,280.36 1 1
github.com/JailtonJunior94/ai-spec-harness/internal/sdd/state.go:281.3,282.1 1 0
github.com/JailtonJunior94/ai-spec-harness/internal/sdd/state.go:283.2,283.12 1 1
github.com/JailtonJunior94/ai-spec-harness/internal/sdd/state.go:287.2,287.42 1 1
github.com/JailtonJunior94/ai-spec-harness/internal/sdd/state.go:288.3,289.1 1 0
github.com/JailtonJunior94/ai-spec-harness/internal/sdd/state.go:290.2,291.16 2 1
github.com/JailtonJunior94/ai-spec-harness/internal/sdd/state.go:292.3,293.1 1 0
github.com/JailtonJunior94/ai-spec-harness/internal/sdd/state.go:294.2,296.63 3 1
github.com/JailtonJunior94/ai-spec-harness/internal/sdd/state.go:297.3,298.1 1 0
github.com/JailtonJunior94/ai-spec-harness/internal/sdd/state.go:299.2,300.16 2 1
github.com/JailtonJunior94/ai-spec-harness/internal/sdd/state.go:301.3,302.1 1 0
github.com/JailtonJunior94/ai-spec-harness/internal/sdd/state.go:303.2,304.15 2 1
github.com/JailtonJunior94/ai-spec-harness/internal/sdd/state.go:305.3,306.1 1 1
github.com/JailtonJunior94/ai-spec-harness/internal/sdd/state.go:307.2,307.43 1 1
github.com/JailtonJunior94/ai-spec-harness/internal/sdd/state.go:308.3,310.1 2 0
github.com/JailtonJunior94/ai-spec-harness/internal/sdd/state.go:311.2,311.35 1 1
github.com/JailtonJunior94/ai-spec-harness/internal/sdd/state.go:312.3,314.1 2 0
github.com/JailtonJunior94/ai-spec-harness/internal/sdd/state.go:315.2,315.36 1 1
github.com/JailtonJunior94/ai-spec-harness/internal/sdd/state.go:316.3,317.1 1 0
github.com/JailtonJunior94/ai-spec-harness/internal/sdd/state.go:318.2,318.49 1 1
github.com/JailtonJunior94/ai-spec-harness/internal/sdd/state.go:319.3,320.1 1 0
github.com/JailtonJunior94/ai-spec-harness/internal/sdd/state.go:321.2,321.12 1 1
github.com/JailtonJunior94/ai-spec-harness/internal/sdd/state.go:325.2,326.16 2 1
github.com/JailtonJunior94/ai-spec-harness/internal/sdd/state.go:327.3,328.1 1 0
github.com/JailtonJunior94/ai-spec-harness/internal/sdd/state.go:329.2,329.68 1 1
github.com/JailtonJunior94/ai-spec-harness/internal/sdd/state.go:330.3,331.1 1 1
github.com/JailtonJunior94/ai-spec-harness/internal/sdd/state.go:332.2,333.16 2 1
github.com/JailtonJunior94/ai-spec-harness/internal/sdd/state.go:334.3,335.1 1 0
github.com/JailtonJunior94/ai-spec-harness/internal/sdd/state.go:336.2,337.16 2 1
github.com/JailtonJunior94/ai-spec-harness/internal/sdd/state.go:338.3,339.1 1 0
github.com/JailtonJunior94/ai-spec-harness/internal/sdd/state.go:340.2,345.31 6 1
github.com/JailtonJunior94/ai-spec-harness/internal/sdd/state.go:346.3,346.68 1 1
github.com/JailtonJunior94/ai-spec-harness/internal/sdd/state.go:347.4,348.1 1 1
github.com/JailtonJunior94/ai-spec-harness/internal/sdd/state.go:350.2,351.46 2 1
github.com/JailtonJunior94/ai-spec-harness/internal/sdd/state.go:352.3,353.1 1 0
github.com/JailtonJunior94/ai-spec-harness/internal/sdd/state.go:354.2,354.19 1 1
github.com/JailtonJunior94/ai-spec-harness/internal/sdd/state.go:358.2,359.16 2 1
github.com/JailtonJunior94/ai-spec-harness/internal/sdd/state.go:360.3,361.1 1 0
github.com/JailtonJunior94/ai-spec-harness/internal/sdd/state.go:362.2,363.26 2 1
github.com/JailtonJunior94/ai-spec-harness/internal/sdd/state.go:364.3,365.1 1 1
github.com/JailtonJunior94/ai-spec-harness/internal/sdd/state.go:366.2,366.38 1 1
github.com/JailtonJunior94/ai-spec-harness/internal/sdd/state.go:367.3,368.22 2 1
github.com/JailtonJunior94/ai-spec-harness/internal/sdd/state.go:369.4,369.12 1 0
github.com/JailtonJunior94/ai-spec-harness/internal/sdd/state.go:371.3,373.36 3 1
github.com/JailtonJunior94/ai-spec-harness/internal/sdd/state.go:375.2,376.46 2 1
github.com/JailtonJunior94/ai-spec-harness/internal/sdd/state.go:377.3,378.1 1 0
github.com/JailtonJunior94/ai-spec-harness/internal/sdd/state.go:379.2,379.19 1 1
github.com/JailtonJunior94/ai-spec-harness/internal/sdd/state.go:383.2,383.82 1 1
github.com/JailtonJunior94/ai-spec-harness/internal/sdd/state.go:384.3,385.1 1 0
github.com/JailtonJunior94/ai-spec-harness/internal/sdd/state.go:386.2,386.84 1 1
github.com/JailtonJunior94/ai-spec-harness/internal/sdd/state.go:387.3,388.42 2 1
github.com/JailtonJunior94/ai-spec-harness/internal/sdd/state.go:389.4,390.1 1 0
github.com/JailtonJunior94/ai-spec-harness/internal/sdd/state.go:391.3,391.57 1 1
github.com/JailtonJunior94/ai-spec-harness/internal/sdd/state.go:392.4,393.1 1 1
github.com/JailtonJunior94/ai-spec-harness/internal/sdd/state.go:394.3,394.95 1 1
github.com/JailtonJunior94/ai-spec-harness/internal/sdd/state.go:395.4,396.1 1 1
github.com/JailtonJunior94/ai-spec-harness/internal/sdd/state.go:397.3,397.57 1 1
github.com/JailtonJunior94/ai-spec-harness/internal/sdd/state.go:398.4,399.1 1 1
github.com/JailtonJunior94/ai-spec-harness/internal/sdd/state.go:401.2,401.45 1 1
github.com/JailtonJunior94/ai-spec-harness/internal/sdd/state.go:402.3,403.96 1 1
github.com/JailtonJunior94/ai-spec-harness/internal/sdd/state.go:404.4,405.1 1 0
github.com/JailtonJunior94/ai-spec-harness/internal/sdd/state.go:407.2,407.36 1 1
github.com/JailtonJunior94/ai-spec-harness/internal/sdd/state.go:408.3,408.63 1 1
github.com/JailtonJunior94/ai-spec-harness/internal/sdd/state.go:409.4,410.1 1 0
github.com/JailtonJunior94/ai-spec-harness/internal/sdd/state.go:411.3,411.83 1 1
github.com/JailtonJunior94/ai-spec-harness/internal/sdd/state.go:412.4,413.1 1 0
github.com/JailtonJunior94/ai-spec-harness/internal/sdd/state.go:414.3,414.63 1 1
github.com/JailtonJunior94/ai-spec-harness/internal/sdd/state.go:415.4,416.1 1 0
github.com/JailtonJunior94/ai-spec-harness/internal/sdd/state.go:418.2,418.12 1 1
github.com/JailtonJunior94/ai-spec-harness/internal/sdd/state.go:423.2,424.16 2 1
github.com/JailtonJunior94/ai-spec-harness/internal/sdd/state.go:425.3,426.1 1 0
github.com/JailtonJunior94/ai-spec-harness/internal/sdd/state.go:427.2,427.84 1 1
github.com/JailtonJunior94/ai-spec-harness/internal/sdd/state.go:428.3,429.22 2 1
github.com/JailtonJunior94/ai-spec-harness/internal/sdd/state.go:430.4,430.12 1 0
github.com/JailtonJunior94/ai-spec-harness/internal/sdd/state.go:432.3,433.21 2 1
github.com/JailtonJunior94/ai-spec-harness/internal/sdd/state.go:434.4,435.1 1 0
github.com/JailtonJunior94/ai-spec-harness/internal/sdd/state.go:436.3,437.23 2 1
github.com/JailtonJunior94/ai-spec-harness/internal/sdd/state.go:438.4,439.1 1 0
github.com/JailtonJunior94/ai-spec-harness/internal/sdd/state.go:440.3,440.29 1 1
github.com/JailtonJunior94/ai-spec-harness/internal/sdd/state.go:441.4,442.1 1 1
github.com/JailtonJunior94/ai-spec-harness/internal/sdd/state.go:444.2,445.70 2 1
github.com/JailtonJunior94/ai-spec-harness/internal/sdd/state.go:446.3,447.1 1 0
github.com/JailtonJunior94/ai-spec-harness/internal/sdd/state.go:448.2,448.67 1 1
github.com/JailtonJunior94/ai-spec-harness/internal/sdd/state.go:449.3,450.1 1 0
github.com/JailtonJunior94/ai-spec-harness/internal/sdd/state.go:451.2,452.16 2 1
github.com/JailtonJunior94/ai-spec-harness/internal/sdd/state.go:453.3,454.1 1 0
github.com/JailtonJunior94/ai-spec-harness/internal/sdd/state.go:455.2,455.47 1 1
github.com/JailtonJunior94/ai-spec-harness/internal/sdd/state.go:456.3,456.76 1 0
github.com/JailtonJunior94/ai-spec-harness/internal/sdd/state.go:457.4,458.1 1 0
github.com/JailtonJunior94/ai-spec-harness/internal/sdd/state.go:460.2,460.19 1 1
github.com/JailtonJunior94/ai-spec-harness/internal/sdd/state.go:465.2,465.110 1 1
github.com/JailtonJunior94/ai-spec-harness/internal/sdd/state.go:466.3,467.1 1 0
github.com/JailtonJunior94/ai-spec-harness/internal/sdd/state.go:468.2,468.170 1 1
github.com/JailtonJunior94/ai-spec-harness/internal/sdd/state.go:469.3,470.1 1 0
github.com/JailtonJunior94/ai-spec-harness/internal/sdd/state.go:471.2,471.33 1 1
github.com/JailtonJunior94/ai-spec-harness/internal/sdd/state.go:472.3,473.1 1 0
github.com/JailtonJunior94/ai-spec-harness/internal/sdd/state.go:474.2,474.118 1 1
github.com/JailtonJunior94/ai-spec-harness/internal/sdd/state.go:475.3,476.1 1 1
github.com/JailtonJunior94/ai-spec-harness/internal/sdd/state.go:477.2,477.115 1 1
github.com/JailtonJunior94/ai-spec-harness/internal/sdd/state.go:478.3,479.1 1 0
github.com/JailtonJunior94/ai-spec-harness/internal/sdd/state.go:480.2,480.46 1 1
github.com/JailtonJunior94/ai-spec-harness/internal/sdd/state.go:481.3,482.1 1 0
github.com/JailtonJunior94/ai-spec-harness/internal/sdd/state.go:483.2,483.37 1 1
github.com/JailtonJunior94/ai-spec-harness/internal/sdd/state.go:484.3,484.93 1 1
github.com/JailtonJunior94/ai-spec-harness/internal/sdd/state.go:485.4,486.1 1 0
github.com/JailtonJunior94/ai-spec-harness/internal/sdd/state.go:488.2,488.44 1 1
github.com/JailtonJunior94/ai-spec-harness/internal/sdd/state.go:489.3,489.56 1 1
github.com/JailtonJunior94/ai-spec-harness/internal/sdd/state.go:490.4,491.1 1 0
github.com/JailtonJunior94/ai-spec-harness/internal/sdd/state.go:493.2,493.40 1 1
github.com/JailtonJunior94/ai-spec-harness/internal/sdd/state.go:494.3,495.1 1 0
github.com/JailtonJunior94/ai-spec-harness/internal/sdd/state.go:496.2,496.12 1 1
github.com/JailtonJunior94/ai-spec-harness/internal/sdd/state.go:500.2,501.16 2 1
github.com/JailtonJunior94/ai-spec-harness/internal/sdd/state.go:502.3,503.1 1 0
github.com/JailtonJunior94/ai-spec-harness/internal/sdd/state.go:504.2,505.16 2 1
github.com/JailtonJunior94/ai-spec-harness/internal/sdd/state.go:506.3,507.1 1 0
github.com/JailtonJunior94/ai-spec-harness/internal/sdd/state.go:508.2,509.16 2 1
github.com/JailtonJunior94/ai-spec-harness/internal/sdd/state.go:510.3,511.1 1 0
github.com/JailtonJunior94/ai-spec-harness/internal/sdd/state.go:513.2,514.43 2 1
github.com/JailtonJunior94/ai-spec-harness/internal/sdd/state.go:515.3,516.36 2 1
github.com/JailtonJunior94/ai-spec-harness/internal/sdd/state.go:517.4,518.1 1 1
github.com/JailtonJunior94/ai-spec-harness/internal/sdd/state.go:519.3,519.88 1 1
github.com/JailtonJunior94/ai-spec-harness/internal/sdd/state.go:521.2,524.44 4 1
github.com/JailtonJunior94/ai-spec-harness/internal/sdd/state.go:525.3,527.27 3 1
github.com/JailtonJunior94/ai-spec-harness/internal/sdd/state.go:528.4,529.28 2 1
github.com/JailtonJunior94/ai-spec-harness/internal/sdd/state.go:530.5,531.1 1 1
github.com/JailtonJunior94/ai-spec-harness/internal/sdd/state.go:532.4,534.64 3 1
github.com/JailtonJunior94/ai-spec-harness/internal/sdd/state.go:536.3,545.1 2 1
github.com/JailtonJunior94/ai-spec-harness/internal/sdd/state.go:547.2,547.60 1 1
github.com/JailtonJunior94/ai-spec-harness/internal/sdd/state.go:548.3,549.1 1 1
github.com/JailtonJunior94/ai-spec-harness/internal/sdd/state.go:550.2,550.51 1 1
github.com/JailtonJunior94/ai-spec-harness/internal/sdd/state.go:550.53,550.110 1 0
github.com/JailtonJunior94/ai-spec-harness/internal/sdd/state.go:551.2,552.12 2 1
github.com/JailtonJunior94/ai-spec-harness/internal/sdd/state.go:556.2,557.16 2 1
github.com/JailtonJunior94/ai-spec-harness/internal/sdd/state.go:558.3,559.1 1 1
github.com/JailtonJunior94/ai-spec-harness/internal/sdd/state.go:560.2,561.16 2 1
github.com/JailtonJunior94/ai-spec-harness/internal/sdd/state.go:562.3,563.1 1 0
github.com/JailtonJunior94/ai-spec-harness/internal/sdd/state.go:564.2,564.29 1 1
github.com/JailtonJunior94/ai-spec-harness/internal/sdd/state.go:565.3,566.1 1 0
github.com/JailtonJunior94/ai-spec-harness/internal/sdd/state.go:567.2,567.33 1 1
github.com/JailtonJunior94/ai-spec-harness/internal/sdd/state.go:568.3,569.1 1 1
github.com/JailtonJunior94/ai-spec-harness/internal/sdd/state.go:570.2,570.72 1 1
github.com/JailtonJunior94/ai-spec-harness/internal/sdd/state.go:571.3,572.1 1 0
github.com/JailtonJunior94/ai-spec-harness/internal/sdd/state.go:573.2,574.16 2 1
github.com/JailtonJunior94/ai-spec-harness/internal/sdd/state.go:575.3,576.1 1 0
github.com/JailtonJunior94/ai-spec-harness/internal/sdd/state.go:577.2,578.44 2 1
github.com/JailtonJunior94/ai-spec-harness/internal/sdd/state.go:579.3,580.24 2 1
github.com/JailtonJunior94/ai-spec-harness/internal/sdd/state.go:581.4,582.1 1 0
github.com/JailtonJunior94/ai-spec-harness/internal/sdd/state.go:583.3,584.21 2 1
github.com/JailtonJunior94/ai-spec-harness/internal/sdd/state.go:585.4,586.1 1 0
github.com/JailtonJunior94/ai-spec-harness/internal/sdd/state.go:587.3,588.54 2 1
github.com/JailtonJunior94/ai-spec-harness/internal/sdd/state.go:590.2,591.44 2 1
github.com/JailtonJunior94/ai-spec-harness/internal/sdd/state.go:592.3,593.1 1 1
github.com/JailtonJunior94/ai-spec-harness/internal/sdd/state.go:594.2,594.44 1 1
github.com/JailtonJunior94/ai-spec-harness/internal/sdd/state.go:595.3,596.52 2 1
github.com/JailtonJunior94/ai-spec-harness/internal/sdd/state.go:597.4,598.1 1 0
github.com/JailtonJunior94/ai-spec-harness/internal/sdd/state.go:600.2,600.37 1 1
github.com/JailtonJunior94/ai-spec-harness/internal/sdd/state.go:601.3,601.56 1 1
github.com/JailtonJunior94/ai-spec-harness/internal/sdd/state.go:602.4,603.1 1 0
github.com/JailtonJunior94/ai-spec-harness/internal/sdd/state.go:605.2,606.16 2 1
github.com/JailtonJunior94/ai-spec-harness/internal/sdd/state.go:607.3,608.1 1 0
github.com/JailtonJunior94/ai-spec-harness/internal/sdd/state.go:609.2,610.16 2 1
github.com/JailtonJunior94/ai-spec-harness/internal/sdd/state.go:611.3,612.1 1 0
github.com/JailtonJunior94/ai-spec-harness/internal/sdd/state.go:613.2,614.62 2 1
github.com/JailtonJunior94/ai-spec-harness/internal/sdd/state.go:615.3,616.1 1 0
github.com/JailtonJunior94/ai-spec-harness/internal/sdd/state.go:617.2,617.67 1 1
github.com/JailtonJunior94/ai-spec-harness/internal/sdd/state.go:621.2,621.144 1 1
github.com/JailtonJunior94/ai-spec-harness/internal/sdd/state.go:622.3,623.1 1 0
github.com/JailtonJunior94/ai-spec-harness/internal/sdd/state.go:624.2,624.43 1 1
github.com/JailtonJunior94/ai-spec-harness/internal/sdd/state.go:625.3,625.65 1 1
github.com/JailtonJunior94/ai-spec-harness/internal/sdd/state.go:626.4,627.1 1 0
github.com/JailtonJunior94/ai-spec-harness/internal/sdd/state.go:629.2,629.34 1 1
github.com/JailtonJunior94/ai-spec-harness/internal/sdd/state.go:630.3,631.121 2 1
github.com/JailtonJunior94/ai-spec-harness/internal/sdd/state.go:632.4,633.1 1 0
github.com/JailtonJunior94/ai-spec-harness/internal/sdd/state.go:635.2,635.47 1 1
github.com/JailtonJunior94/ai-spec-harness/internal/sdd/state.go:636.3,639.143 2 1
github.com/JailtonJunior94/ai-spec-harness/internal/sdd/state.go:640.4,641.1 1 0
github.com/JailtonJunior94/ai-spec-harness/internal/sdd/state.go:643.2,643.12 1 1
github.com/JailtonJunior94/ai-spec-harness/internal/sdd/state.go:647.2,647.49 1 1
github.com/JailtonJunior94/ai-spec-harness/internal/sdd/state.go:649.3,649.20 1 1
github.com/JailtonJunior94/ai-spec-harness/internal/sdd/state.go:651.3,651.23 1 0
github.com/JailtonJunior94/ai-spec-harness/internal/sdd/state.go:653.3,653.22 1 0
github.com/JailtonJunior94/ai-spec-harness/internal/sdd/state.go:655.3,655.26 1 0
github.com/JailtonJunior94/ai-spec-harness/internal/sdd/state.go:657.3,657.25 1 0
github.com/JailtonJunior94/ai-spec-harness/internal/sdd/state.go:659.3,659.21 1 1
github.com/JailtonJunior94/ai-spec-harness/internal/sdd/state.go:664.2,665.40 2 1
github.com/JailtonJunior94/ai-spec-harness/internal/sdd/state.go:666.3,667.1 1 0
github.com/JailtonJunior94/ai-spec-harness/internal/sdd/state.go:668.2,669.16 2 1
github.com/JailtonJunior94/ai-spec-harness/internal/sdd/state.go:670.3,671.1 1 0
github.com/JailtonJunior94/ai-spec-harness/internal/sdd/state.go:672.2,673.16 2 1
github.com/JailtonJunior94/ai-spec-harness/internal/sdd/state.go:674.3,675.1 1 0
github.com/JailtonJunior94/ai-spec-harness/internal/sdd/state.go:676.2,677.100 2 1
github.com/JailtonJunior94/ai-spec-harness/internal/sdd/state.go:678.3,679.1 1 0
github.com/JailtonJunior94/ai-spec-harness/internal/sdd/state.go:680.2,681.44 2 1
github.com/JailtonJunior94/ai-spec-harness/internal/sdd/state.go:682.3,683.1 1 0
github.com/JailtonJunior94/ai-spec-harness/internal/sdd/state.go:684.2,684.26 1 1
github.com/JailtonJunior94/ai-spec-harness/internal/sdd/state.go:688.2,689.16 2 1
github.com/JailtonJunior94/ai-spec-harness/internal/sdd/state.go:690.3,691.1 1 0
github.com/JailtonJunior94/ai-spec-harness/internal/sdd/state.go:692.2,692.6 1 1
github.com/JailtonJunior94/ai-spec-harness/internal/sdd/state.go:693.3,693.124 1 1
github.com/JailtonJunior94/ai-spec-harness/internal/sdd/state.go:694.4,695.1 1 0
github.com/JailtonJunior94/ai-spec-harness/internal/sdd/state.go:696.3,697.24 2 1
github.com/JailtonJunior94/ai-spec-harness/internal/sdd/state.go:698.4,699.1 1 1
github.com/JailtonJunior94/ai-spec-harness/internal/sdd/state.go:700.3,700.19 1 1
github.com/JailtonJunior94/ai-spec-harness/internal/sdd/state.go:705.2,705.18 1 1
github.com/JailtonJunior94/ai-spec-harness/internal/sdd/state.go:707.3,707.46 1 1
github.com/JailtonJunior94/ai-spec-harness/internal/sdd/state.go:709.3,709.51 1 1
github.com/JailtonJunior94/ai-spec-harness/internal/sdd/state.go:711.3,711.48 1 1
github.com/JailtonJunior94/ai-spec-harness/internal/sdd/state.go:713.3,713.83 1 0
github.com/JailtonJunior94/ai-spec-harness/internal/sdd/state.go:718.2,719.9 2 1
github.com/JailtonJunior94/ai-spec-harness/internal/sdd/state.go:720.3,721.1 1 1
github.com/JailtonJunior94/ai-spec-harness/internal/sdd/state.go:722.2,722.64 1 1
github.com/JailtonJunior94/ai-spec-harness/internal/sdd/state.go:728.3,729.21 2 1
github.com/JailtonJunior94/ai-spec-harness/internal/sdd/state.go:730.4,731.1 1 0
github.com/JailtonJunior94/ai-spec-harness/internal/sdd/state.go:732.3,733.23 2 1
github.com/JailtonJunior94/ai-spec-harness/internal/sdd/state.go:734.4,735.1 1 0
github.com/JailtonJunior94/ai-spec-harness/internal/sdd/state.go:736.3,736.33 1 1
github.com/JailtonJunior94/ai-spec-harness/internal/sdd/state.go:737.4,738.1 1 1
github.com/JailtonJunior94/ai-spec-harness/internal/sdd/state.go:740.2,740.57 1 1
github.com/JailtonJunior94/ai-spec-harness/internal/sdd/state.go:741.3,742.80 2 1
github.com/JailtonJunior94/ai-spec-harness/internal/sdd/state.go:743.4,744.1 1 1
github.com/JailtonJunior94/ai-spec-harness/internal/sdd/state.go:745.3,746.17 2 1
github.com/JailtonJunior94/ai-spec-harness/internal/sdd/state.go:747.4,748.1 1 0
github.com/JailtonJunior94/ai-spec-harness/internal/sdd/state.go:749.3,750.17 2 1
github.com/JailtonJunior94/ai-spec-harness/internal/sdd/state.go:751.4,752.1 1 0
github.com/JailtonJunior94/ai-spec-harness/internal/sdd/state.go:753.3,753.41 1 1
github.com/JailtonJunior94/ai-spec-harness/internal/sdd/state.go:754.4,755.1 1 1
github.com/JailtonJunior94/ai-spec-harness/internal/sdd/state.go:757.2,757.12 1 1
github.com/JailtonJunior94/ai-spec-harness/internal/sdd/state.go:761.2,762.16 2 1
github.com/JailtonJunior94/ai-spec-harness/internal/sdd/state.go:763.3,764.1 1 0
github.com/JailtonJunior94/ai-spec-harness/internal/sdd/state.go:765.2,765.40 1 1
github.com/JailtonJunior94/ai-spec-harness/internal/sdd/state.go:770.2,771.1 1 0
github.com/JailtonJunior94/ai-spec-harness/internal/sdd/state.go:774.2,774.14 1 1
github.com/JailtonJunior94/ai-spec-harness/internal/sdd/state.go:776.3,776.53 1 1
github.com/JailtonJunior94/ai-spec-harness/internal/sdd/state.go:778.3,778.35 1 0
github.com/JailtonJunior94/ai-spec-harness/internal/sdd/state.go:780.3,780.13 1 1
github.com/JailtonJunior94/ai-spec-harness/internal/sdd/state.go:785.2,785.18 1 1
github.com/JailtonJunior94/ai-spec-harness/internal/sdd/state.go:787.3,787.33 1 1
github.com/JailtonJunior94/ai-spec-harness/internal/sdd/state.go:789.3,789.51 1 1
github.com/JailtonJunior94/ai-spec-harness/internal/sdd/state.go:791.3,791.13 1 1
github.com/JailtonJunior94/ai-spec-harness/internal/sdd/state.go:796.2,796.16 1 1
github.com/JailtonJunior94/ai-spec-harness/internal/sdd/state.go:798.3,798.14 1 1
github.com/JailtonJunior94/ai-spec-harness/internal/sdd/state.go:800.3,800.15 1 0
github.com/JailtonJunior94/ai-spec-harness/internal/sdd/state.go:805.2,805.34 1 1
github.com/JailtonJunior94/ai-spec-harness/internal/sdd/state.go:806.3,807.1 1 0
github.com/JailtonJunior94/ai-spec-harness/internal/sdd/state.go:808.2,809.19 2 1
github.com/JailtonJunior94/ai-spec-harness/internal/sdd/state.go:813.2,813.55 1 1
github.com/JailtonJunior94/ai-spec-harness/internal/sdd/state.go:814.3,815.1 1 1
github.com/JailtonJunior94/ai-spec-harness/internal/sdd/state.go:816.2,817.19 2 1
github.com/JailtonJunior94/ai-spec-harness/internal/skills/catalog.go:6.30,6.49 1 1
github.com/JailtonJunior94/ai-spec-harness/internal/skills/complexity.go:54.2,54.59 1 1
github.com/JailtonJunior94/ai-spec-harness/internal/skills/complexity.go:56.3,56.65 1 1
github.com/JailtonJunior94/ai-spec-harness/internal/skills/complexity.go:58.2,58.18 1 1
github.com/JailtonJunior94/ai-spec-harness/internal/skills/complexity.go:65.2,66.1 2 1
github.com/JailtonJunior94/ai-spec-harness/internal/skills/complexity.go:67.2,67.38 2 1
github.com/JailtonJunior94/ai-spec-harness/internal/skills/complexity.go:68.3,68.34 1 1
github.com/JailtonJunior94/ai-spec-harness/internal/skills/complexity.go:69.4,70.1 1 1
github.com/JailtonJunior94/ai-spec-harness/internal/skills/complexity.go:72.2,72.38 1 1
github.com/JailtonJunior94/ai-spec-harness/internal/skills/complexity.go:73.3,73.34 1 1
github.com/JailtonJunior94/ai-spec-harness/internal/skills/complexity.go:74.4,75.1 1 1
github.com/JailtonJunior94/ai-spec-harness/internal/skills/complexity.go:78.2,78.27 1 1
github.com/JailtonJunior94/ai-spec-harness/internal/skills/complexity.go:89.2,89.11 1 1
github.com/JailtonJunior94/ai-spec-harness/internal/skills/complexity.go:91.3,91.20 1 1
github.com/JailtonJunior94/ai-spec-harness/internal/skills/complexity.go:93.3,96.1 1 1
github.com/JailtonJunior94/ai-spec-harness/internal/skills/complexity.go:98.3,107.1 1 1
github.com/JailtonJunior94/ai-spec-harness/internal/skills/frontmatter.go:29.2,33.1 5 1
github.com/JailtonJunior94/ai-spec-harness/internal/skills/frontmatter.go:34.2,34.21 5 1
github.com/JailtonJunior94/ai-spec-harness/internal/skills/frontmatter.go:35.3,36.39 2 1
github.com/JailtonJunior94/ai-spec-harness/internal/skills/frontmatter.go:37.4,37.21 1 1
github.com/JailtonJunior94/ai-spec-harness/internal/skills/frontmatter.go:38.5,38.10 1 1
github.com/JailtonJunior94/ai-spec-harness/internal/skills/frontmatter.go:40.4,41.12 2 1
github.com/JailtonJunior94/ai-spec-harness/internal/skills/frontmatter.go:43.3,43.21 1 1
github.com/JailtonJunior94/ai-spec-harness/internal/skills/frontmatter.go:44.4,44.12 1 1
github.com/JailtonJunior94/ai-spec-harness/internal/skills/frontmatter.go:48.3,48.81 1 1
github.com/JailtonJunior94/ai-spec-harness/internal/skills/frontmatter.go:49.4,50.51 2 1
github.com/JailtonJunior94/ai-spec-harness/internal/skills/frontmatter.go:51.5,54.1 3 1
github.com/JailtonJunior94/ai-spec-harness/internal/skills/frontmatter.go:55.4,55.12 1 1
github.com/JailtonJunior94/ai-spec-harness/internal/skills/frontmatter.go:59.3,60.1 3 1
github.com/JailtonJunior94/ai-spec-harness/internal/skills/frontmatter.go:61.3,62.20 3 1
github.com/JailtonJunior94/ai-spec-harness/internal/skills/frontmatter.go:63.4,63.12 1 0
github.com/JailtonJunior94/ai-spec-harness/internal/skills/frontmatter.go:66.3,67.15 2 1
github.com/JailtonJunior94/ai-spec-harness/internal/skills/frontmatter.go:68.4,68.12 1 1
github.com/JailtonJunior94/ai-spec-harness/internal/skills/frontmatter.go:71.3,73.1 3 1
github.com/JailtonJunior94/ai-spec-harness/internal/skills/frontmatter.go:74.3,74.16 3 1
github.com/JailtonJunior94/ai-spec-harness/internal/skills/frontmatter.go:76.4,77.12 2 1
github.com/JailtonJunior94/ai-spec-harness/internal/skills/frontmatter.go:80.3,80.20 1 1
github.com/JailtonJunior94/ai-spec-harness/internal/skills/frontmatter.go:82.2,82.15 1 1
github.com/JailtonJunior94/ai-spec-harness/internal/skills/frontmatter.go:88.2,90.1 9 1
github.com/JailtonJunior94/ai-spec-harness/internal/skills/frontmatter.go:91.2,97.1 9 1
github.com/JailtonJunior94/ai-spec-harness/internal/skills/frontmatter.go:98.2,98.37 9 1
github.com/JailtonJunior94/ai-spec-harness/internal/skills/frontmatter.go:99.3,100.1 1 1
github.com/JailtonJunior94/ai-spec-harness/internal/skills/frontmatter.go:101.2,101.39 1 1
github.com/JailtonJunior94/ai-spec-harness/internal/skills/frontmatter.go:102.3,103.1 1 1
github.com/JailtonJunior94/ai-spec-harness/internal/skills/frontmatter.go:104.2,104.38 1 1
github.com/JailtonJunior94/ai-spec-harness/internal/skills/frontmatter.go:105.3,106.1 1 1
github.com/JailtonJunior94/ai-spec-harness/internal/skills/frontmatter.go:108.2,108.11 1 1
github.com/JailtonJunior94/ai-spec-harness/internal/skills/frontmatter.go:113.2,114.1 1 0
github.com/JailtonJunior94/ai-spec-harness/internal/skills/frontmatter.go:118.2,118.12 1 1
github.com/JailtonJunior94/ai-spec-harness/internal/skills/frontmatter.go:119.3,120.1 1 1
github.com/JailtonJunior94/ai-spec-harness/internal/skills/frontmatter.go:121.2,123.1 3 1
github.com/JailtonJunior94/ai-spec-harness/internal/skills/frontmatter.go:124.2,124.19 3 1
github.com/JailtonJunior94/ai-spec-harness/internal/skills/frontmatter.go:125.3,125.28 1 1
github.com/JailtonJunior94/ai-spec-harness/internal/skills/frontmatter.go:126.4,127.1 1 1
github.com/JailtonJunior94/ai-spec-harness/internal/skills/frontmatter.go:128.3,128.28 1 1
github.com/JailtonJunior94/ai-spec-harness/internal/skills/frontmatter.go:129.4,130.1 1 1
github.com/JailtonJunior94/ai-spec-harness/internal/skills/frontmatter.go:132.2,132.14 1 0
github.com/JailtonJunior94/ai-spec-harness/internal/skills/frontmatter.go:136.2,137.1 3 1
github.com/JailtonJunior94/ai-spec-harness/internal/skills/frontmatter.go:138.2,139.1 3 1
github.com/JailtonJunior94/ai-spec-harness/internal/skills/frontmatter.go:140.2,140.48 3 1
github.com/JailtonJunior94/ai-spec-harness/internal/skills/frontmatter.go:141.3,142.1 1 1
github.com/JailtonJunior94/ai-spec-harness/internal/skills/frontmatter.go:143.2,144.29 2 1
github.com/JailtonJunior94/ai-spec-harness/internal/skills/frontmatter.go:145.3,145.13 1 1
github.com/JailtonJunior94/ai-spec-harness/internal/skills/frontmatter.go:146.4,146.9 1 0
github.com/JailtonJunior94/ai-spec-harness/internal/skills/frontmatter.go:148.3,148.23 1 1
github.com/JailtonJunior94/ai-spec-harness/internal/skills/frontmatter.go:149.4,149.28 1 1
github.com/JailtonJunior94/ai-spec-harness/internal/skills/frontmatter.go:150.5,151.1 1 1
github.com/JailtonJunior94/ai-spec-harness/internal/skills/frontmatter.go:152.5,152.10 1 0
github.com/JailtonJunior94/ai-spec-harness/internal/skills/frontmatter.go:156.2,156.14 1 1
github.com/JailtonJunior94/ai-spec-harness/internal/skills/frontmatter.go:163.2,163.48 1 1
github.com/JailtonJunior94/ai-spec-harness/internal/skills/frontmatter.go:164.3,165.1 1 1
github.com/JailtonJunior94/ai-spec-harness/internal/skills/frontmatter.go:167.2,168.1 2 1
github.com/JailtonJunior94/ai-spec-harness/internal/skills/frontmatter.go:169.2,169.26 2 1
github.com/JailtonJunior94/ai-spec-harness/internal/skills/frontmatter.go:170.3,171.1 1 1
github.com/JailtonJunior94/ai-spec-harness/internal/skills/frontmatter.go:173.2,173.65 1 1
github.com/JailtonJunior94/ai-spec-harness/internal/skills/frontmatter.go:174.3,175.1 1 1
github.com/JailtonJunior94/ai-spec-harness/internal/skills/frontmatter.go:177.2,177.58 1 1
github.com/JailtonJunior94/ai-spec-harness/internal/skills/frontmatter.go:178.3,179.1 1 1
github.com/JailtonJunior94/ai-spec-harness/internal/skills/frontmatter.go:181.2,181.55 1 1
github.com/JailtonJunior94/ai-spec-harness/internal/skills/frontmatter.go:182.3,183.37 2 1
github.com/JailtonJunior94/ai-spec-harness/internal/skills/frontmatter.go:184.4,185.1 1 1
github.com/JailtonJunior94/ai-spec-harness/internal/skills/frontmatter.go:186.3,186.36 1 1
github.com/JailtonJunior94/ai-spec-harness/internal/skills/frontmatter.go:187.4,187.23 1 1
github.com/JailtonJunior94/ai-spec-harness/internal/skills/frontmatter.go:188.5,189.1 1 1
github.com/JailtonJunior94/ai-spec-harness/internal/skills/frontmatter.go:193.2,193.12 1 1
github.com/JailtonJunior94/ai-spec-harness/internal/skills/frontmatter.go:198.2,199.60 2 1
github.com/JailtonJunior94/ai-spec-harness/internal/skills/frontmatter.go:200.3,200.39 1 1
github.com/JailtonJunior94/ai-spec-harness/internal/skills/frontmatter.go:201.4,202.18 2 1
github.com/JailtonJunior94/ai-spec-harness/internal/skills/frontmatter.go:203.5,204.1 1 1
github.com/JailtonJunior94/ai-spec-harness/internal/skills/frontmatter.go:207.2,207.14 1 1
github.com/JailtonJunior94/ai-spec-harness/internal/skills/frontmatter.go:212.2,213.75 2 1
github.com/JailtonJunior94/ai-spec-harness/internal/skills/frontmatter.go:214.3,214.50 1 1
github.com/JailtonJunior94/ai-spec-harness/internal/skills/frontmatter.go:215.4,216.1 1 1
github.com/JailtonJunior94/ai-spec-harness/internal/skills/frontmatter.go:217.3,217.11 1 1
github.com/JailtonJunior94/ai-spec-harness/internal/skills/frontmatter.go:219.2,220.21 2 1
github.com/JailtonJunior94/ai-spec-harness/internal/skills/frontmatter.go:221.3,222.1 1 1
github.com/JailtonJunior94/ai-spec-harness/internal/skills/frontmatter.go:223.2,223.26 1 1
github.com/JailtonJunior94/ai-spec-harness/internal/skills/frontmatter.go:224.3,224.14 1 1
github.com/JailtonJunior94/ai-spec-harness/internal/skills/frontmatter.go:225.4,226.1 1 1
github.com/JailtonJunior94/ai-spec-harness/internal/skills/frontmatter.go:227.3,227.23 1 1
github.com/JailtonJunior94/ai-spec-harness/internal/skills/frontmatter.go:228.4,228.26 1 1
github.com/JailtonJunior94/ai-spec-harness/internal/skills/frontmatter.go:229.5,230.1 1 1
github.com/JailtonJunior94/ai-spec-harness/internal/skills/frontmatter.go:233.2,233.13 1 1
github.com/JailtonJunior94/ai-spec-harness/internal/skills/frontmatter.go:237.2,237.13 1 1
github.com/JailtonJunior94/ai-spec-harness/internal/skills/frontmatter.go:238.3,239.1 1 1
github.com/JailtonJunior94/ai-spec-harness/internal/skills/frontmatter.go:241.2,241.45 1 1
github.com/JailtonJunior94/ai-spec-harness/internal/skills/frontmatter.go:242.3,242.17 1 1
github.com/JailtonJunior94/ai-spec-harness/internal/skills/frontmatter.go:243.4,244.1 1 1
github.com/JailtonJunior94/ai-spec-harness/internal/skills/frontmatter.go:245.3,245.26 1 1
github.com/JailtonJunior94/ai-spec-harness/internal/skills/frontmatter.go:246.4,246.11 1 1
github.com/JailtonJunior94/ai-spec-harness/internal/skills/frontmatter.go:247.30,247.30 0 1
github.com/JailtonJunior94/ai-spec-harness/internal/skills/frontmatter.go:248.30,248.30 0 0
github.com/JailtonJunior94/ai-spec-harness/internal/skills/frontmatter.go:249.30,249.30 0 1
github.com/JailtonJunior94/ai-spec-harness/internal/skills/frontmatter.go:250.18,250.18 0 0
github.com/JailtonJunior94/ai-spec-harness/internal/skills/frontmatter.go:252.5,252.17 1 0
github.com/JailtonJunior94/ai-spec-harness/internal/skills/frontmatter.go:257.2,257.13 1 1
github.com/JailtonJunior94/ai-spec-harness/internal/skills/frontmatter.go:261.2,264.15 4 1
github.com/JailtonJunior94/ai-spec-harness/internal/skills/frontmatter.go:265.3,266.1 1 1
github.com/JailtonJunior94/ai-spec-harness/internal/skills/frontmatter.go:268.2,270.29 3 1
github.com/JailtonJunior94/ai-spec-harness/internal/skills/frontmatter.go:271.3,273.17 3 1
github.com/JailtonJunior94/ai-spec-harness/internal/skills/frontmatter.go:274.4,274.12 1 0
github.com/JailtonJunior94/ai-spec-harness/internal/skills/frontmatter.go:276.3,276.28 1 1
github.com/JailtonJunior94/ai-spec-harness/internal/skills/frontmatter.go:278.2,278.13 1 1
github.com/JailtonJunior94/ai-spec-harness/internal/skills/schema.go:22.2,23.16 2 1
github.com/JailtonJunior94/ai-spec-harness/internal/skills/schema.go:24.3,25.1 1 0
github.com/JailtonJunior94/ai-spec-harness/internal/skills/schema.go:26.2,27.79 2 1
github.com/JailtonJunior94/ai-spec-harness/internal/skills/schema.go:28.3,29.1 1 0
github.com/JailtonJunior94/ai-spec-harness/internal/skills/schema.go:30.2,31.16 2 1
github.com/JailtonJunior94/ai-spec-harness/internal/skills/schema.go:32.3,33.1 1 0
github.com/JailtonJunior94/ai-spec-harness/internal/skills/schema.go:34.2,34.20 1 1
github.com/JailtonJunior94/ai-spec-harness/internal/skills/schema.go:53.2,55.1 4 1
github.com/JailtonJunior94/ai-spec-harness/internal/skills/schema.go:56.2,57.16 4 1
github.com/JailtonJunior94/ai-spec-harness/internal/skills/schema.go:58.3,59.1 1 0
github.com/JailtonJunior94/ai-spec-harness/internal/skills/schema.go:61.2,62.16 2 1
github.com/JailtonJunior94/ai-spec-harness/internal/skills/schema.go:63.3,64.1 1 0
github.com/JailtonJunior94/ai-spec-harness/internal/skills/schema.go:66.2,67.16 2 1
github.com/JailtonJunior94/ai-spec-harness/internal/skills/schema.go:68.3,69.1 1 0
github.com/JailtonJunior94/ai-spec-harness/internal/skills/schema.go:71.2,71.49 1 1
github.com/JailtonJunior94/ai-spec-harness/internal/skills/schema.go:72.3,72.22 1 1
github.com/JailtonJunior94/ai-spec-harness/internal/skills/schema.go:73.4,74.1 1 1
github.com/JailtonJunior94/ai-spec-harness/internal/skills/schema.go:75.3,75.68 1 1
github.com/JailtonJunior94/ai-spec-harness/internal/skills/schema.go:77.2,77.12 1 1
github.com/JailtonJunior94/ai-spec-harness/internal/skills/schema.go:81.2,87.1 2 1
github.com/JailtonJunior94/ai-spec-harness/internal/skills/schema.go:88.2,88.26 2 1
github.com/JailtonJunior94/ai-spec-harness/internal/skills/schema.go:89.3,90.1 1 0
github.com/JailtonJunior94/ai-spec-harness/internal/skills/schema.go:91.2,91.27 1 1
github.com/JailtonJunior94/ai-spec-harness/internal/skills/schema.go:92.3,93.1 1 1
github.com/JailtonJunior94/ai-spec-harness/internal/skills/schema.go:94.2,94.21 1 1
github.com/JailtonJunior94/ai-spec-harness/internal/skills/schema.go:95.3,96.1 1 1
github.com/JailtonJunior94/ai-spec-harness/internal/skills/schema.go:97.2,97.12 1 1
github.com/JailtonJunior94/ai-spec-harness/internal/skills/schema.go:101.2,102.62 2 1
github.com/JailtonJunior94/ai-spec-harness/internal/skills/schema.go:103.3,104.1 1 1
github.com/JailtonJunior94/ai-spec-harness/internal/skills/schema.go:105.2,106.56 2 0
github.com/JailtonJunior94/ai-spec-harness/internal/skills/schema.go:107.3,108.17 2 0
github.com/JailtonJunior94/ai-spec-harness/internal/skills/schema.go:109.4,110.1 1 0
github.com/JailtonJunior94/ai-spec-harness/internal/skills/schema.go:112.2,112.33 1 0
github.com/JailtonJunior94/ai-spec-harness/internal/skills/schema.go:116.2,116.53 1 1
github.com/JailtonJunior94/ai-spec-harness/internal/skills/schema.go:117.3,119.1 2 1
github.com/JailtonJunior94/ai-spec-harness/internal/skills/schema.go:120.2,120.14 1 0
github.com/JailtonJunior94/ai-spec-harness/internal/skills/skills.go:32.2,33.32 2 1
github.com/JailtonJunior94/ai-spec-harness/internal/skills/skills.go:34.3,35.1 1 1
github.com/JailtonJunior94/ai-spec-harness/internal/skills/skills.go:36.2,39.3 1 1
github.com/JailtonJunior94/ai-spec-harness/internal/skills/skills.go:48.2,50.25 3 1
github.com/JailtonJunior94/ai-spec-harness/internal/skills/skills.go:51.3,52.1 1 1
github.com/JailtonJunior94/ai-spec-harness/internal/skills/skills.go:53.2,53.12 1 1
github.com/JailtonJunior94/ai-spec-harness/internal/skills/skills.go:57.2,57.50 1 1
github.com/JailtonJunior94/ai-spec-harness/internal/skills/skills.go:58.3,58.21 1 1
github.com/JailtonJunior94/ai-spec-harness/internal/skills/skills.go:59.4,60.1 1 1
github.com/JailtonJunior94/ai-spec-harness/internal/skills/skills.go:62.2,62.18 1 1
github.com/JailtonJunior94/ai-spec-harness/internal/skills/skills.go:68.2,68.39 1 1
github.com/JailtonJunior94/ai-spec-harness/internal/skills/skills.go:69.3,70.1 1 1
github.com/JailtonJunior94/ai-spec-harness/internal/skills/skills.go:71.2,71.58 1 1
github.com/JailtonJunior94/ai-spec-harness/internal/skills/skills.go:72.3,73.1 1 1
github.com/JailtonJunior94/ai-spec-harness/internal/skills/skills.go:74.2,75.29 2 1
github.com/JailtonJunior94/ai-spec-harness/internal/skills/skills.go:76.3,77.1 1 1
github.com/JailtonJunior94/ai-spec-harness/internal/skills/skills.go:78.2,78.95 1 1
github.com/JailtonJunior94/ai-spec-harness/internal/skills/skills.go:94.2,94.17 1 1
github.com/JailtonJunior94/ai-spec-harness/internal/skills/skills.go:96.3,96.23 1 1
github.com/JailtonJunior94/ai-spec-harness/internal/skills/skills.go:98.2,98.18 1 1
github.com/JailtonJunior94/ai-spec-harness/internal/skills/skills.go:110.2,110.21 1 0
github.com/JailtonJunior94/ai-spec-harness/internal/skills/skills.go:112.3,112.27 1 0
github.com/JailtonJunior94/ai-spec-harness/internal/skills/skills.go:114.2,114.18 1 0
github.com/JailtonJunior94/ai-spec-harness/internal/skills/skills.go:148.2,149.26 2 1
github.com/JailtonJunior94/ai-spec-harness/internal/skills/skills.go:150.3,150.12 1 1
github.com/JailtonJunior94/ai-spec-harness/internal/skills/skills.go:152.4,152.68 1 1
github.com/JailtonJunior94/ai-spec-harness/internal/skills/skills.go:154.4,154.44 1 1
github.com/JailtonJunior94/ai-spec-harness/internal/skills/skills.go:156.4,156.46 1 1
github.com/JailtonJunior94/ai-spec-harness/internal/skills/skills.go:158.4,158.53 1 0
github.com/JailtonJunior94/ai-spec-harness/internal/skills/skills.go:161.2,161.12 1 1
github.com/JailtonJunior94/ai-spec-harness/internal/skills/skills.go:166.2,168.1 2 1
github.com/JailtonJunior94/ai-spec-harness/internal/skillbump/diff.go:15.2,17.16 3 1
github.com/JailtonJunior94/ai-spec-harness/internal/skillbump/diff.go:18.3,19.1 1 0
github.com/JailtonJunior94/ai-spec-harness/internal/skillbump/diff.go:21.2,22.75 2 1
github.com/JailtonJunior94/ai-spec-harness/internal/skillbump/diff.go:23.3,23.17 1 1
github.com/JailtonJunior94/ai-spec-harness/internal/skillbump/diff.go:24.4,24.12 1 1
github.com/JailtonJunior94/ai-spec-harness/internal/skillbump/diff.go:27.3,28.10 2 1
github.com/JailtonJunior94/ai-spec-harness/internal/skillbump/diff.go:29.4,29.12 1 0
github.com/JailtonJunior94/ai-spec-harness/internal/skillbump/diff.go:31.3,31.26 1 1
github.com/JailtonJunior94/ai-spec-harness/internal/skillbump/diff.go:34.2,35.25 2 1
github.com/JailtonJunior94/ai-spec-harness/internal/skillbump/diff.go:36.3,37.1 1 1
github.com/JailtonJunior94/ai-spec-harness/internal/skillbump/diff.go:38.2,39.1 2 1
github.com/JailtonJunior94/ai-spec-harness/internal/skillbump/diff.go:40.2,40.19 2 1
github.com/JailtonJunior94/ai-spec-harness/internal/skillbump/diff.go:45.2,48.16 4 1
github.com/JailtonJunior94/ai-spec-harness/internal/skillbump/diff.go:49.3,50.1 1 0
github.com/JailtonJunior94/ai-spec-harness/internal/skillbump/diff.go:52.2,53.39 2 1
github.com/JailtonJunior94/ai-spec-harness/internal/skillbump/diff.go:54.3,55.1 1 0
github.com/JailtonJunior94/ai-spec-harness/internal/skillbump/diff.go:57.2,58.29 2 1
github.com/JailtonJunior94/ai-spec-harness/internal/skillbump/diff.go:59.3,59.17 1 1
github.com/JailtonJunior94/ai-spec-harness/internal/skillbump/diff.go:60.4,60.12 1 0
github.com/JailtonJunior94/ai-spec-harness/internal/skillbump/diff.go:63.3,64.22 2 1
github.com/JailtonJunior94/ai-spec-harness/internal/skillbump/diff.go:65.4,65.12 1 0
github.com/JailtonJunior94/ai-spec-harness/internal/skillbump/diff.go:68.3,69.17 2 1
github.com/JailtonJunior94/ai-spec-harness/internal/skillbump/diff.go:70.4,71.1 1 0
github.com/JailtonJunior94/ai-spec-harness/internal/skillbump/diff.go:72.3,72.36 1 1
github.com/JailtonJunior94/ai-spec-harness/internal/skillbump/diff.go:75.2,75.21 1 1
github.com/JailtonJunior94/ai-spec-harness/internal/skillbump/diff.go:79.2,82.16 4 1
github.com/JailtonJunior94/ai-spec-harness/internal/skillbump/diff.go:83.3,84.1 1 0
github.com/JailtonJunior94/ai-spec-harness/internal/skillbump/diff.go:86.2,86.17 1 1
github.com/JailtonJunior94/ai-spec-harness/internal/skillbump/diff.go:90.2,93.1 2 1
github.com/JailtonJunior94/ai-spec-harness/internal/skillbump/diff.go:95.2,95.50 2 1
github.com/JailtonJunior94/ai-spec-harness/internal/skillbump/diff.go:96.3,97.1 1 0
github.com/JailtonJunior94/ai-spec-harness/internal/skillbump/diff.go:99.2,100.13 2 1
github.com/JailtonJunior94/ai-spec-harness/internal/skillbump/diff.go:101.3,102.1 1 1
github.com/JailtonJunior94/ai-spec-harness/internal/skillbump/diff.go:104.2,106.36 3 1
github.com/JailtonJunior94/ai-spec-harness/internal/skillbump/diff.go:107.3,109.1 2 0
github.com/JailtonJunior94/ai-spec-harness/internal/skillbump/diff.go:111.2,111.59 1 1
github.com/JailtonJunior94/ai-spec-harness/internal/skillbump/diff.go:112.3,113.1 1 1
github.com/JailtonJunior94/ai-spec-harness/internal/skillbump/diff.go:114.2,115.1 3 1
github.com/JailtonJunior94/ai-spec-harness/internal/skillbump/diff.go:116.2,117.16 3 1
github.com/JailtonJunior94/ai-spec-harness/internal/skillbump/diff.go:118.3,119.1 1 0
github.com/JailtonJunior94/ai-spec-harness/internal/skillbump/diff.go:120.2,120.47 1 1
github.com/JailtonJunior94/ai-spec-harness/internal/skillbump/diff.go:121.3,122.1 1 0
github.com/JailtonJunior94/ai-spec-harness/internal/skillbump/diff.go:124.2,124.20 1 1
github.com/JailtonJunior94/ai-spec-harness/internal/skillbump/diff.go:128.2,130.16 3 1
github.com/JailtonJunior94/ai-spec-harness/internal/skillbump/diff.go:131.3,132.1 1 0
github.com/JailtonJunior94/ai-spec-harness/internal/skillbump/diff.go:133.2,133.25 1 1
github.com/JailtonJunior94/ai-spec-harness/internal/skillbump/diff.go:137.2,140.43 4 1
github.com/JailtonJunior94/ai-spec-harness/internal/skillbump/diff.go:141.3,142.1 1 0
github.com/JailtonJunior94/ai-spec-harness/internal/skillbump/diff.go:144.2,146.20 3 1
github.com/JailtonJunior94/ai-spec-harness/internal/skillbump/diff.go:147.3,148.1 1 0
github.com/JailtonJunior94/ai-spec-harness/internal/skillbump/diff.go:150.2,151.9 2 1
github.com/JailtonJunior94/ai-spec-harness/internal/skillbump/diff.go:153.3,153.20 1 1
github.com/JailtonJunior94/ai-spec-harness/internal/skillbump/diff.go:155.3,155.20 1 1
github.com/JailtonJunior94/ai-spec-harness/internal/skillbump/diff.go:157.3,157.19 1 0
github.com/JailtonJunior94/ai-spec-harness/internal/skillbump/frontmatter.go:16.2,17.16 2 1
github.com/JailtonJunior94/ai-spec-harness/internal/skillbump/frontmatter.go:18.3,19.1 1 0
github.com/JailtonJunior94/ai-spec-harness/internal/skillbump/frontmatter.go:21.2,22.43 2 1
github.com/JailtonJunior94/ai-spec-harness/internal/skillbump/frontmatter.go:23.3,25.1 2 1
github.com/JailtonJunior94/ai-spec-harness/internal/skillbump/frontmatter.go:27.2,28.64 2 1
github.com/JailtonJunior94/ai-spec-harness/internal/skillbump/frontmatter.go:29.3,30.1 1 0
github.com/JailtonJunior94/ai-spec-harness/internal/skillbump/frontmatter.go:31.2,32.81 2 1
github.com/JailtonJunior94/ai-spec-harness/internal/skillbump/frontmatter.go:36.2,41.1 5 1
github.com/JailtonJunior94/ai-spec-harness/internal/skillbump/frontmatter.go:44.2,45.38 2 1
github.com/JailtonJunior94/ai-spec-harness/internal/skillbump/frontmatter.go:46.3,47.1 1 1
github.com/JailtonJunior94/ai-spec-harness/internal/skillbump/frontmatter.go:49.2,49.18 1 1
github.com/JailtonJunior94/ai-spec-harness/internal/skillbump/frontmatter.go:50.3,51.1 1 0
github.com/JailtonJunior94/ai-spec-harness/internal/skillbump/frontmatter.go:53.2,53.39 1 1
github.com/JailtonJunior94/ai-spec-harness/internal/skillbump/frontmatter.go:54.3,55.46 2 1
github.com/JailtonJunior94/ai-spec-harness/internal/skillbump/frontmatter.go:56.4,57.1 1 1
github.com/JailtonJunior94/ai-spec-harness/internal/skillbump/frontmatter.go:58.3,58.16 1 1
github.com/JailtonJunior94/ai-spec-harness/internal/skillbump/frontmatter.go:61.2,61.58 1 0
github.com/JailtonJunior94/ai-spec-harness/internal/skillbump/frontmatter.go:65.2,66.16 2 1
github.com/JailtonJunior94/ai-spec-harness/internal/skillbump/frontmatter.go:67.3,68.1 1 1
github.com/JailtonJunior94/ai-spec-harness/internal/skillbump/frontmatter.go:70.2,71.81 2 1
github.com/JailtonJunior94/ai-spec-harness/internal/skillbump/frontmatter.go:72.3,73.1 1 1
github.com/JailtonJunior94/ai-spec-harness/internal/skillbump/frontmatter.go:74.2,74.24 1 1
github.com/JailtonJunior94/ai-spec-harness/internal/skillbump/frontmatter.go:75.3,76.1 1 0
github.com/JailtonJunior94/ai-spec-harness/internal/skillbump/frontmatter.go:78.2,78.12 1 1
github.com/JailtonJunior94/ai-spec-harness/internal/skillbump/frontmatter.go:82.2,82.27 1 1
github.com/JailtonJunior94/ai-spec-harness/internal/skillbump/frontmatter.go:83.3,84.1 1 0
github.com/JailtonJunior94/ai-spec-harness/internal/skillbump/frontmatter.go:86.2,88.13 3 1
github.com/JailtonJunior94/ai-spec-harness/internal/skillbump/frontmatter.go:89.3,91.1 2 0
github.com/JailtonJunior94/ai-spec-harness/internal/skillbump/frontmatter.go:93.2,96.41 4 1
github.com/JailtonJunior94/ai-spec-harness/internal/skillbump/frontmatter.go:97.3,98.1 1 0
github.com/JailtonJunior94/ai-spec-harness/internal/skillbump/frontmatter.go:100.2,100.36 1 1
github.com/JailtonJunior94/ai-spec-harness/internal/skillbump/r1_receiver.go:6.30,6.49 1 1
github.com/JailtonJunior94/ai-spec-harness/internal/skillbump/skillbump.go:38.2,39.1 1 1
github.com/JailtonJunior94/ai-spec-harness/internal/skillbump/skillbump.go:43.2,44.16 2 1
github.com/JailtonJunior94/ai-spec-harness/internal/skillbump/skillbump.go:45.3,46.1 1 0
github.com/JailtonJunior94/ai-spec-harness/internal/skillbump/skillbump.go:48.2,49.16 2 1
github.com/JailtonJunior94/ai-spec-harness/internal/skillbump/skillbump.go:50.3,50.36 1 1
github.com/JailtonJunior94/ai-spec-harness/internal/skillbump/skillbump.go:51.4,52.1 1 1
github.com/JailtonJunior94/ai-spec-harness/internal/skillbump/skillbump.go:53.3,53.18 1 1
github.com/JailtonJunior94/ai-spec-harness/internal/skillbump/skillbump.go:55.2,55.19 1 1
github.com/JailtonJunior94/ai-spec-harness/internal/skillbump/skillbump.go:56.3,57.1 1 0
github.com/JailtonJunior94/ai-spec-harness/internal/skillbump/skillbump.go:59.2,60.16 2 1
github.com/JailtonJunior94/ai-spec-harness/internal/skillbump/skillbump.go:61.3,62.1 1 0
github.com/JailtonJunior94/ai-spec-harness/internal/skillbump/skillbump.go:63.2,63.29 1 1
github.com/JailtonJunior94/ai-spec-harness/internal/skillbump/skillbump.go:64.3,65.1 1 1
github.com/JailtonJunior94/ai-spec-harness/internal/skillbump/skillbump.go:67.2,69.1 3 1
github.com/JailtonJunior94/ai-spec-harness/internal/skillbump/skillbump.go:70.2,70.42 3 1
github.com/JailtonJunior94/ai-spec-harness/internal/skillbump/skillbump.go:71.3,72.17 2 1
github.com/JailtonJunior94/ai-spec-harness/internal/skillbump/skillbump.go:73.4,74.12 2 0
github.com/JailtonJunior94/ai-spec-harness/internal/skillbump/skillbump.go:76.3,76.14 1 1
github.com/JailtonJunior94/ai-spec-harness/internal/skillbump/skillbump.go:77.4,78.1 1 1
github.com/JailtonJunior94/ai-spec-harness/internal/skillbump/skillbump.go:81.2,81.9 1 1
github.com/JailtonJunior94/ai-spec-harness/internal/skillbump/skillbump.go:83.3,83.44 1 0
github.com/JailtonJunior94/ai-spec-harness/internal/skillbump/skillbump.go:85.3,85.27 1 1
github.com/JailtonJunior94/ai-spec-harness/internal/skillbump/skillbump.go:87.3,87.22 1 1
github.com/JailtonJunior94/ai-spec-harness/internal/skillbump/skillbump.go:92.2,93.16 2 1
github.com/JailtonJunior94/ai-spec-harness/internal/skillbump/skillbump.go:94.3,95.1 1 0
github.com/JailtonJunior94/ai-spec-harness/internal/skillbump/skillbump.go:97.2,100.16 4 1
github.com/JailtonJunior94/ai-spec-harness/internal/skillbump/skillbump.go:101.3,101.37 1 1
github.com/JailtonJunior94/ai-spec-harness/internal/skillbump/skillbump.go:102.4,104.1 2 1
github.com/JailtonJunior94/ai-spec-harness/internal/skillbump/skillbump.go:105.3,105.86 1 0
github.com/JailtonJunior94/ai-spec-harness/internal/skillbump/skillbump.go:108.2,108.66 1 1
github.com/JailtonJunior94/ai-spec-harness/internal/skillbump/skillbump.go:109.3,111.1 2 1
github.com/JailtonJunior94/ai-spec-harness/internal/skillbump/skillbump.go:113.2,114.9 2 1
github.com/JailtonJunior94/ai-spec-harness/internal/skillbump/skillbump.go:116.3,117.34 2 1
github.com/JailtonJunior94/ai-spec-harness/internal/skillbump/skillbump.go:119.3,120.34 2 0
github.com/JailtonJunior94/ai-spec-harness/internal/skillbump/skillbump.go:123.2,124.114 2 1
github.com/JailtonJunior94/ai-spec-harness/internal/skillbump/skillbump.go:125.3,126.84 2 1
github.com/JailtonJunior94/ai-spec-harness/internal/skillbump/skillbump.go:127.4,128.1 1 1
github.com/JailtonJunior94/ai-spec-harness/internal/skillbump/skillbump.go:131.2,131.107 1 1
github.com/JailtonJunior94/ai-spec-harness/internal/skillbump/skillbump.go:132.3,133.1 1 1
github.com/JailtonJunior94/ai-spec-harness/internal/skillbump/skillbump.go:135.2,135.13 1 1
github.com/JailtonJunior94/ai-spec-harness/internal/skillbump/skillbump.go:136.3,137.17 2 1
github.com/JailtonJunior94/ai-spec-harness/internal/skillbump/skillbump.go:138.4,139.1 1 0
github.com/JailtonJunior94/ai-spec-harness/internal/skillbump/skillbump.go:140.3,140.60 1 1
github.com/JailtonJunior94/ai-spec-harness/internal/skillbump/skillbump.go:141.4,142.1 1 0
github.com/JailtonJunior94/ai-spec-harness/internal/skillbump/skillbump.go:145.2,151.14 1 1
github.com/JailtonJunior94/ai-spec-harness/internal/skillbump/skillbump.go:155.2,155.81 1 1
github.com/JailtonJunior94/ai-spec-harness/internal/skillbump/skillbump.go:156.3,157.1 1 1
github.com/JailtonJunior94/ai-spec-harness/internal/skillbump/skillbump.go:158.2,158.25 1 1
github.com/JailtonJunior94/ai-spec-harness/internal/skillbump/skillbump.go:162.2,162.33 1 1
github.com/JailtonJunior94/ai-spec-harness/internal/skillbump/skillbump.go:163.3,163.51 1 1
github.com/JailtonJunior94/ai-spec-harness/internal/skillbump/skillbump.go:164.4,165.1 1 1
github.com/JailtonJunior94/ai-spec-harness/internal/skillbump/skillbump.go:167.2,167.22 1 0
github.com/JailtonJunior94/ai-spec-harness/internal/skillbump/skillbump.go:168.3,169.1 1 0
github.com/JailtonJunior94/ai-spec-harness/internal/skillbump/skillbump.go:170.2,170.28 1 0
github.com/JailtonJunior94/ai-spec-harness/internal/skillbump/skillbump.go:174.2,174.14 1 1
github.com/JailtonJunior94/ai-spec-harness/internal/skillbump/skillbump.go:176.3,176.25 1 0
github.com/JailtonJunior94/ai-spec-harness/internal/skillbump/skillbump.go:178.3,178.31 1 1
github.com/JailtonJunior94/ai-spec-harness/internal/skillbump/skillbump.go:180.3,180.14 1 1
github.com/JailtonJunior94/ai-spec-harness/internal/skillbump/skillbump.go:182.3,182.15 1 0
github.com/JailtonJunior94/ai-spec-harness/internal/skillbump/skillbump.go:187.2,189.16 3 1
github.com/JailtonJunior94/ai-spec-harness/internal/skillbump/skillbump.go:190.3,191.107 2 1
github.com/JailtonJunior94/ai-spec-harness/internal/skillbump/skillbump.go:192.4,193.1 1 1
github.com/JailtonJunior94/ai-spec-harness/internal/skillbump/skillbump.go:194.3,194.66 1 1
github.com/JailtonJunior94/ai-spec-harness/internal/skillbump/skillbump.go:197.2,198.15 2 1
github.com/JailtonJunior94/ai-spec-harness/internal/skillbump/skillbump.go:199.3,200.1 1 0
github.com/JailtonJunior94/ai-spec-harness/internal/skillbump/skillbump.go:202.2,202.17 1 1
github.com/JailtonJunior94/ai-spec-harness/internal/specdigest/specdigest.go:25.2,27.1 2 1
github.com/JailtonJunior94/ai-spec-harness/internal/specdigest/specdigest.go:33.2,33.37 1 1
github.com/JailtonJunior94/ai-spec-harness/internal/specdigest/specdigest.go:34.3,35.1 1 1
github.com/JailtonJunior94/ai-spec-harness/internal/specdigest/specdigest.go:36.2,36.46 1 1
github.com/JailtonJunior94/ai-spec-harness/internal/install/install.go:92.2,101.1 1 1
github.com/JailtonJunior94/ai-spec-harness/internal/install/install.go:113.2,116.1 3 1
github.com/JailtonJunior94/ai-spec-harness/internal/install/install.go:130.2,135.1 5 1
github.com/JailtonJunior94/ai-spec-harness/internal/install/install.go:139.2,139.26 1 1
github.com/JailtonJunior94/ai-spec-harness/internal/install/install.go:140.3,143.17 2 1
github.com/JailtonJunior94/ai-spec-harness/internal/install/install.go:144.4,145.1 1 0
github.com/JailtonJunior94/ai-spec-harness/internal/install/install.go:146.3,146.25 1 1
github.com/JailtonJunior94/ai-spec-harness/internal/install/install.go:147.4,149.1 2 1
github.com/JailtonJunior94/ai-spec-harness/internal/install/install.go:150.3,151.24 2 1
github.com/JailtonJunior94/ai-spec-harness/internal/install/install.go:157.2,157.26 1 1
github.com/JailtonJunior94/ai-spec-harness/internal/install/install.go:158.3,159.29 2 1
github.com/JailtonJunior94/ai-spec-harness/internal/install/install.go:160.4,162.1 2 1
github.com/JailtonJunior94/ai-spec-harness/internal/install/install.go:165.2,165.41 1 1
github.com/JailtonJunior94/ai-spec-harness/internal/install/install.go:166.3,167.1 1 1
github.com/JailtonJunior94/ai-spec-harness/internal/install/install.go:170.2,170.26 1 1
github.com/JailtonJunior94/ai-spec-harness/internal/install/install.go:171.3,172.17 2 1
github.com/JailtonJunior94/ai-spec-harness/internal/install/install.go:173.4,174.1 1 0
github.com/JailtonJunior94/ai-spec-harness/internal/install/install.go:175.3,177.1 3 1
github.com/JailtonJunior94/ai-spec-harness/internal/install/install.go:178.3,178.42 3 1
github.com/JailtonJunior94/ai-spec-harness/internal/install/install.go:179.4,180.1 1 0
github.com/JailtonJunior94/ai-spec-harness/internal/install/install.go:183.2,184.16 2 1
github.com/JailtonJunior94/ai-spec-harness/internal/install/install.go:185.3,186.1 1 0
github.com/JailtonJunior94/ai-spec-harness/internal/install/install.go:189.2,190.38 2 1
github.com/JailtonJunior94/ai-spec-harness/internal/install/install.go:191.3,192.17 2 1
github.com/JailtonJunior94/ai-spec-harness/internal/install/install.go:193.4,194.1 1 0
github.com/JailtonJunior94/ai-spec-harness/internal/install/install.go:195.3,196.1 2 1
github.com/JailtonJunior94/ai-spec-harness/internal/install/install.go:197.3,197.51 2 1
github.com/JailtonJunior94/ai-spec-harness/internal/install/install.go:198.4,199.1 1 0
github.com/JailtonJunior94/ai-spec-harness/internal/install/install.go:200.3,200.52 1 1
github.com/JailtonJunior94/ai-spec-harness/internal/install/install.go:202.3,203.17 2 1
github.com/JailtonJunior94/ai-spec-harness/internal/install/install.go:204.4,205.1 1 0
github.com/JailtonJunior94/ai-spec-harness/internal/install/install.go:206.3,206.19 1 1
github.com/JailtonJunior94/ai-spec-harness/internal/install/install.go:209.2,209.29 1 1
github.com/JailtonJunior94/ai-spec-harness/internal/install/install.go:210.3,211.1 1 1
github.com/JailtonJunior94/ai-spec-harness/internal/install/install.go:213.2,215.64 3 1
github.com/JailtonJunior94/ai-spec-harness/internal/install/install.go:216.3,218.1 2 0
github.com/JailtonJunior94/ai-spec-harness/internal/install/install.go:220.2,221.1 5 1
github.com/JailtonJunior94/ai-spec-harness/internal/install/install.go:222.2,225.1 5 1
github.com/JailtonJunior94/ai-spec-harness/internal/install/install.go:227.2,227.130 5 1
github.com/JailtonJunior94/ai-spec-harness/internal/install/install.go:228.3,229.1 1 1
github.com/JailtonJunior94/ai-spec-harness/internal/install/install.go:232.2,232.34 1 1
github.com/JailtonJunior94/ai-spec-harness/internal/install/install.go:233.3,233.133 1 1
github.com/JailtonJunior94/ai-spec-harness/internal/install/install.go:234.4,235.1 1 1
github.com/JailtonJunior94/ai-spec-harness/internal/install/install.go:242.2,242.18 1 1
github.com/JailtonJunior94/ai-spec-harness/internal/install/install.go:243.3,244.1 1 1
github.com/JailtonJunior94/ai-spec-harness/internal/install/install.go:247.2,247.18 1 1
github.com/JailtonJunior94/ai-spec-harness/internal/install/install.go:248.3,248.107 1 1
github.com/JailtonJunior94/ai-spec-harness/internal/install/install.go:249.4,250.1 1 0
github.com/JailtonJunior94/ai-spec-harness/internal/install/install.go:256.2,256.18 1 1
github.com/JailtonJunior94/ai-spec-harness/internal/install/install.go:257.3,257.64 1 1
github.com/JailtonJunior94/ai-spec-harness/internal/install/install.go:258.4,259.1 1 0
github.com/JailtonJunior94/ai-spec-harness/internal/install/install.go:265.2,265.18 1 1
github.com/JailtonJunior94/ai-spec-harness/internal/install/install.go:266.3,266.68 1 1
github.com/JailtonJunior94/ai-spec-harness/internal/install/install.go:267.4,268.1 1 0
github.com/JailtonJunior94/ai-spec-harness/internal/install/install.go:272.2,272.22 1 1
github.com/JailtonJunior94/ai-spec-harness/internal/install/install.go:273.3,274.142 2 1
github.com/JailtonJunior94/ai-spec-harness/internal/install/install.go:275.4,276.1 1 0
github.com/JailtonJunior94/ai-spec-harness/internal/install/install.go:280.2,280.18 1 1
github.com/JailtonJunior94/ai-spec-harness/internal/install/install.go:281.3,295.1 3 1
github.com/JailtonJunior94/ai-spec-harness/internal/install/install.go:296.3,296.57 3 1
github.com/JailtonJunior94/ai-spec-harness/internal/install/install.go:297.4,298.1 1 0
github.com/JailtonJunior94/ai-spec-harness/internal/install/install.go:301.2,301.17 1 1
github.com/JailtonJunior94/ai-spec-harness/internal/install/install.go:302.3,304.1 2 1
github.com/JailtonJunior94/ai-spec-harness/internal/install/install.go:305.3,308.1 3 1
github.com/JailtonJunior94/ai-spec-harness/internal/install/install.go:310.2,310.12 1 1
github.com/JailtonJunior94/ai-spec-harness/internal/install/install.go:317.2,318.16 2 1
github.com/JailtonJunior94/ai-spec-harness/internal/install/install.go:319.3,320.1 1 0
github.com/JailtonJunior94/ai-spec-harness/internal/install/install.go:321.2,321.44 1 1
github.com/JailtonJunior94/ai-spec-harness/internal/install/install.go:332.2,333.38 2 1
github.com/JailtonJunior94/ai-spec-harness/internal/install/install.go:334.3,335.17 2 0
github.com/JailtonJunior94/ai-spec-harness/internal/install/install.go:336.4,337.1 1 0
github.com/JailtonJunior94/ai-spec-harness/internal/install/install.go:338.3,338.25 1 0
github.com/JailtonJunior94/ai-spec-harness/internal/install/install.go:340.3,341.17 2 1
github.com/JailtonJunior94/ai-spec-harness/internal/install/install.go:342.4,343.1 1 0
github.com/JailtonJunior94/ai-spec-harness/internal/install/install.go:344.3,344.19 1 1
github.com/JailtonJunior94/ai-spec-harness/internal/install/install.go:348.2,350.21 3 1
github.com/JailtonJunior94/ai-spec-harness/internal/install/install.go:351.3,352.17 2 1
github.com/JailtonJunior94/ai-spec-harness/internal/install/install.go:353.4,354.1 1 0
github.com/JailtonJunior94/ai-spec-harness/internal/install/install.go:355.3,356.21 2 1
github.com/JailtonJunior94/ai-spec-harness/internal/install/install.go:358.2,358.20 1 1
github.com/JailtonJunior94/ai-spec-harness/internal/install/install.go:359.3,360.1 1 1
github.com/JailtonJunior94/ai-spec-harness/internal/install/install.go:362.2,363.16 2 1
github.com/JailtonJunior94/ai-spec-harness/internal/install/install.go:364.3,365.1 1 0
github.com/JailtonJunior94/ai-spec-harness/internal/install/install.go:368.2,370.35 3 1
github.com/JailtonJunior94/ai-spec-harness/internal/install/install.go:371.3,372.17 2 1
github.com/JailtonJunior94/ai-spec-harness/internal/install/install.go:373.4,373.44 1 1
github.com/JailtonJunior94/ai-spec-harness/internal/install/install.go:374.5,375.1 1 0
github.com/JailtonJunior94/ai-spec-harness/internal/install/install.go:376.4,376.44 1 1
github.com/JailtonJunior94/ai-spec-harness/internal/install/install.go:377.5,378.1 1 1
github.com/JailtonJunior94/ai-spec-harness/internal/install/install.go:381.2,381.21 1 1
github.com/JailtonJunior94/ai-spec-harness/internal/install/install.go:382.3,383.1 1 1
github.com/JailtonJunior94/ai-spec-harness/internal/install/install.go:385.2,386.1 3 1
github.com/JailtonJunior94/ai-spec-harness/internal/install/install.go:388.2,389.29 3 1
github.com/JailtonJunior94/ai-spec-harness/internal/install/install.go:390.3,392.1 6 1
github.com/JailtonJunior94/ai-spec-harness/internal/install/install.go:395.3,398.9 6 1
github.com/JailtonJunior94/ai-spec-harness/internal/install/install.go:399.4,400.1 1 1
github.com/JailtonJunior94/ai-spec-harness/internal/install/install.go:401.3,407.1 2 1
github.com/JailtonJunior94/ai-spec-harness/internal/install/install.go:408.3,408.34 2 1
github.com/JailtonJunior94/ai-spec-harness/internal/install/install.go:409.4,410.88 2 1
github.com/JailtonJunior94/ai-spec-harness/internal/install/install.go:411.5,412.1 1 1
github.com/JailtonJunior94/ai-spec-harness/internal/install/install.go:413.4,418.6 1 1
github.com/JailtonJunior94/ai-spec-harness/internal/install/install.go:421.3,421.90 1 1
github.com/JailtonJunior94/ai-spec-harness/internal/install/install.go:425.2,425.21 1 1
github.com/JailtonJunior94/ai-spec-harness/internal/install/install.go:426.3,426.35 1 0
github.com/JailtonJunior94/ai-spec-harness/internal/install/install.go:427.4,434.1 2 0
github.com/JailtonJunior94/ai-spec-harness/internal/install/install.go:437.2,437.19 1 1
github.com/JailtonJunior94/ai-spec-harness/internal/install/install.go:447.2,447.25 1 1
github.com/JailtonJunior94/ai-spec-harness/internal/install/install.go:448.3,448.59 1 1
github.com/JailtonJunior94/ai-spec-harness/internal/install/install.go:449.4,450.1 1 1
github.com/JailtonJunior94/ai-spec-harness/internal/install/install.go:452.2,452.45 1 1
github.com/JailtonJunior94/ai-spec-harness/internal/install/install.go:456.2,458.16 3 1
github.com/JailtonJunior94/ai-spec-harness/internal/install/install.go:459.3,460.1 1 0
github.com/JailtonJunior94/ai-spec-harness/internal/install/install.go:462.2,463.32 2 1
github.com/JailtonJunior94/ai-spec-harness/internal/install/install.go:464.3,464.77 1 1
github.com/JailtonJunior94/ai-spec-harness/internal/install/install.go:465.4,465.12 1 0
github.com/JailtonJunior94/ai-spec-harness/internal/install/install.go:470.3,470.77 1 1
github.com/JailtonJunior94/ai-spec-harness/internal/install/install.go:471.4,471.12 1 1
github.com/JailtonJunior94/ai-spec-harness/internal/install/install.go:473.3,473.34 1 1
github.com/JailtonJunior94/ai-spec-harness/internal/install/install.go:475.2,475.12 1 1
github.com/JailtonJunior94/ai-spec-harness/internal/install/install.go:479.2,480.1 2 1
github.com/JailtonJunior94/ai-spec-harness/internal/install/install.go:482.2,482.34 2 1
github.com/JailtonJunior94/ai-spec-harness/internal/install/install.go:483.3,490.1 2 1
github.com/JailtonJunior94/ai-spec-harness/internal/install/install.go:492.2,492.14 1 1
github.com/JailtonJunior94/ai-spec-harness/internal/install/install.go:498.2,499.16 2 1
github.com/JailtonJunior94/ai-spec-harness/internal/install/install.go:500.3,501.1 1 1
github.com/JailtonJunior94/ai-spec-harness/internal/install/install.go:502.2,502.19 1 1
github.com/JailtonJunior94/ai-spec-harness/internal/install/install.go:509.2,510.9 2 1
github.com/JailtonJunior94/ai-spec-harness/internal/install/install.go:511.3,512.1 1 0
github.com/JailtonJunior94/ai-spec-harness/internal/install/install.go:513.2,520.16 5 1
github.com/JailtonJunior94/ai-spec-harness/internal/install/install.go:521.3,522.1 1 1
github.com/JailtonJunior94/ai-spec-harness/internal/install/install.go:523.2,523.27 1 1
github.com/JailtonJunior94/ai-spec-harness/internal/install/install.go:527.2,528.16 2 1
github.com/JailtonJunior94/ai-spec-harness/internal/install/install.go:529.3,530.1 1 0
github.com/JailtonJunior94/ai-spec-harness/internal/install/install.go:532.2,533.21 2 1
github.com/JailtonJunior94/ai-spec-harness/internal/install/install.go:534.3,534.56 1 0
github.com/JailtonJunior94/ai-spec-harness/internal/install/install.go:535.4,539.1 4 0
github.com/JailtonJunior94/ai-spec-harness/internal/install/install.go:542.2,544.1 4 1
github.com/JailtonJunior94/ai-spec-harness/internal/install/install.go:545.2,546.58 4 1
github.com/JailtonJunior94/ai-spec-harness/internal/install/install.go:547.3,549.23 3 1
github.com/JailtonJunior94/ai-spec-harness/internal/install/install.go:551.4,551.28 1 0
github.com/JailtonJunior94/ai-spec-harness/internal/install/install.go:553.4,553.30 1 1
github.com/JailtonJunior94/ai-spec-harness/internal/install/install.go:555.3,561.5 1 1
github.com/JailtonJunior94/ai-spec-harness/internal/install/install.go:563.2,563.14 1 1
github.com/JailtonJunior94/ai-spec-harness/internal/install/install.go:569.2,569.29 1 1
github.com/JailtonJunior94/ai-spec-harness/internal/install/install.go:570.3,571.10 2 1
github.com/JailtonJunior94/ai-spec-harness/internal/install/install.go:572.4,572.12 1 0
github.com/JailtonJunior94/ai-spec-harness/internal/install/install.go:574.3,579.17 5 1
github.com/JailtonJunior94/ai-spec-harness/internal/install/install.go:580.4,581.1 1 1
github.com/JailtonJunior94/ai-spec-harness/internal/install/install.go:582.4,583.1 1 1
github.com/JailtonJunior94/ai-spec-harness/internal/install/install.go:591.2,592.1 2 1
github.com/JailtonJunior94/ai-spec-harness/internal/install/install.go:594.2,594.33 2 1
github.com/JailtonJunior94/ai-spec-harness/internal/install/install.go:595.3,596.1 1 1
github.com/JailtonJunior94/ai-spec-harness/internal/install/install.go:598.2,599.33 2 1
github.com/JailtonJunior94/ai-spec-harness/internal/install/install.go:601.3,602.1 1 0
github.com/JailtonJunior94/ai-spec-harness/internal/install/install.go:606.2,607.16 2 1
github.com/JailtonJunior94/ai-spec-harness/internal/install/install.go:609.3,609.28 1 1
github.com/JailtonJunior94/ai-spec-harness/internal/install/install.go:611.3,611.28 1 0
github.com/JailtonJunior94/ai-spec-harness/internal/install/install.go:614.3,614.28 1 1
github.com/JailtonJunior94/ai-spec-harness/internal/install/install.go:623.2,623.30 1 1
github.com/JailtonJunior94/ai-spec-harness/internal/install/install.go:624.3,625.1 1 1
github.com/JailtonJunior94/ai-spec-harness/internal/install/install.go:627.2,629.1 3 1
github.com/JailtonJunior94/ai-spec-harness/internal/install/install.go:630.2,630.32 3 1
github.com/JailtonJunior94/ai-spec-harness/internal/install/install.go:631.3,632.1 1 0
github.com/JailtonJunior94/ai-spec-harness/internal/install/install.go:634.2,634.30 1 1
github.com/JailtonJunior94/ai-spec-harness/internal/install/install.go:635.3,636.1 1 1
github.com/JailtonJunior94/ai-spec-harness/internal/install/install.go:638.2,638.39 1 1
github.com/JailtonJunior94/ai-spec-harness/internal/install/install.go:644.2,644.38 1 1
github.com/JailtonJunior94/ai-spec-harness/internal/install/install.go:645.3,645.28 1 1
github.com/JailtonJunior94/ai-spec-harness/internal/install/install.go:646.4,647.1 1 0
github.com/JailtonJunior94/ai-spec-harness/internal/install/install.go:648.3,648.35 1 1
github.com/JailtonJunior94/ai-spec-harness/internal/install/install.go:649.4,650.1 1 1
github.com/JailtonJunior94/ai-spec-harness/internal/install/install.go:651.3,651.38 1 1
github.com/JailtonJunior94/ai-spec-harness/internal/install/install.go:652.4,653.1 1 0
github.com/JailtonJunior94/ai-spec-harness/internal/install/install.go:655.2,655.57 1 1
github.com/JailtonJunior94/ai-spec-harness/internal/install/install.go:656.3,657.1 1 0
github.com/JailtonJunior94/ai-spec-harness/internal/install/install.go:660.2,660.26 1 1
github.com/JailtonJunior94/ai-spec-harness/internal/install/install.go:661.3,662.1 1 0
github.com/JailtonJunior94/ai-spec-harness/internal/install/install.go:663.2,663.12 1 1
github.com/JailtonJunior94/ai-spec-harness/internal/install/install.go:667.2,669.1 3 1
github.com/JailtonJunior94/ai-spec-harness/internal/install/install.go:670.2,670.102 3 1
github.com/JailtonJunior94/ai-spec-harness/internal/install/install.go:671.3,672.1 1 1
github.com/JailtonJunior94/ai-spec-harness/internal/install/install.go:674.2,674.12 1 1
github.com/JailtonJunior94/ai-spec-harness/internal/install/install.go:675.3,676.1 1 1
github.com/JailtonJunior94/ai-spec-harness/internal/install/install.go:677.3,677.50 1 1
github.com/JailtonJunior94/ai-spec-harness/internal/install/install.go:678.4,679.1 1 0
github.com/JailtonJunior94/ai-spec-harness/internal/install/install.go:682.2,682.34 1 1
github.com/JailtonJunior94/ai-spec-harness/internal/install/install.go:683.3,685.1 3 1
github.com/JailtonJunior94/ai-spec-harness/internal/install/install.go:686.3,686.23 3 1
github.com/JailtonJunior94/ai-spec-harness/internal/install/install.go:687.4,688.12 2 1
github.com/JailtonJunior94/ai-spec-harness/internal/install/install.go:691.3,691.13 1 1
github.com/JailtonJunior94/ai-spec-harness/internal/install/install.go:692.4,693.12 2 1
github.com/JailtonJunior94/ai-spec-harness/internal/install/install.go:696.3,696.54 1 1
github.com/JailtonJunior94/ai-spec-harness/internal/install/install.go:697.4,698.1 1 0
github.com/JailtonJunior94/ai-spec-harness/internal/install/install.go:699.3,699.47 1 1
github.com/JailtonJunior94/ai-spec-harness/internal/install/install.go:701.2,701.12 1 1
github.com/JailtonJunior94/ai-spec-harness/internal/install/install.go:705.2,706.1 2 1
github.com/JailtonJunior94/ai-spec-harness/internal/install/install.go:707.2,707.14 2 1
github.com/JailtonJunior94/ai-spec-harness/internal/install/install.go:709.3,709.73 1 1
github.com/JailtonJunior94/ai-spec-harness/internal/install/install.go:711.3,711.80 1 1
github.com/JailtonJunior94/ai-spec-harness/internal/install/install.go:713.3,713.74 1 1
github.com/JailtonJunior94/ai-spec-harness/internal/install/install.go:715.3,715.65 1 1
github.com/JailtonJunior94/ai-spec-harness/internal/install/install.go:717.2,717.12 1 0
github.com/JailtonJunior94/ai-spec-harness/internal/install/install.go:721.2,728.1 2 1
github.com/JailtonJunior94/ai-spec-harness/internal/install/install.go:730.2,730.25 2 1
github.com/JailtonJunior94/ai-spec-harness/internal/install/install.go:731.3,731.13 1 1
github.com/JailtonJunior94/ai-spec-harness/internal/install/install.go:732.4,733.1 1 1
github.com/JailtonJunior94/ai-spec-harness/internal/install/install.go:733.10,733.49 1 1
github.com/JailtonJunior94/ai-spec-harness/internal/install/install.go:734.4,735.1 1 0
github.com/JailtonJunior94/ai-spec-harness/internal/install/install.go:739.2,739.34 1 1
github.com/JailtonJunior94/ai-spec-harness/internal/install/install.go:740.3,743.1 4 1
github.com/JailtonJunior94/ai-spec-harness/internal/install/install.go:744.3,744.23 4 1
github.com/JailtonJunior94/ai-spec-harness/internal/install/install.go:745.4,745.12 1 1
github.com/JailtonJunior94/ai-spec-harness/internal/install/install.go:748.3,748.13 1 1
github.com/JailtonJunior94/ai-spec-harness/internal/install/install.go:749.4,750.12 2 1
github.com/JailtonJunior94/ai-spec-harness/internal/install/install.go:753.3,753.30 1 1
github.com/JailtonJunior94/ai-spec-harness/internal/install/install.go:754.4,754.46 1 1
github.com/JailtonJunior94/ai-spec-harness/internal/install/install.go:755.5,756.1 1 0
github.com/JailtonJunior94/ai-spec-harness/internal/install/install.go:757.4,757.49 1 1
github.com/JailtonJunior94/ai-spec-harness/internal/install/install.go:758.5,759.1 1 0
github.com/JailtonJunior94/ai-spec-harness/internal/install/install.go:761.4,761.55 1 0
github.com/JailtonJunior94/ai-spec-harness/internal/install/install.go:762.5,763.1 1 0
github.com/JailtonJunior94/ai-spec-harness/internal/install/install.go:767.2,767.12 1 1
github.com/JailtonJunior94/ai-spec-harness/internal/install/install.go:768.3,781.1 13 1
github.com/JailtonJunior94/ai-spec-harness/internal/install/install.go:783.2,784.27 2 1
github.com/JailtonJunior94/ai-spec-harness/internal/install/install.go:785.3,785.113 1 1
github.com/JailtonJunior94/ai-spec-harness/internal/install/install.go:786.4,787.1 1 0
github.com/JailtonJunior94/ai-spec-harness/internal/install/install.go:790.2,791.33 2 1
github.com/JailtonJunior94/ai-spec-harness/internal/install/install.go:792.3,792.133 1 1
github.com/JailtonJunior94/ai-spec-harness/internal/install/install.go:793.4,794.1 1 0
github.com/JailtonJunior94/ai-spec-harness/internal/install/install.go:797.2,798.31 2 1
github.com/JailtonJunior94/ai-spec-harness/internal/install/install.go:799.3,799.133 1 1
github.com/JailtonJunior94/ai-spec-harness/internal/install/install.go:800.4,801.1 1 0
github.com/JailtonJunior94/ai-spec-harness/internal/install/install.go:804.2,805.33 2 1
github.com/JailtonJunior94/ai-spec-harness/internal/install/install.go:806.3,806.137 1 1
github.com/JailtonJunior94/ai-spec-harness/internal/install/install.go:807.4,808.1 1 0
github.com/JailtonJunior94/ai-spec-harness/internal/install/install.go:811.2,812.31 2 1
github.com/JailtonJunior94/ai-spec-harness/internal/install/install.go:813.3,813.133 1 1
github.com/JailtonJunior94/ai-spec-harness/internal/install/install.go:814.4,815.1 1 0
github.com/JailtonJunior94/ai-spec-harness/internal/install/install.go:818.2,820.26 3 1
github.com/JailtonJunior94/ai-spec-harness/internal/install/install.go:821.3,821.98 1 1
github.com/JailtonJunior94/ai-spec-harness/internal/install/install.go:822.4,823.1 1 0
github.com/JailtonJunior94/ai-spec-harness/internal/install/install.go:826.2,827.30 2 1
github.com/JailtonJunior94/ai-spec-harness/internal/install/install.go:828.3,828.99 1 1
github.com/JailtonJunior94/ai-spec-harness/internal/install/install.go:829.4,830.1 1 0
github.com/JailtonJunior94/ai-spec-harness/internal/install/install.go:833.2,834.33 2 1
github.com/JailtonJunior94/ai-spec-harness/internal/install/install.go:835.3,835.106 1 1
github.com/JailtonJunior94/ai-spec-harness/internal/install/install.go:836.4,837.1 1 0
github.com/JailtonJunior94/ai-spec-harness/internal/install/install.go:841.2,841.106 1 1
github.com/JailtonJunior94/ai-spec-harness/internal/install/install.go:842.3,843.1 1 0
github.com/JailtonJunior94/ai-spec-harness/internal/install/install.go:845.2,846.33 2 1
github.com/JailtonJunior94/ai-spec-harness/internal/install/install.go:847.3,847.123 1 1
github.com/JailtonJunior94/ai-spec-harness/internal/install/install.go:848.4,849.1 1 0
github.com/JailtonJunior94/ai-spec-harness/internal/install/install.go:852.2,853.29 2 1
github.com/JailtonJunior94/ai-spec-harness/internal/install/install.go:854.3,854.125 1 1
github.com/JailtonJunior94/ai-spec-harness/internal/install/install.go:855.4,856.1 1 0
github.com/JailtonJunior94/ai-spec-harness/internal/install/install.go:859.2,860.27 2 1
github.com/JailtonJunior94/ai-spec-harness/internal/install/install.go:861.3,861.89 1 1
github.com/JailtonJunior94/ai-spec-harness/internal/install/install.go:862.4,863.1 1 0
github.com/JailtonJunior94/ai-spec-harness/internal/install/install.go:866.2,867.32 2 1
github.com/JailtonJunior94/ai-spec-harness/internal/install/install.go:868.3,868.99 1 1
github.com/JailtonJunior94/ai-spec-harness/internal/install/install.go:869.4,870.1 1 0
github.com/JailtonJunior94/ai-spec-harness/internal/install/install.go:871.9,871.65 1 1
github.com/JailtonJunior94/ai-spec-harness/internal/install/install.go:872.3,873.112 2 1
github.com/JailtonJunior94/ai-spec-harness/internal/install/install.go:874.4,875.1 1 0
github.com/JailtonJunior94/ai-spec-harness/internal/install/install.go:878.2,879.12 2 1
github.com/JailtonJunior94/ai-spec-harness/internal/install/install.go:905.2,908.1 4 1
github.com/JailtonJunior94/ai-spec-harness/internal/install/install.go:909.2,909.42 4 1
github.com/JailtonJunior94/ai-spec-harness/internal/install/install.go:910.3,911.24 2 1
github.com/JailtonJunior94/ai-spec-harness/internal/install/install.go:912.4,913.1 1 1
github.com/JailtonJunior94/ai-spec-harness/internal/install/install.go:914.3,914.24 1 1
github.com/JailtonJunior94/ai-spec-harness/internal/install/install.go:915.4,915.12 1 1
github.com/JailtonJunior94/ai-spec-harness/internal/install/install.go:917.3,917.47 1 1
github.com/JailtonJunior94/ai-spec-harness/internal/install/install.go:918.4,919.1 1 0
github.com/JailtonJunior94/ai-spec-harness/internal/install/install.go:920.3,921.49 2 1
github.com/JailtonJunior94/ai-spec-harness/internal/install/install.go:922.4,923.1 1 0
github.com/JailtonJunior94/ai-spec-harness/internal/install/install.go:924.3,924.46 1 1
github.com/JailtonJunior94/ai-spec-harness/internal/install/install.go:925.4,926.1 1 1
github.com/JailtonJunior94/ai-spec-harness/internal/install/install.go:928.2,928.12 1 1
github.com/JailtonJunior94/ai-spec-harness/internal/install/install.go:943.2,945.1 3 1
github.com/JailtonJunior94/ai-spec-harness/internal/install/install.go:946.2,946.38 3 1
github.com/JailtonJunior94/ai-spec-harness/internal/install/install.go:947.3,948.24 2 1
github.com/JailtonJunior94/ai-spec-harness/internal/install/install.go:949.4,949.12 1 1
github.com/JailtonJunior94/ai-spec-harness/internal/install/install.go:951.3,951.47 1 1
github.com/JailtonJunior94/ai-spec-harness/internal/install/install.go:952.4,953.1 1 0
github.com/JailtonJunior94/ai-spec-harness/internal/install/install.go:954.3,955.49 2 1
github.com/JailtonJunior94/ai-spec-harness/internal/install/install.go:956.4,957.1 1 0
github.com/JailtonJunior94/ai-spec-harness/internal/install/install.go:958.3,958.46 1 1
github.com/JailtonJunior94/ai-spec-harness/internal/install/install.go:959.4,960.1 1 1
github.com/JailtonJunior94/ai-spec-harness/internal/install/install.go:962.2,962.12 1 1
github.com/JailtonJunior94/ai-spec-harness/internal/install/install.go:979.2,981.1 3 1
github.com/JailtonJunior94/ai-spec-harness/internal/install/install.go:982.2,982.44 3 1
github.com/JailtonJunior94/ai-spec-harness/internal/install/install.go:983.3,984.24 2 1
github.com/JailtonJunior94/ai-spec-harness/internal/install/install.go:985.4,985.12 1 1
github.com/JailtonJunior94/ai-spec-harness/internal/install/install.go:987.3,987.47 1 1
github.com/JailtonJunior94/ai-spec-harness/internal/install/install.go:988.4,989.1 1 0
github.com/JailtonJunior94/ai-spec-harness/internal/install/install.go:990.3,991.49 2 1
github.com/JailtonJunior94/ai-spec-harness/internal/install/install.go:992.4,993.1 1 0
github.com/JailtonJunior94/ai-spec-harness/internal/install/install.go:994.3,994.46 1 1
github.com/JailtonJunior94/ai-spec-harness/internal/install/install.go:995.4,996.1 1 1
github.com/JailtonJunior94/ai-spec-harness/internal/install/install.go:998.2,998.12 1 1
github.com/JailtonJunior94/ai-spec-harness/internal/install/install.go:1005.2,1007.1 3 1
github.com/JailtonJunior94/ai-spec-harness/internal/install/install.go:1008.2,1008.41 3 1
github.com/JailtonJunior94/ai-spec-harness/internal/install/install.go:1009.3,1010.24 2 1
github.com/JailtonJunior94/ai-spec-harness/internal/install/install.go:1011.4,1011.12 1 1
github.com/JailtonJunior94/ai-spec-harness/internal/install/install.go:1013.3,1013.47 1 1
github.com/JailtonJunior94/ai-spec-harness/internal/install/install.go:1014.4,1015.1 1 0
github.com/JailtonJunior94/ai-spec-harness/internal/install/install.go:1016.3,1017.49 2 1
github.com/JailtonJunior94/ai-spec-harness/internal/install/install.go:1018.4,1019.1 1 0
github.com/JailtonJunior94/ai-spec-harness/internal/install/install.go:1022.3,1022.46 1 1
github.com/JailtonJunior94/ai-spec-harness/internal/install/install.go:1024.4,1025.1 1 0
github.com/JailtonJunior94/ai-spec-harness/internal/install/install.go:1027.2,1027.12 1 1
github.com/JailtonJunior94/ai-spec-harness/internal/install/install.go:1038.2,1039.30 2 1
github.com/JailtonJunior94/ai-spec-harness/internal/install/install.go:1040.3,1040.31 1 1
github.com/JailtonJunior94/ai-spec-harness/internal/install/install.go:1041.4,1042.1 1 1
github.com/JailtonJunior94/ai-spec-harness/internal/install/install.go:1044.2,1044.12 1 1
github.com/JailtonJunior94/ai-spec-harness/internal/install/install.go:1048.2,1049.12 2 1
github.com/JailtonJunior94/ai-spec-harness/internal/install/install.go:1050.3,1055.1 5 0
github.com/JailtonJunior94/ai-spec-harness/internal/install/install.go:1057.2,1057.48 1 1
github.com/JailtonJunior94/ai-spec-harness/internal/install/install.go:1058.3,1059.1 1 0
github.com/JailtonJunior94/ai-spec-harness/internal/install/install.go:1061.2,1062.28 2 1
github.com/JailtonJunior94/ai-spec-harness/internal/install/install.go:1063.3,1064.1 1 1
github.com/JailtonJunior94/ai-spec-harness/internal/install/install.go:1066.2,1068.96 3 1
github.com/JailtonJunior94/ai-spec-harness/internal/install/install.go:1069.3,1070.1 1 0
github.com/JailtonJunior94/ai-spec-harness/internal/install/install.go:1072.2,1072.119 1 1
github.com/JailtonJunior94/ai-spec-harness/internal/install/install.go:1073.3,1074.1 1 0
github.com/JailtonJunior94/ai-spec-harness/internal/install/install.go:1076.2,1077.1 2 1
github.com/JailtonJunior94/ai-spec-harness/internal/install/install.go:1078.2,1078.107 2 1
github.com/JailtonJunior94/ai-spec-harness/internal/install/install.go:1079.3,1080.1 1 0
github.com/JailtonJunior94/ai-spec-harness/internal/install/install.go:1082.2,1082.105 1 1
github.com/JailtonJunior94/ai-spec-harness/internal/install/install.go:1083.3,1084.1 1 0
github.com/JailtonJunior94/ai-spec-harness/internal/install/install.go:1086.2,1086.12 1 1
github.com/JailtonJunior94/ai-spec-harness/internal/install/install.go:1090.2,1093.1 2 1
github.com/JailtonJunior94/ai-spec-harness/internal/install/install.go:1095.2,1095.25 2 1
github.com/JailtonJunior94/ai-spec-harness/internal/install/install.go:1096.3,1096.13 1 1
github.com/JailtonJunior94/ai-spec-harness/internal/install/install.go:1097.4,1098.1 1 1
github.com/JailtonJunior94/ai-spec-harness/internal/install/install.go:1098.10,1098.49 1 1
github.com/JailtonJunior94/ai-spec-harness/internal/install/install.go:1099.4,1100.1 1 0
github.com/JailtonJunior94/ai-spec-harness/internal/install/install.go:1103.2,1103.34 1 1
github.com/JailtonJunior94/ai-spec-harness/internal/install/install.go:1104.3,1107.1 4 1
github.com/JailtonJunior94/ai-spec-harness/internal/install/install.go:1108.3,1108.23 4 1
github.com/JailtonJunior94/ai-spec-harness/internal/install/install.go:1109.4,1109.12 1 1
github.com/JailtonJunior94/ai-spec-harness/internal/install/install.go:1112.3,1112.13 1 1
github.com/JailtonJunior94/ai-spec-harness/internal/install/install.go:1113.4,1114.12 2 1
github.com/JailtonJunior94/ai-spec-harness/internal/install/install.go:1117.3,1117.30 1 1
github.com/JailtonJunior94/ai-spec-harness/internal/install/install.go:1118.4,1118.46 1 1
github.com/JailtonJunior94/ai-spec-harness/internal/install/install.go:1119.5,1120.1 1 0
github.com/JailtonJunior94/ai-spec-harness/internal/install/install.go:1121.4,1121.49 1 1
github.com/JailtonJunior94/ai-spec-harness/internal/install/install.go:1122.5,1123.1 1 0
github.com/JailtonJunior94/ai-spec-harness/internal/install/install.go:1125.4,1125.55 1 0
github.com/JailtonJunior94/ai-spec-harness/internal/install/install.go:1126.5,1127.1 1 0
github.com/JailtonJunior94/ai-spec-harness/internal/install/install.go:1131.2,1131.13 1 1
github.com/JailtonJunior94/ai-spec-harness/internal/install/install.go:1132.3,1133.109 2 1
github.com/JailtonJunior94/ai-spec-harness/internal/install/install.go:1134.4,1135.1 1 0
github.com/JailtonJunior94/ai-spec-harness/internal/install/install.go:1136.3,1136.107 1 1
github.com/JailtonJunior94/ai-spec-harness/internal/install/install.go:1137.4,1138.1 1 0
github.com/JailtonJunior94/ai-spec-harness/internal/install/install.go:1139.3,1140.31 2 1
github.com/JailtonJunior94/ai-spec-harness/internal/install/install.go:1141.4,1141.96 1 1
github.com/JailtonJunior94/ai-spec-harness/internal/install/install.go:1142.5,1143.1 1 0
github.com/JailtonJunior94/ai-spec-harness/internal/install/install.go:1146.3,1148.1 2 1
github.com/JailtonJunior94/ai-spec-harness/internal/install/install.go:1150.2,1150.12 1 1
github.com/JailtonJunior94/ai-spec-harness/internal/install/install.go:1160.2,1160.78 1 1
github.com/JailtonJunior94/ai-spec-harness/internal/install/install.go:1161.3,1162.1 1 1
github.com/JailtonJunior94/ai-spec-harness/internal/install/install.go:1164.2,1166.1 3 1
github.com/JailtonJunior94/ai-spec-harness/internal/install/install.go:1167.2,1167.12 3 1
github.com/JailtonJunior94/ai-spec-harness/internal/install/install.go:1168.3,1171.1 3 0
github.com/JailtonJunior94/ai-spec-harness/internal/install/install.go:1173.2,1173.49 1 1
github.com/JailtonJunior94/ai-spec-harness/internal/install/install.go:1174.3,1175.1 1 0
github.com/JailtonJunior94/ai-spec-harness/internal/install/install.go:1177.2,1178.33 2 1
github.com/JailtonJunior94/ai-spec-harness/internal/install/install.go:1179.3,1179.66 1 1
github.com/JailtonJunior94/ai-spec-harness/internal/install/install.go:1180.4,1181.1 1 0
github.com/JailtonJunior94/ai-spec-harness/internal/install/install.go:1184.2,1185.29 2 1
github.com/JailtonJunior94/ai-spec-harness/internal/install/install.go:1186.3,1187.17 2 1
github.com/JailtonJunior94/ai-spec-harness/internal/install/install.go:1188.4,1189.1 1 0
github.com/JailtonJunior94/ai-spec-harness/internal/install/install.go:1190.3,1190.18 1 1
github.com/JailtonJunior94/ai-spec-harness/internal/install/install.go:1193.2,1194.92 2 1
github.com/JailtonJunior94/ai-spec-harness/internal/install/install.go:1195.3,1196.1 1 1
github.com/JailtonJunior94/ai-spec-harness/internal/install/install.go:1198.2,1199.16 2 1
github.com/JailtonJunior94/ai-spec-harness/internal/install/install.go:1200.3,1201.1 1 0
github.com/JailtonJunior94/ai-spec-harness/internal/install/install.go:1202.2,1202.113 1 1
github.com/JailtonJunior94/ai-spec-harness/internal/install/install.go:1203.3,1204.1 1 0
github.com/JailtonJunior94/ai-spec-harness/internal/install/install.go:1205.2,1205.43 1 1
github.com/JailtonJunior94/ai-spec-harness/internal/install/install.go:1209.2,1210.58 2 1
github.com/JailtonJunior94/ai-spec-harness/internal/install/install.go:1211.3,1212.1 1 0
github.com/JailtonJunior94/ai-spec-harness/internal/install/install.go:1213.2,1214.13 2 1
github.com/JailtonJunior94/ai-spec-harness/internal/install/install.go:1218.2,1218.26 1 1
github.com/JailtonJunior94/ai-spec-harness/internal/install/install.go:1219.3,1220.1 1 1
github.com/JailtonJunior94/ai-spec-harness/internal/install/install.go:1222.2,1228.1 2 1
github.com/JailtonJunior94/ai-spec-harness/internal/install/install.go:1229.2,1229.28 2 1
github.com/JailtonJunior94/ai-spec-harness/internal/install/install.go:1230.3,1231.1 1 1
github.com/JailtonJunior94/ai-spec-harness/internal/install/install.go:1233.2,1234.34 2 1
github.com/JailtonJunior94/ai-spec-harness/internal/install/install.go:1235.3,1235.77 1 1
github.com/JailtonJunior94/ai-spec-harness/internal/install/install.go:1236.4,1237.1 1 1
github.com/JailtonJunior94/ai-spec-harness/internal/install/install.go:1239.2,1239.27 1 1
github.com/JailtonJunior94/ai-spec-harness/internal/install/install.go:1243.2,1291.1 1 1
github.com/JailtonJunior94/ai-spec-harness/internal/install/install.go:1295.2,1323.1 1 1
github.com/JailtonJunior94/ai-spec-harness/internal/install/install.go:1330.2,1367.1 1 1
github.com/JailtonJunior94/ai-spec-harness/internal/install/install.go:1373.2,1395.1 1 1
github.com/JailtonJunior94/ai-spec-harness/internal/install/install.go:1398.2,1398.29 1 1
github.com/JailtonJunior94/ai-spec-harness/internal/install/install.go:1399.3,1401.1 2 1
github.com/JailtonJunior94/ai-spec-harness/internal/install/install.go:1402.2,1402.31 1 1
github.com/JailtonJunior94/ai-spec-harness/internal/install/install.go:1406.2,1407.34 2 1
github.com/JailtonJunior94/ai-spec-harness/internal/install/install.go:1408.3,1410.17 3 1
github.com/JailtonJunior94/ai-spec-harness/internal/install/install.go:1411.4,1411.12 1 1
github.com/JailtonJunior94/ai-spec-harness/internal/install/install.go:1413.3,1413.26 1 1
github.com/JailtonJunior94/ai-spec-harness/internal/install/install.go:1415.2,1415.18 1 1
github.com/JailtonJunior94/ai-spec-harness/internal/install/install.go:1419.2,1420.34 2 1
github.com/JailtonJunior94/ai-spec-harness/internal/install/install.go:1421.3,1423.17 3 1
github.com/JailtonJunior94/ai-spec-harness/internal/install/install.go:1424.4,1424.12 1 1
github.com/JailtonJunior94/ai-spec-harness/internal/install/install.go:1427.3,1428.23 2 1
github.com/JailtonJunior94/ai-spec-harness/internal/install/install.go:1429.4,1430.1 1 1
github.com/JailtonJunior94/ai-spec-harness/internal/install/install.go:1433.2,1433.17 1 1
github.com/JailtonJunior94/ai-spec-harness/internal/install/install.go:1437.2,1438.26 2 1
github.com/JailtonJunior94/ai-spec-harness/internal/install/install.go:1439.3,1440.1 1 1
github.com/JailtonJunior94/ai-spec-harness/internal/install/install.go:1441.2,1441.12 1 1
github.com/JailtonJunior94/ai-spec-harness/internal/install/install.go:1445.2,1446.26 2 1
github.com/JailtonJunior94/ai-spec-harness/internal/install/install.go:1447.3,1448.1 1 1
github.com/JailtonJunior94/ai-spec-harness/internal/install/install.go:1449.2,1449.12 1 1
github.com/JailtonJunior94/ai-spec-harness/internal/install/install.go:1464.2,1465.26 2 1
github.com/JailtonJunior94/ai-spec-harness/internal/install/install.go:1466.3,1467.1 1 1
github.com/JailtonJunior94/ai-spec-harness/internal/install/install.go:1469.2,1470.1 3 1
github.com/JailtonJunior94/ai-spec-harness/internal/install/install.go:1472.2,1480.39 3 1
github.com/JailtonJunior94/ai-spec-harness/internal/install/install.go:1481.3,1482.1 1 1
github.com/JailtonJunior94/ai-spec-harness/internal/install/install.go:1484.2,1484.32 1 1
github.com/JailtonJunior94/ai-spec-harness/internal/install/install.go:1485.3,1503.1 1 1
github.com/JailtonJunior94/ai-spec-harness/internal/install/install.go:1505.2,1505.31 1 1
github.com/JailtonJunior94/ai-spec-harness/internal/install/install.go:1506.3,1517.1 1 1
github.com/JailtonJunior94/ai-spec-harness/internal/install/install.go:1519.2,1519.33 1 1
github.com/JailtonJunior94/ai-spec-harness/internal/install/install.go:1520.3,1531.1 1 1
github.com/JailtonJunior94/ai-spec-harness/internal/install/install.go:1533.2,1533.34 1 1
github.com/JailtonJunior94/ai-spec-harness/internal/install/install.go:1534.3,1535.1 1 1
github.com/JailtonJunior94/ai-spec-harness/internal/install/install.go:1537.2,1538.33 2 1
github.com/JailtonJunior94/ai-spec-harness/internal/install/install.go:1539.3,1539.96 1 1
github.com/JailtonJunior94/ai-spec-harness/internal/install/install.go:1540.4,1541.1 1 1
github.com/JailtonJunior94/ai-spec-harness/internal/install/install.go:1543.2,1543.12 1 1
github.com/JailtonJunior94/ai-spec-harness/internal/install/r1_receiver.go:6.28,6.46 1 1
github.com/JailtonJunior94/ai-spec-harness/internal/skillscheck/skillscheck.go:64.2,65.1 1 1
github.com/JailtonJunior94/ai-spec-harness/internal/skillscheck/skillscheck.go:69.2,71.16 3 1
github.com/JailtonJunior94/ai-spec-harness/internal/skillscheck/skillscheck.go:72.3,73.1 1 0
github.com/JailtonJunior94/ai-spec-harness/internal/skillscheck/skillscheck.go:75.2,76.56 2 1
github.com/JailtonJunior94/ai-spec-harness/internal/skillscheck/skillscheck.go:77.3,78.1 1 0
github.com/JailtonJunior94/ai-spec-harness/internal/skillscheck/skillscheck.go:80.2,82.1 3 1
github.com/JailtonJunior94/ai-spec-harness/internal/skillscheck/skillscheck.go:83.2,83.44 3 1
github.com/JailtonJunior94/ai-spec-harness/internal/skillscheck/skillscheck.go:84.3,86.17 3 1
github.com/JailtonJunior94/ai-spec-harness/internal/skillscheck/skillscheck.go:87.4,92.12 2 1
github.com/JailtonJunior94/ai-spec-harness/internal/skillscheck/skillscheck.go:95.3,97.1 4 1
github.com/JailtonJunior94/ai-spec-harness/internal/skillscheck/skillscheck.go:98.3,106.5 4 1
github.com/JailtonJunior94/ai-spec-harness/internal/skillscheck/skillscheck.go:109.2,109.21 1 1
github.com/JailtonJunior94/ai-spec-harness/internal/skillscheck/skillscheck.go:115.2,117.1 2 1
github.com/JailtonJunior94/ai-spec-harness/internal/skillscheck/skillscheck.go:132.2,133.16 2 1
github.com/JailtonJunior94/ai-spec-harness/internal/skillscheck/skillscheck.go:134.3,135.1 1 0
github.com/JailtonJunior94/ai-spec-harness/internal/skillscheck/skillscheck.go:137.2,138.28 2 1
github.com/JailtonJunior94/ai-spec-harness/internal/skillscheck/skillscheck.go:139.3,139.10 1 1
github.com/JailtonJunior94/ai-spec-harness/internal/skillscheck/skillscheck.go:141.4,141.90 1 1
github.com/JailtonJunior94/ai-spec-harness/internal/skillscheck/skillscheck.go:143.4,143.99 1 1
github.com/JailtonJunior94/ai-spec-harness/internal/skillscheck/skillscheck.go:145.4,145.117 1 1
github.com/JailtonJunior94/ai-spec-harness/internal/skillscheck/skillscheck.go:148.2,148.22 1 1
github.com/JailtonJunior94/ai-spec-harness/internal/skillscheck/skillscheck.go:153.2,153.37 1 1
github.com/JailtonJunior94/ai-spec-harness/internal/skillscheck/skillscheck.go:154.3,155.1 1 1
github.com/JailtonJunior94/ai-spec-harness/internal/skillscheck/skillscheck.go:156.2,156.25 1 1
github.com/JailtonJunior94/ai-spec-harness/internal/skillscheck/skillscheck.go:157.3,158.1 1 1
github.com/JailtonJunior94/ai-spec-harness/internal/skillscheck/skillscheck.go:159.2,161.43 3 1
github.com/JailtonJunior94/ai-spec-harness/internal/skillscheck/skillscheck.go:162.3,163.1 1 0
github.com/JailtonJunior94/ai-spec-harness/internal/skillscheck/skillscheck.go:164.2,164.34 1 1
github.com/JailtonJunior94/ai-spec-harness/internal/skillscheck/skillscheck.go:165.3,166.1 1 1
github.com/JailtonJunior94/ai-spec-harness/internal/skillscheck/skillscheck.go:167.2,167.19 1 1
github.com/JailtonJunior94/ai-spec-harness/internal/skillscheck/skillscheck.go:173.2,175.21 3 1
github.com/JailtonJunior94/ai-spec-harness/internal/skillscheck/skillscheck.go:176.3,177.1 1 0
github.com/JailtonJunior94/ai-spec-harness/internal/skillscheck/skillscheck.go:178.2,179.16 2 1
github.com/JailtonJunior94/ai-spec-harness/internal/skillscheck/skillscheck.go:180.3,181.1 1 0
github.com/JailtonJunior94/ai-spec-harness/internal/skillscheck/skillscheck.go:182.2,182.10 1 1
github.com/JailtonJunior94/ai-spec-harness/internal/taskcriteria/extract.go:6.2,7.1 1 1
github.com/JailtonJunior94/ai-spec-harness/internal/taskcriteria/extract.go:10.2,11.1 1 1
github.com/JailtonJunior94/ai-spec-harness/internal/taskcriteria/extract.go:14.2,16.60 3 1
github.com/JailtonJunior94/ai-spec-harness/internal/taskcriteria/extract.go:17.3,18.1 2 1
github.com/JailtonJunior94/ai-spec-harness/internal/taskcriteria/extract.go:19.3,19.35 2 1
github.com/JailtonJunior94/ai-spec-harness/internal/taskcriteria/extract.go:20.4,21.12 2 1
github.com/JailtonJunior94/ai-spec-harness/internal/taskcriteria/extract.go:24.3,24.86 1 1
github.com/JailtonJunior94/ai-spec-harness/internal/taskcriteria/extract.go:25.4,25.9 1 1
github.com/JailtonJunior94/ai-spec-harness/internal/taskcriteria/extract.go:28.3,28.17 1 1
github.com/JailtonJunior94/ai-spec-harness/internal/taskcriteria/extract.go:29.4,29.12 1 1
github.com/JailtonJunior94/ai-spec-harness/internal/taskcriteria/extract.go:32.3,33.10 2 1
github.com/JailtonJunior94/ai-spec-harness/internal/taskcriteria/extract.go:34.4,34.12 1 1
github.com/JailtonJunior94/ai-spec-harness/internal/taskcriteria/extract.go:36.3,36.31 1 1
github.com/JailtonJunior94/ai-spec-harness/internal/taskcriteria/extract.go:37.4,37.12 1 1
github.com/JailtonJunior94/ai-spec-harness/internal/taskcriteria/extract.go:39.3,39.30 1 1
github.com/JailtonJunior94/ai-spec-harness/internal/taskcriteria/extract.go:42.2,42.14 1 1
github.com/JailtonJunior94/ai-spec-harness/internal/taskcriteria/extract.go:46.2,46.40 1 1
github.com/JailtonJunior94/ai-spec-harness/internal/taskcriteria/extract.go:47.3,48.1 1 1
github.com/JailtonJunior94/ai-spec-harness/internal/taskcriteria/extract.go:50.2,51.19 2 1
github.com/JailtonJunior94/ai-spec-harness/internal/taskcriteria/extract.go:52.3,53.1 1 0
github.com/JailtonJunior94/ai-spec-harness/internal/taskcriteria/extract.go:55.2,58.16 4 1
github.com/JailtonJunior94/ai-spec-harness/internal/taskcriteria/extract.go:59.3,60.1 1 1
github.com/JailtonJunior94/ai-spec-harness/internal/taskcriteria/extract.go:62.2,62.28 1 1
github.com/JailtonJunior94/ai-spec-harness/internal/taskcriteria/extract.go:66.2,71.1 2 1
github.com/JailtonJunior94/ai-spec-harness/internal/specdrift/r1_catalog.go:7.2,8.1 1 1
github.com/JailtonJunior94/ai-spec-harness/internal/specdrift/specdrift.go:43.2,44.1 4 1
github.com/JailtonJunior94/ai-spec-harness/internal/specdrift/specdrift.go:45.2,47.28 4 1
github.com/JailtonJunior94/ai-spec-harness/internal/specdrift/specdrift.go:48.3,49.32 2 1
github.com/JailtonJunior94/ai-spec-harness/internal/specdrift/specdrift.go:50.4,52.1 2 1
github.com/JailtonJunior94/ai-spec-harness/internal/specdrift/specdrift.go:55.2,57.30 3 1
github.com/JailtonJunior94/ai-spec-harness/internal/specdrift/specdrift.go:58.3,58.39 1 1
github.com/JailtonJunior94/ai-spec-harness/internal/specdrift/specdrift.go:59.4,60.1 1 1
github.com/JailtonJunior94/ai-spec-harness/internal/specdrift/specdrift.go:63.2,67.1 1 1
github.com/JailtonJunior94/ai-spec-harness/internal/specdrift/specdrift.go:73.2,74.20 2 1
github.com/JailtonJunior94/ai-spec-harness/internal/specdrift/specdrift.go:75.3,76.1 1 1
github.com/JailtonJunior94/ai-spec-harness/internal/specdrift/specdrift.go:77.2,77.59 1 1
github.com/JailtonJunior94/ai-spec-harness/internal/specdrift/specdrift.go:81.2,84.29 4 1
github.com/JailtonJunior94/ai-spec-harness/internal/specdrift/specdrift.go:85.3,86.40 2 1
github.com/JailtonJunior94/ai-spec-harness/internal/specdrift/specdrift.go:87.4,87.17 1 1
github.com/JailtonJunior94/ai-spec-harness/internal/specdrift/specdrift.go:88.5,88.10 1 0
github.com/JailtonJunior94/ai-spec-harness/internal/specdrift/specdrift.go:90.4,91.12 2 1
github.com/JailtonJunior94/ai-spec-harness/internal/specdrift/specdrift.go:93.3,93.51 1 1
github.com/JailtonJunior94/ai-spec-harness/internal/specdrift/specdrift.go:94.4,95.1 1 1
github.com/JailtonJunior94/ai-spec-harness/internal/specdrift/specdrift.go:97.2,97.20 1 1
github.com/JailtonJunior94/ai-spec-harness/internal/specdrift/specdrift.go:98.3,99.1 1 1
github.com/JailtonJunior94/ai-spec-harness/internal/specdrift/specdrift.go:100.2,100.42 1 1
github.com/JailtonJunior94/ai-spec-harness/internal/specdrift/specdrift.go:106.2,107.1 5 1
github.com/JailtonJunior94/ai-spec-harness/internal/specdrift/specdrift.go:108.2,110.1 5 1
github.com/JailtonJunior94/ai-spec-harness/internal/specdrift/specdrift.go:111.2,112.18 5 1
github.com/JailtonJunior94/ai-spec-harness/internal/specdrift/specdrift.go:113.3,118.1 1 1
github.com/JailtonJunior94/ai-spec-harness/internal/specdrift/specdrift.go:121.2,128.1 2 1
github.com/JailtonJunior94/ai-spec-harness/internal/specdrift/specdrift.go:137.2,138.1 4 1
github.com/JailtonJunior94/ai-spec-harness/internal/specdrift/specdrift.go:139.2,141.18 4 1
github.com/JailtonJunior94/ai-spec-harness/internal/specdrift/specdrift.go:142.3,147.1 1 1
github.com/JailtonJunior94/ai-spec-harness/internal/specdrift/specdrift.go:150.2,157.1 2 1
github.com/JailtonJunior94/ai-spec-harness/internal/specdrift/specdrift.go:163.2,165.16 3 1
github.com/JailtonJunior94/ai-spec-harness/internal/specdrift/specdrift.go:166.3,167.1 1 1
github.com/JailtonJunior94/ai-spec-harness/internal/specdrift/specdrift.go:169.2,170.1 4 1
github.com/JailtonJunior94/ai-spec-harness/internal/specdrift/specdrift.go:171.2,177.1 4 1
github.com/JailtonJunior94/ai-spec-harness/internal/specdrift/specdrift.go:179.2,180.29 4 1
github.com/JailtonJunior94/ai-spec-harness/internal/specdrift/specdrift.go:181.3,183.17 3 1
github.com/JailtonJunior94/ai-spec-harness/internal/specdrift/specdrift.go:185.4,185.12 1 1
github.com/JailtonJunior94/ai-spec-harness/internal/specdrift/specdrift.go:187.3,187.26 1 1
github.com/JailtonJunior94/ai-spec-harness/internal/specdrift/specdrift.go:188.4,189.1 1 1
github.com/JailtonJunior94/ai-spec-harness/internal/specdrift/specdrift.go:191.3,195.16 5 1
github.com/JailtonJunior94/ai-spec-harness/internal/specdrift/specdrift.go:196.4,197.1 1 1
github.com/JailtonJunior94/ai-spec-harness/internal/specdrift/specdrift.go:199.3,202.18 4 1
github.com/JailtonJunior94/ai-spec-harness/internal/specdrift/specdrift.go:203.4,204.1 1 1
github.com/JailtonJunior94/ai-spec-harness/internal/specdrift/specdrift.go:206.3,206.52 1 1
github.com/JailtonJunior94/ai-spec-harness/internal/specdrift/specdrift.go:207.4,210.1 4 1
github.com/JailtonJunior94/ai-spec-harness/internal/specdrift/specdrift.go:214.4,214.48 4 1
github.com/JailtonJunior94/ai-spec-harness/internal/specdrift/specdrift.go:215.5,216.1 1 1
github.com/JailtonJunior94/ai-spec-harness/internal/specdrift/specdrift.go:220.2,220.20 1 1
github.com/JailtonJunior94/ai-spec-harness/internal/specdrift/sync.go:20.2,21.50 2 1
github.com/JailtonJunior94/ai-spec-harness/internal/specdrift/sync.go:22.3,23.1 1 0
github.com/JailtonJunior94/ai-spec-harness/internal/specdrift/sync.go:25.2,26.16 2 1
github.com/JailtonJunior94/ai-spec-harness/internal/specdrift/sync.go:27.3,28.1 1 1
github.com/JailtonJunior94/ai-spec-harness/internal/specdrift/sync.go:30.2,32.1 4 1
github.com/JailtonJunior94/ai-spec-harness/internal/specdrift/sync.go:33.2,36.1 4 1
github.com/JailtonJunior94/ai-spec-harness/internal/specdrift/sync.go:38.2,38.29 4 1
github.com/JailtonJunior94/ai-spec-harness/internal/specdrift/sync.go:39.3,42.1 5 1
github.com/JailtonJunior94/ai-spec-harness/internal/specdrift/sync.go:43.3,44.17 5 1
github.com/JailtonJunior94/ai-spec-harness/internal/specdrift/sync.go:45.4,45.12 1 1
github.com/JailtonJunior94/ai-spec-harness/internal/specdrift/sync.go:48.3,49.90 2 1
github.com/JailtonJunior94/ai-spec-harness/internal/specdrift/sync.go:52.2,52.23 1 1
github.com/JailtonJunior94/ai-spec-harness/internal/specdrift/sync.go:53.3,54.1 1 1
github.com/JailtonJunior94/ai-spec-harness/internal/specdrift/sync.go:56.2,56.35 1 1
github.com/JailtonJunior94/ai-spec-harness/internal/specdrift/sync.go:57.3,58.1 1 1
github.com/JailtonJunior94/ai-spec-harness/internal/specdrift/sync.go:60.2,60.56 1 1
github.com/JailtonJunior94/ai-spec-harness/internal/specdrift/sync.go:64.2,66.36 3 1
github.com/JailtonJunior94/ai-spec-harness/internal/specdrift/sync.go:67.3,68.1 1 1
github.com/JailtonJunior94/ai-spec-harness/internal/specdrift/sync.go:69.2,69.16 1 0
github.com/JailtonJunior94/ai-spec-harness/internal/specdrift/sync.go:70.3,71.1 1 0
github.com/JailtonJunior94/ai-spec-harness/internal/specdrift/sync.go:72.2,78.1 1 0
github.com/JailtonJunior94/ai-spec-harness/internal/specdrift/sync.go:79.3,80.22 2 0
github.com/JailtonJunior94/ai-spec-harness/internal/specdrift/sync.go:81.4,81.12 1 0
github.com/JailtonJunior94/ai-spec-harness/internal/specdrift/sync.go:83.3,84.23 2 0
github.com/JailtonJunior94/ai-spec-harness/internal/specdrift/sync.go:85.4,86.1 1 0
github.com/JailtonJunior94/ai-spec-harness/internal/specdrift/sync.go:87.3,87.29 1 0
github.com/JailtonJunior94/ai-spec-harness/internal/specdrift/sync.go:88.4,88.86 1 0
github.com/JailtonJunior94/ai-spec-harness/internal/specdrift/sync.go:89.5,90.1 1 0
github.com/JailtonJunior94/ai-spec-harness/internal/specdrift/sync.go:91.4,91.120 1 0
github.com/JailtonJunior94/ai-spec-harness/internal/specdrift/sync.go:94.2,94.12 1 0
github.com/JailtonJunior94/ai-spec-harness/internal/runtime/approval_adapters.go:56.2,57.1 1 1
github.com/JailtonJunior94/ai-spec-harness/internal/runtime/approval_adapters.go:60.2,61.16 2 1
github.com/JailtonJunior94/ai-spec-harness/internal/runtime/approval_adapters.go:62.3,63.1 1 0
github.com/JailtonJunior94/ai-spec-harness/internal/runtime/approval_adapters.go:64.2,64.37 1 1
github.com/JailtonJunior94/ai-spec-harness/internal/runtime/approval_adapters.go:68.2,69.1 1 1
github.com/JailtonJunior94/ai-spec-harness/internal/runtime/approval_adapters.go:72.2,73.16 2 1
github.com/JailtonJunior94/ai-spec-harness/internal/runtime/approval_adapters.go:74.3,75.1 1 0
github.com/JailtonJunior94/ai-spec-harness/internal/runtime/approval_adapters.go:76.2,76.44 1 1
github.com/JailtonJunior94/ai-spec-harness/internal/runtime/approval_adapters.go:80.2,85.34 6 1
github.com/JailtonJunior94/ai-spec-harness/internal/runtime/approval_adapters.go:86.3,87.1 1 0
github.com/JailtonJunior94/ai-spec-harness/internal/runtime/approval_adapters.go:88.2,88.45 1 1
github.com/JailtonJunior94/ai-spec-harness/internal/runtime/approval_adapters.go:98.2,99.1 1 1
github.com/JailtonJunior94/ai-spec-harness/internal/runtime/approval_adapters.go:102.2,104.1 4 1
github.com/JailtonJunior94/ai-spec-harness/internal/runtime/approval_adapters.go:105.2,106.16 4 1
github.com/JailtonJunior94/ai-spec-harness/internal/runtime/approval_adapters.go:107.3,108.1 1 0
github.com/JailtonJunior94/ai-spec-harness/internal/runtime/approval_adapters.go:109.2,110.1 3 1
github.com/JailtonJunior94/ai-spec-harness/internal/runtime/approval_adapters.go:111.2,112.16 3 1
github.com/JailtonJunior94/ai-spec-harness/internal/runtime/approval_adapters.go:113.3,114.1 1 0
github.com/JailtonJunior94/ai-spec-harness/internal/runtime/approval_adapters.go:116.2,119.16 4 1
github.com/JailtonJunior94/ai-spec-harness/internal/runtime/approval_adapters.go:120.3,121.1 1 0
github.com/JailtonJunior94/ai-spec-harness/internal/runtime/approval_adapters.go:122.2,123.16 2 1
github.com/JailtonJunior94/ai-spec-harness/internal/runtime/approval_adapters.go:124.3,125.1 1 0
github.com/JailtonJunior94/ai-spec-harness/internal/runtime/approval_adapters.go:126.2,126.91 1 1
github.com/JailtonJunior94/ai-spec-harness/internal/runtime/approval_adapters.go:130.2,131.52 2 1
github.com/JailtonJunior94/ai-spec-harness/internal/runtime/approval_adapters.go:132.3,133.10 2 1
github.com/JailtonJunior94/ai-spec-harness/internal/runtime/approval_adapters.go:134.4,134.12 1 1
github.com/JailtonJunior94/ai-spec-harness/internal/runtime/approval_adapters.go:136.3,137.64 2 1
github.com/JailtonJunior94/ai-spec-harness/internal/runtime/approval_adapters.go:138.4,139.1 1 1
github.com/JailtonJunior94/ai-spec-harness/internal/runtime/approval_adapters.go:140.3,141.17 2 1
github.com/JailtonJunior94/ai-spec-harness/internal/runtime/approval_adapters.go:142.4,142.12 1 0
github.com/JailtonJunior94/ai-spec-harness/internal/runtime/approval_adapters.go:144.3,144.39 1 1
github.com/JailtonJunior94/ai-spec-harness/internal/runtime/approval_adapters.go:146.2,146.17 1 1
github.com/JailtonJunior94/ai-spec-harness/internal/runtime/approval_adapters.go:150.2,150.46 1 1
github.com/JailtonJunior94/ai-spec-harness/internal/runtime/approval_adapters.go:151.3,151.48 1 1
github.com/JailtonJunior94/ai-spec-harness/internal/runtime/approval_adapters.go:152.4,153.1 1 1
github.com/JailtonJunior94/ai-spec-harness/internal/runtime/approval_adapters.go:155.2,155.17 1 1
github.com/JailtonJunior94/ai-spec-harness/internal/runtime/approval_adapters.go:159.2,160.44 2 1
github.com/JailtonJunior94/ai-spec-harness/internal/runtime/approval_adapters.go:161.3,162.1 1 1
github.com/JailtonJunior94/ai-spec-harness/internal/runtime/approval_adapters.go:164.2,165.16 2 1
github.com/JailtonJunior94/ai-spec-harness/internal/runtime/approval_adapters.go:166.3,167.1 1 0
github.com/JailtonJunior94/ai-spec-harness/internal/runtime/approval_adapters.go:169.2,170.16 2 1
github.com/JailtonJunior94/ai-spec-harness/internal/runtime/approval_adapters.go:171.3,172.1 1 0
github.com/JailtonJunior94/ai-spec-harness/internal/runtime/approval_adapters.go:174.2,174.37 1 1
github.com/JailtonJunior94/ai-spec-harness/internal/runtime/approval_adapters.go:175.3,176.17 2 1
github.com/JailtonJunior94/ai-spec-harness/internal/runtime/approval_adapters.go:177.4,178.1 1 0
github.com/JailtonJunior94/ai-spec-harness/internal/runtime/approval_adapters.go:180.2,180.25 1 1
github.com/JailtonJunior94/ai-spec-harness/internal/runtime/approval_adapters.go:184.2,184.15 1 1
github.com/JailtonJunior94/ai-spec-harness/internal/runtime/approval_adapters.go:185.3,186.1 1 1
github.com/JailtonJunior94/ai-spec-harness/internal/runtime/approval_adapters.go:187.2,188.16 2 1
github.com/JailtonJunior94/ai-spec-harness/internal/runtime/approval_adapters.go:189.3,190.1 1 0
github.com/JailtonJunior94/ai-spec-harness/internal/runtime/approval_adapters.go:191.2,191.33 1 1
github.com/JailtonJunior94/ai-spec-harness/internal/runtime/approval_adapters.go:200.2,201.1 1 1
github.com/JailtonJunior94/ai-spec-harness/internal/runtime/approval_adapters.go:204.2,207.1 5 1
github.com/JailtonJunior94/ai-spec-harness/internal/runtime/approval_adapters.go:208.2,210.1 5 1
github.com/JailtonJunior94/ai-spec-harness/internal/runtime/approval_adapters.go:213.2,215.42 3 1
github.com/JailtonJunior94/ai-spec-harness/internal/runtime/approval_adapters.go:216.3,217.1 1 1
github.com/JailtonJunior94/ai-spec-harness/internal/runtime/approval_adapters.go:218.2,221.20 4 1
github.com/JailtonJunior94/ai-spec-harness/internal/runtime/clock.go:17.2,18.1 1 1
github.com/JailtonJunior94/ai-spec-harness/internal/runtime/clock.go:21.2,22.1 1 1
github.com/JailtonJunior94/ai-spec-harness/internal/runtime/memory_metrics.go:23.2,32.1 2 1
github.com/JailtonJunior94/ai-spec-harness/internal/runtime/memory_metrics.go:33.2,33.20 2 1
github.com/JailtonJunior94/ai-spec-harness/internal/runtime/memory_metrics.go:34.3,35.1 1 1
github.com/JailtonJunior94/ai-spec-harness/internal/runtime/memory_metrics.go:37.2,38.44 2 1
github.com/JailtonJunior94/ai-spec-harness/internal/runtime/memory_metrics.go:39.3,41.1 2 1
github.com/JailtonJunior94/ai-spec-harness/internal/runtime/memory_metrics.go:42.2,43.1 3 1
github.com/JailtonJunior94/ai-spec-harness/internal/runtime/memory_metrics.go:44.2,45.46 3 1
github.com/JailtonJunior94/ai-spec-harness/internal/runtime/memory_metrics.go:46.3,48.1 2 1
github.com/JailtonJunior94/ai-spec-harness/internal/runtime/memory_metrics.go:49.2,50.1 2 1
github.com/JailtonJunior94/ai-spec-harness/internal/runtime/memory_metrics.go:51.2,51.44 2 1
github.com/JailtonJunior94/ai-spec-harness/internal/runtime/memory_metrics.go:52.3,53.1 1 1
github.com/JailtonJunior94/ai-spec-harness/internal/runtime/memory_metrics.go:55.2,55.14 1 1
github.com/JailtonJunior94/ai-spec-harness/internal/runtime/options.go:13.2,13.28 1 1
github.com/JailtonJunior94/ai-spec-harness/internal/runtime/options.go:14.3,15.1 1 1
github.com/JailtonJunior94/ai-spec-harness/internal/runtime/options.go:20.2,20.28 1 1
github.com/JailtonJunior94/ai-spec-harness/internal/runtime/options.go:21.3,22.1 1 1
github.com/JailtonJunior94/ai-spec-harness/internal/runtime/options.go:27.2,27.28 1 1
github.com/JailtonJunior94/ai-spec-harness/internal/runtime/options.go:28.3,29.1 1 1
github.com/JailtonJunior94/ai-spec-harness/internal/runtime/options.go:34.2,34.28 1 1
github.com/JailtonJunior94/ai-spec-harness/internal/runtime/options.go:35.3,36.1 1 1
github.com/JailtonJunior94/ai-spec-harness/internal/runtime/options.go:41.2,41.28 1 1
github.com/JailtonJunior94/ai-spec-harness/internal/runtime/options.go:42.3,43.1 1 1
github.com/JailtonJunior94/ai-spec-harness/internal/runtime/options.go:49.2,49.28 1 0
github.com/JailtonJunior94/ai-spec-harness/internal/runtime/options.go:50.3,51.1 1 0
github.com/JailtonJunior94/ai-spec-harness/internal/runtime/options.go:58.2,58.28 1 1
github.com/JailtonJunior94/ai-spec-harness/internal/runtime/options.go:59.3,60.1 1 1
github.com/JailtonJunior94/ai-spec-harness/internal/runtime/options.go:67.2,67.28 1 1
github.com/JailtonJunior94/ai-spec-harness/internal/runtime/options.go:68.3,69.1 1 1
github.com/JailtonJunior94/ai-spec-harness/internal/runtime/options.go:73.2,73.28 1 1
github.com/JailtonJunior94/ai-spec-harness/internal/runtime/options.go:74.3,75.1 1 1
github.com/JailtonJunior94/ai-spec-harness/internal/runtime/r1_catalog.go:7.2,8.1 1 1
github.com/JailtonJunior94/ai-spec-harness/internal/runtime/retry.go:24.2,25.1 1 1
github.com/JailtonJunior94/ai-spec-harness/internal/runtime/retry.go:37.2,37.16 1 1
github.com/JailtonJunior94/ai-spec-harness/internal/runtime/retry.go:38.3,39.1 1 1
github.com/JailtonJunior94/ai-spec-harness/internal/runtime/retry.go:40.2,45.1 1 1
github.com/JailtonJunior94/ai-spec-harness/internal/runtime/retry.go:46.3,46.28 1 1
github.com/JailtonJunior94/ai-spec-harness/internal/runtime/retry.go:47.4,48.1 1 1
github.com/JailtonJunior94/ai-spec-harness/internal/runtime/retry.go:50.2,50.13 1 1
github.com/JailtonJunior94/ai-spec-harness/internal/runtime/retry.go:58.2,58.50 1 1
github.com/JailtonJunior94/ai-spec-harness/internal/runtime/retry.go:59.3,60.1 1 1
github.com/JailtonJunior94/ai-spec-harness/internal/runtime/retry.go:61.2,62.31 2 1
github.com/JailtonJunior94/ai-spec-harness/internal/runtime/retry.go:63.3,64.1 1 1
github.com/JailtonJunior94/ai-spec-harness/internal/runtime/retry.go:65.2,65.46 1 1
github.com/JailtonJunior94/ai-spec-harness/internal/runtime/runner.go:74.2,75.1 1 1
github.com/JailtonJunior94/ai-spec-harness/internal/runtime/runner.go:78.2,79.1 1 0
github.com/JailtonJunior94/ai-spec-harness/internal/runtime/runner.go:108.2,115.1 2 1
github.com/JailtonJunior94/ai-spec-harness/internal/runtime/runner.go:116.2,116.25 2 1
github.com/JailtonJunior94/ai-spec-harness/internal/runtime/runner.go:117.3,118.1 1 1
github.com/JailtonJunior94/ai-spec-harness/internal/runtime/runner.go:119.2,119.10 1 1
github.com/JailtonJunior94/ai-spec-harness/internal/runtime/runner.go:139.2,141.1 4 1
github.com/JailtonJunior94/ai-spec-harness/internal/runtime/runner.go:143.2,144.16 4 1
github.com/JailtonJunior94/ai-spec-harness/internal/runtime/runner.go:145.3,146.1 1 1
github.com/JailtonJunior94/ai-spec-harness/internal/runtime/runner.go:149.2,150.16 2 1
github.com/JailtonJunior94/ai-spec-harness/internal/runtime/runner.go:151.3,152.1 1 0
github.com/JailtonJunior94/ai-spec-harness/internal/runtime/runner.go:156.2,157.1 7 1
github.com/JailtonJunior94/ai-spec-harness/internal/runtime/runner.go:162.2,163.1 7 1
github.com/JailtonJunior94/ai-spec-harness/internal/runtime/runner.go:164.2,168.28 7 1
github.com/JailtonJunior94/ai-spec-harness/internal/runtime/runner.go:169.3,173.1 4 1
github.com/JailtonJunior94/ai-spec-harness/internal/runtime/runner.go:174.3,177.1 3 1
github.com/JailtonJunior94/ai-spec-harness/internal/runtime/runner.go:182.2,183.1 6 1
github.com/JailtonJunior94/ai-spec-harness/internal/runtime/runner.go:185.2,187.1 6 1
github.com/JailtonJunior94/ai-spec-harness/internal/runtime/runner.go:188.2,190.1 6 1
github.com/JailtonJunior94/ai-spec-harness/internal/runtime/runner.go:192.2,192.96 6 1
github.com/JailtonJunior94/ai-spec-harness/internal/runtime/runner.go:193.3,194.1 1 0
github.com/JailtonJunior94/ai-spec-harness/internal/runtime/runner.go:197.2,198.1 2 1
github.com/JailtonJunior94/ai-spec-harness/internal/runtime/runner.go:201.2,201.42 2 1
github.com/JailtonJunior94/ai-spec-harness/internal/runtime/runner.go:202.3,202.64 1 1
github.com/JailtonJunior94/ai-spec-harness/internal/runtime/runner.go:203.4,204.1 1 1
github.com/JailtonJunior94/ai-spec-harness/internal/runtime/runner.go:206.2,206.15 1 1
github.com/JailtonJunior94/ai-spec-harness/internal/runtime/runner.go:206.17,206.32 1 1
github.com/JailtonJunior94/ai-spec-harness/internal/runtime/runner.go:207.2,208.1 3 1
github.com/JailtonJunior94/ai-spec-harness/internal/runtime/runner.go:209.2,210.16 3 1
github.com/JailtonJunior94/ai-spec-harness/internal/runtime/runner.go:211.3,212.1 1 0
github.com/JailtonJunior94/ai-spec-harness/internal/runtime/runner.go:213.2,214.1 2 1
github.com/JailtonJunior94/ai-spec-harness/internal/runtime/runner.go:215.2,215.65 2 1
github.com/JailtonJunior94/ai-spec-harness/internal/runtime/runner.go:216.3,216.53 1 1
github.com/JailtonJunior94/ai-spec-harness/internal/runtime/runner.go:217.4,218.1 1 1
github.com/JailtonJunior94/ai-spec-harness/internal/runtime/runner.go:219.3,219.69 1 1
github.com/JailtonJunior94/ai-spec-harness/internal/runtime/runner.go:223.2,226.1 10 1
github.com/JailtonJunior94/ai-spec-harness/internal/runtime/runner.go:228.2,230.1 10 1
github.com/JailtonJunior94/ai-spec-harness/internal/runtime/runner.go:232.2,239.57 10 1
github.com/JailtonJunior94/ai-spec-harness/internal/runtime/runner.go:240.3,241.1 1 1
github.com/JailtonJunior94/ai-spec-harness/internal/runtime/runner.go:246.2,248.1 4 1
github.com/JailtonJunior94/ai-spec-harness/internal/runtime/runner.go:249.2,253.23 4 1
github.com/JailtonJunior94/ai-spec-harness/internal/runtime/runner.go:254.3,256.1 2 1
github.com/JailtonJunior94/ai-spec-harness/internal/runtime/runner.go:258.2,258.20 1 1
github.com/JailtonJunior94/ai-spec-harness/internal/runtime/runner.go:259.3,260.1 1 1
github.com/JailtonJunior94/ai-spec-harness/internal/runtime/runner.go:262.2,263.1 2 1
github.com/JailtonJunior94/ai-spec-harness/internal/runtime/runner.go:264.2,264.18 2 1
github.com/JailtonJunior94/ai-spec-harness/internal/runtime/runner.go:265.3,266.23 2 1
github.com/JailtonJunior94/ai-spec-harness/internal/runtime/runner.go:267.4,274.29 5 1
github.com/JailtonJunior94/ai-spec-harness/internal/runtime/runner.go:275.5,277.1 2 0
github.com/JailtonJunior94/ai-spec-harness/internal/runtime/runner.go:279.4,280.1 1 0
github.com/JailtonJunior94/ai-spec-harness/internal/runtime/runner.go:283.2,283.63 1 1
github.com/JailtonJunior94/ai-spec-harness/internal/runtime/runner.go:289.2,289.33 1 1
github.com/JailtonJunior94/ai-spec-harness/internal/runtime/runner.go:290.3,291.1 1 0
github.com/JailtonJunior94/ai-spec-harness/internal/runtime/runner.go:292.2,293.16 2 1
github.com/JailtonJunior94/ai-spec-harness/internal/runtime/runner.go:294.3,295.1 1 0
github.com/JailtonJunior94/ai-spec-harness/internal/runtime/runner.go:296.2,296.15 1 1
github.com/JailtonJunior94/ai-spec-harness/internal/runtime/runner.go:302.2,305.1 3 1
github.com/JailtonJunior94/ai-spec-harness/internal/runtime/runner.go:309.2,319.59 3 1
github.com/JailtonJunior94/ai-spec-harness/internal/runtime/runner.go:320.3,321.1 1 1
github.com/JailtonJunior94/ai-spec-harness/internal/runtime/runner.go:328.2,333.17 1 1
github.com/JailtonJunior94/ai-spec-harness/internal/runtime/runner.go:334.3,335.1 1 0
github.com/JailtonJunior94/ai-spec-harness/internal/runtime/runner.go:336.2,340.17 2 1
github.com/JailtonJunior94/ai-spec-harness/internal/runtime/runner.go:341.3,342.1 1 0
github.com/JailtonJunior94/ai-spec-harness/internal/runtime/runner.go:343.2,346.17 1 1
github.com/JailtonJunior94/ai-spec-harness/internal/runtime/runner.go:347.3,348.1 1 0
github.com/JailtonJunior94/ai-spec-harness/internal/runtime/runner.go:349.2,349.12 1 1
github.com/JailtonJunior94/ai-spec-harness/internal/runtime/runner.go:366.2,374.1 4 1
github.com/JailtonJunior94/ai-spec-harness/internal/runtime/runner.go:377.2,379.1 4 1
github.com/JailtonJunior94/ai-spec-harness/internal/runtime/runner.go:380.2,380.31 4 1
github.com/JailtonJunior94/ai-spec-harness/internal/runtime/runner.go:381.3,382.1 2 1
github.com/JailtonJunior94/ai-spec-harness/internal/runtime/runner.go:388.3,388.39 2 1
github.com/JailtonJunior94/ai-spec-harness/internal/runtime/runner.go:389.4,390.1 1 1
github.com/JailtonJunior94/ai-spec-harness/internal/runtime/runner.go:392.3,392.45 1 1
github.com/JailtonJunior94/ai-spec-harness/internal/runtime/runner.go:393.4,394.1 1 1
github.com/JailtonJunior94/ai-spec-harness/internal/runtime/runner.go:396.3,397.1 2 1
github.com/JailtonJunior94/ai-spec-harness/internal/runtime/runner.go:398.3,398.39 2 1
github.com/JailtonJunior94/ai-spec-harness/internal/runtime/runner.go:399.4,400.36 2 1
github.com/JailtonJunior94/ai-spec-harness/internal/runtime/runner.go:401.5,402.41 2 1
github.com/JailtonJunior94/ai-spec-harness/internal/runtime/runner.go:403.6,405.1 2 1
github.com/JailtonJunior94/ai-spec-harness/internal/runtime/runner.go:408.4,409.1 1 1
github.com/JailtonJunior94/ai-spec-harness/internal/runtime/runner.go:413.3,414.1 2 1
github.com/JailtonJunior94/ai-spec-harness/internal/runtime/runner.go:416.3,416.75 2 1
github.com/JailtonJunior94/ai-spec-harness/internal/runtime/runner.go:417.4,418.1 1 1
github.com/JailtonJunior94/ai-spec-harness/internal/runtime/runner.go:420.3,420.21 1 1
github.com/JailtonJunior94/ai-spec-harness/internal/runtime/runner.go:421.4,422.1 1 1
github.com/JailtonJunior94/ai-spec-harness/internal/runtime/runner.go:424.3,424.46 1 1
github.com/JailtonJunior94/ai-spec-harness/internal/runtime/runner.go:425.4,426.1 1 1
github.com/JailtonJunior94/ai-spec-harness/internal/runtime/runner.go:428.3,428.15 1 1
github.com/JailtonJunior94/ai-spec-harness/internal/runtime/runner.go:429.4,430.1 1 1
github.com/JailtonJunior94/ai-spec-harness/internal/runtime/runner.go:433.2,439.1 1 1
github.com/JailtonJunior94/ai-spec-harness/internal/runtime/runner.go:446.2,455.1 4 1
github.com/JailtonJunior94/ai-spec-harness/internal/runtime/runner.go:457.2,460.1 4 1
github.com/JailtonJunior94/ai-spec-harness/internal/runtime/runner.go:464.2,464.20 1 1
github.com/JailtonJunior94/ai-spec-harness/internal/runtime/runner.go:465.3,466.1 1 0
github.com/JailtonJunior94/ai-spec-harness/internal/runtime/runner.go:467.2,468.35 2 1
github.com/JailtonJunior94/ai-spec-harness/internal/runtime/runner.go:473.2,473.26 1 1
github.com/JailtonJunior94/ai-spec-harness/internal/runtime/runner.go:474.3,477.1 2 1
github.com/JailtonJunior94/ai-spec-harness/internal/runtime/runner.go:489.2,497.1 1 1
github.com/JailtonJunior94/ai-spec-harness/internal/runtime/runner.go:501.2,501.57 1 1
github.com/JailtonJunior94/ai-spec-harness/internal/runtime/runner.go:502.3,503.1 1 1
github.com/JailtonJunior94/ai-spec-harness/internal/runtime/runner.go:504.2,504.22 1 1
github.com/JailtonJunior94/ai-spec-harness/internal/runtime/runner.go:505.3,506.1 1 1
github.com/JailtonJunior94/ai-spec-harness/internal/runtime/runner.go:507.2,507.17 1 1
github.com/JailtonJunior94/ai-spec-harness/internal/runtime/runner.go:517.2,517.22 1 1
github.com/JailtonJunior94/ai-spec-harness/internal/runtime/runner.go:518.3,519.1 1 1
github.com/JailtonJunior94/ai-spec-harness/internal/runtime/runner.go:522.2,523.39 2 1
github.com/JailtonJunior94/ai-spec-harness/internal/runtime/runner.go:530.2,530.18 1 1
github.com/JailtonJunior94/ai-spec-harness/internal/runtime/runner.go:531.3,532.1 1 1
github.com/JailtonJunior94/ai-spec-harness/internal/runtime/runner.go:534.2,536.1 3 1
github.com/JailtonJunior94/ai-spec-harness/internal/runtime/runner.go:537.2,537.73 3 1
github.com/JailtonJunior94/ai-spec-harness/internal/runtime/runner.go:544.2,545.1 4 1
github.com/JailtonJunior94/ai-spec-harness/internal/runtime/runner.go:546.2,548.1 4 1
github.com/JailtonJunior94/ai-spec-harness/internal/runtime/runner.go:549.2,549.30 4 1
github.com/JailtonJunior94/ai-spec-harness/internal/runtime/runner.go:550.3,551.1 1 1
github.com/JailtonJunior94/ai-spec-harness/internal/runtime/runner.go:553.2,555.1 3 1
github.com/JailtonJunior94/ai-spec-harness/internal/runtime/runner.go:556.2,556.17 3 1
github.com/JailtonJunior94/ai-spec-harness/internal/runtime/runner.go:557.3,559.1 2 1
github.com/JailtonJunior94/ai-spec-harness/internal/runtime/runner.go:561.2,561.13 1 1
github.com/JailtonJunior94/ai-spec-harness/internal/runtime/runner.go:562.3,564.1 2 1
github.com/JailtonJunior94/ai-spec-harness/internal/runtime/runner.go:568.2,568.82 1 1
github.com/JailtonJunior94/ai-spec-harness/internal/runtime/runner.go:569.3,570.1 1 1
github.com/JailtonJunior94/ai-spec-harness/internal/runtime/runner.go:572.2,572.20 1 1
github.com/JailtonJunior94/ai-spec-harness/internal/runtime/runner.go:589.2,590.1 2 1
github.com/JailtonJunior94/ai-spec-harness/internal/runtime/runner.go:591.2,591.20 2 1
github.com/JailtonJunior94/ai-spec-harness/internal/runtime/runner.go:592.3,593.1 1 1
github.com/JailtonJunior94/ai-spec-harness/internal/runtime/runner.go:596.2,597.1 4 1
github.com/JailtonJunior94/ai-spec-harness/internal/runtime/runner.go:600.2,601.1 4 1
github.com/JailtonJunior94/ai-spec-harness/internal/runtime/runner.go:604.2,605.1 4 1
github.com/JailtonJunior94/ai-spec-harness/internal/runtime/runner.go:606.2,606.36 4 1
github.com/JailtonJunior94/ai-spec-harness/internal/runtime/runner.go:607.3,608.1 1 1
github.com/JailtonJunior94/ai-spec-harness/internal/runtime/runner.go:611.2,611.18 1 1
github.com/JailtonJunior94/ai-spec-harness/internal/runtime/runner.go:612.3,613.1 1 1
github.com/JailtonJunior94/ai-spec-harness/internal/runtime/runner.go:615.2,615.24 1 1
github.com/JailtonJunior94/ai-spec-harness/internal/runtime/runner.go:616.3,624.1 8 1
github.com/JailtonJunior94/ai-spec-harness/internal/runtime/runner.go:626.2,626.13 1 1
github.com/JailtonJunior94/ai-spec-harness/internal/runtime/runner.go:634.2,634.17 1 1
github.com/JailtonJunior94/ai-spec-harness/internal/runtime/runner.go:634.18,634.18 0 1
github.com/JailtonJunior94/ai-spec-harness/internal/runtime/runner.go:636.2,636.40 1 1
github.com/JailtonJunior94/ai-spec-harness/internal/runtime/runner.go:637.3,638.1 1 1
github.com/JailtonJunior94/ai-spec-harness/internal/runtime/runner.go:642.2,643.16 2 0
github.com/JailtonJunior94/ai-spec-harness/internal/runtime/runner.go:645.3,647.1 2 0
github.com/JailtonJunior94/ai-spec-harness/internal/runtime/runner.go:648.2,649.16 2 0
github.com/JailtonJunior94/ai-spec-harness/internal/runtime/runner.go:650.3,654.1 4 0
github.com/JailtonJunior94/ai-spec-harness/internal/runtime/runner.go:656.2,657.1 2 0
github.com/JailtonJunior94/ai-spec-harness/internal/runtime/runner.go:659.2,659.12 2 0
github.com/JailtonJunior94/ai-spec-harness/internal/runtime/runner.go:660.3,660.16 1 0
github.com/JailtonJunior94/ai-spec-harness/internal/runtime/runner.go:661.4,663.1 2 0
github.com/JailtonJunior94/ai-spec-harness/internal/runtime/runner.go:664.3,664.105 1 0
github.com/JailtonJunior94/ai-spec-harness/internal/runtime/runner.go:665.4,666.1 1 0
github.com/JailtonJunior94/ai-spec-harness/internal/runtime/runner.go:669.2,669.19 1 0
github.com/JailtonJunior94/ai-spec-harness/internal/runtime/runner.go:670.3,673.1 3 0
github.com/JailtonJunior94/ai-spec-harness/internal/runtime/runner.go:680.2,683.1 4 0
github.com/JailtonJunior94/ai-spec-harness/internal/runtime/runner.go:684.2,684.34 4 0
github.com/JailtonJunior94/ai-spec-harness/internal/runtime/runner.go:697.2,697.19 1 1
github.com/JailtonJunior94/ai-spec-harness/internal/runtime/runner.go:698.3,699.1 1 0
github.com/JailtonJunior94/ai-spec-harness/internal/runtime/runner.go:700.2,700.44 1 1
github.com/JailtonJunior94/ai-spec-harness/internal/runtime/runner.go:701.3,702.1 1 1
github.com/JailtonJunior94/ai-spec-harness/internal/runtime/runner.go:703.2,704.15 2 1
github.com/JailtonJunior94/ai-spec-harness/internal/runtime/runner.go:705.3,706.1 1 0
github.com/JailtonJunior94/ai-spec-harness/internal/runtime/runner.go:709.2,710.16 2 1
github.com/JailtonJunior94/ai-spec-harness/internal/runtime/runner.go:712.3,713.1 1 0
github.com/JailtonJunior94/ai-spec-harness/internal/runtime/runner.go:715.2,717.1 4 1
github.com/JailtonJunior94/ai-spec-harness/internal/runtime/runner.go:718.2,719.16 4 1
github.com/JailtonJunior94/ai-spec-harness/internal/runtime/runner.go:721.3,722.1 1 0
github.com/JailtonJunior94/ai-spec-harness/internal/runtime/runner.go:724.2,724.65 1 1
github.com/JailtonJunior94/ai-spec-harness/internal/runtime/runner.go:729.2,729.18 1 1
github.com/JailtonJunior94/ai-spec-harness/internal/runtime/runner.go:730.3,730.55 1 1
github.com/JailtonJunior94/ai-spec-harness/internal/runtime/runner.go:731.4,732.1 1 1
github.com/JailtonJunior94/ai-spec-harness/internal/runtime/runner.go:733.3,733.33 1 1
github.com/JailtonJunior94/ai-spec-harness/internal/runtime/runner.go:735.2,735.9 1 1
github.com/JailtonJunior94/ai-spec-harness/internal/runtime/runner.go:737.3,737.44 1 1
github.com/JailtonJunior94/ai-spec-harness/internal/runtime/runner.go:739.3,739.45 1 0
github.com/JailtonJunior94/ai-spec-harness/internal/runtime/runner.go:741.3,741.45 1 0
github.com/JailtonJunior94/ai-spec-harness/internal/runtime/runner.go:743.3,743.44 1 0
github.com/JailtonJunior94/ai-spec-harness/internal/runtime/runner.go:749.2,750.1 1 1
github.com/JailtonJunior94/ai-spec-harness/internal/runtime/runner.go:755.2,756.1 1 1
github.com/JailtonJunior94/ai-spec-harness/internal/runtime/runner.go:762.2,767.1 1 1
github.com/JailtonJunior94/ai-spec-harness/internal/runtime/runner.go:770.2,771.1 1 1
github.com/JailtonJunior94/ai-spec-harness/internal/runtime/runner.go:774.2,778.16 2 1
github.com/JailtonJunior94/ai-spec-harness/internal/runtime/runner.go:779.3,781.1 2 0
github.com/JailtonJunior94/ai-spec-harness/internal/runtime/runner.go:782.2,782.24 1 1
github.com/JailtonJunior94/ai-spec-harness/internal/runtime/runner.go:783.3,784.1 1 1
github.com/JailtonJunior94/ai-spec-harness/internal/runtime/runner.go:785.2,785.49 1 1
github.com/JailtonJunior94/ai-spec-harness/internal/runtime/runner.go:801.2,809.16 2 1
github.com/JailtonJunior94/ai-spec-harness/internal/runtime/runner.go:810.3,813.1 3 0
github.com/JailtonJunior94/ai-spec-harness/internal/runtime/runner.go:814.2,816.1 6 1
github.com/JailtonJunior94/ai-spec-harness/internal/runtime/runner.go:817.2,818.1 6 1
github.com/JailtonJunior94/ai-spec-harness/internal/runtime/runner.go:819.2,836.1 6 1
github.com/JailtonJunior94/ai-spec-harness/internal/runtime/runner.go:837.2,839.1 6 1
github.com/JailtonJunior94/ai-spec-harness/internal/runtime/runner.go:840.2,849.26 6 1
github.com/JailtonJunior94/ai-spec-harness/internal/runtime/runner.go:850.3,851.1 1 0
github.com/JailtonJunior94/ai-spec-harness/internal/runtime/runner.go:861.2,861.17 1 1
github.com/JailtonJunior94/ai-spec-harness/internal/runtime/runner.go:862.3,863.1 1 0
github.com/JailtonJunior94/ai-spec-harness/internal/runtime/runner.go:865.2,865.53 1 1
github.com/JailtonJunior94/ai-spec-harness/internal/runtime/runner.go:866.3,866.56 1 1
github.com/JailtonJunior94/ai-spec-harness/internal/runtime/runner.go:867.4,869.1 2 0
github.com/JailtonJunior94/ai-spec-harness/internal/runtime/runner.go:872.2,872.23 1 1
github.com/JailtonJunior94/ai-spec-harness/internal/runtime/runner.go:873.3,876.1 1 1
github.com/JailtonJunior94/ai-spec-harness/internal/runtime/runner.go:877.2,877.25 1 1
github.com/JailtonJunior94/ai-spec-harness/internal/runtime/runner.go:878.3,881.1 1 0
github.com/JailtonJunior94/ai-spec-harness/internal/runtime/runner.go:882.2,882.25 1 1
github.com/JailtonJunior94/ai-spec-harness/internal/runtime/runner.go:883.3,886.1 1 0
github.com/JailtonJunior94/ai-spec-harness/internal/runtime/runner.go:887.2,887.31 1 1
github.com/JailtonJunior94/ai-spec-harness/internal/runtime/runner.go:888.3,891.1 1 0
github.com/JailtonJunior94/ai-spec-harness/internal/runtime/runner.go:892.2,892.27 1 1
github.com/JailtonJunior94/ai-spec-harness/internal/runtime/runner.go:893.3,896.1 1 0
github.com/JailtonJunior94/ai-spec-harness/internal/runtime/runner.go:897.2,897.28 1 1
github.com/JailtonJunior94/ai-spec-harness/internal/runtime/runner.go:898.3,901.1 1 0
github.com/JailtonJunior94/ai-spec-harness/internal/runtime/runner.go:902.2,902.25 1 1
github.com/JailtonJunior94/ai-spec-harness/internal/runtime/runner.go:903.3,906.1 1 1
github.com/JailtonJunior94/ai-spec-harness/internal/runtime/runner.go:910.2,918.1 1 1
github.com/JailtonJunior94/ai-spec-harness/internal/runtime/runner.go:934.2,934.45 1 1
github.com/JailtonJunior94/ai-spec-harness/internal/runtime/runner.go:935.3,936.17 2 1
github.com/JailtonJunior94/ai-spec-harness/internal/runtime/runner.go:937.4,938.1 1 0
github.com/JailtonJunior94/ai-spec-harness/internal/runtime/runner.go:939.3,939.74 1 1
github.com/JailtonJunior94/ai-spec-harness/internal/runtime/runner.go:941.2,941.35 1 1
github.com/JailtonJunior94/ai-spec-harness/internal/runtime/runner.go:945.2,946.16 2 1
github.com/JailtonJunior94/ai-spec-harness/internal/runtime/runner.go:947.3,948.1 1 0
github.com/JailtonJunior94/ai-spec-harness/internal/runtime/runner.go:950.2,951.16 2 1
github.com/JailtonJunior94/ai-spec-harness/internal/runtime/runner.go:952.3,953.1 1 0
github.com/JailtonJunior94/ai-spec-harness/internal/runtime/runner.go:954.2,955.16 2 1
github.com/JailtonJunior94/ai-spec-harness/internal/runtime/runner.go:956.3,957.1 1 0
github.com/JailtonJunior94/ai-spec-harness/internal/runtime/runner.go:958.2,959.31 2 1
github.com/JailtonJunior94/ai-spec-harness/internal/runtime/runner.go:960.3,961.1 1 1
github.com/JailtonJunior94/ai-spec-harness/internal/runtime/runner.go:962.2,963.16 2 1
github.com/JailtonJunior94/ai-spec-harness/internal/runtime/runner.go:964.3,965.1 1 0
github.com/JailtonJunior94/ai-spec-harness/internal/runtime/runner.go:967.2,969.1 7 1
github.com/JailtonJunior94/ai-spec-harness/internal/runtime/runner.go:970.2,973.1 7 1
github.com/JailtonJunior94/ai-spec-harness/internal/runtime/runner.go:974.2,975.16 7 1
github.com/JailtonJunior94/ai-spec-harness/internal/runtime/runner.go:976.3,977.1 1 0
github.com/JailtonJunior94/ai-spec-harness/internal/runtime/runner.go:979.2,980.19 2 1
github.com/JailtonJunior94/ai-spec-harness/internal/runtime/runner.go:981.3,982.1 1 0
github.com/JailtonJunior94/ai-spec-harness/internal/runtime/runner.go:984.2,984.42 1 1
github.com/JailtonJunior94/ai-spec-harness/internal/runtime/runner.go:988.2,989.37 2 1
github.com/JailtonJunior94/ai-spec-harness/internal/runtime/runner.go:990.3,995.1 1 1
github.com/JailtonJunior94/ai-spec-harness/internal/runtime/runner.go:997.2,998.23 2 1
github.com/JailtonJunior94/ai-spec-harness/internal/runtime/runner.go:999.3,1000.1 1 1
github.com/JailtonJunior94/ai-spec-harness/internal/runtime/runner.go:1002.2,1007.1 1 1
github.com/JailtonJunior94/ai-spec-harness/internal/runtime/runner.go:1011.2,1011.22 1 1
github.com/JailtonJunior94/ai-spec-harness/internal/runtime/runner.go:1012.3,1013.1 1 1
github.com/JailtonJunior94/ai-spec-harness/internal/runtime/runner.go:1014.2,1015.34 2 1
github.com/JailtonJunior94/ai-spec-harness/internal/runtime/runner.go:1016.3,1017.1 1 1
github.com/JailtonJunior94/ai-spec-harness/internal/runtime/runner.go:1018.2,1018.15 1 1
github.com/JailtonJunior94/ai-spec-harness/internal/runtime/runner.go:1022.2,1023.16 2 1
github.com/JailtonJunior94/ai-spec-harness/internal/runtime/runner.go:1024.3,1025.1 1 0
github.com/JailtonJunior94/ai-spec-harness/internal/runtime/runner.go:1027.2,1029.60 3 1
github.com/JailtonJunior94/ai-spec-harness/internal/runtime/runner.go:1030.3,1031.29 2 1
github.com/JailtonJunior94/ai-spec-harness/internal/runtime/runner.go:1032.4,1032.12 1 0
github.com/JailtonJunior94/ai-spec-harness/internal/runtime/runner.go:1034.3,1036.17 3 1
github.com/JailtonJunior94/ai-spec-harness/internal/runtime/runner.go:1037.4,1038.1 1 0
github.com/JailtonJunior94/ai-spec-harness/internal/runtime/runner.go:1039.3,1039.41 1 1
github.com/JailtonJunior94/ai-spec-harness/internal/runtime/runner.go:1041.2,1041.22 1 1
github.com/JailtonJunior94/ai-spec-harness/internal/runtime/runner_autoreview.go:50.2,56.1 1 1
github.com/JailtonJunior94/ai-spec-harness/internal/runtime/runner_autoreview.go:65.2,67.46 1 1
github.com/JailtonJunior94/ai-spec-harness/internal/runtime/runner_autoreview.go:68.3,69.1 1 1
github.com/JailtonJunior94/ai-spec-harness/internal/runtime/runner_autoreview.go:70.2,70.13 1 1
github.com/JailtonJunior94/ai-spec-harness/internal/runtime/runner_autoreview.go:75.2,76.57 2 1
github.com/JailtonJunior94/ai-spec-harness/internal/runtime/runner_autoreview.go:77.3,79.39 1 1
github.com/JailtonJunior94/ai-spec-harness/internal/runtime/runner_autoreview.go:80.4,81.1 1 1
github.com/JailtonJunior94/ai-spec-harness/internal/runtime/runner_autoreview.go:83.2,83.15 1 1
github.com/JailtonJunior94/ai-spec-harness/internal/runtime/runner_autoreview.go:90.2,91.65 2 1
github.com/JailtonJunior94/ai-spec-harness/internal/runtime/runner_autoreview.go:92.3,93.59 2 0
github.com/JailtonJunior94/ai-spec-harness/internal/runtime/runner_autoreview.go:94.4,95.1 1 0
github.com/JailtonJunior94/ai-spec-harness/internal/runtime/runner_autoreview.go:98.2,99.1 3 1
github.com/JailtonJunior94/ai-spec-harness/internal/runtime/runner_autoreview.go:101.2,102.32 3 1
github.com/JailtonJunior94/ai-spec-harness/internal/runtime/runner_autoreview.go:103.3,104.1 1 0
github.com/JailtonJunior94/ai-spec-harness/internal/runtime/runner_autoreview.go:107.2,108.34 2 1
github.com/JailtonJunior94/ai-spec-harness/internal/runtime/runner_autoreview.go:109.3,109.19 1 1
github.com/JailtonJunior94/ai-spec-harness/internal/runtime/runner_autoreview.go:110.4,111.1 1 0
github.com/JailtonJunior94/ai-spec-harness/internal/runtime/runner_autoreview.go:112.3,112.27 1 1
github.com/JailtonJunior94/ai-spec-harness/internal/runtime/runner_autoreview.go:115.2,116.28 2 1
github.com/JailtonJunior94/ai-spec-harness/internal/runtime/runner_autoreview.go:117.3,119.1 2 0
github.com/JailtonJunior94/ai-spec-harness/internal/runtime/runner_autoreview.go:121.2,121.18 1 1
github.com/JailtonJunior94/ai-spec-harness/internal/runtime/runner_autoreview.go:122.3,123.1 1 1
github.com/JailtonJunior94/ai-spec-harness/internal/runtime/runner_autoreview.go:125.2,125.15 1 1
github.com/JailtonJunior94/ai-spec-harness/internal/runtime/runner_autoreview.go:130.2,136.34 7 1
github.com/JailtonJunior94/ai-spec-harness/internal/runtime/runner_autoreview.go:137.3,138.1 1 1
github.com/JailtonJunior94/ai-spec-harness/internal/runtime/runner_autoreview.go:139.2,139.26 1 1
github.com/JailtonJunior94/ai-spec-harness/internal/runtime/runner_autoreview.go:147.2,148.1 1 1
github.com/JailtonJunior94/ai-spec-harness/internal/runtime/runner_autoreview.go:151.2,151.15 1 1
github.com/JailtonJunior94/ai-spec-harness/internal/runtime/runner_autoreview.go:152.3,153.1 1 0
github.com/JailtonJunior94/ai-spec-harness/internal/runtime/runner_autoreview.go:155.2,156.16 2 1
github.com/JailtonJunior94/ai-spec-harness/internal/runtime/runner_autoreview.go:157.3,158.1 1 0
github.com/JailtonJunior94/ai-spec-harness/internal/runtime/runner_autoreview.go:160.2,162.1 11 1
github.com/JailtonJunior94/ai-spec-harness/internal/runtime/runner_autoreview.go:163.2,164.1 11 1
github.com/JailtonJunior94/ai-spec-harness/internal/runtime/runner_autoreview.go:165.2,178.1 11 1
github.com/JailtonJunior94/ai-spec-harness/internal/runtime/runner_autoreview.go:180.2,183.1 11 1
github.com/JailtonJunior94/ai-spec-harness/internal/runtime/runner_autoreview.go:184.2,186.1 11 1
github.com/JailtonJunior94/ai-spec-harness/internal/runtime/runner_autoreview.go:187.2,188.21 11 1
github.com/JailtonJunior94/ai-spec-harness/internal/runtime/runner_autoreview.go:189.3,190.1 1 1
github.com/JailtonJunior94/ai-spec-harness/internal/runtime/runner_autoreview.go:192.2,197.11 1 1
github.com/JailtonJunior94/ai-spec-harness/internal/runtime/runner_autoreview.go:201.2,202.1 1 1
github.com/JailtonJunior94/ai-spec-harness/internal/runtime/runner_autoreview.go:205.2,205.53 1 1
github.com/JailtonJunior94/ai-spec-harness/internal/runtime/runner_autoreview.go:206.3,207.1 1 0
github.com/JailtonJunior94/ai-spec-harness/internal/runtime/runner_autoreview.go:208.2,210.16 3 1
github.com/JailtonJunior94/ai-spec-harness/internal/runtime/runner_autoreview.go:211.3,212.1 1 1
github.com/JailtonJunior94/ai-spec-harness/internal/runtime/runner_autoreview.go:213.2,213.15 1 1
github.com/JailtonJunior94/ai-spec-harness/internal/runtime/runner_autoreview.go:213.17,213.35 1 1
github.com/JailtonJunior94/ai-spec-harness/internal/runtime/runner_autoreview.go:214.2,214.53 1 1
github.com/JailtonJunior94/ai-spec-harness/internal/runtime/runner_autoreview.go:215.3,216.1 1 0
github.com/JailtonJunior94/ai-spec-harness/internal/runtime/runner_autoreview.go:217.2,217.18 1 1
github.com/JailtonJunior94/ai-spec-harness/internal/runtime/runner_autoreview.go:221.2,223.16 3 1
github.com/JailtonJunior94/ai-spec-harness/internal/runtime/runner_autoreview.go:224.3,226.1 2 1
github.com/JailtonJunior94/ai-spec-harness/internal/runtime/runner_autoreview.go:230.2,231.33 2 1
github.com/JailtonJunior94/ai-spec-harness/internal/runtime/runner_autoreview.go:232.3,233.1 1 1
github.com/JailtonJunior94/ai-spec-harness/internal/runtime/runner_autoreview.go:234.3,235.1 1 1
github.com/JailtonJunior94/ai-spec-harness/internal/runtime/runner_autoreview.go:236.2,236.16 1 1
github.com/JailtonJunior94/ai-spec-harness/internal/runtime/runner_autoreview.go:237.3,237.10 1 1
github.com/JailtonJunior94/ai-spec-harness/internal/runtime/runner_autoreview.go:238.4,240.1 2 1
github.com/JailtonJunior94/ai-spec-harness/internal/runtime/runner_autoreview.go:241.3,241.37 1 1
github.com/JailtonJunior94/ai-spec-harness/internal/runtime/runner_autoreview.go:248.2,250.16 3 1
github.com/JailtonJunior94/ai-spec-harness/internal/runtime/runner_autoreview.go:251.3,252.1 1 1
github.com/JailtonJunior94/ai-spec-harness/internal/runtime/runner_autoreview.go:254.2,255.16 2 0
github.com/JailtonJunior94/ai-spec-harness/internal/runtime/runner_autoreview.go:256.3,257.1 1 0
github.com/JailtonJunior94/ai-spec-harness/internal/runtime/runner_autoreview.go:258.2,258.26 1 0
github.com/JailtonJunior94/ai-spec-harness/internal/runtime/runner_autoreview.go:262.2,262.29 1 1
github.com/JailtonJunior94/ai-spec-harness/internal/runtime/runner_autoreview.go:263.3,264.1 1 1
github.com/JailtonJunior94/ai-spec-harness/internal/runtime/runner_autoreview.go:266.2,268.1 4 1
github.com/JailtonJunior94/ai-spec-harness/internal/runtime/runner_autoreview.go:269.2,270.33 4 1
github.com/JailtonJunior94/ai-spec-harness/internal/runtime/runner_autoreview.go:274.2,274.65 1 1
github.com/JailtonJunior94/ai-spec-harness/internal/runtime/runner_autoreview.go:275.3,276.1 1 1
github.com/JailtonJunior94/ai-spec-harness/internal/runtime/runner_autoreview.go:277.2,277.18 1 1
github.com/JailtonJunior94/ai-spec-harness/internal/runtime/runner_autoreview.go:286.2,286.43 1 1
github.com/JailtonJunior94/ai-spec-harness/internal/runtime/runner_autoreview.go:287.3,287.44 1 1
github.com/JailtonJunior94/ai-spec-harness/internal/runtime/runner_autoreview.go:288.4,288.23 1 1
github.com/JailtonJunior94/ai-spec-harness/internal/runtime/runner_autoreview.go:289.5,290.1 1 0
github.com/JailtonJunior94/ai-spec-harness/internal/runtime/runner_autoreview.go:291.4,291.33 1 1
github.com/JailtonJunior94/ai-spec-harness/internal/runtime/runner_autoreview.go:294.2,294.20 1 1
github.com/JailtonJunior94/ai-spec-harness/internal/runtime/runner_autoreview.go:295.3,296.1 1 1
github.com/JailtonJunior94/ai-spec-harness/internal/runtime/runner_autoreview.go:297.2,297.12 1 0
github.com/JailtonJunior94/ai-spec-harness/internal/runtime/runner_autoreview.go:301.2,301.20 1 1
github.com/JailtonJunior94/ai-spec-harness/internal/runtime/runner_autoreview.go:302.3,303.1 1 1
github.com/JailtonJunior94/ai-spec-harness/internal/runtime/runner_autoreview.go:304.2,304.12 1 0
github.com/JailtonJunior94/ai-spec-harness/internal/runtime/runner_autoreview.go:308.2,308.20 1 1
github.com/JailtonJunior94/ai-spec-harness/internal/runtime/runner_autoreview.go:309.3,310.1 1 1
github.com/JailtonJunior94/ai-spec-harness/internal/runtime/runner_autoreview.go:311.2,311.12 1 0
github.com/JailtonJunior94/ai-spec-harness/internal/runtime/runner_autoreview.go:315.2,316.1 1 1
github.com/JailtonJunior94/ai-spec-harness/internal/runtime/runner_autoreview.go:324.2,324.20 1 1
github.com/JailtonJunior94/ai-spec-harness/internal/runtime/runner_autoreview.go:325.3,326.17 2 1
github.com/JailtonJunior94/ai-spec-harness/internal/runtime/runner_autoreview.go:327.4,328.1 1 0
github.com/JailtonJunior94/ai-spec-harness/internal/runtime/runner_autoreview.go:329.3,329.26 1 1
github.com/JailtonJunior94/ai-spec-harness/internal/runtime/runner_autoreview.go:331.2,331.23 1 1
github.com/JailtonJunior94/ai-spec-harness/internal/runtime/runner_autoreview.go:337.2,339.1 2 1
github.com/JailtonJunior94/ai-spec-harness/internal/runtime/runner_autoreview.go:344.2,345.1 1 1
github.com/JailtonJunior94/ai-spec-harness/internal/runtime/runner_autoreview.go:350.2,351.1 1 1
github.com/JailtonJunior94/ai-spec-harness/internal/runtime/runner_enforcement.go:20.2,21.1 1 1
github.com/JailtonJunior94/ai-spec-harness/internal/runtime/runner_enforcement.go:24.2,25.16 2 0
github.com/JailtonJunior94/ai-spec-harness/internal/runtime/runner_enforcement.go:26.3,27.1 1 0
github.com/JailtonJunior94/ai-spec-harness/internal/runtime/runner_enforcement.go:28.2,28.39 1 0
github.com/JailtonJunior94/ai-spec-harness/internal/runtime/runner_enforcement.go:35.58,35.80 1 0
github.com/JailtonJunior94/ai-spec-harness/internal/runtime/runner_enforcement.go:37.40,37.59 1 0
github.com/JailtonJunior94/ai-spec-harness/internal/runtime/runner_enforcement.go:40.2,40.17 1 1
github.com/JailtonJunior94/ai-spec-harness/internal/runtime/runner_enforcement.go:40.18,40.18 0 1
github.com/JailtonJunior94/ai-spec-harness/internal/runtime/runner_enforcement.go:42.2,43.16 2 1
github.com/JailtonJunior94/ai-spec-harness/internal/runtime/runner_enforcement.go:44.3,45.1 1 1
github.com/JailtonJunior94/ai-spec-harness/internal/runtime/runner_enforcement.go:47.2,49.43 3 1
github.com/JailtonJunior94/ai-spec-harness/internal/runtime/runner_enforcement.go:50.3,51.1 1 1
github.com/JailtonJunior94/ai-spec-harness/internal/runtime/runner_enforcement.go:53.2,54.25 2 1
github.com/JailtonJunior94/ai-spec-harness/internal/runtime/runner_enforcement.go:55.3,56.1 1 1
github.com/JailtonJunior94/ai-spec-harness/internal/runtime/runner_enforcement.go:58.2,59.20 2 1
github.com/JailtonJunior94/ai-spec-harness/internal/runtime/runner_enforcement.go:60.3,61.18 2 1
github.com/JailtonJunior94/ai-spec-harness/internal/runtime/runner_enforcement.go:62.4,63.1 1 1
github.com/JailtonJunior94/ai-spec-harness/internal/runtime/runner_enforcement.go:64.3,64.25 1 1
github.com/JailtonJunior94/ai-spec-harness/internal/runtime/runner_enforcement.go:65.4,65.21 1 1
github.com/JailtonJunior94/ai-spec-harness/internal/runtime/runner_enforcement.go:65.23,65.42 1 1
github.com/JailtonJunior94/ai-spec-harness/internal/runtime/runner_enforcement.go:67.3,67.60 1 1
github.com/JailtonJunior94/ai-spec-harness/internal/runtime/runner_enforcement.go:68.4,68.23 1 1
github.com/JailtonJunior94/ai-spec-harness/internal/runtime/runner_enforcement.go:69.5,70.1 1 0
github.com/JailtonJunior94/ai-spec-harness/internal/runtime/runner_enforcement.go:71.4,74.5 1 1
github.com/JailtonJunior94/ai-spec-harness/internal/runtime/runner_enforcement.go:76.3,76.80 1 1
github.com/JailtonJunior94/ai-spec-harness/internal/runtime/runner_enforcement.go:77.4,78.1 1 1
github.com/JailtonJunior94/ai-spec-harness/internal/runtime/runner_enforcement.go:81.2,81.58 1 1
github.com/JailtonJunior94/ai-spec-harness/internal/runtime/runner_enforcement.go:82.3,83.1 1 1
github.com/JailtonJunior94/ai-spec-harness/internal/runtime/runner_enforcement.go:84.2,84.21 1 1
github.com/JailtonJunior94/ai-spec-harness/internal/runtime/types.go:47.2,47.23 1 1
github.com/JailtonJunior94/ai-spec-harness/internal/runtime/types.go:48.3,49.1 1 1
github.com/JailtonJunior94/ai-spec-harness/internal/runtime/types.go:50.2,50.22 1 1
github.com/JailtonJunior94/ai-spec-harness/internal/runtime/types.go:51.3,52.1 1 1
github.com/JailtonJunior94/ai-spec-harness/internal/runtime/watchdog.go:48.2,48.18 1 1
github.com/JailtonJunior94/ai-spec-harness/internal/runtime/watchdog.go:49.3,50.1 1 1
github.com/JailtonJunior94/ai-spec-harness/internal/runtime/watchdog.go:51.2,56.1 3 1
github.com/JailtonJunior94/ai-spec-harness/internal/runtime/watchdog.go:58.2,59.10 3 1
github.com/JailtonJunior94/ai-spec-harness/internal/runtime/watchdog.go:64.2,65.1 1 1
github.com/JailtonJunior94/ai-spec-harness/internal/runtime/watchdog.go:72.2,72.26 1 1
github.com/JailtonJunior94/ai-spec-harness/internal/runtime/watchdog.go:73.3,74.1 1 1
github.com/JailtonJunior94/ai-spec-harness/internal/runtime/watchdog.go:77.2,79.1 4 1
github.com/JailtonJunior94/ai-spec-harness/internal/runtime/watchdog.go:80.2,81.1 4 1
github.com/JailtonJunior94/ai-spec-harness/internal/runtime/watchdog.go:82.2,82.12 4 1
github.com/JailtonJunior94/ai-spec-harness/internal/runtime/watchdog.go:83.3,85.1 3 1
github.com/JailtonJunior94/ai-spec-harness/internal/runtime/watchdog.go:86.3,86.7 3 1
github.com/JailtonJunior94/ai-spec-harness/internal/runtime/watchdog.go:87.4,87.11 1 1
github.com/JailtonJunior94/ai-spec-harness/internal/runtime/watchdog.go:89.5,89.11 1 1
github.com/JailtonJunior94/ai-spec-harness/internal/runtime/watchdog.go:91.5,91.11 1 1
github.com/JailtonJunior94/ai-spec-harness/internal/runtime/watchdog.go:93.5,94.1 3 1
github.com/JailtonJunior94/ai-spec-harness/internal/runtime/watchdog.go:95.5,96.45 3 1
github.com/JailtonJunior94/ai-spec-harness/internal/runtime/watchdog.go:97.6,99.1 2 1
github.com/JailtonJunior94/ai-spec-harness/internal/runtime/watchdog.go:101.5,102.39 2 1
github.com/JailtonJunior94/ai-spec-harness/internal/runtime/watchdog.go:103.6,105.1 2 1
github.com/JailtonJunior94/ai-spec-harness/internal/runtime/watchdog.go:114.2,114.23 1 1
github.com/JailtonJunior94/ai-spec-harness/internal/runtime/watchdog.go:115.3,116.1 1 1
github.com/JailtonJunior94/ai-spec-harness/internal/runtime/watchdog.go:121.2,122.31 2 1
github.com/JailtonJunior94/ai-spec-harness/internal/runtime/watchdog.go:123.3,124.1 1 1
github.com/JailtonJunior94/ai-spec-harness/internal/runtime/watchdog.go:125.2,125.31 1 1
github.com/JailtonJunior94/ai-spec-harness/internal/runtime/watchdog.go:126.3,127.1 1 1
github.com/JailtonJunior94/ai-spec-harness/internal/runtime/watchdog.go:128.2,128.13 1 1
github.com/JailtonJunior94/ai-spec-harness/internal/semver/semver.go:28.2,29.1 1 1
github.com/JailtonJunior94/ai-spec-harness/internal/semver/semver.go:55.2,57.16 3 1
github.com/JailtonJunior94/ai-spec-harness/internal/semver/semver.go:58.3,59.1 1 1
github.com/JailtonJunior94/ai-spec-harness/internal/semver/semver.go:60.2,60.44 1 1
github.com/JailtonJunior94/ai-spec-harness/internal/semver/semver.go:74.2,76.16 3 1
github.com/JailtonJunior94/ai-spec-harness/internal/semver/semver.go:77.3,78.1 1 0
github.com/JailtonJunior94/ai-spec-harness/internal/semver/semver.go:80.2,81.75 2 1
github.com/JailtonJunior94/ai-spec-harness/internal/semver/semver.go:82.3,82.17 1 1
github.com/JailtonJunior94/ai-spec-harness/internal/semver/semver.go:83.4,83.12 1 0
github.com/JailtonJunior94/ai-spec-harness/internal/semver/semver.go:85.3,86.21 2 1
github.com/JailtonJunior94/ai-spec-harness/internal/semver/semver.go:87.4,87.12 1 0
github.com/JailtonJunior94/ai-spec-harness/internal/semver/semver.go:89.3,90.31 2 1
github.com/JailtonJunior94/ai-spec-harness/internal/semver/semver.go:94.2,94.28 1 1
github.com/JailtonJunior94/ai-spec-harness/internal/semver/semver.go:95.3,96.56 2 1
github.com/JailtonJunior94/ai-spec-harness/internal/semver/semver.go:97.4,98.1 1 1
github.com/JailtonJunior94/ai-spec-harness/internal/semver/semver.go:101.2,101.21 1 1
github.com/JailtonJunior94/ai-spec-harness/internal/semver/semver.go:105.2,107.16 3 1
github.com/JailtonJunior94/ai-spec-harness/internal/semver/semver.go:108.3,109.1 1 0
github.com/JailtonJunior94/ai-spec-harness/internal/semver/semver.go:110.2,110.25 1 1
github.com/JailtonJunior94/ai-spec-harness/internal/semver/semver.go:114.2,115.1 2 1
github.com/JailtonJunior94/ai-spec-harness/internal/semver/semver.go:116.2,116.44 2 1
github.com/JailtonJunior94/ai-spec-harness/internal/semver/semver.go:117.3,118.1 1 0
github.com/JailtonJunior94/ai-spec-harness/internal/semver/semver.go:120.2,121.13 2 1
github.com/JailtonJunior94/ai-spec-harness/internal/semver/semver.go:122.3,123.1 1 0
github.com/JailtonJunior94/ai-spec-harness/internal/semver/semver.go:125.2,127.1 3 1
github.com/JailtonJunior94/ai-spec-harness/internal/semver/semver.go:128.2,128.36 3 1
github.com/JailtonJunior94/ai-spec-harness/internal/semver/semver.go:129.3,131.1 2 1
github.com/JailtonJunior94/ai-spec-harness/internal/semver/semver.go:134.2,134.59 1 1
github.com/JailtonJunior94/ai-spec-harness/internal/semver/semver.go:135.3,136.1 1 1
github.com/JailtonJunior94/ai-spec-harness/internal/semver/semver.go:138.2,139.10 2 1
github.com/JailtonJunior94/ai-spec-harness/internal/semver/semver.go:144.2,145.28 2 1
github.com/JailtonJunior94/ai-spec-harness/internal/semver/semver.go:146.3,147.39 2 1
github.com/JailtonJunior94/ai-spec-harness/internal/semver/semver.go:148.4,149.1 1 1
github.com/JailtonJunior94/ai-spec-harness/internal/semver/semver.go:151.2,151.13 1 1
github.com/JailtonJunior94/ai-spec-harness/internal/semver/semver.go:155.2,155.16 1 1
github.com/JailtonJunior94/ai-spec-harness/internal/semver/semver.go:156.3,157.1 1 1
github.com/JailtonJunior94/ai-spec-harness/internal/semver/semver.go:158.2,158.16 1 1
github.com/JailtonJunior94/ai-spec-harness/internal/semver/semver.go:160.3,160.19 1 1
github.com/JailtonJunior94/ai-spec-harness/internal/semver/semver.go:162.3,162.19 1 1
github.com/JailtonJunior94/ai-spec-harness/internal/semver/semver.go:164.2,164.17 1 1
github.com/JailtonJunior94/ai-spec-harness/internal/semver/semver.go:168.2,168.11 1 1
github.com/JailtonJunior94/ai-spec-harness/internal/semver/semver.go:170.3,170.11 1 1
github.com/JailtonJunior94/ai-spec-harness/internal/semver/semver.go:172.3,172.11 1 1
github.com/JailtonJunior94/ai-spec-harness/internal/semver/semver.go:174.3,174.11 1 1
github.com/JailtonJunior94/ai-spec-harness/internal/semver/semver.go:176.2,176.10 1 1
github.com/JailtonJunior94/ai-spec-harness/internal/semver/semver.go:182.2,184.21 3 1
github.com/JailtonJunior94/ai-spec-harness/internal/semver/semver.go:185.3,186.1 1 0
github.com/JailtonJunior94/ai-spec-harness/internal/semver/semver.go:187.2,190.1 4 1
github.com/JailtonJunior94/ai-spec-harness/internal/semver/semver.go:191.2,191.14 4 1
github.com/JailtonJunior94/ai-spec-harness/internal/semver/semver.go:193.3,195.12 3 1
github.com/JailtonJunior94/ai-spec-harness/internal/semver/semver.go:197.3,198.12 2 1
github.com/JailtonJunior94/ai-spec-harness/internal/semver/semver.go:200.3,200.10 1 1
github.com/JailtonJunior94/ai-spec-harness/internal/semver/semver.go:203.2,203.53 1 1
github.com/JailtonJunior94/ai-spec-harness/internal/semver/semver.go:207.2,208.16 2 1
github.com/JailtonJunior94/ai-spec-harness/internal/semver/semver.go:209.3,210.1 1 1
github.com/JailtonJunior94/ai-spec-harness/internal/semver/semver.go:211.2,212.13 2 0
github.com/JailtonJunior94/ai-spec-harness/internal/semver/semver.go:213.3,214.1 1 0
github.com/JailtonJunior94/ai-spec-harness/internal/semver/semver.go:215.2,215.35 1 0
github.com/JailtonJunior94/ai-spec-harness/internal/semver/semver.go:220.2,221.1 3 1
github.com/JailtonJunior94/ai-spec-harness/internal/semver/semver.go:222.2,223.33 3 1
github.com/JailtonJunior94/ai-spec-harness/internal/semver/semver.go:224.3,231.1 7 1
github.com/JailtonJunior94/ai-spec-harness/internal/semver/semver.go:233.2,236.1 5 1
github.com/JailtonJunior94/ai-spec-harness/internal/semver/semver.go:237.2,238.16 5 1
github.com/JailtonJunior94/ai-spec-harness/internal/semver/semver.go:239.3,240.1 1 0
github.com/JailtonJunior94/ai-spec-harness/internal/semver/semver.go:241.2,242.1 4 1
github.com/JailtonJunior94/ai-spec-harness/internal/semver/semver.go:243.2,245.1 4 1
github.com/JailtonJunior94/ai-spec-harness/internal/semver/semver.go:246.2,246.22 4 1
github.com/JailtonJunior94/ai-spec-harness/internal/semver/semver.go:247.3,249.1 2 1
github.com/JailtonJunior94/ai-spec-harness/internal/semver/semver.go:250.3,253.1 3 1
github.com/JailtonJunior94/ai-spec-harness/internal/semver/semver.go:255.2,255.15 1 1
github.com/JailtonJunior94/ai-spec-harness/internal/git/git.go:21.42,21.67 1 1
github.com/JailtonJunior94/ai-spec-harness/internal/git/git.go:24.2,27.1 3 1
github.com/JailtonJunior94/ai-spec-harness/internal/git/git.go:30.2,32.16 3 1
github.com/JailtonJunior94/ai-spec-harness/internal/git/git.go:33.3,34.1 1 1
github.com/JailtonJunior94/ai-spec-harness/internal/git/git.go:35.2,35.60 1 1
github.com/JailtonJunior94/ai-spec-harness/internal/git/git.go:39.2,41.16 3 0
github.com/JailtonJunior94/ai-spec-harness/internal/git/git.go:42.3,43.1 1 0
github.com/JailtonJunior94/ai-spec-harness/internal/git/git.go:44.2,44.44 1 0
github.com/JailtonJunior94/ai-spec-harness/internal/telemetry/acp.go:40.2,40.46 1 1
github.com/JailtonJunior94/ai-spec-harness/internal/telemetry/acp.go:41.3,42.1 1 1
github.com/JailtonJunior94/ai-spec-harness/internal/telemetry/acp.go:44.2,45.50 2 1
github.com/JailtonJunior94/ai-spec-harness/internal/telemetry/acp.go:46.3,47.1 1 0
github.com/JailtonJunior94/ai-spec-harness/internal/telemetry/acp.go:49.2,51.16 3 1
github.com/JailtonJunior94/ai-spec-harness/internal/telemetry/acp.go:52.3,53.1 1 0
github.com/JailtonJunior94/ai-spec-harness/internal/telemetry/acp.go:54.2,55.1 4 1
github.com/JailtonJunior94/ai-spec-harness/internal/telemetry/acp.go:56.2,66.1 4 1
github.com/JailtonJunior94/ai-spec-harness/internal/telemetry/acp.go:67.2,67.27 4 1
github.com/JailtonJunior94/ai-spec-harness/internal/telemetry/acp.go:68.3,69.1 1 0
github.com/JailtonJunior94/ai-spec-harness/internal/telemetry/acp.go:70.2,70.28 1 1
github.com/JailtonJunior94/ai-spec-harness/internal/telemetry/acp.go:71.3,72.1 1 0
github.com/JailtonJunior94/ai-spec-harness/internal/telemetry/acp.go:74.2,74.27 1 1
github.com/JailtonJunior94/ai-spec-harness/internal/telemetry/acp.go:75.3,76.1 1 0
github.com/JailtonJunior94/ai-spec-harness/internal/telemetry/acp.go:77.2,79.12 3 1
github.com/JailtonJunior94/ai-spec-harness/internal/telemetry/durable_memory.go:22.2,22.46 1 1
github.com/JailtonJunior94/ai-spec-harness/internal/telemetry/durable_memory.go:23.3,24.1 1 1
github.com/JailtonJunior94/ai-spec-harness/internal/telemetry/durable_memory.go:26.2,27.50 2 1
github.com/JailtonJunior94/ai-spec-harness/internal/telemetry/durable_memory.go:28.3,29.1 1 0
github.com/JailtonJunior94/ai-spec-harness/internal/telemetry/durable_memory.go:31.2,33.16 3 1
github.com/JailtonJunior94/ai-spec-harness/internal/telemetry/durable_memory.go:34.3,35.1 1 0
github.com/JailtonJunior94/ai-spec-harness/internal/telemetry/durable_memory.go:36.2,37.1 6 1
github.com/JailtonJunior94/ai-spec-harness/internal/telemetry/durable_memory.go:38.2,53.12 6 1
github.com/JailtonJunior94/ai-spec-harness/internal/telemetry/parser.go:22.2,23.16 2 1
github.com/JailtonJunior94/ai-spec-harness/internal/telemetry/parser.go:24.3,24.25 1 1
github.com/JailtonJunior94/ai-spec-harness/internal/telemetry/parser.go:25.4,26.1 1 1
github.com/JailtonJunior94/ai-spec-harness/internal/telemetry/parser.go:27.3,27.61 1 0
github.com/JailtonJunior94/ai-spec-harness/internal/telemetry/parser.go:29.2,30.1 3 1
github.com/JailtonJunior94/ai-spec-harness/internal/telemetry/parser.go:31.2,32.15 3 1
github.com/JailtonJunior94/ai-spec-harness/internal/telemetry/parser.go:33.3,34.1 1 1
github.com/JailtonJunior94/ai-spec-harness/internal/telemetry/parser.go:36.2,38.21 3 1
github.com/JailtonJunior94/ai-spec-harness/internal/telemetry/parser.go:39.3,41.21 3 1
github.com/JailtonJunior94/ai-spec-harness/internal/telemetry/parser.go:42.4,42.12 1 1
github.com/JailtonJunior94/ai-spec-harness/internal/telemetry/parser.go:44.3,45.17 2 1
github.com/JailtonJunior94/ai-spec-harness/internal/telemetry/parser.go:46.4,46.12 1 1
github.com/JailtonJunior94/ai-spec-harness/internal/telemetry/parser.go:48.3,48.44 1 1
github.com/JailtonJunior94/ai-spec-harness/internal/telemetry/parser.go:49.4,49.12 1 1
github.com/JailtonJunior94/ai-spec-harness/internal/telemetry/parser.go:52.3,53.34 2 1
github.com/JailtonJunior94/ai-spec-harness/internal/telemetry/parser.go:54.4,54.11 1 1
github.com/JailtonJunior94/ai-spec-harness/internal/telemetry/parser.go:56.5,56.53 1 1
github.com/JailtonJunior94/ai-spec-harness/internal/telemetry/parser.go:58.5,58.49 1 1
github.com/JailtonJunior94/ai-spec-harness/internal/telemetry/parser.go:61.3,61.35 1 1
github.com/JailtonJunior94/ai-spec-harness/internal/telemetry/parser.go:63.2,63.38 1 1
github.com/JailtonJunior94/ai-spec-harness/internal/telemetry/parser.go:64.3,65.1 1 0
github.com/JailtonJunior94/ai-spec-harness/internal/telemetry/parser.go:66.2,66.21 1 1
github.com/JailtonJunior94/ai-spec-harness/internal/telemetry/r1_catalog.go:7.2,8.1 1 1
github.com/JailtonJunior94/ai-spec-harness/internal/telemetry/report.go:41.2,43.16 3 1
github.com/JailtonJunior94/ai-spec-harness/internal/telemetry/report.go:44.3,45.1 1 0
github.com/JailtonJunior94/ai-spec-harness/internal/telemetry/report.go:47.2,49.1 5 1
github.com/JailtonJunior94/ai-spec-harness/internal/telemetry/report.go:50.2,52.1 5 1
github.com/JailtonJunior94/ai-spec-harness/internal/telemetry/report.go:53.2,53.28 5 1
github.com/JailtonJunior94/ai-spec-harness/internal/telemetry/report.go:54.3,54.20 1 1
github.com/JailtonJunior94/ai-spec-harness/internal/telemetry/report.go:55.4,55.12 1 0
github.com/JailtonJunior94/ai-spec-harness/internal/telemetry/report.go:57.3,58.18 2 1
github.com/JailtonJunior94/ai-spec-harness/internal/telemetry/report.go:59.4,62.1 3 1
github.com/JailtonJunior94/ai-spec-harness/internal/telemetry/report.go:62.10,62.50 1 1
github.com/JailtonJunior94/ai-spec-harness/internal/telemetry/report.go:63.4,64.1 1 1
github.com/JailtonJunior94/ai-spec-harness/internal/telemetry/report.go:67.2,68.32 2 1
github.com/JailtonJunior94/ai-spec-harness/internal/telemetry/report.go:69.3,70.1 1 1
github.com/JailtonJunior94/ai-spec-harness/internal/telemetry/report.go:71.2,71.16 1 1
github.com/JailtonJunior94/ai-spec-harness/internal/telemetry/report.go:72.3,73.1 1 1
github.com/JailtonJunior94/ai-spec-harness/internal/telemetry/report.go:75.2,78.1 5 1
github.com/JailtonJunior94/ai-spec-harness/internal/telemetry/report.go:79.2,80.15 5 1
github.com/JailtonJunior94/ai-spec-harness/internal/telemetry/report.go:81.3,82.1 1 1
github.com/JailtonJunior94/ai-spec-harness/internal/telemetry/report.go:84.2,85.15 2 1
github.com/JailtonJunior94/ai-spec-harness/internal/telemetry/report.go:86.3,87.1 1 0
github.com/JailtonJunior94/ai-spec-harness/internal/telemetry/report.go:89.2,97.8 1 1
github.com/JailtonJunior94/ai-spec-harness/internal/telemetry/report.go:102.2,102.32 1 1
github.com/JailtonJunior94/ai-spec-harness/internal/telemetry/report.go:103.3,104.1 1 1
github.com/JailtonJunior94/ai-spec-harness/internal/telemetry/report.go:106.2,110.1 6 1
github.com/JailtonJunior94/ai-spec-harness/internal/telemetry/report.go:111.2,112.32 6 1
github.com/JailtonJunior94/ai-spec-harness/internal/telemetry/report.go:113.3,114.1 1 1
github.com/JailtonJunior94/ai-spec-harness/internal/telemetry/report.go:116.2,117.25 2 1
github.com/JailtonJunior94/ai-spec-harness/internal/telemetry/report.go:118.3,119.1 1 0
github.com/JailtonJunior94/ai-spec-harness/internal/telemetry/report.go:120.2,120.30 1 1
github.com/JailtonJunior94/ai-spec-harness/internal/telemetry/report.go:121.3,122.1 1 1
github.com/JailtonJunior94/ai-spec-harness/internal/telemetry/report.go:124.2,128.1 4 1
github.com/JailtonJunior94/ai-spec-harness/internal/telemetry/report.go:129.2,129.26 4 1
github.com/JailtonJunior94/ai-spec-harness/internal/telemetry/report.go:130.3,131.33 2 1
github.com/JailtonJunior94/ai-spec-harness/internal/telemetry/report.go:132.4,133.1 1 1
github.com/JailtonJunior94/ai-spec-harness/internal/telemetry/report.go:136.2,136.20 1 1
github.com/JailtonJunior94/ai-spec-harness/internal/telemetry/report.go:141.2,142.16 2 1
github.com/JailtonJunior94/ai-spec-harness/internal/telemetry/report.go:143.3,144.1 1 0
github.com/JailtonJunior94/ai-spec-harness/internal/telemetry/report.go:145.2,145.15 1 1
github.com/JailtonJunior94/ai-spec-harness/internal/telemetry/report.go:149.2,152.1 3 1
github.com/JailtonJunior94/ai-spec-harness/internal/telemetry/report.go:153.2,154.27 3 1
github.com/JailtonJunior94/ai-spec-harness/internal/telemetry/report.go:155.3,156.1 1 1
github.com/JailtonJunior94/ai-spec-harness/internal/telemetry/report.go:157.2,157.40 1 1
github.com/JailtonJunior94/ai-spec-harness/internal/telemetry/report.go:158.3,158.31 1 1
github.com/JailtonJunior94/ai-spec-harness/internal/telemetry/report.go:159.4,160.1 1 1
github.com/JailtonJunior94/ai-spec-harness/internal/telemetry/report.go:161.3,161.33 1 1
github.com/JailtonJunior94/ai-spec-harness/internal/telemetry/report.go:163.2,163.27 1 1
github.com/JailtonJunior94/ai-spec-harness/internal/telemetry/report.go:164.3,165.1 1 1
github.com/JailtonJunior94/ai-spec-harness/internal/telemetry/report.go:166.2,167.26 2 1
github.com/JailtonJunior94/ai-spec-harness/internal/telemetry/report.go:168.3,169.16 2 1
github.com/JailtonJunior94/ai-spec-harness/internal/telemetry/report.go:170.4,171.1 1 1
github.com/JailtonJunior94/ai-spec-harness/internal/telemetry/report.go:172.3,172.63 1 1
github.com/JailtonJunior94/ai-spec-harness/internal/telemetry/report.go:174.2,174.12 1 1
github.com/JailtonJunior94/ai-spec-harness/internal/telemetry/report.go:178.2,181.1 3 1
github.com/JailtonJunior94/ai-spec-harness/internal/telemetry/report.go:182.2,183.27 3 1
github.com/JailtonJunior94/ai-spec-harness/internal/telemetry/report.go:184.3,185.1 1 1
github.com/JailtonJunior94/ai-spec-harness/internal/telemetry/report.go:186.2,186.40 1 1
github.com/JailtonJunior94/ai-spec-harness/internal/telemetry/report.go:187.3,187.31 1 1
github.com/JailtonJunior94/ai-spec-harness/internal/telemetry/report.go:188.4,189.1 1 1
github.com/JailtonJunior94/ai-spec-harness/internal/telemetry/report.go:190.3,190.33 1 1
github.com/JailtonJunior94/ai-spec-harness/internal/telemetry/report.go:192.2,192.27 1 1
github.com/JailtonJunior94/ai-spec-harness/internal/telemetry/report.go:193.3,194.1 1 1
github.com/JailtonJunior94/ai-spec-harness/internal/telemetry/report.go:195.2,196.26 2 1
github.com/JailtonJunior94/ai-spec-harness/internal/telemetry/report.go:197.3,198.1 1 1
github.com/JailtonJunior94/ai-spec-harness/internal/telemetry/report.go:199.2,199.12 1 1
github.com/JailtonJunior94/ai-spec-harness/internal/telemetry/report.go:203.2,205.29 3 1
github.com/JailtonJunior94/ai-spec-harness/internal/telemetry/report.go:206.3,207.1 1 1
github.com/JailtonJunior94/ai-spec-harness/internal/telemetry/report.go:208.2,209.29 2 1
github.com/JailtonJunior94/ai-spec-harness/internal/telemetry/report.go:210.3,210.51 1 1
github.com/JailtonJunior94/ai-spec-harness/internal/telemetry/report.go:211.4,215.1 1 1
github.com/JailtonJunior94/ai-spec-harness/internal/telemetry/report.go:217.2,217.15 1 1
github.com/JailtonJunior94/ai-spec-harness/internal/telemetry/report.go:221.2,221.12 1 1
github.com/JailtonJunior94/ai-spec-harness/internal/telemetry/report.go:222.3,223.1 1 0
github.com/JailtonJunior94/ai-spec-harness/internal/telemetry/report.go:224.2,224.10 1 1
github.com/JailtonJunior94/ai-spec-harness/internal/telemetry/summary.go:20.2,21.60 2 1
github.com/JailtonJunior94/ai-spec-harness/internal/telemetry/summary.go:22.3,23.1 1 0
github.com/JailtonJunior94/ai-spec-harness/internal/telemetry/summary.go:25.2,26.16 2 1
github.com/JailtonJunior94/ai-spec-harness/internal/telemetry/summary.go:27.3,28.1 1 0
github.com/JailtonJunior94/ai-spec-harness/internal/telemetry/summary.go:30.2,32.1 3 1
github.com/JailtonJunior94/ai-spec-harness/internal/telemetry/summary.go:33.2,33.28 3 1
github.com/JailtonJunior94/ai-spec-harness/internal/telemetry/summary.go:34.3,34.20 1 1
github.com/JailtonJunior94/ai-spec-harness/internal/telemetry/summary.go:35.4,36.1 1 1
github.com/JailtonJunior94/ai-spec-harness/internal/telemetry/summary.go:37.3,37.18 1 1
github.com/JailtonJunior94/ai-spec-harness/internal/telemetry/summary.go:38.4,39.1 1 1
github.com/JailtonJunior94/ai-spec-harness/internal/telemetry/summary.go:42.2,43.1 2 1
github.com/JailtonJunior94/ai-spec-harness/internal/telemetry/summary.go:44.2,44.21 2 1
github.com/JailtonJunior94/ai-spec-harness/internal/telemetry/summary.go:45.3,46.1 1 0
github.com/JailtonJunior94/ai-spec-harness/internal/telemetry/summary.go:48.2,50.1 5 1
github.com/JailtonJunior94/ai-spec-harness/internal/telemetry/summary.go:51.2,53.34 5 1
github.com/JailtonJunior94/ai-spec-harness/internal/telemetry/summary.go:54.3,55.1 1 1
github.com/JailtonJunior94/ai-spec-harness/internal/telemetry/summary.go:57.2,59.30 3 1
github.com/JailtonJunior94/ai-spec-harness/internal/telemetry/summary.go:60.3,61.1 1 1
github.com/JailtonJunior94/ai-spec-harness/internal/telemetry/summary.go:67.2,69.32 3 1
github.com/JailtonJunior94/ai-spec-harness/internal/telemetry/summary.go:70.3,71.1 1 1
github.com/JailtonJunior94/ai-spec-harness/internal/telemetry/summary.go:72.2,78.1 5 1
github.com/JailtonJunior94/ai-spec-harness/internal/telemetry/summary.go:79.2,79.25 5 1
github.com/JailtonJunior94/ai-spec-harness/internal/telemetry/summary.go:83.2,84.19 2 1
github.com/JailtonJunior94/ai-spec-harness/internal/telemetry/summary.go:85.3,86.1 1 1
github.com/JailtonJunior94/ai-spec-harness/internal/telemetry/summary.go:87.2,88.13 2 1
github.com/JailtonJunior94/ai-spec-harness/internal/telemetry/telemetry.go:13.2,13.46 1 1
github.com/JailtonJunior94/ai-spec-harness/internal/telemetry/telemetry.go:14.3,15.1 1 1
github.com/JailtonJunior94/ai-spec-harness/internal/telemetry/telemetry.go:17.2,18.50 2 1
github.com/JailtonJunior94/ai-spec-harness/internal/telemetry/telemetry.go:19.3,20.1 1 0
github.com/JailtonJunior94/ai-spec-harness/internal/telemetry/telemetry.go:22.2,24.16 3 1
github.com/JailtonJunior94/ai-spec-harness/internal/telemetry/telemetry.go:25.3,26.1 1 0
github.com/JailtonJunior94/ai-spec-harness/internal/telemetry/telemetry.go:27.2,28.1 5 1
github.com/JailtonJunior94/ai-spec-harness/internal/telemetry/telemetry.go:29.2,32.12 5 1
github.com/JailtonJunior94/ai-spec-harness/internal/telemetry/telemetry.go:56.2,56.46 1 1
github.com/JailtonJunior94/ai-spec-harness/internal/telemetry/telemetry.go:57.3,58.1 1 1
github.com/JailtonJunior94/ai-spec-harness/internal/telemetry/telemetry.go:60.2,61.50 2 1
github.com/JailtonJunior94/ai-spec-harness/internal/telemetry/telemetry.go:62.3,63.1 1 0
github.com/JailtonJunior94/ai-spec-harness/internal/telemetry/telemetry.go:65.2,67.16 3 1
github.com/JailtonJunior94/ai-spec-harness/internal/telemetry/telemetry.go:68.3,69.1 1 0
github.com/JailtonJunior94/ai-spec-harness/internal/telemetry/telemetry.go:70.2,71.1 4 1
github.com/JailtonJunior94/ai-spec-harness/internal/telemetry/telemetry.go:72.2,78.1 4 1
github.com/JailtonJunior94/ai-spec-harness/internal/telemetry/telemetry.go:79.2,79.32 4 1
github.com/JailtonJunior94/ai-spec-harness/internal/telemetry/telemetry.go:80.3,80.51 1 1
github.com/JailtonJunior94/ai-spec-harness/internal/telemetry/telemetry.go:81.4,82.1 1 0
github.com/JailtonJunior94/ai-spec-harness/internal/telemetry/telemetry.go:84.2,84.12 1 1
github.com/JailtonJunior94/ai-spec-harness/internal/telemetry/telemetry.go:88.2,88.46 1 0
github.com/JailtonJunior94/ai-spec-harness/internal/telemetry/telemetry.go:89.3,90.1 1 0
github.com/JailtonJunior94/ai-spec-harness/internal/telemetry/telemetry.go:92.2,93.50 2 0
github.com/JailtonJunior94/ai-spec-harness/internal/telemetry/telemetry.go:94.3,95.1 1 0
github.com/JailtonJunior94/ai-spec-harness/internal/telemetry/telemetry.go:97.2,99.16 3 0
github.com/JailtonJunior94/ai-spec-harness/internal/telemetry/telemetry.go:100.3,101.1 1 0
github.com/JailtonJunior94/ai-spec-harness/internal/telemetry/telemetry.go:102.2,103.1 5 0
github.com/JailtonJunior94/ai-spec-harness/internal/telemetry/telemetry.go:104.2,107.12 5 0
github.com/JailtonJunior94/ai-spec-harness/internal/telemetry/trend.go:26.2,28.16 3 1
github.com/JailtonJunior94/ai-spec-harness/internal/telemetry/trend.go:29.3,30.1 1 0
github.com/JailtonJunior94/ai-spec-harness/internal/telemetry/trend.go:33.2,34.28 2 1
github.com/JailtonJunior94/ai-spec-harness/internal/telemetry/trend.go:35.3,38.1 3 1
github.com/JailtonJunior94/ai-spec-harness/internal/telemetry/trend.go:41.2,43.43 3 1
github.com/JailtonJunior94/ai-spec-harness/internal/telemetry/trend.go:44.3,50.1 4 1
github.com/JailtonJunior94/ai-spec-harness/internal/telemetry/trend.go:53.2,53.37 1 1
github.com/JailtonJunior94/ai-spec-harness/internal/telemetry/trend.go:58.2,58.26 1 1
github.com/JailtonJunior94/ai-spec-harness/internal/telemetry/trend.go:59.3,60.1 1 0
github.com/JailtonJunior94/ai-spec-harness/internal/telemetry/trend.go:62.2,63.31 2 1
github.com/JailtonJunior94/ai-spec-harness/internal/telemetry/trend.go:64.3,64.29 1 1
github.com/JailtonJunior94/ai-spec-harness/internal/telemetry/trend.go:65.4,66.1 1 1
github.com/JailtonJunior94/ai-spec-harness/internal/telemetry/trend.go:69.2,73.1 6 1
github.com/JailtonJunior94/ai-spec-harness/internal/telemetry/trend.go:74.2,75.31 6 1
github.com/JailtonJunior94/ai-spec-harness/internal/telemetry/trend.go:76.3,77.17 2 1
github.com/JailtonJunior94/ai-spec-harness/internal/telemetry/trend.go:78.4,79.1 1 1
github.com/JailtonJunior94/ai-spec-harness/internal/telemetry/trend.go:80.3,80.91 1 1
github.com/JailtonJunior94/ai-spec-harness/internal/telemetry/trend.go:82.2,82.20 1 1
github.com/JailtonJunior94/ai-spec-harness/internal/telemetry/trend.go:115.2,117.16 3 1
github.com/JailtonJunior94/ai-spec-harness/internal/telemetry/trend.go:118.3,119.1 1 0
github.com/JailtonJunior94/ai-spec-harness/internal/telemetry/trend.go:121.2,122.28 2 1
github.com/JailtonJunior94/ai-spec-harness/internal/telemetry/trend.go:123.3,123.20 1 1
github.com/JailtonJunior94/ai-spec-harness/internal/telemetry/trend.go:124.4,125.1 1 1
github.com/JailtonJunior94/ai-spec-harness/internal/telemetry/trend.go:128.2,130.24 3 1
github.com/JailtonJunior94/ai-spec-harness/internal/telemetry/trend.go:131.3,132.1 1 1
github.com/JailtonJunior94/ai-spec-harness/internal/telemetry/trend.go:133.2,134.1 2 1
github.com/JailtonJunior94/ai-spec-harness/internal/telemetry/trend.go:135.2,135.30 2 1
github.com/JailtonJunior94/ai-spec-harness/internal/telemetry/trend.go:136.3,137.10 2 1
github.com/JailtonJunior94/ai-spec-harness/internal/telemetry/trend.go:138.4,138.12 1 0
github.com/JailtonJunior94/ai-spec-harness/internal/telemetry/trend.go:140.3,141.21 2 1
github.com/JailtonJunior94/ai-spec-harness/internal/telemetry/trend.go:142.4,149.1 2 1
github.com/JailtonJunior94/ai-spec-harness/internal/telemetry/trend.go:152.2,152.67 1 1
github.com/JailtonJunior94/ai-spec-harness/internal/telemetry/trend.go:157.2,157.38 1 0
github.com/JailtonJunior94/ai-spec-harness/internal/telemetry/trend.go:158.3,159.1 1 0
github.com/JailtonJunior94/ai-spec-harness/internal/telemetry/trend.go:160.2,162.32 3 0
github.com/JailtonJunior94/ai-spec-harness/internal/telemetry/trend.go:163.3,164.1 1 0
github.com/JailtonJunior94/ai-spec-harness/internal/telemetry/trend.go:165.2,165.20 1 0
github.com/JailtonJunior94/ai-spec-harness/internal/telemetry/trend.go:170.2,170.22 1 1
github.com/JailtonJunior94/ai-spec-harness/internal/telemetry/trend.go:171.3,172.1 1 1
github.com/JailtonJunior94/ai-spec-harness/internal/telemetry/trend.go:173.2,177.27 5 1
github.com/JailtonJunior94/ai-spec-harness/internal/telemetry/trend.go:178.3,179.1 1 1
github.com/JailtonJunior94/ai-spec-harness/internal/telemetry/trend.go:180.2,180.20 1 1
github.com/JailtonJunior94/ai-spec-harness/internal/triggers/triggers.go:35.2,36.1 1 1
github.com/JailtonJunior94/ai-spec-harness/internal/triggers/triggers.go:41.2,43.1 4 1
github.com/JailtonJunior94/ai-spec-harness/internal/triggers/triggers.go:44.2,45.16 4 1
github.com/JailtonJunior94/ai-spec-harness/internal/triggers/triggers.go:46.3,47.1 1 1
github.com/JailtonJunior94/ai-spec-harness/internal/triggers/triggers.go:49.2,51.1 2 1
github.com/JailtonJunior94/ai-spec-harness/internal/triggers/triggers.go:52.2,52.51 2 1
github.com/JailtonJunior94/ai-spec-harness/internal/triggers/triggers.go:53.3,54.1 1 1
github.com/JailtonJunior94/ai-spec-harness/internal/triggers/triggers.go:55.2,55.26 1 1
github.com/JailtonJunior94/ai-spec-harness/internal/triggers/triggers.go:60.2,60.14 1 1
github.com/JailtonJunior94/ai-spec-harness/internal/triggers/triggers.go:62.3,62.14 1 1
github.com/JailtonJunior94/ai-spec-harness/internal/triggers/triggers.go:64.3,64.14 1 1
github.com/JailtonJunior94/ai-spec-harness/internal/triggers/triggers.go:73.2,74.1 1 1
github.com/JailtonJunior94/ai-spec-harness/internal/triggers/triggers.go:79.2,80.26 2 1
github.com/JailtonJunior94/ai-spec-harness/internal/triggers/triggers.go:81.3,81.26 1 1
github.com/JailtonJunior94/ai-spec-harness/internal/triggers/triggers.go:83.4,83.18 1 1
github.com/JailtonJunior94/ai-spec-harness/internal/triggers/triggers.go:85.4,85.20 1 1
github.com/JailtonJunior94/ai-spec-harness/internal/triggers/triggers.go:87.4,87.22 1 1
github.com/JailtonJunior94/ai-spec-harness/internal/triggers/triggers.go:91.2,92.30 2 1
github.com/JailtonJunior94/ai-spec-harness/internal/triggers/triggers.go:93.3,93.14 1 1
github.com/JailtonJunior94/ai-spec-harness/internal/triggers/triggers.go:94.4,95.1 1 1
github.com/JailtonJunior94/ai-spec-harness/internal/triggers/triggers.go:97.2,97.13 1 1
github.com/JailtonJunior94/ai-spec-harness/internal/uninstall/uninstall.go:20.2,21.1 1 1
github.com/JailtonJunior94/ai-spec-harness/internal/uninstall/uninstall.go:33.2,34.16 2 1
github.com/JailtonJunior94/ai-spec-harness/internal/uninstall/uninstall.go:35.3,36.1 1 0
github.com/JailtonJunior94/ai-spec-harness/internal/uninstall/uninstall.go:38.2,38.25 1 1
github.com/JailtonJunior94/ai-spec-harness/internal/uninstall/uninstall.go:39.3,40.1 1 0
github.com/JailtonJunior94/ai-spec-harness/internal/uninstall/uninstall.go:42.2,43.28 2 1
github.com/JailtonJunior94/ai-spec-harness/internal/uninstall/uninstall.go:44.3,45.1 1 1
github.com/JailtonJunior94/ai-spec-harness/internal/uninstall/uninstall.go:47.2,49.1 4 1
github.com/JailtonJunior94/ai-spec-harness/internal/uninstall/uninstall.go:50.2,51.1 4 1
github.com/JailtonJunior94/ai-spec-harness/internal/uninstall/uninstall.go:52.2,52.32 4 1
github.com/JailtonJunior94/ai-spec-harness/internal/uninstall/uninstall.go:53.3,53.27 1 1
github.com/JailtonJunior94/ai-spec-harness/internal/uninstall/uninstall.go:54.4,55.1 1 1
github.com/JailtonJunior94/ai-spec-harness/internal/uninstall/uninstall.go:56.3,56.13 1 1
github.com/JailtonJunior94/ai-spec-harness/internal/uninstall/uninstall.go:57.4,58.1 1 1
github.com/JailtonJunior94/ai-spec-harness/internal/uninstall/uninstall.go:59.4,60.1 1 1
github.com/JailtonJunior94/ai-spec-harness/internal/uninstall/uninstall.go:61.3,61.12 1 1
github.com/JailtonJunior94/ai-spec-harness/internal/uninstall/uninstall.go:64.2,64.39 1 1
github.com/JailtonJunior94/ai-spec-harness/internal/uninstall/uninstall.go:65.3,65.33 1 1
github.com/JailtonJunior94/ai-spec-harness/internal/uninstall/uninstall.go:66.4,67.1 1 1
github.com/JailtonJunior94/ai-spec-harness/internal/uninstall/uninstall.go:68.3,69.37 2 1
github.com/JailtonJunior94/ai-spec-harness/internal/uninstall/uninstall.go:70.4,71.1 1 1
github.com/JailtonJunior94/ai-spec-harness/internal/uninstall/uninstall.go:72.3,72.26 1 0
github.com/JailtonJunior94/ai-spec-harness/internal/uninstall/uninstall.go:78.2,78.27 1 1
github.com/JailtonJunior94/ai-spec-harness/internal/uninstall/uninstall.go:79.3,80.29 2 1
github.com/JailtonJunior94/ai-spec-harness/internal/uninstall/uninstall.go:81.4,82.1 1 1
github.com/JailtonJunior94/ai-spec-harness/internal/uninstall/uninstall.go:84.2,86.1 4 1
github.com/JailtonJunior94/ai-spec-harness/internal/uninstall/uninstall.go:87.2,88.30 4 1
github.com/JailtonJunior94/ai-spec-harness/internal/uninstall/uninstall.go:89.3,90.29 2 0
github.com/JailtonJunior94/ai-spec-harness/internal/uninstall/uninstall.go:91.4,92.1 1 0
github.com/JailtonJunior94/ai-spec-harness/internal/uninstall/uninstall.go:94.2,95.1 3 1
github.com/JailtonJunior94/ai-spec-harness/internal/uninstall/uninstall.go:96.2,97.30 3 1
github.com/JailtonJunior94/ai-spec-harness/internal/uninstall/uninstall.go:98.3,99.29 2 0
github.com/JailtonJunior94/ai-spec-harness/internal/uninstall/uninstall.go:100.4,100.42 1 0
github.com/JailtonJunior94/ai-spec-harness/internal/uninstall/uninstall.go:101.5,102.1 1 0
github.com/JailtonJunior94/ai-spec-harness/internal/uninstall/uninstall.go:105.2,106.1 3 1
github.com/JailtonJunior94/ai-spec-harness/internal/uninstall/uninstall.go:107.2,108.30 3 1
github.com/JailtonJunior94/ai-spec-harness/internal/uninstall/uninstall.go:109.3,110.29 2 0
github.com/JailtonJunior94/ai-spec-harness/internal/uninstall/uninstall.go:111.4,112.1 1 0
github.com/JailtonJunior94/ai-spec-harness/internal/uninstall/uninstall.go:114.2,115.1 3 1
github.com/JailtonJunior94/ai-spec-harness/internal/uninstall/uninstall.go:116.2,117.30 3 1
github.com/JailtonJunior94/ai-spec-harness/internal/uninstall/uninstall.go:118.3,119.29 2 0
github.com/JailtonJunior94/ai-spec-harness/internal/uninstall/uninstall.go:120.4,120.48 1 0
github.com/JailtonJunior94/ai-spec-harness/internal/uninstall/uninstall.go:121.5,122.1 1 0
github.com/JailtonJunior94/ai-spec-harness/internal/uninstall/uninstall.go:125.2,126.1 3 1
github.com/JailtonJunior94/ai-spec-harness/internal/uninstall/uninstall.go:127.2,128.29 3 1
github.com/JailtonJunior94/ai-spec-harness/internal/uninstall/uninstall.go:129.3,130.29 2 0
github.com/JailtonJunior94/ai-spec-harness/internal/uninstall/uninstall.go:131.4,131.44 1 0
github.com/JailtonJunior94/ai-spec-harness/internal/uninstall/uninstall.go:132.5,133.1 1 0
github.com/JailtonJunior94/ai-spec-harness/internal/uninstall/uninstall.go:136.2,137.1 4 1
github.com/JailtonJunior94/ai-spec-harness/internal/uninstall/uninstall.go:140.2,142.44 4 1
github.com/JailtonJunior94/ai-spec-harness/internal/uninstall/uninstall.go:143.3,143.41 1 1
github.com/JailtonJunior94/ai-spec-harness/internal/uninstall/uninstall.go:144.4,145.1 1 1
github.com/JailtonJunior94/ai-spec-harness/internal/uninstall/uninstall.go:147.3,149.1 2 1
github.com/JailtonJunior94/ai-spec-harness/internal/uninstall/uninstall.go:151.2,165.1 1 1
github.com/JailtonJunior94/ai-spec-harness/internal/uninstall/uninstall.go:166.3,167.1 1 1
github.com/JailtonJunior94/ai-spec-harness/internal/uninstall/uninstall.go:170.2,171.31 2 1
github.com/JailtonJunior94/ai-spec-harness/internal/uninstall/uninstall.go:172.3,173.17 2 1
github.com/JailtonJunior94/ai-spec-harness/internal/uninstall/uninstall.go:174.4,175.44 2 1
github.com/JailtonJunior94/ai-spec-harness/internal/uninstall/uninstall.go:176.5,177.1 1 1
github.com/JailtonJunior94/ai-spec-harness/internal/uninstall/uninstall.go:177.11,177.112 1 0
github.com/JailtonJunior94/ai-spec-harness/internal/uninstall/uninstall.go:178.5,179.1 1 0
github.com/JailtonJunior94/ai-spec-harness/internal/uninstall/uninstall.go:182.2,184.1 5 1
github.com/JailtonJunior94/ai-spec-harness/internal/uninstall/uninstall.go:188.2,190.27 5 1
github.com/JailtonJunior94/ai-spec-harness/internal/uninstall/uninstall.go:191.3,191.13 1 1
github.com/JailtonJunior94/ai-spec-harness/internal/uninstall/uninstall.go:192.4,194.1 2 0
github.com/JailtonJunior94/ai-spec-harness/internal/uninstall/uninstall.go:195.4,197.1 2 1
github.com/JailtonJunior94/ai-spec-harness/internal/uninstall/uninstall.go:201.2,203.1 5 1
github.com/JailtonJunior94/ai-spec-harness/internal/uninstall/uninstall.go:205.2,206.1 5 1
github.com/JailtonJunior94/ai-spec-harness/internal/uninstall/uninstall.go:208.2,209.28 5 1
github.com/JailtonJunior94/ai-spec-harness/internal/uninstall/uninstall.go:210.3,212.1 2 1
github.com/JailtonJunior94/ai-spec-harness/internal/uninstall/uninstall.go:214.2,215.12 2 1
github.com/JailtonJunior94/ai-spec-harness/internal/uninstall/uninstall.go:216.3,217.1 1 1
github.com/JailtonJunior94/ai-spec-harness/internal/uninstall/uninstall.go:218.3,219.1 1 1
github.com/JailtonJunior94/ai-spec-harness/internal/uninstall/uninstall.go:221.2,221.12 1 1
github.com/JailtonJunior94/ai-spec-harness/internal/uninstall/uninstall.go:231.2,241.1 10 1
github.com/JailtonJunior94/ai-spec-harness/internal/uninstall/uninstall.go:244.2,244.37 1 1
github.com/JailtonJunior94/ai-spec-harness/internal/uninstall/uninstall.go:245.3,246.1 1 1
github.com/JailtonJunior94/ai-spec-harness/internal/uninstall/uninstall.go:247.2,247.67 1 1
github.com/JailtonJunior94/ai-spec-harness/internal/uninstall/uninstall.go:251.2,278.1 1 1
github.com/JailtonJunior94/ai-spec-harness/internal/traceability/traceability.go:14.2,15.1 1 1
github.com/JailtonJunior94/ai-spec-harness/internal/traceability/traceability.go:24.2,25.1 1 1
github.com/JailtonJunior94/ai-spec-harness/internal/traceability/traceability.go:43.2,44.1 1 0
github.com/JailtonJunior94/ai-spec-harness/internal/traceability/traceability.go:57.2,60.28 4 1
github.com/JailtonJunior94/ai-spec-harness/internal/traceability/traceability.go:61.3,62.31 2 1
github.com/JailtonJunior94/ai-spec-harness/internal/traceability/traceability.go:63.4,63.12 1 1
github.com/JailtonJunior94/ai-spec-harness/internal/traceability/traceability.go:65.3,66.27 2 1
github.com/JailtonJunior94/ai-spec-harness/internal/traceability/traceability.go:68.2,68.12 1 1
github.com/JailtonJunior94/ai-spec-harness/internal/traceability/traceability.go:72.2,75.26 4 1
github.com/JailtonJunior94/ai-spec-harness/internal/traceability/traceability.go:76.3,77.1 1 1
github.com/JailtonJunior94/ai-spec-harness/internal/traceability/traceability.go:78.2,78.12 1 1
github.com/JailtonJunior94/ai-spec-harness/internal/traceability/traceability.go:82.2,82.25 1 1
github.com/JailtonJunior94/ai-spec-harness/internal/traceability/traceability.go:83.3,84.21 2 1
github.com/JailtonJunior94/ai-spec-harness/internal/traceability/traceability.go:85.4,86.1 1 1
github.com/JailtonJunior94/ai-spec-harness/internal/traceability/traceability.go:88.2,88.13 1 1
github.com/JailtonJunior94/ai-spec-harness/internal/traceability/traceability.go:92.2,96.1 5 1
github.com/JailtonJunior94/ai-spec-harness/internal/traceability/traceability.go:97.2,97.29 5 1
github.com/JailtonJunior94/ai-spec-harness/internal/traceability/traceability.go:98.3,99.40 2 1
github.com/JailtonJunior94/ai-spec-harness/internal/traceability/traceability.go:100.4,100.17 1 1
github.com/JailtonJunior94/ai-spec-harness/internal/traceability/traceability.go:101.5,101.10 1 1
github.com/JailtonJunior94/ai-spec-harness/internal/traceability/traceability.go:103.4,105.12 3 1
github.com/JailtonJunior94/ai-spec-harness/internal/traceability/traceability.go:107.3,107.53 1 1
github.com/JailtonJunior94/ai-spec-harness/internal/traceability/traceability.go:108.4,108.12 1 1
github.com/JailtonJunior94/ai-spec-harness/internal/traceability/traceability.go:110.3,111.20 2 1
github.com/JailtonJunior94/ai-spec-harness/internal/traceability/traceability.go:112.4,112.12 1 0
github.com/JailtonJunior94/ai-spec-harness/internal/traceability/traceability.go:114.3,114.18 1 1
github.com/JailtonJunior94/ai-spec-harness/internal/traceability/traceability.go:115.4,116.12 2 1
github.com/JailtonJunior94/ai-spec-harness/internal/traceability/traceability.go:118.3,118.27 1 1
github.com/JailtonJunior94/ai-spec-harness/internal/traceability/traceability.go:119.4,119.12 1 1
github.com/JailtonJunior94/ai-spec-harness/internal/traceability/traceability.go:121.3,122.17 2 1
github.com/JailtonJunior94/ai-spec-harness/internal/traceability/traceability.go:123.4,123.12 1 0
github.com/JailtonJunior94/ai-spec-harness/internal/traceability/traceability.go:125.3,126.26 2 1
github.com/JailtonJunior94/ai-spec-harness/internal/traceability/traceability.go:127.4,128.1 1 1
github.com/JailtonJunior94/ai-spec-harness/internal/traceability/traceability.go:130.2,130.15 1 1
github.com/JailtonJunior94/ai-spec-harness/internal/traceability/traceability.go:138.2,142.1 5 1
github.com/JailtonJunior94/ai-spec-harness/internal/traceability/traceability.go:143.2,143.29 5 1
github.com/JailtonJunior94/ai-spec-harness/internal/traceability/traceability.go:144.3,145.59 2 1
github.com/JailtonJunior94/ai-spec-harness/internal/traceability/traceability.go:146.4,147.12 2 0
github.com/JailtonJunior94/ai-spec-harness/internal/traceability/traceability.go:149.3,149.14 1 1
github.com/JailtonJunior94/ai-spec-harness/internal/traceability/traceability.go:150.4,150.12 1 0
github.com/JailtonJunior94/ai-spec-harness/internal/traceability/traceability.go:152.3,152.40 1 1
github.com/JailtonJunior94/ai-spec-harness/internal/traceability/traceability.go:153.4,153.17 1 1
github.com/JailtonJunior94/ai-spec-harness/internal/traceability/traceability.go:154.5,154.10 1 1
github.com/JailtonJunior94/ai-spec-harness/internal/traceability/traceability.go:156.4,157.12 2 1
github.com/JailtonJunior94/ai-spec-harness/internal/traceability/traceability.go:159.3,159.51 1 1
github.com/JailtonJunior94/ai-spec-harness/internal/traceability/traceability.go:160.4,160.12 1 1
github.com/JailtonJunior94/ai-spec-harness/internal/traceability/traceability.go:162.3,165.15 4 1
github.com/JailtonJunior94/ai-spec-harness/internal/traceability/traceability.go:166.4,167.1 1 1
github.com/JailtonJunior94/ai-spec-harness/internal/traceability/traceability.go:168.3,168.26 1 1
github.com/JailtonJunior94/ai-spec-harness/internal/traceability/traceability.go:170.2,170.12 1 1
github.com/JailtonJunior94/ai-spec-harness/internal/traceability/traceability.go:174.2,175.16 2 1
github.com/JailtonJunior94/ai-spec-harness/internal/traceability/traceability.go:176.3,177.1 1 1
github.com/JailtonJunior94/ai-spec-harness/internal/traceability/traceability.go:178.2,179.16 2 1
github.com/JailtonJunior94/ai-spec-harness/internal/traceability/traceability.go:180.3,181.1 1 0
github.com/JailtonJunior94/ai-spec-harness/internal/traceability/traceability.go:183.2,185.1 4 1
github.com/JailtonJunior94/ai-spec-harness/internal/traceability/traceability.go:186.2,187.38 4 1
github.com/JailtonJunior94/ai-spec-harness/internal/traceability/traceability.go:188.3,188.26 1 1
github.com/JailtonJunior94/ai-spec-harness/internal/traceability/traceability.go:189.4,190.1 1 1
github.com/JailtonJunior94/ai-spec-harness/internal/traceability/traceability.go:193.2,195.33 3 1
github.com/JailtonJunior94/ai-spec-harness/internal/traceability/traceability.go:196.3,198.17 3 1
github.com/JailtonJunior94/ai-spec-harness/internal/traceability/traceability.go:199.4,200.12 2 1
github.com/JailtonJunior94/ai-spec-harness/internal/traceability/traceability.go:202.3,202.77 1 1
github.com/JailtonJunior94/ai-spec-harness/internal/traceability/traceability.go:205.2,211.8 1 1
github.com/JailtonJunior94/ai-spec-harness/internal/traceability/traceability.go:215.2,216.1 2 1
github.com/JailtonJunior94/ai-spec-harness/internal/traceability/traceability.go:217.2,217.36 2 1
github.com/JailtonJunior94/ai-spec-harness/internal/traceability/traceability.go:218.3,218.37 1 1
github.com/JailtonJunior94/ai-spec-harness/internal/traceability/traceability.go:219.4,224.1 1 1
github.com/JailtonJunior94/ai-spec-harness/internal/traceability/traceability.go:227.2,228.35 2 1
github.com/JailtonJunior94/ai-spec-harness/internal/traceability/traceability.go:229.3,230.1 1 1
github.com/JailtonJunior94/ai-spec-harness/internal/traceability/traceability.go:232.2,232.29 1 1
github.com/JailtonJunior94/ai-spec-harness/internal/traceability/traceability.go:233.3,233.29 1 1
github.com/JailtonJunior94/ai-spec-harness/internal/traceability/traceability.go:234.4,239.12 2 1
github.com/JailtonJunior94/ai-spec-harness/internal/traceability/traceability.go:241.3,242.22 2 1
github.com/JailtonJunior94/ai-spec-harness/internal/traceability/traceability.go:243.4,248.12 2 1
github.com/JailtonJunior94/ai-spec-harness/internal/traceability/traceability.go:250.3,250.30 1 1
github.com/JailtonJunior94/ai-spec-harness/internal/traceability/traceability.go:251.4,251.27 1 1
github.com/JailtonJunior94/ai-spec-harness/internal/traceability/traceability.go:252.5,257.1 1 1
github.com/JailtonJunior94/ai-spec-harness/internal/traceability/traceability.go:261.2,261.19 1 1
github.com/JailtonJunior94/ai-spec-harness/internal/version/version.go:30.2,31.1 1 1
github.com/JailtonJunior94/ai-spec-harness/internal/version/version.go:36.2,36.54 1 1
github.com/JailtonJunior94/ai-spec-harness/internal/version/version.go:37.3,38.1 1 1
github.com/JailtonJunior94/ai-spec-harness/internal/version/version.go:39.2,39.16 1 1
github.com/JailtonJunior94/ai-spec-harness/internal/version/version.go:52.2,55.16 4 1
github.com/JailtonJunior94/ai-spec-harness/internal/version/version.go:56.3,58.1 2 1
github.com/JailtonJunior94/ai-spec-harness/internal/version/version.go:64.2,65.16 2 1
github.com/JailtonJunior94/ai-spec-harness/internal/version/version.go:66.3,67.1 1 1
github.com/JailtonJunior94/ai-spec-harness/internal/version/version.go:68.2,68.40 1 1
github.com/JailtonJunior94/ai-spec-harness/internal/version/version.go:76.2,76.30 1 1
github.com/JailtonJunior94/ai-spec-harness/internal/version/version.go:77.3,78.1 1 1
github.com/JailtonJunior94/ai-spec-harness/internal/version/version.go:79.2,79.49 1 1
github.com/JailtonJunior94/ai-spec-harness/internal/version/version.go:80.3,81.1 1 1
github.com/JailtonJunior94/ai-spec-harness/internal/version/version.go:82.2,82.14 1 1
github.com/JailtonJunior94/ai-spec-harness/internal/version/version.go:89.2,89.30 1 1
github.com/JailtonJunior94/ai-spec-harness/internal/version/version.go:90.3,91.1 1 1
github.com/JailtonJunior94/ai-spec-harness/internal/version/version.go:92.2,93.16 2 1
github.com/JailtonJunior94/ai-spec-harness/internal/version/version.go:94.3,95.1 1 0
github.com/JailtonJunior94/ai-spec-harness/internal/version/version.go:96.2,97.16 2 1
github.com/JailtonJunior94/ai-spec-harness/internal/version/version.go:98.3,99.1 1 0
github.com/JailtonJunior94/ai-spec-harness/internal/version/version.go:100.2,101.49 2 1
github.com/JailtonJunior94/ai-spec-harness/internal/version/version.go:102.3,103.1 1 1
github.com/JailtonJunior94/ai-spec-harness/internal/version/version.go:104.2,104.14 1 1
github.com/JailtonJunior94/ai-spec-harness/internal/wrapper/r1_receiver.go:6.32,6.52 1 1
github.com/JailtonJunior94/ai-spec-harness/internal/wrapper/wrapper.go:28.2,28.23 1 1
github.com/JailtonJunior94/ai-spec-harness/internal/wrapper/wrapper.go:29.3,30.1 1 1
github.com/JailtonJunior94/ai-spec-harness/internal/wrapper/wrapper.go:32.2,33.16 2 1
github.com/JailtonJunior94/ai-spec-harness/internal/wrapper/wrapper.go:34.3,35.1 1 0
github.com/JailtonJunior94/ai-spec-harness/internal/wrapper/wrapper.go:38.2,39.28 2 1
github.com/JailtonJunior94/ai-spec-harness/internal/wrapper/wrapper.go:40.3,41.1 1 1
github.com/JailtonJunior94/ai-spec-harness/internal/wrapper/wrapper.go:44.2,45.30 2 1
github.com/JailtonJunior94/ai-spec-harness/internal/wrapper/wrapper.go:46.3,47.1 1 1
github.com/JailtonJunior94/ai-spec-harness/internal/wrapper/wrapper.go:50.2,51.16 2 1
github.com/JailtonJunior94/ai-spec-harness/internal/wrapper/wrapper.go:52.3,53.1 1 1
github.com/JailtonJunior94/ai-spec-harness/internal/wrapper/wrapper.go:54.2,54.13 1 1
github.com/JailtonJunior94/ai-spec-harness/internal/wrapper/wrapper.go:55.3,56.29 2 1
github.com/JailtonJunior94/ai-spec-harness/internal/wrapper/wrapper.go:57.4,57.31 1 1
github.com/JailtonJunior94/ai-spec-harness/internal/wrapper/wrapper.go:58.5,59.1 1 1
github.com/JailtonJunior94/ai-spec-harness/internal/wrapper/wrapper.go:61.3,61.105 1 1
github.com/JailtonJunior94/ai-spec-harness/internal/wrapper/wrapper.go:65.2,66.62 2 1
github.com/JailtonJunior94/ai-spec-harness/internal/wrapper/wrapper.go:67.3,68.1 1 1
github.com/JailtonJunior94/ai-spec-harness/internal/wrapper/wrapper.go:69.2,70.9 2 1
github.com/JailtonJunior94/ai-spec-harness/internal/wrapper/wrapper.go:71.3,72.1 1 1
github.com/JailtonJunior94/ai-spec-harness/internal/wrapper/wrapper.go:74.2,75.25 2 1
github.com/JailtonJunior94/ai-spec-harness/internal/wrapper/wrapper.go:79.2,80.19 2 1
github.com/JailtonJunior94/ai-spec-harness/internal/wrapper/wrapper.go:81.3,82.1 1 1
github.com/JailtonJunior94/ai-spec-harness/internal/wrapper/wrapper.go:84.2,84.14 1 1
github.com/JailtonJunior94/ai-spec-harness/internal/wrapper/wrapper.go:86.3,89.4 1 1
github.com/JailtonJunior94/ai-spec-harness/internal/wrapper/wrapper.go:91.3,94.4 1 1
github.com/JailtonJunior94/ai-spec-harness/internal/wrapper/wrapper.go:96.3,96.102 1 0
github.com/JailtonJunior94/ai-spec-harness/tests/integration/hooks_live/matrix.go:19.2,21.37 3 1
github.com/JailtonJunior94/ai-spec-harness/tests/integration/hooks_live/matrix.go:22.3,22.51 1 1
github.com/JailtonJunior94/ai-spec-harness/tests/integration/hooks_live/matrix.go:23.4,24.1 1 1
github.com/JailtonJunior94/ai-spec-harness/tests/integration/hooks_live/matrix.go:26.2,26.14 1 1
github.com/JailtonJunior94/ai-spec-harness/tests/integration/hooks_live/matrix.go:36.2,37.28 2 1
github.com/JailtonJunior94/ai-spec-harness/tests/integration/hooks_live/matrix.go:38.3,38.16 1 1
github.com/JailtonJunior94/ai-spec-harness/tests/integration/hooks_live/matrix.go:39.4,40.1 1 1
github.com/JailtonJunior94/ai-spec-harness/tests/integration/hooks_live/matrix.go:42.2,42.23 1 1
github.com/JailtonJunior94/ai-spec-harness/tests/integration/hooks_live/matrix.go:43.3,44.1 1 1
github.com/JailtonJunior94/ai-spec-harness/tests/integration/hooks_live/matrix.go:45.2,46.139 2 1
github.com/JailtonJunior94/ai-spec-harness/internal/upgrade/r1_receiver.go:6.28,6.46 1 1
github.com/JailtonJunior94/ai-spec-harness/internal/upgrade/upgrade.go:57.2,63.1 1 1
github.com/JailtonJunior94/ai-spec-harness/internal/upgrade/upgrade.go:68.2,68.26 1 1
github.com/JailtonJunior94/ai-spec-harness/internal/upgrade/upgrade.go:69.3,70.17 2 1
github.com/JailtonJunior94/ai-spec-harness/internal/upgrade/upgrade.go:71.4,72.1 1 0
github.com/JailtonJunior94/ai-spec-harness/internal/upgrade/upgrade.go:73.3,74.26 2 1
github.com/JailtonJunior94/ai-spec-harness/internal/upgrade/upgrade.go:77.2,78.16 2 1
github.com/JailtonJunior94/ai-spec-harness/internal/upgrade/upgrade.go:79.3,80.1 1 0
github.com/JailtonJunior94/ai-spec-harness/internal/upgrade/upgrade.go:81.2,82.16 2 1
github.com/JailtonJunior94/ai-spec-harness/internal/upgrade/upgrade.go:83.3,84.1 1 0
github.com/JailtonJunior94/ai-spec-harness/internal/upgrade/upgrade.go:86.2,86.29 1 1
github.com/JailtonJunior94/ai-spec-harness/internal/upgrade/upgrade.go:87.3,88.1 1 0
github.com/JailtonJunior94/ai-spec-harness/internal/upgrade/upgrade.go:90.2,91.107 2 1
github.com/JailtonJunior94/ai-spec-harness/internal/upgrade/upgrade.go:92.3,93.1 1 1
github.com/JailtonJunior94/ai-spec-harness/internal/upgrade/upgrade.go:94.2,94.28 1 1
github.com/JailtonJunior94/ai-spec-harness/internal/upgrade/upgrade.go:95.3,96.1 1 1
github.com/JailtonJunior94/ai-spec-harness/internal/upgrade/upgrade.go:98.2,103.1 8 1
github.com/JailtonJunior94/ai-spec-harness/internal/upgrade/upgrade.go:105.2,106.1 8 1
github.com/JailtonJunior94/ai-spec-harness/internal/upgrade/upgrade.go:108.2,109.27 8 1
github.com/JailtonJunior94/ai-spec-harness/internal/upgrade/upgrade.go:110.3,110.19 1 1
github.com/JailtonJunior94/ai-spec-harness/internal/upgrade/upgrade.go:112.4,112.13 1 1
github.com/JailtonJunior94/ai-spec-harness/internal/upgrade/upgrade.go:114.4,114.19 1 1
github.com/JailtonJunior94/ai-spec-harness/internal/upgrade/upgrade.go:116.4,116.18 1 1
github.com/JailtonJunior94/ai-spec-harness/internal/upgrade/upgrade.go:118.4,119.19 2 0
github.com/JailtonJunior94/ai-spec-harness/internal/upgrade/upgrade.go:124.2,124.27 1 1
github.com/JailtonJunior94/ai-spec-harness/internal/upgrade/upgrade.go:125.3,125.19 1 1
github.com/JailtonJunior94/ai-spec-harness/internal/upgrade/upgrade.go:127.4,127.51 1 1
github.com/JailtonJunior94/ai-spec-harness/internal/upgrade/upgrade.go:129.4,129.115 1 1
github.com/JailtonJunior94/ai-spec-harness/internal/upgrade/upgrade.go:131.4,131.107 1 0
github.com/JailtonJunior94/ai-spec-harness/internal/upgrade/upgrade.go:133.4,134.42 2 0
github.com/JailtonJunior94/ai-spec-harness/internal/upgrade/upgrade.go:135.5,136.1 1 0
github.com/JailtonJunior94/ai-spec-harness/internal/upgrade/upgrade.go:138.4,138.82 1 1
github.com/JailtonJunior94/ai-spec-harness/internal/upgrade/upgrade.go:140.4,140.110 1 0
github.com/JailtonJunior94/ai-spec-harness/internal/upgrade/upgrade.go:145.2,146.21 2 1
github.com/JailtonJunior94/ai-spec-harness/internal/upgrade/upgrade.go:147.3,148.1 1 1
github.com/JailtonJunior94/ai-spec-harness/internal/upgrade/upgrade.go:150.2,153.1 3 1
github.com/JailtonJunior94/ai-spec-harness/internal/upgrade/upgrade.go:154.2,154.20 3 1
github.com/JailtonJunior94/ai-spec-harness/internal/upgrade/upgrade.go:155.3,156.37 2 1
github.com/JailtonJunior94/ai-spec-harness/internal/upgrade/upgrade.go:157.4,160.1 3 1
github.com/JailtonJunior94/ai-spec-harness/internal/upgrade/upgrade.go:161.3,161.13 1 1
github.com/JailtonJunior94/ai-spec-harness/internal/upgrade/upgrade.go:165.2,166.27 2 1
github.com/JailtonJunior94/ai-spec-harness/internal/upgrade/upgrade.go:167.3,167.27 1 1
github.com/JailtonJunior94/ai-spec-harness/internal/upgrade/upgrade.go:168.4,168.12 1 1
github.com/JailtonJunior94/ai-spec-harness/internal/upgrade/upgrade.go:171.3,172.31 2 1
github.com/JailtonJunior94/ai-spec-harness/internal/upgrade/upgrade.go:173.4,174.12 2 0
github.com/JailtonJunior94/ai-spec-harness/internal/upgrade/upgrade.go:177.3,179.58 3 1
github.com/JailtonJunior94/ai-spec-harness/internal/upgrade/upgrade.go:180.4,181.12 2 0
github.com/JailtonJunior94/ai-spec-harness/internal/upgrade/upgrade.go:183.3,184.12 2 1
github.com/JailtonJunior94/ai-spec-harness/internal/upgrade/upgrade.go:188.2,189.35 2 1
github.com/JailtonJunior94/ai-spec-harness/internal/upgrade/upgrade.go:190.3,190.82 1 1
github.com/JailtonJunior94/ai-spec-harness/internal/upgrade/upgrade.go:191.4,192.1 1 0
github.com/JailtonJunior94/ai-spec-harness/internal/upgrade/upgrade.go:196.2,196.17 1 1
github.com/JailtonJunior94/ai-spec-harness/internal/upgrade/upgrade.go:197.3,198.1 1 1
github.com/JailtonJunior94/ai-spec-harness/internal/upgrade/upgrade.go:199.2,199.36 1 1
github.com/JailtonJunior94/ai-spec-harness/internal/upgrade/upgrade.go:200.3,201.1 1 1
github.com/JailtonJunior94/ai-spec-harness/internal/upgrade/upgrade.go:204.2,204.35 1 1
github.com/JailtonJunior94/ai-spec-harness/internal/upgrade/upgrade.go:205.3,206.17 2 1
github.com/JailtonJunior94/ai-spec-harness/internal/upgrade/upgrade.go:207.4,209.39 3 1
github.com/JailtonJunior94/ai-spec-harness/internal/upgrade/upgrade.go:210.5,211.1 1 1
github.com/JailtonJunior94/ai-spec-harness/internal/upgrade/upgrade.go:213.4,218.39 6 1
github.com/JailtonJunior94/ai-spec-harness/internal/upgrade/upgrade.go:222.2,222.12 1 1
github.com/JailtonJunior94/ai-spec-harness/internal/upgrade/upgrade.go:226.2,226.36 1 1
github.com/JailtonJunior94/ai-spec-harness/internal/upgrade/upgrade.go:227.3,228.1 1 1
github.com/JailtonJunior94/ai-spec-harness/internal/upgrade/upgrade.go:230.2,231.29 2 1
github.com/JailtonJunior94/ai-spec-harness/internal/upgrade/upgrade.go:232.3,233.1 1 0
github.com/JailtonJunior94/ai-spec-harness/internal/upgrade/upgrade.go:235.2,236.105 2 1
github.com/JailtonJunior94/ai-spec-harness/internal/upgrade/upgrade.go:237.3,238.1 1 1
github.com/JailtonJunior94/ai-spec-harness/internal/upgrade/upgrade.go:240.2,240.33 1 1
github.com/JailtonJunior94/ai-spec-harness/internal/upgrade/upgrade.go:241.3,242.1 1 1
github.com/JailtonJunior94/ai-spec-harness/internal/upgrade/upgrade.go:246.2,247.1 4 1
github.com/JailtonJunior94/ai-spec-harness/internal/upgrade/upgrade.go:248.2,250.16 4 1
github.com/JailtonJunior94/ai-spec-harness/internal/upgrade/upgrade.go:251.3,252.1 1 0
github.com/JailtonJunior94/ai-spec-harness/internal/upgrade/upgrade.go:254.2,254.32 1 1
github.com/JailtonJunior94/ai-spec-harness/internal/upgrade/upgrade.go:255.3,255.21 1 1
github.com/JailtonJunior94/ai-spec-harness/internal/upgrade/upgrade.go:256.4,256.12 1 0
github.com/JailtonJunior94/ai-spec-harness/internal/upgrade/upgrade.go:258.3,259.1 2 1
github.com/JailtonJunior94/ai-spec-harness/internal/upgrade/upgrade.go:260.3,260.61 2 1
github.com/JailtonJunior94/ai-spec-harness/internal/upgrade/upgrade.go:261.4,261.12 1 0
github.com/JailtonJunior94/ai-spec-harness/internal/upgrade/upgrade.go:264.3,266.1 4 1
github.com/JailtonJunior94/ai-spec-harness/internal/upgrade/upgrade.go:267.3,268.17 4 1
github.com/JailtonJunior94/ai-spec-harness/internal/upgrade/upgrade.go:269.4,269.12 1 1
github.com/JailtonJunior94/ai-spec-harness/internal/upgrade/upgrade.go:271.3,272.29 2 1
github.com/JailtonJunior94/ai-spec-harness/internal/upgrade/upgrade.go:273.4,273.12 1 0
github.com/JailtonJunior94/ai-spec-harness/internal/upgrade/upgrade.go:276.3,276.34 1 1
github.com/JailtonJunior94/ai-spec-harness/internal/upgrade/upgrade.go:277.4,282.12 2 1
github.com/JailtonJunior94/ai-spec-harness/internal/upgrade/upgrade.go:285.3,287.1 3 1
github.com/JailtonJunior94/ai-spec-harness/internal/upgrade/upgrade.go:288.3,288.29 3 1
github.com/JailtonJunior94/ai-spec-harness/internal/upgrade/upgrade.go:289.4,294.12 2 0
github.com/JailtonJunior94/ai-spec-harness/internal/upgrade/upgrade.go:297.3,297.76 1 1
github.com/JailtonJunior94/ai-spec-harness/internal/upgrade/upgrade.go:298.4,304.12 2 1
github.com/JailtonJunior94/ai-spec-harness/internal/upgrade/upgrade.go:308.3,310.31 3 1
github.com/JailtonJunior94/ai-spec-harness/internal/upgrade/upgrade.go:311.4,317.12 2 0
github.com/JailtonJunior94/ai-spec-harness/internal/upgrade/upgrade.go:321.3,323.63 3 1
github.com/JailtonJunior94/ai-spec-harness/internal/upgrade/upgrade.go:324.4,331.12 2 0
github.com/JailtonJunior94/ai-spec-harness/internal/upgrade/upgrade.go:334.3,339.5 1 1
github.com/JailtonJunior94/ai-spec-harness/internal/upgrade/upgrade.go:342.2,342.15 1 1
github.com/JailtonJunior94/ai-spec-harness/internal/upgrade/upgrade.go:346.2,347.34 2 1
github.com/JailtonJunior94/ai-spec-harness/internal/upgrade/upgrade.go:348.3,350.17 3 1
github.com/JailtonJunior94/ai-spec-harness/internal/upgrade/upgrade.go:351.4,351.12 1 1
github.com/JailtonJunior94/ai-spec-harness/internal/upgrade/upgrade.go:354.3,355.23 2 1
github.com/JailtonJunior94/ai-spec-harness/internal/upgrade/upgrade.go:356.4,357.1 1 1
github.com/JailtonJunior94/ai-spec-harness/internal/upgrade/upgrade.go:360.2,360.17 1 1
github.com/JailtonJunior94/ai-spec-harness/internal/upgrade/upgrade.go:364.2,365.1 2 1
github.com/JailtonJunior94/ai-spec-harness/internal/upgrade/upgrade.go:366.2,366.54 2 1
github.com/JailtonJunior94/ai-spec-harness/internal/upgrade/upgrade.go:367.3,400.1 9 1
github.com/JailtonJunior94/ai-spec-harness/internal/upgrade/upgrade.go:401.2,401.54 1 1
github.com/JailtonJunior94/ai-spec-harness/internal/upgrade/upgrade.go:402.3,403.1 1 0
github.com/JailtonJunior94/ai-spec-harness/internal/upgrade/upgrade.go:404.2,404.69 1 1
github.com/JailtonJunior94/ai-spec-harness/internal/upgrade/upgrade.go:405.3,411.1 3 1
github.com/JailtonJunior94/ai-spec-harness/internal/upgrade/upgrade.go:415.2,415.58 1 1
github.com/JailtonJunior94/ai-spec-harness/internal/upgrade/upgrade.go:416.3,417.1 1 1
github.com/JailtonJunior94/ai-spec-harness/internal/upgrade/upgrade.go:419.2,420.1 3 1
github.com/JailtonJunior94/ai-spec-harness/internal/upgrade/upgrade.go:422.2,423.57 3 1
github.com/JailtonJunior94/ai-spec-harness/internal/upgrade/upgrade.go:424.3,425.1 1 0
github.com/JailtonJunior94/ai-spec-harness/internal/upgrade/upgrade.go:426.2,426.69 1 1
github.com/JailtonJunior94/ai-spec-harness/internal/upgrade/upgrade.go:427.3,428.1 1 0
github.com/JailtonJunior94/ai-spec-harness/internal/upgrade/upgrade.go:429.2,429.82 1 1
github.com/JailtonJunior94/ai-spec-harness/internal/upgrade/upgrade.go:430.3,431.1 1 0
github.com/JailtonJunior94/ai-spec-harness/internal/upgrade/upgrade.go:433.2,433.98 1 1
github.com/JailtonJunior94/ai-spec-harness/internal/upgrade/upgrade.go:434.3,435.1 1 0
github.com/JailtonJunior94/ai-spec-harness/internal/upgrade/upgrade.go:441.2,442.33 2 1
github.com/JailtonJunior94/ai-spec-harness/internal/upgrade/upgrade.go:443.3,444.1 1 1
github.com/JailtonJunior94/ai-spec-harness/internal/upgrade/upgrade.go:446.2,447.16 2 1
github.com/JailtonJunior94/ai-spec-harness/internal/upgrade/upgrade.go:448.3,449.1 1 0
github.com/JailtonJunior94/ai-spec-harness/internal/upgrade/upgrade.go:451.2,452.25 2 1
github.com/JailtonJunior94/ai-spec-harness/internal/upgrade/upgrade.go:453.3,454.1 1 0
github.com/JailtonJunior94/ai-spec-harness/internal/upgrade/upgrade.go:456.2,457.1 2 1
github.com/JailtonJunior94/ai-spec-harness/internal/upgrade/upgrade.go:458.2,458.57 2 1
github.com/JailtonJunior94/ai-spec-harness/internal/upgrade/upgrade.go:459.3,462.1 2 1
github.com/JailtonJunior94/ai-spec-harness/internal/upgrade/upgrade.go:464.2,464.14 1 1
github.com/JailtonJunior94/ai-spec-harness/internal/upgrade/upgrade.go:472.2,473.39 2 1
github.com/JailtonJunior94/ai-spec-harness/internal/upgrade/upgrade.go:474.3,474.67 1 1
github.com/JailtonJunior94/ai-spec-harness/internal/upgrade/upgrade.go:475.4,475.98 1 1
github.com/JailtonJunior94/ai-spec-harness/internal/upgrade/upgrade.go:476.5,477.1 1 1
github.com/JailtonJunior94/ai-spec-harness/internal/upgrade/upgrade.go:480.2,480.43 1 1
github.com/JailtonJunior94/ai-spec-harness/internal/upgrade/upgrade.go:485.2,485.56 1 1
github.com/JailtonJunior94/ai-spec-harness/internal/upgrade/upgrade.go:486.3,487.57 2 1
github.com/JailtonJunior94/ai-spec-harness/internal/upgrade/upgrade.go:488.4,491.1 3 1
github.com/JailtonJunior94/ai-spec-harness/internal/upgrade/upgrade.go:493.2,493.11 1 0
github.com/JailtonJunior94/ai-spec-harness/internal/upgrade/upgrade.go:497.2,497.56 1 1
github.com/JailtonJunior94/ai-spec-harness/internal/upgrade/upgrade.go:498.3,499.1 1 0
github.com/JailtonJunior94/ai-spec-harness/internal/upgrade/upgrade.go:501.2,503.1 4 1
github.com/JailtonJunior94/ai-spec-harness/internal/upgrade/upgrade.go:504.2,505.34 4 1
github.com/JailtonJunior94/ai-spec-harness/internal/upgrade/upgrade.go:506.3,507.1 1 1
github.com/JailtonJunior94/ai-spec-harness/internal/upgrade/upgrade.go:509.2,510.34 2 1
github.com/JailtonJunior94/ai-spec-harness/internal/upgrade/upgrade.go:511.3,513.1 3 1
github.com/JailtonJunior94/ai-spec-harness/internal/upgrade/upgrade.go:514.3,514.22 3 1
github.com/JailtonJunior94/ai-spec-harness/internal/upgrade/upgrade.go:515.4,516.12 2 1
github.com/JailtonJunior94/ai-spec-harness/internal/upgrade/upgrade.go:519.3,521.61 3 1
github.com/JailtonJunior94/ai-spec-harness/internal/upgrade/upgrade.go:522.4,523.1 1 1
github.com/JailtonJunior94/ai-spec-harness/internal/upgrade/upgrade.go:526.2,527.34 2 1
github.com/JailtonJunior94/ai-spec-harness/internal/upgrade/upgrade.go:528.3,529.1 1 1
github.com/JailtonJunior94/ai-spec-harness/internal/upgrade/upgrade.go:530.2,530.34 1 1
github.com/JailtonJunior94/ai-spec-harness/internal/upgrade/upgrade.go:531.3,531.22 1 1
github.com/JailtonJunior94/ai-spec-harness/internal/upgrade/upgrade.go:532.4,533.1 1 1
github.com/JailtonJunior94/ai-spec-harness/internal/upgrade/upgrade.go:536.2,536.16 1 1
github.com/JailtonJunior94/ai-spec-harness/internal/upgrade/upgrade.go:540.2,540.23 1 1
github.com/JailtonJunior94/ai-spec-harness/internal/upgrade/upgrade.go:541.3,542.1 1 0
github.com/JailtonJunior94/ai-spec-harness/internal/upgrade/upgrade.go:544.2,546.34 3 1
github.com/JailtonJunior94/ai-spec-harness/internal/upgrade/upgrade.go:547.3,548.17 2 1
github.com/JailtonJunior94/ai-spec-harness/internal/upgrade/upgrade.go:549.4,550.1 1 0
github.com/JailtonJunior94/ai-spec-harness/internal/upgrade/upgrade.go:551.3,551.33 1 1
github.com/JailtonJunior94/ai-spec-harness/internal/upgrade/upgrade.go:552.4,555.20 4 1
github.com/JailtonJunior94/ai-spec-harness/internal/upgrade/upgrade.go:556.5,557.1 1 0
github.com/JailtonJunior94/ai-spec-harness/internal/upgrade/upgrade.go:558.4,558.21 1 1
github.com/JailtonJunior94/ai-spec-harness/internal/upgrade/upgrade.go:559.5,560.13 2 0
github.com/JailtonJunior94/ai-spec-harness/internal/upgrade/upgrade.go:562.4,562.34 1 1
github.com/JailtonJunior94/ai-spec-harness/internal/upgrade/upgrade.go:566.2,567.14 2 1
github.com/JailtonJunior94/ai-spec-harness/internal/upgrade/upgrade.go:571.2,571.23 1 1
github.com/JailtonJunior94/ai-spec-harness/internal/upgrade/upgrade.go:572.3,573.1 1 1
github.com/JailtonJunior94/ai-spec-harness/internal/upgrade/upgrade.go:574.2,574.29 1 1
github.com/JailtonJunior94/ai-spec-harness/internal/upgrade/upgrade.go:585.2,586.1 2 1
github.com/JailtonJunior94/ai-spec-harness/internal/upgrade/upgrade.go:587.2,587.28 2 1
github.com/JailtonJunior94/ai-spec-harness/internal/upgrade/upgrade.go:588.3,589.1 1 1
github.com/JailtonJunior94/ai-spec-harness/internal/upgrade/upgrade.go:591.2,591.98 1 1
github.com/JailtonJunior94/ai-spec-harness/internal/upgrade/upgrade.go:592.3,593.1 1 0
github.com/JailtonJunior94/ai-spec-harness/internal/upgrade/upgrade.go:594.2,594.100 1 1
github.com/JailtonJunior94/ai-spec-harness/internal/upgrade/upgrade.go:595.3,596.1 1 0
github.com/JailtonJunior94/ai-spec-harness/internal/upgrade/upgrade.go:597.2,597.102 1 1
github.com/JailtonJunior94/ai-spec-harness/internal/upgrade/upgrade.go:598.3,599.1 1 0
github.com/JailtonJunior94/ai-spec-harness/internal/upgrade/upgrade.go:600.2,600.109 1 1
github.com/JailtonJunior94/ai-spec-harness/internal/upgrade/upgrade.go:601.3,602.1 1 0
github.com/JailtonJunior94/ai-spec-harness/internal/upgrade/upgrade.go:604.2,604.19 1 1
github.com/JailtonJunior94/ai-spec-harness/internal/upgrade/upgrade.go:608.2,609.34 2 1
github.com/JailtonJunior94/ai-spec-harness/internal/upgrade/upgrade.go:610.3,612.17 3 1
github.com/JailtonJunior94/ai-spec-harness/internal/upgrade/upgrade.go:613.4,613.12 1 1
github.com/JailtonJunior94/ai-spec-harness/internal/upgrade/upgrade.go:615.3,615.26 1 1
github.com/JailtonJunior94/ai-spec-harness/internal/upgrade/upgrade.go:617.2,617.18 1 1
github.com/JailtonJunior94/ai-spec-harness/internal/upgrade/upgrade.go:621.2,621.26 1 1
github.com/JailtonJunior94/ai-spec-harness/internal/upgrade/upgrade.go:622.3,623.1 1 1
github.com/JailtonJunior94/ai-spec-harness/internal/upgrade/upgrade.go:625.2,631.1 2 0
github.com/JailtonJunior94/ai-spec-harness/internal/upgrade/upgrade.go:633.2,633.28 2 0
github.com/JailtonJunior94/ai-spec-harness/internal/upgrade/upgrade.go:634.3,635.1 1 0
github.com/JailtonJunior94/ai-spec-harness/internal/upgrade/upgrade.go:637.2,638.31 2 0
github.com/JailtonJunior94/ai-spec-harness/internal/upgrade/upgrade.go:639.3,639.70 1 0
github.com/JailtonJunior94/ai-spec-harness/internal/upgrade/upgrade.go:640.4,641.1 1 0
github.com/JailtonJunior94/ai-spec-harness/internal/upgrade/upgrade.go:643.2,643.27 1 0
github.com/JailtonJunior94/ai-spec-harness/internal/runtime/specs/claude.go:35.2,52.1 1 1
github.com/JailtonJunior94/ai-spec-harness/internal/runtime/specs/codex.go:57.2,76.1 1 1
github.com/JailtonJunior94/ai-spec-harness/internal/runtime/specs/codex.go:91.2,92.17 2 1
github.com/JailtonJunior94/ai-spec-harness/internal/runtime/specs/codex.go:93.3,94.1 1 1
github.com/JailtonJunior94/ai-spec-harness/internal/runtime/specs/codex.go:95.2,95.21 1 1
github.com/JailtonJunior94/ai-spec-harness/internal/runtime/specs/codex.go:96.3,97.1 1 1
github.com/JailtonJunior94/ai-spec-harness/internal/runtime/specs/codex.go:98.2,102.28 2 1
github.com/JailtonJunior94/ai-spec-harness/internal/runtime/specs/codex.go:103.3,108.1 1 1
github.com/JailtonJunior94/ai-spec-harness/internal/runtime/specs/codex.go:109.2,109.13 1 1
github.com/JailtonJunior94/ai-spec-harness/internal/runtime/specs/codex.go:115.2,115.30 1 1
github.com/JailtonJunior94/ai-spec-harness/internal/runtime/specs/codex.go:116.3,117.1 1 1
github.com/JailtonJunior94/ai-spec-harness/internal/runtime/specs/codex.go:118.2,118.13 1 1
github.com/JailtonJunior94/ai-spec-harness/internal/runtime/specs/copilot.go:38.2,55.1 1 1
github.com/JailtonJunior94/ai-spec-harness/internal/runtime/specs/dispatch_proof.go:19.2,20.1 1 1
github.com/JailtonJunior94/ai-spec-harness/internal/runtime/specs/driver.go:21.2,21.40 1 1
github.com/JailtonJunior94/ai-spec-harness/internal/runtime/specs/driver.go:22.3,22.14 1 1
github.com/JailtonJunior94/ai-spec-harness/internal/runtime/specs/driver.go:23.4,24.1 1 1
github.com/JailtonJunior94/ai-spec-harness/internal/runtime/specs/driver.go:26.2,26.62 1 1
github.com/JailtonJunior94/ai-spec-harness/internal/runtime/specs/driver.go:30.37,30.53 1 1
github.com/JailtonJunior94/ai-spec-harness/internal/runtime/specs/enforcement.go:67.2,68.1 1 1
github.com/JailtonJunior94/ai-spec-harness/internal/runtime/specs/enforcement.go:71.2,71.30 1 1
github.com/JailtonJunior94/ai-spec-harness/internal/runtime/specs/enforcement.go:73.3,73.27 1 1
github.com/JailtonJunior94/ai-spec-harness/internal/runtime/specs/enforcement.go:75.3,75.28 1 1
github.com/JailtonJunior94/ai-spec-harness/internal/runtime/specs/enforcement.go:77.3,77.30 1 1
github.com/JailtonJunior94/ai-spec-harness/internal/runtime/specs/enforcement.go:79.3,79.62 1 1
github.com/JailtonJunior94/ai-spec-harness/internal/runtime/specs/enforcement.go:84.2,84.20 1 1
github.com/JailtonJunior94/ai-spec-harness/internal/runtime/specs/enforcement.go:85.3,86.1 1 0
github.com/JailtonJunior94/ai-spec-harness/internal/runtime/specs/enforcement.go:87.2,87.40 1 1
github.com/JailtonJunior94/ai-spec-harness/internal/runtime/specs/enforcement.go:88.3,89.1 1 0
github.com/JailtonJunior94/ai-spec-harness/internal/runtime/specs/enforcement.go:90.2,90.41 1 1
github.com/JailtonJunior94/ai-spec-harness/internal/runtime/specs/enforcement.go:91.3,92.1 1 0
github.com/JailtonJunior94/ai-spec-harness/internal/runtime/specs/enforcement.go:93.2,93.87 1 1
github.com/JailtonJunior94/ai-spec-harness/internal/runtime/specs/enforcement.go:97.2,97.72 1 1
github.com/JailtonJunior94/ai-spec-harness/internal/runtime/specs/enforcement.go:98.3,99.1 1 1
github.com/JailtonJunior94/ai-spec-harness/internal/runtime/specs/enforcement.go:100.2,100.37 1 1
github.com/JailtonJunior94/ai-spec-harness/internal/runtime/specs/enforcement.go:101.3,102.1 1 1
github.com/JailtonJunior94/ai-spec-harness/internal/runtime/specs/enforcement.go:103.2,103.106 1 1
github.com/JailtonJunior94/ai-spec-harness/internal/runtime/specs/enforcement.go:107.2,108.31 2 1
github.com/JailtonJunior94/ai-spec-harness/internal/runtime/specs/enforcement.go:109.3,109.25 1 1
github.com/JailtonJunior94/ai-spec-harness/internal/runtime/specs/enforcement.go:110.4,111.1 1 0
github.com/JailtonJunior94/ai-spec-harness/internal/runtime/specs/enforcement.go:112.3,112.50 1 1
github.com/JailtonJunior94/ai-spec-harness/internal/runtime/specs/enforcement.go:113.4,114.1 1 0
github.com/JailtonJunior94/ai-spec-harness/internal/runtime/specs/enforcement.go:115.3,115.22 1 1
github.com/JailtonJunior94/ai-spec-harness/internal/runtime/specs/enforcement.go:116.4,117.1 1 0
github.com/JailtonJunior94/ai-spec-harness/internal/runtime/specs/enforcement.go:118.3,118.25 1 1
github.com/JailtonJunior94/ai-spec-harness/internal/runtime/specs/enforcement.go:120.2,120.36 1 1
github.com/JailtonJunior94/ai-spec-harness/internal/runtime/specs/enforcement.go:121.3,121.15 1 1
github.com/JailtonJunior94/ai-spec-harness/internal/runtime/specs/enforcement.go:122.4,123.1 1 1
github.com/JailtonJunior94/ai-spec-harness/internal/runtime/specs/enforcement.go:125.2,125.36 1 1
github.com/JailtonJunior94/ai-spec-harness/internal/runtime/specs/enforcement.go:126.3,126.17 1 1
github.com/JailtonJunior94/ai-spec-harness/internal/runtime/specs/enforcement.go:127.4,128.1 1 0
github.com/JailtonJunior94/ai-spec-harness/internal/runtime/specs/enforcement.go:130.2,134.8 1 1
github.com/JailtonJunior94/ai-spec-harness/internal/runtime/specs/enforcement.go:138.2,139.1 1 1
github.com/JailtonJunior94/ai-spec-harness/internal/runtime/specs/enforcement.go:142.2,142.11 1 1
github.com/JailtonJunior94/ai-spec-harness/internal/runtime/specs/enforcement.go:144.3,144.20 1 1
github.com/JailtonJunior94/ai-spec-harness/internal/runtime/specs/enforcement.go:146.3,146.21 1 1
github.com/JailtonJunior94/ai-spec-harness/internal/runtime/specs/enforcement.go:148.3,148.23 1 1
github.com/JailtonJunior94/ai-spec-harness/internal/runtime/specs/enforcement.go:150.3,150.19 1 0
github.com/JailtonJunior94/ai-spec-harness/internal/runtime/specs/enforcement.go:155.2,155.11 1 0
github.com/JailtonJunior94/ai-spec-harness/internal/runtime/specs/enforcement.go:157.3,157.26 1 0
github.com/JailtonJunior94/ai-spec-harness/internal/runtime/specs/enforcement.go:159.3,159.26 1 0
github.com/JailtonJunior94/ai-spec-harness/internal/runtime/specs/enforcement.go:161.3,161.21 1 0
github.com/JailtonJunior94/ai-spec-harness/internal/runtime/specs/enforcement.go:163.3,163.24 1 0
github.com/JailtonJunior94/ai-spec-harness/internal/runtime/specs/enforcement.go:165.3,165.19 1 0
github.com/JailtonJunior94/ai-spec-harness/internal/runtime/specs/enforcement.go:170.2,171.1 1 1
github.com/JailtonJunior94/ai-spec-harness/internal/runtime/specs/enforcement.go:174.2,174.11 1 1
github.com/JailtonJunior94/ai-spec-harness/internal/runtime/specs/enforcement.go:176.3,176.19 1 1
github.com/JailtonJunior94/ai-spec-harness/internal/runtime/specs/enforcement.go:178.3,178.17 1 1
github.com/JailtonJunior94/ai-spec-harness/internal/runtime/specs/enforcement.go:180.3,180.19 1 1
github.com/JailtonJunior94/ai-spec-harness/internal/runtime/specs/enforcement.go:182.3,182.19 1 0
github.com/JailtonJunior94/ai-spec-harness/internal/runtime/specs/enforcement.go:186.49,186.65 1 1
github.com/JailtonJunior94/ai-spec-harness/internal/runtime/specs/enforcement.go:188.45,188.65 1 1
github.com/JailtonJunior94/ai-spec-harness/internal/runtime/specs/enforcement.go:190.46,190.67 1 1
github.com/JailtonJunior94/ai-spec-harness/internal/runtime/specs/enforcement.go:192.60,192.75 1 0
github.com/JailtonJunior94/ai-spec-harness/internal/runtime/specs/enforcement.go:194.52,194.69 1 1
github.com/JailtonJunior94/ai-spec-harness/internal/runtime/specs/enforcement.go:196.56,196.79 1 1
github.com/JailtonJunior94/ai-spec-harness/internal/runtime/specs/enforcement.go:198.49,198.65 1 1
github.com/JailtonJunior94/ai-spec-harness/internal/runtime/specs/enforcement.go:200.37,200.53 1 1
github.com/JailtonJunior94/ai-spec-harness/internal/runtime/specs/enforcement.go:202.51,202.84 1 1
github.com/JailtonJunior94/ai-spec-harness/internal/runtime/specs/enforcement.go:204.66,204.104 1 1
github.com/JailtonJunior94/ai-spec-harness/internal/runtime/specs/enforcement.go:207.2,207.33 1 1
github.com/JailtonJunior94/ai-spec-harness/internal/runtime/specs/enforcement.go:208.3,208.25 1 1
github.com/JailtonJunior94/ai-spec-harness/internal/runtime/specs/enforcement.go:209.4,210.1 1 1
github.com/JailtonJunior94/ai-spec-harness/internal/runtime/specs/enforcement.go:212.2,212.31 1 0
github.com/JailtonJunior94/ai-spec-harness/internal/runtime/specs/envpolicy.go:13.2,14.1 1 1
github.com/JailtonJunior94/ai-spec-harness/internal/runtime/specs/envpolicy.go:17.2,18.1 1 1
github.com/JailtonJunior94/ai-spec-harness/internal/runtime/specs/envpolicy.go:21.2,22.1 1 1
github.com/JailtonJunior94/ai-spec-harness/internal/runtime/specs/envpolicy.go:25.2,25.16 1 1
github.com/JailtonJunior94/ai-spec-harness/internal/runtime/specs/envpolicy.go:26.3,27.1 1 1
github.com/JailtonJunior94/ai-spec-harness/internal/runtime/specs/envpolicy.go:28.2,29.32 2 1
github.com/JailtonJunior94/ai-spec-harness/internal/runtime/specs/envpolicy.go:30.3,31.1 1 1
github.com/JailtonJunior94/ai-spec-harness/internal/runtime/specs/envpolicy.go:32.2,33.29 2 1
github.com/JailtonJunior94/ai-spec-harness/internal/runtime/specs/envpolicy.go:34.3,35.18 2 1
github.com/JailtonJunior94/ai-spec-harness/internal/runtime/specs/envpolicy.go:36.4,36.12 1 1
github.com/JailtonJunior94/ai-spec-harness/internal/runtime/specs/envpolicy.go:38.3,38.24 1 1
github.com/JailtonJunior94/ai-spec-harness/internal/runtime/specs/envpolicy.go:40.2,40.12 1 1
github.com/JailtonJunior94/ai-spec-harness/internal/runtime/specs/launcher.go:21.2,25.1 1 1
github.com/JailtonJunior94/ai-spec-harness/internal/runtime/specs/launcher.go:32.2,36.1 1 1
github.com/JailtonJunior94/ai-spec-harness/internal/runtime/specs/launcher.go:41.2,42.1 1 1
github.com/JailtonJunior94/ai-spec-harness/internal/runtime/specs/launcher.go:46.2,47.1 1 1
github.com/JailtonJunior94/ai-spec-harness/internal/runtime/specs/opencode.go:41.2,42.39 2 1
github.com/JailtonJunior94/ai-spec-harness/internal/runtime/specs/opencode.go:43.3,44.1 1 1
github.com/JailtonJunior94/ai-spec-harness/internal/runtime/specs/opencode.go:45.2,45.31 1 1
github.com/JailtonJunior94/ai-spec-harness/internal/runtime/specs/opencode.go:46.3,46.33 1 1
github.com/JailtonJunior94/ai-spec-harness/internal/runtime/specs/opencode.go:47.4,47.18 1 1
github.com/JailtonJunior94/ai-spec-harness/internal/runtime/specs/opencode.go:48.5,49.1 1 1
github.com/JailtonJunior94/ai-spec-harness/internal/runtime/specs/opencode.go:50.4,50.38 1 1
github.com/JailtonJunior94/ai-spec-harness/internal/runtime/specs/opencode.go:51.5,52.1 1 1
github.com/JailtonJunior94/ai-spec-harness/internal/runtime/specs/opencode.go:53.4,53.12 1 1
github.com/JailtonJunior94/ai-spec-harness/internal/runtime/specs/opencode.go:55.3,55.55 1 1
github.com/JailtonJunior94/ai-spec-harness/internal/runtime/specs/opencode.go:56.4,57.1 1 1
github.com/JailtonJunior94/ai-spec-harness/internal/runtime/specs/opencode.go:59.2,59.12 1 1
github.com/JailtonJunior94/ai-spec-harness/internal/runtime/specs/opencode.go:63.2,63.25 1 1
github.com/JailtonJunior94/ai-spec-harness/internal/runtime/specs/opencode.go:65.3,65.19 1 1
github.com/JailtonJunior94/ai-spec-harness/internal/runtime/specs/opencode.go:66.4,67.1 1 1
github.com/JailtonJunior94/ai-spec-harness/internal/runtime/specs/opencode.go:69.3,69.30 1 1
github.com/JailtonJunior94/ai-spec-harness/internal/runtime/specs/opencode.go:70.4,70.58 1 1
github.com/JailtonJunior94/ai-spec-harness/internal/runtime/specs/opencode.go:71.5,72.1 1 1
github.com/JailtonJunior94/ai-spec-harness/internal/runtime/specs/opencode.go:75.2,75.12 1 1
github.com/JailtonJunior94/ai-spec-harness/internal/runtime/specs/opencode.go:79.2,85.1 1 1
github.com/JailtonJunior94/ai-spec-harness/internal/runtime/specs/opencode.go:89.2,90.23 2 1
github.com/JailtonJunior94/ai-spec-harness/internal/runtime/specs/opencode.go:91.3,91.56 1 1
github.com/JailtonJunior94/ai-spec-harness/internal/runtime/specs/opencode.go:92.4,93.1 1 0
github.com/JailtonJunior94/ai-spec-harness/internal/runtime/specs/opencode.go:95.2,95.23 1 1
github.com/JailtonJunior94/ai-spec-harness/internal/runtime/specs/opencode.go:96.3,97.1 1 1
github.com/JailtonJunior94/ai-spec-harness/internal/runtime/specs/opencode.go:98.2,98.17 1 1
github.com/JailtonJunior94/ai-spec-harness/internal/runtime/specs/opencode.go:99.3,100.1 1 1
github.com/JailtonJunior94/ai-spec-harness/internal/runtime/specs/opencode.go:101.2,102.16 2 1
github.com/JailtonJunior94/ai-spec-harness/internal/runtime/specs/opencode.go:103.3,104.1 1 0
github.com/JailtonJunior94/ai-spec-harness/internal/runtime/specs/opencode.go:105.2,105.31 1 1
github.com/JailtonJunior94/ai-spec-harness/internal/runtime/specs/opencode.go:109.2,128.1 1 1
github.com/JailtonJunior94/ai-spec-harness/internal/runtime/specs/opencode.go:131.2,132.19 2 1
github.com/JailtonJunior94/ai-spec-harness/internal/runtime/specs/opencode.go:133.3,134.1 1 1
github.com/JailtonJunior94/ai-spec-harness/internal/runtime/specs/opencode.go:135.2,136.13 2 1
github.com/JailtonJunior94/ai-spec-harness/internal/runtime/specs/opencode.go:154.2,154.17 1 1
github.com/JailtonJunior94/ai-spec-harness/internal/runtime/specs/opencode.go:155.3,156.1 1 1
github.com/JailtonJunior94/ai-spec-harness/internal/runtime/specs/opencode.go:157.2,157.44 1 1
github.com/JailtonJunior94/ai-spec-harness/internal/runtime/specs/opencode.go:158.3,158.28 1 1
github.com/JailtonJunior94/ai-spec-harness/internal/runtime/specs/opencode.go:159.4,160.1 1 1
github.com/JailtonJunior94/ai-spec-harness/internal/runtime/specs/opencode.go:162.2,164.44 3 1
github.com/JailtonJunior94/ai-spec-harness/internal/runtime/specs/opencode.go:165.3,165.46 1 1
github.com/JailtonJunior94/ai-spec-harness/internal/runtime/specs/opencode.go:166.4,166.12 1 1
github.com/JailtonJunior94/ai-spec-harness/internal/runtime/specs/opencode.go:168.3,168.40 1 1
github.com/JailtonJunior94/ai-spec-harness/internal/runtime/specs/opencode.go:169.4,171.1 2 1
github.com/JailtonJunior94/ai-spec-harness/internal/runtime/specs/opencode.go:173.2,173.13 1 1
github.com/JailtonJunior94/ai-spec-harness/internal/runtime/specs/parity_gate.go:17.2,17.21 1 0
github.com/JailtonJunior94/ai-spec-harness/internal/runtime/specs/parity_gate.go:18.3,19.1 1 0
github.com/JailtonJunior94/ai-spec-harness/internal/runtime/specs/parity_gate.go:20.2,20.61 1 0
github.com/JailtonJunior94/ai-spec-harness/internal/runtime/specs/parity_gate.go:26.2,27.1 3 1
github.com/JailtonJunior94/ai-spec-harness/internal/runtime/specs/parity_gate.go:28.2,29.29 3 1
github.com/JailtonJunior94/ai-spec-harness/internal/runtime/specs/parity_gate.go:30.3,31.1 1 1
github.com/JailtonJunior94/ai-spec-harness/internal/runtime/specs/parity_gate.go:33.2,35.1 3 1
github.com/JailtonJunior94/ai-spec-harness/internal/runtime/specs/parity_gate.go:36.2,36.41 3 1
github.com/JailtonJunior94/ai-spec-harness/internal/runtime/specs/parity_gate.go:37.3,38.10 2 1
github.com/JailtonJunior94/ai-spec-harness/internal/runtime/specs/parity_gate.go:39.4,40.12 2 0
github.com/JailtonJunior94/ai-spec-harness/internal/runtime/specs/parity_gate.go:42.3,42.19 1 1
github.com/JailtonJunior94/ai-spec-harness/internal/runtime/specs/parity_gate.go:43.4,44.12 2 1
github.com/JailtonJunior94/ai-spec-harness/internal/runtime/specs/parity_gate.go:46.3,46.32 1 1
github.com/JailtonJunior94/ai-spec-harness/internal/runtime/specs/parity_gate.go:47.4,48.16 2 1
github.com/JailtonJunior94/ai-spec-harness/internal/runtime/specs/parity_gate.go:49.5,50.13 2 0
github.com/JailtonJunior94/ai-spec-harness/internal/runtime/specs/parity_gate.go:52.4,52.48 1 1
github.com/JailtonJunior94/ai-spec-harness/internal/runtime/specs/parity_gate.go:53.5,53.33 1 1
github.com/JailtonJunior94/ai-spec-harness/internal/runtime/specs/parity_gate.go:54.6,55.1 1 1
github.com/JailtonJunior94/ai-spec-harness/internal/runtime/specs/parity_gate.go:57.5,58.1 1 1
github.com/JailtonJunior94/ai-spec-harness/internal/runtime/specs/parity_gate.go:59.4,59.64 1 1
github.com/JailtonJunior94/ai-spec-harness/internal/runtime/specs/parity_gate.go:60.5,61.1 1 1
github.com/JailtonJunior94/ai-spec-harness/internal/runtime/specs/parity_gate.go:64.2,64.19 1 1
github.com/JailtonJunior94/ai-spec-harness/internal/runtime/specs/r1_catalog.go:7.2,8.1 1 1
github.com/JailtonJunior94/ai-spec-harness/internal/runtime/specs/registry.go:49.2,49.33 1 1
github.com/JailtonJunior94/ai-spec-harness/internal/runtime/specs/registry.go:50.3,51.1 1 1
github.com/JailtonJunior94/ai-spec-harness/internal/runtime/specs/registry.go:52.2,52.42 1 1
github.com/JailtonJunior94/ai-spec-harness/internal/runtime/specs/registry.go:53.3,54.1 1 1
github.com/JailtonJunior94/ai-spec-harness/internal/runtime/specs/registry.go:55.2,55.74 1 1
github.com/JailtonJunior94/ai-spec-harness/internal/runtime/specs/registry.go:59.2,60.1 1 1
github.com/JailtonJunior94/ai-spec-harness/internal/runtime/specs/registry.go:63.2,64.34 2 1
github.com/JailtonJunior94/ai-spec-harness/internal/runtime/specs/registry.go:65.3,66.1 1 1
github.com/JailtonJunior94/ai-spec-harness/internal/runtime/specs/registry.go:67.2,67.12 1 1
github.com/JailtonJunior94/ai-spec-harness/internal/runtime/specs/registry.go:71.2,71.34 1 1
github.com/JailtonJunior94/ai-spec-harness/internal/runtime/specs/registry.go:72.3,72.26 1 1
github.com/JailtonJunior94/ai-spec-harness/internal/runtime/specs/registry.go:73.4,74.1 1 1
github.com/JailtonJunior94/ai-spec-harness/internal/runtime/specs/registry.go:76.2,76.59 1 1
github.com/JailtonJunior94/ai-spec-harness/internal/runtime/specs/registry.go:80.2,81.34 2 1
github.com/JailtonJunior94/ai-spec-harness/internal/runtime/specs/registry.go:82.3,83.17 2 1
github.com/JailtonJunior94/ai-spec-harness/internal/runtime/specs/registry.go:84.4,84.46 1 0
github.com/JailtonJunior94/ai-spec-harness/internal/runtime/specs/registry.go:86.3,87.36 2 1
github.com/JailtonJunior94/ai-spec-harness/internal/runtime/specs/registry.go:87.38,87.55 1 1
github.com/JailtonJunior94/ai-spec-harness/internal/runtime/specs/registry.go:89.2,89.12 1 1
github.com/JailtonJunior94/ai-spec-harness/internal/runtime/specs/registry.go:93.2,94.36 2 0
github.com/JailtonJunior94/ai-spec-harness/internal/runtime/specs/registry.go:95.3,96.1 1 0
github.com/JailtonJunior94/ai-spec-harness/internal/runtime/specs/registry.go:97.2,98.27 2 0
github.com/JailtonJunior94/ai-spec-harness/internal/runtime/specs/registry.go:99.3,100.1 1 0
github.com/JailtonJunior94/ai-spec-harness/internal/runtime/specs/registry.go:101.2,101.33 1 0
github.com/JailtonJunior94/ai-spec-harness/internal/runtime/specs/registry.go:102.3,102.20 1 0
github.com/JailtonJunior94/ai-spec-harness/internal/runtime/specs/registry.go:103.4,104.1 1 0
github.com/JailtonJunior94/ai-spec-harness/internal/runtime/specs/registry.go:106.2,106.12 1 0
github.com/JailtonJunior94/ai-spec-harness/internal/runtime/specs/registry.go:110.2,111.16 2 0
github.com/JailtonJunior94/ai-spec-harness/internal/runtime/specs/registry.go:112.3,113.1 1 0
github.com/JailtonJunior94/ai-spec-harness/internal/runtime/specs/registry.go:114.2,114.24 1 0
github.com/JailtonJunior94/ai-spec-harness/internal/runtime/specs/registry.go:118.2,118.18 1 1
github.com/JailtonJunior94/ai-spec-harness/internal/runtime/specs/registry.go:120.3,120.36 1 1
github.com/JailtonJunior94/ai-spec-harness/internal/runtime/specs/registry.go:122.3,122.35 1 1
github.com/JailtonJunior94/ai-spec-harness/internal/runtime/specs/registry.go:124.3,124.37 1 1
github.com/JailtonJunior94/ai-spec-harness/internal/runtime/specs/registry.go:126.3,126.38 1 1
github.com/JailtonJunior94/ai-spec-harness/internal/runtime/specs/registry.go:128.3,128.72 1 0
github.com/JailtonJunior94/ai-spec-harness/internal/runtime/specs/registry.go:133.2,167.1 1 1
github.com/JailtonJunior94/ai-spec-harness/internal/runtime/specs/registry.go:171.2,175.1 3 1
github.com/JailtonJunior94/ai-spec-harness/internal/runtime/specs/registry.go:176.2,177.16 3 1
github.com/JailtonJunior94/ai-spec-harness/internal/runtime/specs/registry.go:178.3,178.69 1 0
github.com/JailtonJunior94/ai-spec-harness/internal/runtime/specs/registry.go:180.2,180.12 1 1
github.com/JailtonJunior94/ai-spec-harness/internal/runtime/specs/registry.go:184.2,185.16 2 1
github.com/JailtonJunior94/ai-spec-harness/internal/runtime/specs/registry.go:186.3,186.66 1 0
github.com/JailtonJunior94/ai-spec-harness/internal/runtime/specs/registry.go:188.2,188.12 1 1
github.com/JailtonJunior94/ai-spec-harness/internal/runtime/specs/registry.go:192.2,193.16 2 1
github.com/JailtonJunior94/ai-spec-harness/internal/runtime/specs/registry.go:194.3,194.70 1 0
github.com/JailtonJunior94/ai-spec-harness/internal/runtime/specs/registry.go:196.2,196.12 1 1
github.com/JailtonJunior94/ai-spec-harness/internal/runtime/specs/registry.go:207.2,208.1 1 1
github.com/JailtonJunior94/ai-spec-harness/internal/runtime/specs/registry.go:219.2,220.16 2 1
github.com/JailtonJunior94/ai-spec-harness/internal/runtime/specs/registry.go:221.3,221.66 1 0
github.com/JailtonJunior94/ai-spec-harness/internal/runtime/specs/registry.go:223.2,223.28 1 1
github.com/JailtonJunior94/ai-spec-harness/internal/runtime/specs/registry.go:224.3,225.17 2 1
github.com/JailtonJunior94/ai-spec-harness/internal/runtime/specs/registry.go:226.4,226.89 1 0
github.com/JailtonJunior94/ai-spec-harness/internal/runtime/specs/registry.go:229.2,239.1 1 1
github.com/JailtonJunior94/ai-spec-harness/internal/runtime/specs/registry.go:242.38,242.51 1 0
github.com/JailtonJunior94/ai-spec-harness/internal/runtime/specs/registry.go:244.47,244.69 1 1
github.com/JailtonJunior94/ai-spec-harness/internal/runtime/specs/registry.go:246.39,246.55 1 1
github.com/JailtonJunior94/ai-spec-harness/internal/runtime/specs/registry.go:248.42,248.55 1 1
github.com/JailtonJunior94/ai-spec-harness/internal/runtime/specs/registry.go:250.46,250.64 1 1
github.com/JailtonJunior94/ai-spec-harness/internal/runtime/specs/registry.go:252.49,252.82 1 1
github.com/JailtonJunior94/ai-spec-harness/internal/runtime/specs/registry.go:254.43,254.62 1 1
github.com/JailtonJunior94/ai-spec-harness/internal/runtime/specs/registry.go:256.30,256.52 1 1
github.com/JailtonJunior94/ai-spec-harness/internal/runtime/specs/registry.go:258.34,258.51 1 1
github.com/JailtonJunior94/ai-spec-harness/internal/runtime/specs/registry.go:260.44,260.66 1 1
github.com/JailtonJunior94/ai-spec-harness/internal/runtime/specs/registry.go:262.45,262.63 1 1
github.com/JailtonJunior94/ai-spec-harness/internal/runtime/specs/registry.go:264.37,264.66 1 1
github.com/JailtonJunior94/ai-spec-harness/internal/runtime/specs/registry.go:266.40,266.60 1 1
github.com/JailtonJunior94/ai-spec-harness/internal/runtime/specs/registry.go:269.2,269.48 1 1
github.com/JailtonJunior94/ai-spec-harness/internal/runtime/specs/registry.go:270.3,270.38 1 1
github.com/JailtonJunior94/ai-spec-harness/internal/runtime/specs/registry.go:271.4,272.1 1 1
github.com/JailtonJunior94/ai-spec-harness/internal/runtime/specs/registry.go:274.2,274.14 1 1
github.com/JailtonJunior94/ai-spec-harness/internal/runtime/specs/registry.go:277.35,277.53 1 1
github.com/JailtonJunior94/ai-spec-harness/internal/runtime/specs/registry.go:279.39,279.64 1 1
github.com/JailtonJunior94/ai-spec-harness/internal/runtime/specs/registry.go:281.36,281.58 1 1
github.com/JailtonJunior94/ai-spec-harness/internal/runtime/specs/registry.go:283.31,283.47 1 1
github.com/JailtonJunior94/ai-spec-harness/internal/runtime/specs/registry.go:286.2,294.46 1 1
github.com/JailtonJunior94/ai-spec-harness/internal/runtime/specs/registry.go:295.3,296.1 1 1
github.com/JailtonJunior94/ai-spec-harness/internal/runtime/specs/registry.go:297.2,297.63 1 1
github.com/JailtonJunior94/ai-spec-harness/internal/runtime/specs/registry.go:298.3,299.1 1 0
github.com/JailtonJunior94/ai-spec-harness/internal/runtime/specs/registry.go:300.2,300.108 1 1
github.com/JailtonJunior94/ai-spec-harness/internal/runtime/specs/registry.go:301.3,302.1 1 1
github.com/JailtonJunior94/ai-spec-harness/internal/runtime/specs/spec.go:58.2,60.1 2 1
github.com/JailtonJunior94/ai-spec-harness/internal/runtime/specs/spec.go:64.47,64.71 1 1
github.com/JailtonJunior94/ai-spec-harness/internal/runtime/specs/spec.go:67.2,67.29 1 1
github.com/JailtonJunior94/ai-spec-harness/internal/runtime/specs/spec.go:68.3,69.1 1 1
github.com/JailtonJunior94/ai-spec-harness/internal/runtime/specs/spec.go:70.2,70.32 1 1
github.com/JailtonJunior94/ai-spec-harness/internal/runtime/specs/spec.go:74.37,74.58 1 1
github.com/JailtonJunior94/ai-spec-harness/internal/runtime/specs/spec.go:77.37,77.58 1 1
github.com/JailtonJunior94/ai-spec-harness/internal/runtime/specs/spec.go:80.37,80.58 1 1
github.com/JailtonJunior94/ai-spec-harness/internal/runtime/specs/spec.go:86.2,86.28 1 1
github.com/JailtonJunior94/ai-spec-harness/internal/runtime/specs/spec.go:87.3,88.1 1 1
github.com/JailtonJunior94/ai-spec-harness/internal/runtime/specs/spec.go:89.2,89.66 1 1
github.com/JailtonJunior94/ai-spec-harness/internal/runtime/specs/spec.go:95.2,96.27 2 1
github.com/JailtonJunior94/ai-spec-harness/internal/runtime/specs/spec.go:97.3,97.34 1 1
github.com/JailtonJunior94/ai-spec-harness/internal/runtime/specs/spec.go:98.4,99.12 2 1
github.com/JailtonJunior94/ai-spec-harness/internal/runtime/specs/spec.go:101.3,101.14 1 1
github.com/JailtonJunior94/ai-spec-harness/internal/runtime/specs/spec.go:102.4,103.1 1 1
github.com/JailtonJunior94/ai-spec-harness/internal/runtime/specs/spec.go:105.2,105.12 1 1
github.com/JailtonJunior94/ai-spec-harness/internal/runtime/specs/spec.go:113.2,114.27 2 1
github.com/JailtonJunior94/ai-spec-harness/internal/runtime/specs/spec.go:115.3,115.35 1 1
github.com/JailtonJunior94/ai-spec-harness/internal/runtime/specs/spec.go:116.4,117.9 2 1
github.com/JailtonJunior94/ai-spec-harness/internal/runtime/specs/spec.go:120.2,120.17 1 1
github.com/JailtonJunior94/ai-spec-harness/internal/runtime/specs/spec.go:121.3,122.1 1 0
github.com/JailtonJunior94/ai-spec-harness/internal/runtime/specs/spec.go:123.2,123.64 1 1
github.com/JailtonJunior94/ai-spec-harness/internal/runtime/specs/spec.go:124.3,125.1 1 1
github.com/JailtonJunior94/ai-spec-harness/internal/runtime/specs/spec.go:126.2,126.12 1 1
github.com/JailtonJunior94/ai-spec-harness/internal/runtime/specs/spec.go:130.2,130.31 1 1
github.com/JailtonJunior94/ai-spec-harness/internal/runtime/specs/spec.go:131.3,131.71 1 1
github.com/JailtonJunior94/ai-spec-harness/internal/runtime/specs/spec.go:132.4,132.71 1 1
github.com/JailtonJunior94/ai-spec-harness/internal/runtime/specs/spec.go:147.2,147.59 1 1
github.com/JailtonJunior94/ai-spec-harness/internal/runtime/specs/spec.go:148.3,148.45 1 1
github.com/JailtonJunior94/ai-spec-harness/internal/runtime/specs/spec.go:150.2,162.1 2 1
github.com/JailtonJunior94/ai-spec-harness/internal/runtime/specs/spec.go:175.2,179.1 4 1
github.com/JailtonJunior94/ai-spec-harness/internal/runtime/specs/window.go:34.2,34.41 1 1
github.com/JailtonJunior94/ai-spec-harness/internal/runtime/specs/window.go:35.3,36.1 1 1
github.com/JailtonJunior94/ai-spec-harness/internal/runtime/specs/window.go:37.2,37.23 1 1
github.com/JailtonJunior94/ai-spec-harness/internal/taskloop/acceptance.go:48.2,49.1 1 1
github.com/JailtonJunior94/ai-spec-harness/internal/taskloop/acceptance.go:53.2,54.1 3 1
github.com/JailtonJunior94/ai-spec-harness/internal/taskloop/acceptance.go:55.2,56.16 3 1
github.com/JailtonJunior94/ai-spec-harness/internal/taskloop/acceptance.go:57.3,58.1 1 0
github.com/JailtonJunior94/ai-spec-harness/internal/taskloop/acceptance.go:60.2,64.1 12 1
github.com/JailtonJunior94/ai-spec-harness/internal/taskloop/acceptance.go:65.2,67.1 12 1
github.com/JailtonJunior94/ai-spec-harness/internal/taskloop/acceptance.go:68.2,70.1 12 1
github.com/JailtonJunior94/ai-spec-harness/internal/taskloop/acceptance.go:71.2,73.1 12 1
github.com/JailtonJunior94/ai-spec-harness/internal/taskloop/acceptance.go:74.2,75.22 12 1
github.com/JailtonJunior94/ai-spec-harness/internal/taskloop/acceptance.go:76.3,77.1 1 1
github.com/JailtonJunior94/ai-spec-harness/internal/taskloop/acceptance.go:78.2,78.20 1 1
github.com/JailtonJunior94/ai-spec-harness/internal/taskloop/acceptance.go:79.3,80.1 1 1
github.com/JailtonJunior94/ai-spec-harness/internal/taskloop/acceptance.go:81.2,81.19 1 1
github.com/JailtonJunior94/ai-spec-harness/internal/taskloop/acceptance.go:82.3,83.1 1 1
github.com/JailtonJunior94/ai-spec-harness/internal/taskloop/acceptance.go:84.2,84.20 1 1
github.com/JailtonJunior94/ai-spec-harness/internal/taskloop/acceptance.go:85.3,86.1 1 1
github.com/JailtonJunior94/ai-spec-harness/internal/taskloop/acceptance.go:88.2,88.29 1 1
github.com/JailtonJunior94/ai-spec-harness/internal/taskloop/acceptance.go:89.3,90.1 1 1
github.com/JailtonJunior94/ai-spec-harness/internal/taskloop/acceptance.go:92.2,93.20 2 1
github.com/JailtonJunior94/ai-spec-harness/internal/taskloop/acceptance.go:97.2,98.1 1 1
github.com/JailtonJunior94/ai-spec-harness/internal/taskloop/acpinvoker.go:67.2,67.29 1 0
github.com/JailtonJunior94/ai-spec-harness/internal/taskloop/acpinvoker.go:67.31,67.59 1 0
github.com/JailtonJunior94/ai-spec-harness/internal/taskloop/acpinvoker.go:73.2,73.29 1 0
github.com/JailtonJunior94/ai-spec-harness/internal/taskloop/acpinvoker.go:73.31,73.52 1 0
github.com/JailtonJunior94/ai-spec-harness/internal/taskloop/acpinvoker.go:79.2,79.29 1 0
github.com/JailtonJunior94/ai-spec-harness/internal/taskloop/acpinvoker.go:79.31,79.49 1 0
github.com/JailtonJunior94/ai-spec-harness/internal/taskloop/acpinvoker.go:85.2,85.29 1 0
github.com/JailtonJunior94/ai-spec-harness/internal/taskloop/acpinvoker.go:85.31,85.54 1 0
github.com/JailtonJunior94/ai-spec-harness/internal/taskloop/acpinvoker.go:91.2,91.29 1 0
github.com/JailtonJunior94/ai-spec-harness/internal/taskloop/acpinvoker.go:91.31,91.57 1 0
github.com/JailtonJunior94/ai-spec-harness/internal/taskloop/acpinvoker.go:97.2,97.29 1 0
github.com/JailtonJunior94/ai-spec-harness/internal/taskloop/acpinvoker.go:98.3,100.1 2 0
github.com/JailtonJunior94/ai-spec-harness/internal/taskloop/acpinvoker.go:106.2,106.29 1 0
github.com/JailtonJunior94/ai-spec-harness/internal/taskloop/acpinvoker.go:107.3,109.1 2 0
github.com/JailtonJunior94/ai-spec-harness/internal/taskloop/acpinvoker.go:115.2,115.29 1 0
github.com/JailtonJunior94/ai-spec-harness/internal/taskloop/acpinvoker.go:115.31,115.66 1 0
github.com/JailtonJunior94/ai-spec-harness/internal/taskloop/acpinvoker.go:121.2,121.29 1 0
github.com/JailtonJunior94/ai-spec-harness/internal/taskloop/acpinvoker.go:121.31,121.58 1 0
github.com/JailtonJunior94/ai-spec-harness/internal/taskloop/acpinvoker.go:127.2,127.29 1 1
github.com/JailtonJunior94/ai-spec-harness/internal/taskloop/acpinvoker.go:127.31,127.49 1 1
github.com/JailtonJunior94/ai-spec-harness/internal/taskloop/acpinvoker.go:133.2,133.29 1 0
github.com/JailtonJunior94/ai-spec-harness/internal/taskloop/acpinvoker.go:133.31,133.55 1 0
github.com/JailtonJunior94/ai-spec-harness/internal/taskloop/acpinvoker.go:137.2,137.29 1 0
github.com/JailtonJunior94/ai-spec-harness/internal/taskloop/acpinvoker.go:137.31,137.58 1 0
github.com/JailtonJunior94/ai-spec-harness/internal/taskloop/acpinvoker.go:143.2,143.29 1 0
github.com/JailtonJunior94/ai-spec-harness/internal/taskloop/acpinvoker.go:143.31,143.65 1 0
github.com/JailtonJunior94/ai-spec-harness/internal/taskloop/acpinvoker.go:150.2,150.29 1 0
github.com/JailtonJunior94/ai-spec-harness/internal/taskloop/acpinvoker.go:150.31,150.56 1 0
github.com/JailtonJunior94/ai-spec-harness/internal/taskloop/acpinvoker.go:157.2,157.29 1 1
github.com/JailtonJunior94/ai-spec-harness/internal/taskloop/acpinvoker.go:157.31,157.59 1 1
github.com/JailtonJunior94/ai-spec-harness/internal/taskloop/acpinvoker.go:164.2,164.29 1 1
github.com/JailtonJunior94/ai-spec-harness/internal/taskloop/acpinvoker.go:164.31,164.49 1 1
github.com/JailtonJunior94/ai-spec-harness/internal/taskloop/acpinvoker.go:171.2,171.29 1 1
github.com/JailtonJunior94/ai-spec-harness/internal/taskloop/acpinvoker.go:171.31,171.61 1 1
github.com/JailtonJunior94/ai-spec-harness/internal/taskloop/acpinvoker.go:177.2,177.29 1 1
github.com/JailtonJunior94/ai-spec-harness/internal/taskloop/acpinvoker.go:177.31,177.53 1 1
github.com/JailtonJunior94/ai-spec-harness/internal/taskloop/acpinvoker.go:183.2,183.29 1 1
github.com/JailtonJunior94/ai-spec-harness/internal/taskloop/acpinvoker.go:183.31,183.55 1 1
github.com/JailtonJunior94/ai-spec-harness/internal/taskloop/acpinvoker.go:190.2,190.29 1 1
github.com/JailtonJunior94/ai-spec-harness/internal/taskloop/acpinvoker.go:190.31,190.47 1 1
github.com/JailtonJunior94/ai-spec-harness/internal/taskloop/acpinvoker.go:197.2,206.1 4 1
github.com/JailtonJunior94/ai-spec-harness/internal/taskloop/acpinvoker.go:207.2,207.25 4 1
github.com/JailtonJunior94/ai-spec-harness/internal/taskloop/acpinvoker.go:208.3,209.1 1 1
github.com/JailtonJunior94/ai-spec-harness/internal/taskloop/acpinvoker.go:210.2,210.12 1 1
github.com/JailtonJunior94/ai-spec-harness/internal/taskloop/acpinvoker.go:215.2,215.12 1 0
github.com/JailtonJunior94/ai-spec-harness/internal/taskloop/acpinvoker.go:216.3,217.1 1 0
github.com/JailtonJunior94/ai-spec-harness/internal/taskloop/acpinvoker.go:218.2,218.9 1 0
github.com/JailtonJunior94/ai-spec-harness/internal/taskloop/acpinvoker.go:220.3,220.13 1 0
github.com/JailtonJunior94/ai-spec-harness/internal/taskloop/acpinvoker.go:222.3,222.19 1 0
github.com/JailtonJunior94/ai-spec-harness/internal/taskloop/acpinvoker.go:228.2,229.1 1 1
github.com/JailtonJunior94/ai-spec-harness/internal/taskloop/acpinvoker.go:235.2,236.16 2 1
github.com/JailtonJunior94/ai-spec-harness/internal/taskloop/acpinvoker.go:237.3,238.1 1 0
github.com/JailtonJunior94/ai-spec-harness/internal/taskloop/acpinvoker.go:240.2,267.1 4 1
github.com/JailtonJunior94/ai-spec-harness/internal/taskloop/acpinvoker.go:269.2,274.1 4 1
github.com/JailtonJunior94/ai-spec-harness/internal/taskloop/acpinvoker.go:278.2,278.55 4 1
github.com/JailtonJunior94/ai-spec-harness/internal/taskloop/acpinvoker.go:279.3,279.18 1 1
github.com/JailtonJunior94/ai-spec-harness/internal/taskloop/acpinvoker.go:281.4,282.57 2 1
github.com/JailtonJunior94/ai-spec-harness/internal/taskloop/acpinvoker.go:284.5,285.10 2 0
github.com/JailtonJunior94/ai-spec-harness/internal/taskloop/acpinvoker.go:287.4,288.27 2 1
github.com/JailtonJunior94/ai-spec-harness/internal/taskloop/acpinvoker.go:291.3,293.1 3 1
github.com/JailtonJunior94/ai-spec-harness/internal/taskloop/acpinvoker.go:295.3,295.62 3 1
github.com/JailtonJunior94/ai-spec-harness/internal/taskloop/acpinvoker.go:296.4,296.9 1 1
github.com/JailtonJunior94/ai-spec-harness/internal/taskloop/acpinvoker.go:302.2,303.1 5 1
github.com/JailtonJunior94/ai-spec-harness/internal/taskloop/acpinvoker.go:304.2,315.1 5 1
github.com/JailtonJunior94/ai-spec-harness/internal/taskloop/acpinvoker.go:316.2,317.37 5 1
github.com/JailtonJunior94/ai-spec-harness/internal/taskloop/acpinvoker.go:322.2,324.1 2 1
github.com/JailtonJunior94/ai-spec-harness/internal/taskloop/acpinvoker.go:333.2,333.16 1 1
github.com/JailtonJunior94/ai-spec-harness/internal/taskloop/acpinvoker.go:335.3,335.11 1 1
github.com/JailtonJunior94/ai-spec-harness/internal/taskloop/acpinvoker.go:337.3,337.11 1 1
github.com/JailtonJunior94/ai-spec-harness/internal/taskloop/acpinvoker.go:339.3,339.11 1 1
github.com/JailtonJunior94/ai-spec-harness/internal/taskloop/acpinvoker.go:344.2,345.20 2 1
github.com/JailtonJunior94/ai-spec-harness/internal/taskloop/acpinvoker.go:346.3,347.1 1 1
github.com/JailtonJunior94/ai-spec-harness/internal/taskloop/acpinvoker.go:348.2,350.22 3 1
github.com/JailtonJunior94/ai-spec-harness/internal/taskloop/acpinvoker.go:351.3,352.1 1 0
github.com/JailtonJunior94/ai-spec-harness/internal/taskloop/acpinvoker.go:353.2,353.63 1 1
github.com/JailtonJunior94/ai-spec-harness/internal/taskloop/agent.go:30.2,30.14 1 1
github.com/JailtonJunior94/ai-spec-harness/internal/taskloop/agent.go:32.3,32.31 1 1
github.com/JailtonJunior94/ai-spec-harness/internal/taskloop/agent.go:34.3,34.30 1 1
github.com/JailtonJunior94/ai-spec-harness/internal/taskloop/agent.go:36.3,36.32 1 1
github.com/JailtonJunior94/ai-spec-harness/internal/taskloop/agent.go:38.3,38.98 1 1
github.com/JailtonJunior94/ai-spec-harness/internal/taskloop/agent.go:51.2,53.16 3 0
github.com/JailtonJunior94/ai-spec-harness/internal/taskloop/agent.go:54.3,55.1 1 0
github.com/JailtonJunior94/ai-spec-harness/internal/taskloop/agent.go:56.2,56.12 1 0
github.com/JailtonJunior94/ai-spec-harness/internal/taskloop/agent.go:90.2,91.1 9 1
github.com/JailtonJunior94/ai-spec-harness/internal/taskloop/agent.go:92.2,94.1 9 1
github.com/JailtonJunior94/ai-spec-harness/internal/taskloop/agent.go:95.2,97.1 9 1
github.com/JailtonJunior94/ai-spec-harness/internal/taskloop/agent.go:98.2,99.1 9 1
github.com/JailtonJunior94/ai-spec-harness/internal/taskloop/agent.go:100.2,102.1 9 1
github.com/JailtonJunior94/ai-spec-harness/internal/taskloop/agent.go:104.2,104.18 9 1
github.com/JailtonJunior94/ai-spec-harness/internal/taskloop/agent.go:105.3,108.1 3 1
github.com/JailtonJunior94/ai-spec-harness/internal/taskloop/agent.go:110.2,110.12 1 1
github.com/JailtonJunior94/ai-spec-harness/internal/taskloop/agent.go:117.2,122.1 1 1
github.com/JailtonJunior94/ai-spec-harness/internal/taskloop/agent.go:123.3,124.14 2 1
github.com/JailtonJunior94/ai-spec-harness/internal/taskloop/agent.go:125.4,125.12 1 1
github.com/JailtonJunior94/ai-spec-harness/internal/taskloop/agent.go:127.3,129.13 3 1
github.com/JailtonJunior94/ai-spec-harness/internal/taskloop/agent.go:130.4,130.12 1 0
github.com/JailtonJunior94/ai-spec-harness/internal/taskloop/agent.go:132.3,134.15 3 1
github.com/JailtonJunior94/ai-spec-harness/internal/taskloop/agent.go:135.4,136.1 1 1
github.com/JailtonJunior94/ai-spec-harness/internal/taskloop/agent.go:137.4,138.1 1 1
github.com/JailtonJunior94/ai-spec-harness/internal/taskloop/agent.go:139.3,139.26 1 1
github.com/JailtonJunior94/ai-spec-harness/internal/taskloop/agent.go:140.4,141.1 1 1
github.com/JailtonJunior94/ai-spec-harness/internal/taskloop/agent.go:142.3,142.20 1 1
github.com/JailtonJunior94/ai-spec-harness/internal/taskloop/agent.go:143.4,144.1 1 1
github.com/JailtonJunior94/ai-spec-harness/internal/taskloop/agent.go:146.2,146.55 1 1
github.com/JailtonJunior94/ai-spec-harness/internal/taskloop/agent.go:152.2,154.1 3 1
github.com/JailtonJunior94/ai-spec-harness/internal/taskloop/agent.go:155.2,155.105 3 1
github.com/JailtonJunior94/ai-spec-harness/internal/taskloop/agent.go:156.3,157.1 1 1
github.com/JailtonJunior94/ai-spec-harness/internal/taskloop/agent.go:158.2,158.88 1 1
github.com/JailtonJunior94/ai-spec-harness/internal/taskloop/agent.go:159.3,160.1 1 1
github.com/JailtonJunior94/ai-spec-harness/internal/taskloop/agent.go:161.2,161.141 1 1
github.com/JailtonJunior94/ai-spec-harness/internal/taskloop/agent.go:162.3,163.1 1 1
github.com/JailtonJunior94/ai-spec-harness/internal/taskloop/agent.go:164.2,164.135 1 1
github.com/JailtonJunior94/ai-spec-harness/internal/taskloop/agent.go:165.3,166.1 1 0
github.com/JailtonJunior94/ai-spec-harness/internal/taskloop/agent.go:168.2,168.119 1 1
github.com/JailtonJunior94/ai-spec-harness/internal/taskloop/agent.go:169.3,170.1 1 1
github.com/JailtonJunior94/ai-spec-harness/internal/taskloop/agent.go:171.2,171.103 1 1
github.com/JailtonJunior94/ai-spec-harness/internal/taskloop/agent.go:172.3,173.1 1 1
github.com/JailtonJunior94/ai-spec-harness/internal/taskloop/agent.go:175.2,176.33 2 1
github.com/JailtonJunior94/ai-spec-harness/internal/taskloop/agent.go:181.2,181.29 1 1
github.com/JailtonJunior94/ai-spec-harness/internal/taskloop/agent.go:182.3,182.29 1 1
github.com/JailtonJunior94/ai-spec-harness/internal/taskloop/agent.go:183.4,184.1 1 1
github.com/JailtonJunior94/ai-spec-harness/internal/taskloop/agent.go:186.2,186.14 1 1
github.com/JailtonJunior94/ai-spec-harness/internal/taskloop/agent.go:194.2,201.1 3 1
github.com/JailtonJunior94/ai-spec-harness/internal/taskloop/agent.go:203.2,204.16 3 1
github.com/JailtonJunior94/ai-spec-harness/internal/taskloop/agent.go:205.3,206.1 1 0
github.com/JailtonJunior94/ai-spec-harness/internal/taskloop/agent.go:208.2,209.49 2 1
github.com/JailtonJunior94/ai-spec-harness/internal/taskloop/agent.go:210.3,211.1 1 0
github.com/JailtonJunior94/ai-spec-harness/internal/taskloop/agent.go:213.2,213.21 1 1
github.com/JailtonJunior94/ai-spec-harness/internal/taskloop/agent.go:226.2,235.1 3 1
github.com/JailtonJunior94/ai-spec-harness/internal/taskloop/agent.go:236.2,237.29 3 1
github.com/JailtonJunior94/ai-spec-harness/internal/taskloop/agent.go:238.3,238.33 1 1
github.com/JailtonJunior94/ai-spec-harness/internal/taskloop/agent.go:239.4,240.1 1 1
github.com/JailtonJunior94/ai-spec-harness/internal/taskloop/agent.go:242.2,242.14 1 1
github.com/JailtonJunior94/ai-spec-harness/internal/taskloop/agent.go:247.2,247.14 1 1
github.com/JailtonJunior94/ai-spec-harness/internal/taskloop/agent.go:249.3,249.143 1 1
github.com/JailtonJunior94/ai-spec-harness/internal/taskloop/agent.go:251.3,251.68 1 1
github.com/JailtonJunior94/ai-spec-harness/internal/taskloop/agent.go:253.3,253.76 1 1
github.com/JailtonJunior94/ai-spec-harness/internal/taskloop/agent.go:255.3,255.78 1 1
github.com/JailtonJunior94/ai-spec-harness/internal/taskloop/agent.go:265.2,265.42 1 1
github.com/JailtonJunior94/ai-spec-harness/internal/taskloop/agent.go:266.3,267.1 1 1
github.com/JailtonJunior94/ai-spec-harness/internal/taskloop/agent.go:268.2,269.16 2 1
github.com/JailtonJunior94/ai-spec-harness/internal/taskloop/agent.go:270.3,271.1 1 0
github.com/JailtonJunior94/ai-spec-harness/internal/taskloop/agent.go:272.2,273.37 2 1
github.com/JailtonJunior94/ai-spec-harness/internal/taskloop/agent.go:274.3,276.1 1 0
github.com/JailtonJunior94/ai-spec-harness/internal/taskloop/agent.go:277.2,277.11 1 1
github.com/JailtonJunior94/ai-spec-harness/internal/taskloop/agent.go:281.2,283.24 3 1
github.com/JailtonJunior94/ai-spec-harness/internal/taskloop/agent.go:284.3,284.51 1 1
github.com/JailtonJunior94/ai-spec-harness/internal/taskloop/agent.go:285.4,285.12 1 1
github.com/JailtonJunior94/ai-spec-harness/internal/taskloop/agent.go:287.3,287.31 1 1
github.com/JailtonJunior94/ai-spec-harness/internal/taskloop/agent.go:289.2,290.16 2 1
github.com/JailtonJunior94/ai-spec-harness/internal/taskloop/agent.go:303.2,303.54 1 1
github.com/JailtonJunior94/ai-spec-harness/internal/taskloop/agent.go:304.3,305.1 1 1
github.com/JailtonJunior94/ai-spec-harness/internal/taskloop/agent.go:306.2,306.17 1 0
github.com/JailtonJunior94/ai-spec-harness/internal/taskloop/agent.go:309.54,309.69 1 0
github.com/JailtonJunior94/ai-spec-harness/internal/taskloop/agent.go:312.2,314.17 3 1
github.com/JailtonJunior94/ai-spec-harness/internal/taskloop/agent.go:315.3,316.1 1 1
github.com/JailtonJunior94/ai-spec-harness/internal/taskloop/agent.go:317.2,317.27 1 1
github.com/JailtonJunior94/ai-spec-harness/internal/taskloop/agent.go:318.3,319.1 1 1
github.com/JailtonJunior94/ai-spec-harness/internal/taskloop/agent.go:320.2,320.24 1 1
github.com/JailtonJunior94/ai-spec-harness/internal/taskloop/agent.go:323.3,324.1 1 1
github.com/JailtonJunior94/ai-spec-harness/internal/taskloop/agent.go:325.3,326.1 1 0
github.com/JailtonJunior94/ai-spec-harness/internal/taskloop/agent.go:327.2,327.67 1 1
github.com/JailtonJunior94/ai-spec-harness/internal/taskloop/agent.go:349.46,349.62 1 1
github.com/JailtonJunior94/ai-spec-harness/internal/taskloop/agent.go:351.53,351.68 1 0
github.com/JailtonJunior94/ai-spec-harness/internal/taskloop/agent.go:354.2,355.14 2 1
github.com/JailtonJunior94/ai-spec-harness/internal/taskloop/agent.go:356.3,357.1 1 1
github.com/JailtonJunior94/ai-spec-harness/internal/taskloop/agent.go:358.2,358.33 1 1
github.com/JailtonJunior94/ai-spec-harness/internal/taskloop/agent.go:359.3,360.1 1 1
github.com/JailtonJunior94/ai-spec-harness/internal/taskloop/agent.go:361.2,363.17 3 1
github.com/JailtonJunior94/ai-spec-harness/internal/taskloop/agent.go:364.3,365.1 1 1
github.com/JailtonJunior94/ai-spec-harness/internal/taskloop/agent.go:366.2,367.71 2 1
github.com/JailtonJunior94/ai-spec-harness/internal/taskloop/agent.go:384.48,384.66 1 1
github.com/JailtonJunior94/ai-spec-harness/internal/taskloop/agent.go:386.55,386.70 1 0
github.com/JailtonJunior94/ai-spec-harness/internal/taskloop/agent.go:389.2,390.14 2 1
github.com/JailtonJunior94/ai-spec-harness/internal/taskloop/agent.go:391.3,392.1 1 1
github.com/JailtonJunior94/ai-spec-harness/internal/taskloop/agent.go:393.2,393.23 1 1
github.com/JailtonJunior94/ai-spec-harness/internal/taskloop/agent.go:394.3,395.1 1 1
github.com/JailtonJunior94/ai-spec-harness/internal/taskloop/agent.go:396.2,397.17 2 1
github.com/JailtonJunior94/ai-spec-harness/internal/taskloop/agent.go:398.3,399.1 1 1
github.com/JailtonJunior94/ai-spec-harness/internal/taskloop/agent.go:400.2,401.73 2 1
github.com/JailtonJunior94/ai-spec-harness/internal/taskloop/agent_livewriter.go:18.2,21.1 3 1
github.com/JailtonJunior94/ai-spec-harness/internal/taskloop/agent_unix.go:15.2,18.1 5 1
github.com/JailtonJunior94/ai-spec-harness/internal/taskloop/agent_unix.go:20.2,21.1 5 1
github.com/JailtonJunior94/ai-spec-harness/internal/taskloop/agent_unix.go:24.2,24.28 5 1
github.com/JailtonJunior94/ai-spec-harness/internal/taskloop/agent_unix.go:25.3,26.1 1 0
github.com/JailtonJunior94/ai-spec-harness/internal/taskloop/agent_unix.go:29.2,30.1 3 1
github.com/JailtonJunior94/ai-spec-harness/internal/taskloop/agent_unix.go:31.2,32.20 3 1
github.com/JailtonJunior94/ai-spec-harness/internal/taskloop/agent_unix.go:38.3,41.1 3 1
github.com/JailtonJunior94/ai-spec-harness/internal/taskloop/agent_unix.go:42.3,44.1 2 1
github.com/JailtonJunior94/ai-spec-harness/internal/taskloop/agent_unix.go:46.2,48.16 3 1
github.com/JailtonJunior94/ai-spec-harness/internal/taskloop/agent_unix.go:49.3,49.47 1 0
github.com/JailtonJunior94/ai-spec-harness/internal/taskloop/agent_unix.go:50.4,51.1 1 0
github.com/JailtonJunior94/ai-spec-harness/internal/taskloop/agent_unix.go:52.4,53.1 1 0
github.com/JailtonJunior94/ai-spec-harness/internal/taskloop/agent_unix.go:55.2,55.62 1 1
github.com/JailtonJunior94/ai-spec-harness/internal/taskloop/approval_adapters.go:33.2,34.1 1 1
github.com/JailtonJunior94/ai-spec-harness/internal/taskloop/approval_adapters.go:37.2,38.16 2 1
github.com/JailtonJunior94/ai-spec-harness/internal/taskloop/approval_adapters.go:39.3,40.1 1 0
github.com/JailtonJunior94/ai-spec-harness/internal/taskloop/approval_adapters.go:42.2,43.16 2 1
github.com/JailtonJunior94/ai-spec-harness/internal/taskloop/approval_adapters.go:44.3,45.1 1 0
github.com/JailtonJunior94/ai-spec-harness/internal/taskloop/approval_adapters.go:47.2,48.16 2 1
github.com/JailtonJunior94/ai-spec-harness/internal/taskloop/approval_adapters.go:49.3,50.1 1 0
github.com/JailtonJunior94/ai-spec-harness/internal/taskloop/approval_adapters.go:52.2,52.81 1 1
github.com/JailtonJunior94/ai-spec-harness/internal/taskloop/approval_adapters.go:62.2,63.1 1 1
github.com/JailtonJunior94/ai-spec-harness/internal/taskloop/approval_adapters.go:66.2,66.16 1 1
github.com/JailtonJunior94/ai-spec-harness/internal/taskloop/approval_adapters.go:67.3,68.1 1 1
github.com/JailtonJunior94/ai-spec-harness/internal/taskloop/approval_adapters.go:69.2,70.1 3 1
github.com/JailtonJunior94/ai-spec-harness/internal/taskloop/approval_adapters.go:71.2,72.16 3 1
github.com/JailtonJunior94/ai-spec-harness/internal/taskloop/approval_adapters.go:73.3,74.1 1 0
github.com/JailtonJunior94/ai-spec-harness/internal/taskloop/approval_adapters.go:75.2,76.16 2 1
github.com/JailtonJunior94/ai-spec-harness/internal/taskloop/approval_adapters.go:77.3,78.1 1 0
github.com/JailtonJunior94/ai-spec-harness/internal/taskloop/approval_adapters.go:79.2,79.83 1 1
github.com/JailtonJunior94/ai-spec-harness/internal/taskloop/approval_adapters.go:83.2,84.44 2 1
github.com/JailtonJunior94/ai-spec-harness/internal/taskloop/approval_adapters.go:85.3,86.1 1 1
github.com/JailtonJunior94/ai-spec-harness/internal/taskloop/approval_adapters.go:88.2,89.16 2 1
github.com/JailtonJunior94/ai-spec-harness/internal/taskloop/approval_adapters.go:90.3,91.1 1 0
github.com/JailtonJunior94/ai-spec-harness/internal/taskloop/approval_adapters.go:93.2,94.16 2 1
github.com/JailtonJunior94/ai-spec-harness/internal/taskloop/approval_adapters.go:95.3,96.1 1 0
github.com/JailtonJunior94/ai-spec-harness/internal/taskloop/approval_adapters.go:98.2,98.37 1 1
github.com/JailtonJunior94/ai-spec-harness/internal/taskloop/approval_adapters.go:99.3,100.17 2 1
github.com/JailtonJunior94/ai-spec-harness/internal/taskloop/approval_adapters.go:101.4,102.1 1 0
github.com/JailtonJunior94/ai-spec-harness/internal/taskloop/approval_adapters.go:105.2,105.25 1 1
github.com/JailtonJunior94/ai-spec-harness/internal/taskloop/approval_adapters.go:109.2,110.29 2 1
github.com/JailtonJunior94/ai-spec-harness/internal/taskloop/approval_adapters.go:111.3,112.17 2 1
github.com/JailtonJunior94/ai-spec-harness/internal/taskloop/approval_adapters.go:113.4,114.1 1 1
github.com/JailtonJunior94/ai-spec-harness/internal/taskloop/approval_adapters.go:116.3,117.17 2 1
github.com/JailtonJunior94/ai-spec-harness/internal/taskloop/approval_adapters.go:118.4,119.1 1 0
github.com/JailtonJunior94/ai-spec-harness/internal/taskloop/approval_adapters.go:120.3,120.32 1 1
github.com/JailtonJunior94/ai-spec-harness/internal/taskloop/approval_adapters.go:122.2,122.17 1 1
github.com/JailtonJunior94/ai-spec-harness/internal/taskloop/approval_adapters.go:126.2,126.18 1 1
github.com/JailtonJunior94/ai-spec-harness/internal/taskloop/approval_adapters.go:128.3,128.35 1 1
github.com/JailtonJunior94/ai-spec-harness/internal/taskloop/approval_adapters.go:130.3,130.33 1 1
github.com/JailtonJunior94/ai-spec-harness/internal/taskloop/approval_adapters.go:132.3,132.30 1 0
github.com/JailtonJunior94/ai-spec-harness/internal/taskloop/approval_adapters.go:141.2,142.1 1 1
github.com/JailtonJunior94/ai-spec-harness/internal/taskloop/approval_adapters.go:145.2,146.1 1 1
github.com/JailtonJunior94/ai-spec-harness/internal/taskloop/approval_adapters.go:149.2,150.1 1 1
github.com/JailtonJunior94/ai-spec-harness/internal/taskloop/approval_adapters.go:158.2,159.1 1 1
github.com/JailtonJunior94/ai-spec-harness/internal/taskloop/approval_adapters.go:162.2,163.16 2 1
github.com/JailtonJunior94/ai-spec-harness/internal/taskloop/approval_adapters.go:164.3,165.1 1 0
github.com/JailtonJunior94/ai-spec-harness/internal/taskloop/approval_adapters.go:167.2,168.16 2 1
github.com/JailtonJunior94/ai-spec-harness/internal/taskloop/approval_adapters.go:169.3,170.1 1 1
github.com/JailtonJunior94/ai-spec-harness/internal/taskloop/approval_adapters.go:171.2,173.1 4 1
github.com/JailtonJunior94/ai-spec-harness/internal/taskloop/approval_adapters.go:174.2,175.12 4 1
github.com/JailtonJunior94/ai-spec-harness/internal/taskloop/approval_adapters.go:179.2,180.1 1 1
github.com/JailtonJunior94/ai-spec-harness/internal/taskloop/approval_adapters.go:183.2,184.32 2 1
github.com/JailtonJunior94/ai-spec-harness/internal/taskloop/approval_adapters.go:185.3,190.1 1 1
github.com/JailtonJunior94/ai-spec-harness/internal/taskloop/approval_adapters.go:191.2,191.12 1 1
github.com/JailtonJunior94/ai-spec-harness/internal/taskloop/approval_adapters.go:195.2,196.1 1 1
github.com/JailtonJunior94/ai-spec-harness/internal/taskloop/approval_adapters.go:199.2,199.18 1 1
github.com/JailtonJunior94/ai-spec-harness/internal/taskloop/approval_adapters.go:201.3,201.26 1 1
github.com/JailtonJunior94/ai-spec-harness/internal/taskloop/approval_adapters.go:203.3,203.27 1 1
github.com/JailtonJunior94/ai-spec-harness/internal/taskloop/approval_adapters.go:205.3,205.28 1 0
github.com/JailtonJunior94/ai-spec-harness/internal/taskloop/approval_adapters.go:215.2,216.1 1 1
github.com/JailtonJunior94/ai-spec-harness/internal/taskloop/approval_adapters.go:219.2,220.16 2 1
github.com/JailtonJunior94/ai-spec-harness/internal/taskloop/approval_adapters.go:221.3,222.1 1 1
github.com/JailtonJunior94/ai-spec-harness/internal/taskloop/approval_adapters.go:223.2,223.33 1 1
github.com/JailtonJunior94/ai-spec-harness/internal/taskloop/approval_adapters.go:227.2,228.16 2 1
github.com/JailtonJunior94/ai-spec-harness/internal/taskloop/approval_adapters.go:229.3,230.1 1 0
github.com/JailtonJunior94/ai-spec-harness/internal/taskloop/approval_adapters.go:231.2,232.59 2 1
github.com/JailtonJunior94/ai-spec-harness/internal/taskloop/approval_adapters.go:236.2,237.1 1 1
github.com/JailtonJunior94/ai-spec-harness/internal/taskloop/approval_adapters.go:240.2,241.1 1 1
github.com/JailtonJunior94/ai-spec-harness/internal/taskloop/approval_adapters.go:244.2,245.16 2 1
github.com/JailtonJunior94/ai-spec-harness/internal/taskloop/approval_adapters.go:246.3,247.1 1 0
github.com/JailtonJunior94/ai-spec-harness/internal/taskloop/approval_adapters.go:248.2,248.44 1 1
github.com/JailtonJunior94/ai-spec-harness/internal/taskloop/approval_cycle.go:22.2,23.16 2 1
github.com/JailtonJunior94/ai-spec-harness/internal/taskloop/approval_cycle.go:24.3,25.1 1 0
github.com/JailtonJunior94/ai-spec-harness/internal/taskloop/approval_cycle.go:26.2,28.20 3 1
github.com/JailtonJunior94/ai-spec-harness/internal/taskloop/approval_cycle.go:41.2,44.1 5 1
github.com/JailtonJunior94/ai-spec-harness/internal/taskloop/approval_cycle.go:45.2,46.16 5 1
github.com/JailtonJunior94/ai-spec-harness/internal/taskloop/approval_cycle.go:47.3,48.1 1 0
github.com/JailtonJunior94/ai-spec-harness/internal/taskloop/approval_cycle.go:50.2,53.22 4 1
github.com/JailtonJunior94/ai-spec-harness/internal/taskloop/approval_cycle.go:54.3,55.1 1 0
github.com/JailtonJunior94/ai-spec-harness/internal/taskloop/approval_cycle.go:56.2,56.20 1 1
github.com/JailtonJunior94/ai-spec-harness/internal/taskloop/approval_cycle.go:60.2,61.35 2 1
github.com/JailtonJunior94/ai-spec-harness/internal/taskloop/approval_cycle.go:62.3,63.23 2 1
github.com/JailtonJunior94/ai-spec-harness/internal/taskloop/approval_cycle.go:64.4,65.1 1 0
github.com/JailtonJunior94/ai-spec-harness/internal/taskloop/approval_cycle.go:66.3,66.21 1 1
github.com/JailtonJunior94/ai-spec-harness/internal/taskloop/approval_cycle.go:67.4,68.12 2 0
github.com/JailtonJunior94/ai-spec-harness/internal/taskloop/approval_cycle.go:70.3,70.100 1 1
github.com/JailtonJunior94/ai-spec-harness/internal/taskloop/approval_cycle.go:72.2,72.34 1 1
github.com/JailtonJunior94/ai-spec-harness/internal/taskloop/approval_cycle.go:80.2,81.1 1 1
github.com/JailtonJunior94/ai-spec-harness/internal/taskloop/approval_cycle.go:84.2,86.60 3 1
github.com/JailtonJunior94/ai-spec-harness/internal/taskloop/approval_cycle.go:87.3,88.29 2 1
github.com/JailtonJunior94/ai-spec-harness/internal/taskloop/approval_cycle.go:89.4,89.12 1 0
github.com/JailtonJunior94/ai-spec-harness/internal/taskloop/approval_cycle.go:91.3,93.17 3 1
github.com/JailtonJunior94/ai-spec-harness/internal/taskloop/approval_cycle.go:94.4,95.1 1 0
github.com/JailtonJunior94/ai-spec-harness/internal/taskloop/approval_cycle.go:96.3,96.41 1 1
github.com/JailtonJunior94/ai-spec-harness/internal/taskloop/approval_cycle.go:98.2,98.22 1 1
github.com/JailtonJunior94/ai-spec-harness/internal/taskloop/approval_cycle.go:102.2,104.29 3 1
github.com/JailtonJunior94/ai-spec-harness/internal/taskloop/approval_cycle.go:105.3,106.17 2 1
github.com/JailtonJunior94/ai-spec-harness/internal/taskloop/approval_cycle.go:107.4,107.12 1 0
github.com/JailtonJunior94/ai-spec-harness/internal/taskloop/approval_cycle.go:109.3,110.17 2 1
github.com/JailtonJunior94/ai-spec-harness/internal/taskloop/approval_cycle.go:111.4,111.12 1 0
github.com/JailtonJunior94/ai-spec-harness/internal/taskloop/approval_cycle.go:113.3,113.61 1 1
github.com/JailtonJunior94/ai-spec-harness/internal/taskloop/approval_cycle.go:114.4,115.30 2 1
github.com/JailtonJunior94/ai-spec-harness/internal/taskloop/approval_cycle.go:116.5,116.13 1 0
github.com/JailtonJunior94/ai-spec-harness/internal/taskloop/approval_cycle.go:118.4,120.18 3 1
github.com/JailtonJunior94/ai-spec-harness/internal/taskloop/approval_cycle.go:121.5,122.1 1 0
github.com/JailtonJunior94/ai-spec-harness/internal/taskloop/approval_cycle.go:123.4,123.42 1 1
github.com/JailtonJunior94/ai-spec-harness/internal/taskloop/approval_cycle.go:126.2,126.22 1 1
github.com/JailtonJunior94/ai-spec-harness/internal/taskloop/approval_cycle.go:130.2,130.77 1 1
github.com/JailtonJunior94/ai-spec-harness/internal/taskloop/approval_cycle.go:131.3,132.1 1 0
github.com/JailtonJunior94/ai-spec-harness/internal/taskloop/approval_cycle.go:133.2,133.18 1 1
github.com/JailtonJunior94/ai-spec-harness/internal/taskloop/approval_cycle.go:137.2,137.34 1 1
github.com/JailtonJunior94/ai-spec-harness/internal/taskloop/approval_cycle.go:138.3,139.1 1 1
github.com/JailtonJunior94/ai-spec-harness/internal/taskloop/approval_cycle.go:140.2,140.35 1 1
github.com/JailtonJunior94/ai-spec-harness/internal/taskloop/approval_cycle.go:144.2,144.19 1 1
github.com/JailtonJunior94/ai-spec-harness/internal/taskloop/approval_cycle.go:145.3,146.1 1 1
github.com/JailtonJunior94/ai-spec-harness/internal/taskloop/approval_cycle.go:147.2,147.37 1 1
github.com/JailtonJunior94/ai-spec-harness/internal/taskloop/approval_cycle.go:158.2,159.16 2 1
github.com/JailtonJunior94/ai-spec-harness/internal/taskloop/approval_cycle.go:160.3,161.1 1 0
github.com/JailtonJunior94/ai-spec-harness/internal/taskloop/approval_cycle.go:162.2,163.16 2 1
github.com/JailtonJunior94/ai-spec-harness/internal/taskloop/approval_cycle.go:164.3,165.1 1 0
github.com/JailtonJunior94/ai-spec-harness/internal/taskloop/approval_cycle.go:166.2,167.16 2 1
github.com/JailtonJunior94/ai-spec-harness/internal/taskloop/approval_cycle.go:168.3,169.1 1 0
github.com/JailtonJunior94/ai-spec-harness/internal/taskloop/approval_cycle.go:171.2,175.1 6 1
github.com/JailtonJunior94/ai-spec-harness/internal/taskloop/approval_cycle.go:176.2,177.16 6 1
github.com/JailtonJunior94/ai-spec-harness/internal/taskloop/approval_cycle.go:178.3,179.1 1 0
github.com/JailtonJunior94/ai-spec-harness/internal/taskloop/approval_cycle.go:181.2,182.33 2 1
github.com/JailtonJunior94/ai-spec-harness/internal/taskloop/approval_cycle.go:186.2,186.45 1 1
github.com/JailtonJunior94/ai-spec-harness/internal/taskloop/approval_cycle.go:187.3,188.1 1 0
github.com/JailtonJunior94/ai-spec-harness/internal/taskloop/approval_cycle.go:189.2,189.26 1 1
github.com/JailtonJunior94/ai-spec-harness/internal/taskloop/approval_cycle.go:190.3,191.1 1 1
github.com/JailtonJunior94/ai-spec-harness/internal/taskloop/approval_cycle.go:192.2,192.18 1 1
github.com/JailtonJunior94/ai-spec-harness/internal/taskloop/approval_cycle.go:196.2,196.24 1 1
github.com/JailtonJunior94/ai-spec-harness/internal/taskloop/approval_cycle.go:197.3,198.1 1 1
github.com/JailtonJunior94/ai-spec-harness/internal/taskloop/approval_cycle.go:199.2,200.9 2 1
github.com/JailtonJunior94/ai-spec-harness/internal/taskloop/approval_cycle.go:202.3,203.56 2 0
github.com/JailtonJunior94/ai-spec-harness/internal/taskloop/approval_cycle.go:205.3,205.22 1 1
github.com/JailtonJunior94/ai-spec-harness/internal/taskloop/approval_cycle.go:207.3,208.55 2 0
github.com/JailtonJunior94/ai-spec-harness/internal/taskloop/approval_cycle.go:210.2,210.15 1 1
github.com/JailtonJunior94/ai-spec-harness/internal/taskloop/approval_cycle.go:220.2,221.16 2 1
github.com/JailtonJunior94/ai-spec-harness/internal/taskloop/approval_cycle.go:222.3,223.1 1 0
github.com/JailtonJunior94/ai-spec-harness/internal/taskloop/approval_cycle.go:225.2,227.26 3 1
github.com/JailtonJunior94/ai-spec-harness/internal/taskloop/approval_cycle.go:228.3,230.1 2 1
github.com/JailtonJunior94/ai-spec-harness/internal/taskloop/approval_cycle.go:231.2,232.16 2 1
github.com/JailtonJunior94/ai-spec-harness/internal/taskloop/approval_cycle.go:233.3,234.1 1 0
github.com/JailtonJunior94/ai-spec-harness/internal/taskloop/approval_cycle.go:236.2,238.1 5 1
github.com/JailtonJunior94/ai-spec-harness/internal/taskloop/approval_cycle.go:239.2,249.1 5 1
github.com/JailtonJunior94/ai-spec-harness/internal/taskloop/approval_cycle.go:250.2,251.1 5 1
github.com/JailtonJunior94/ai-spec-harness/internal/taskloop/approval_cycle.go:252.2,253.16 5 1
github.com/JailtonJunior94/ai-spec-harness/internal/taskloop/approval_cycle.go:254.3,255.1 1 0
github.com/JailtonJunior94/ai-spec-harness/internal/taskloop/approval_cycle.go:256.2,257.16 2 1
github.com/JailtonJunior94/ai-spec-harness/internal/taskloop/approval_cycle.go:258.3,259.1 1 0
github.com/JailtonJunior94/ai-spec-harness/internal/taskloop/approval_cycle.go:260.2,261.16 2 1
github.com/JailtonJunior94/ai-spec-harness/internal/taskloop/approval_cycle.go:262.3,263.1 1 0
github.com/JailtonJunior94/ai-spec-harness/internal/taskloop/approval_cycle.go:265.2,274.16 2 1
github.com/JailtonJunior94/ai-spec-harness/internal/taskloop/approval_cycle.go:275.3,276.1 1 0
github.com/JailtonJunior94/ai-spec-harness/internal/taskloop/approval_cycle.go:278.2,281.1 5 1
github.com/JailtonJunior94/ai-spec-harness/internal/taskloop/approval_cycle.go:282.2,283.19 5 1
github.com/JailtonJunior94/ai-spec-harness/internal/taskloop/approval_cycle.go:284.3,287.1 3 0
github.com/JailtonJunior94/ai-spec-harness/internal/taskloop/approval_cycle.go:289.2,290.1 2 1
github.com/JailtonJunior94/ai-spec-harness/internal/taskloop/approval_cycle.go:291.2,291.23 2 1
github.com/JailtonJunior94/ai-spec-harness/internal/taskloop/approval_cycle.go:292.3,293.1 1 1
github.com/JailtonJunior94/ai-spec-harness/internal/taskloop/approval_cycle.go:294.3,296.1 2 1
github.com/JailtonJunior94/ai-spec-harness/internal/taskloop/approval_cycle.go:298.2,298.88 1 1
github.com/JailtonJunior94/ai-spec-harness/internal/taskloop/bugfix.go:68.2,68.19 1 1
github.com/JailtonJunior94/ai-spec-harness/internal/taskloop/bugfix.go:69.3,70.1 1 1
github.com/JailtonJunior94/ai-spec-harness/internal/taskloop/bugfix.go:71.2,76.1 1 1
github.com/JailtonJunior94/ai-spec-harness/internal/taskloop/bugfix.go:86.2,87.1 3 1
github.com/JailtonJunior94/ai-spec-harness/internal/taskloop/bugfix.go:88.2,89.24 3 1
github.com/JailtonJunior94/ai-spec-harness/internal/taskloop/bugfix.go:90.3,93.1 3 1
github.com/JailtonJunior94/ai-spec-harness/internal/taskloop/bugfix.go:95.2,96.35 2 1
github.com/JailtonJunior94/ai-spec-harness/internal/taskloop/bugfix.go:97.3,97.35 1 1
github.com/JailtonJunior94/ai-spec-harness/internal/taskloop/bugfix.go:98.4,99.1 1 1
github.com/JailtonJunior94/ai-spec-harness/internal/taskloop/bugfix.go:101.3,102.17 2 1
github.com/JailtonJunior94/ai-spec-harness/internal/taskloop/bugfix.go:103.4,104.1 1 1
github.com/JailtonJunior94/ai-spec-harness/internal/taskloop/bugfix.go:105.3,106.17 2 1
github.com/JailtonJunior94/ai-spec-harness/internal/taskloop/bugfix.go:107.4,108.1 1 1
github.com/JailtonJunior94/ai-spec-harness/internal/taskloop/bugfix.go:110.3,111.17 2 1
github.com/JailtonJunior94/ai-spec-harness/internal/taskloop/bugfix.go:112.4,113.1 1 0
github.com/JailtonJunior94/ai-spec-harness/internal/taskloop/bugfix.go:114.3,115.1 3 1
github.com/JailtonJunior94/ai-spec-harness/internal/taskloop/bugfix.go:116.3,117.17 3 1
github.com/JailtonJunior94/ai-spec-harness/internal/taskloop/bugfix.go:118.4,119.1 1 1
github.com/JailtonJunior94/ai-spec-harness/internal/taskloop/bugfix.go:121.3,132.1 3 1
github.com/JailtonJunior94/ai-spec-harness/internal/taskloop/bugfix.go:133.3,133.29 3 1
github.com/JailtonJunior94/ai-spec-harness/internal/taskloop/bugfix.go:134.4,137.1 3 1
github.com/JailtonJunior94/ai-spec-harness/internal/taskloop/bugfix.go:139.3,140.21 2 1
github.com/JailtonJunior94/ai-spec-harness/internal/taskloop/bugfix.go:143.2,148.1 5 1
github.com/JailtonJunior94/ai-spec-harness/internal/taskloop/bugfix.go:149.2,150.35 5 1
github.com/JailtonJunior94/ai-spec-harness/internal/taskloop/bugfix.go:161.2,162.37 2 1
github.com/JailtonJunior94/ai-spec-harness/internal/taskloop/bugfix.go:163.3,164.1 1 1
github.com/JailtonJunior94/ai-spec-harness/internal/taskloop/bugfix.go:165.2,167.27 3 1
github.com/JailtonJunior94/ai-spec-harness/internal/taskloop/bugfix.go:168.3,169.1 1 0
github.com/JailtonJunior94/ai-spec-harness/internal/taskloop/bugfix.go:170.2,170.15 1 1
github.com/JailtonJunior94/ai-spec-harness/internal/taskloop/bugfix.go:171.3,172.1 1 0
github.com/JailtonJunior94/ai-spec-harness/internal/taskloop/bugfix.go:174.2,175.29 2 1
github.com/JailtonJunior94/ai-spec-harness/internal/taskloop/bugfix.go:176.3,189.1 4 1
github.com/JailtonJunior94/ai-spec-harness/internal/taskloop/bugfix.go:190.2,190.19 1 1
github.com/JailtonJunior94/ai-spec-harness/internal/taskloop/bugfix.go:194.2,196.37 3 1
github.com/JailtonJunior94/ai-spec-harness/internal/taskloop/bugfix.go:197.3,199.1 2 1
github.com/JailtonJunior94/ai-spec-harness/internal/taskloop/bugfix.go:200.2,200.12 1 1
github.com/JailtonJunior94/ai-spec-harness/internal/taskloop/bugfix.go:201.3,202.1 1 0
github.com/JailtonJunior94/ai-spec-harness/internal/taskloop/bugfix.go:203.2,206.1 1 1
github.com/JailtonJunior94/ai-spec-harness/internal/taskloop/bugfix.go:213.2,216.1 2 1
github.com/JailtonJunior94/ai-spec-harness/internal/taskloop/bugfix.go:217.2,217.59 2 1
github.com/JailtonJunior94/ai-spec-harness/internal/taskloop/bugfix.go:218.3,219.1 1 1
github.com/JailtonJunior94/ai-spec-harness/internal/taskloop/bugfix.go:220.2,220.22 1 1
github.com/JailtonJunior94/ai-spec-harness/internal/taskloop/bugfix.go:224.2,224.51 1 1
github.com/JailtonJunior94/ai-spec-harness/internal/taskloop/bugfix.go:225.3,227.32 3 1
github.com/JailtonJunior94/ai-spec-harness/internal/taskloop/bugfix.go:228.4,229.40 2 1
github.com/JailtonJunior94/ai-spec-harness/internal/taskloop/bugfix.go:230.5,231.1 1 1
github.com/JailtonJunior94/ai-spec-harness/internal/taskloop/bugfix.go:234.2,234.11 1 1
github.com/JailtonJunior94/ai-spec-harness/internal/taskloop/bugfix.go:240.2,241.35 2 1
github.com/JailtonJunior94/ai-spec-harness/internal/taskloop/bugfix.go:242.3,243.23 2 1
github.com/JailtonJunior94/ai-spec-harness/internal/taskloop/bugfix.go:244.4,245.1 1 1
github.com/JailtonJunior94/ai-spec-harness/internal/taskloop/bugfix.go:246.3,246.21 1 1
github.com/JailtonJunior94/ai-spec-harness/internal/taskloop/bugfix.go:247.4,248.1 1 1
github.com/JailtonJunior94/ai-spec-harness/internal/taskloop/bugfix.go:249.3,249.60 1 1
github.com/JailtonJunior94/ai-spec-harness/internal/taskloop/bugfix.go:251.2,251.36 1 1
github.com/JailtonJunior94/ai-spec-harness/internal/taskloop/bugfix.go:258.2,259.9 2 1
github.com/JailtonJunior94/ai-spec-harness/internal/taskloop/bugfix.go:260.3,261.1 1 1
github.com/JailtonJunior94/ai-spec-harness/internal/taskloop/bugfix.go:262.2,262.21 1 1
github.com/JailtonJunior94/ai-spec-harness/internal/taskloop/bugfix.go:266.2,266.25 1 1
github.com/JailtonJunior94/ai-spec-harness/internal/taskloop/bugfix.go:267.3,268.1 1 1
github.com/JailtonJunior94/ai-spec-harness/internal/taskloop/bugfix.go:269.2,269.67 1 1
github.com/JailtonJunior94/ai-spec-harness/internal/taskloop/bugfix.go:270.3,271.1 1 0
github.com/JailtonJunior94/ai-spec-harness/internal/taskloop/bugfix.go:272.2,272.55 1 1
github.com/JailtonJunior94/ai-spec-harness/internal/taskloop/bugfix.go:276.2,277.29 2 1
github.com/JailtonJunior94/ai-spec-harness/internal/taskloop/bugfix.go:278.3,278.37 1 1
github.com/JailtonJunior94/ai-spec-harness/internal/taskloop/bugfix.go:279.4,280.1 1 1
github.com/JailtonJunior94/ai-spec-harness/internal/taskloop/bugfix.go:282.2,282.12 1 1
github.com/JailtonJunior94/ai-spec-harness/internal/taskloop/bugfix.go:288.2,288.57 1 1
github.com/JailtonJunior94/ai-spec-harness/internal/taskloop/bugfix.go:289.3,290.85 2 1
github.com/JailtonJunior94/ai-spec-harness/internal/taskloop/bugfix.go:291.4,292.1 1 1
github.com/JailtonJunior94/ai-spec-harness/internal/taskloop/bugfix.go:294.2,294.11 1 1
github.com/JailtonJunior94/ai-spec-harness/internal/taskloop/compatibility.go:19.2,51.1 1 1
github.com/JailtonJunior94/ai-spec-harness/internal/taskloop/compatibility.go:58.2,58.17 1 1
github.com/JailtonJunior94/ai-spec-harness/internal/taskloop/compatibility.go:60.3,62.1 2 1
github.com/JailtonJunior94/ai-spec-harness/internal/taskloop/compatibility.go:64.2,65.9 2 1
github.com/JailtonJunior94/ai-spec-harness/internal/taskloop/compatibility.go:66.3,67.1 1 1
github.com/JailtonJunior94/ai-spec-harness/internal/taskloop/compatibility.go:69.2,69.27 1 1
github.com/JailtonJunior94/ai-spec-harness/internal/taskloop/compatibility.go:70.3,70.17 1 1
github.com/JailtonJunior94/ai-spec-harness/internal/taskloop/compatibility.go:71.4,72.1 1 1
github.com/JailtonJunior94/ai-spec-harness/internal/taskloop/compatibility.go:75.2,75.14 1 1
github.com/JailtonJunior94/ai-spec-harness/internal/taskloop/compatibility.go:81.2,82.1 1 1
github.com/JailtonJunior94/ai-spec-harness/internal/taskloop/compatibility.go:87.2,87.32 1 1
github.com/JailtonJunior94/ai-spec-harness/internal/taskloop/compatibility.go:88.3,89.1 1 1
github.com/JailtonJunior94/ai-spec-harness/internal/taskloop/compatibility.go:91.2,91.17 1 1
github.com/JailtonJunior94/ai-spec-harness/internal/taskloop/compatibility.go:92.3,93.1 1 1
github.com/JailtonJunior94/ai-spec-harness/internal/taskloop/compatibility.go:95.2,95.98 1 1
github.com/JailtonJunior94/ai-spec-harness/internal/taskloop/compatibility.go:103.2,103.33 1 1
github.com/JailtonJunior94/ai-spec-harness/internal/taskloop/compatibility.go:104.3,105.1 1 1
github.com/JailtonJunior94/ai-spec-harness/internal/taskloop/compatibility.go:107.2,108.35 2 1
github.com/JailtonJunior94/ai-spec-harness/internal/taskloop/compatibility.go:109.3,110.1 1 1
github.com/JailtonJunior94/ai-spec-harness/internal/taskloop/compatibility.go:112.2,113.24 2 1
github.com/JailtonJunior94/ai-spec-harness/internal/taskloop/compatibility.go:115.3,116.1 1 1
github.com/JailtonJunior94/ai-spec-harness/internal/taskloop/compatibility.go:118.2,119.50 1 1
github.com/JailtonJunior94/ai-spec-harness/internal/taskloop/evidence.go:33.2,34.1 1 1
github.com/JailtonJunior94/ai-spec-harness/internal/taskloop/evidence.go:39.2,40.16 2 1
github.com/JailtonJunior94/ai-spec-harness/internal/taskloop/evidence.go:41.3,42.1 1 1
github.com/JailtonJunior94/ai-spec-harness/internal/taskloop/evidence.go:44.2,46.1 3 1
github.com/JailtonJunior94/ai-spec-harness/internal/taskloop/evidence.go:47.2,47.60 3 1
github.com/JailtonJunior94/ai-spec-harness/internal/taskloop/evidence.go:48.3,49.1 1 0
github.com/JailtonJunior94/ai-spec-harness/internal/taskloop/evidence.go:50.2,50.12 1 1
github.com/JailtonJunior94/ai-spec-harness/internal/taskloop/evidence.go:54.2,60.26 7 1
github.com/JailtonJunior94/ai-spec-harness/internal/taskloop/evidence.go:61.3,62.1 1 1
github.com/JailtonJunior94/ai-spec-harness/internal/taskloop/evidence.go:63.2,63.25 1 1
github.com/JailtonJunior94/ai-spec-harness/internal/taskloop/evidence.go:64.3,65.1 1 0
github.com/JailtonJunior94/ai-spec-harness/internal/taskloop/evidence.go:66.2,66.24 1 1
github.com/JailtonJunior94/ai-spec-harness/internal/taskloop/evidence.go:67.3,68.1 1 0
github.com/JailtonJunior94/ai-spec-harness/internal/taskloop/evidence.go:69.2,70.18 2 1
github.com/JailtonJunior94/ai-spec-harness/internal/taskloop/evidence.go:74.2,76.1 5 1
github.com/JailtonJunior94/ai-spec-harness/internal/taskloop/evidence.go:77.2,79.1 5 1
github.com/JailtonJunior94/ai-spec-harness/internal/taskloop/evidence.go:80.2,80.57 5 1
github.com/JailtonJunior94/ai-spec-harness/internal/taskloop/evidence.go:82.3,88.1 6 1
github.com/JailtonJunior94/ai-spec-harness/internal/taskloop/evidence.go:91.2,95.1 6 1
github.com/JailtonJunior94/ai-spec-harness/internal/taskloop/evidence.go:96.2,97.40 6 1
github.com/JailtonJunior94/ai-spec-harness/internal/taskloop/evidence.go:98.3,99.1 1 1
github.com/JailtonJunior94/ai-spec-harness/internal/taskloop/evidence.go:100.2,100.20 1 1
github.com/JailtonJunior94/ai-spec-harness/internal/taskloop/evidence.go:101.3,103.1 2 1
github.com/JailtonJunior94/ai-spec-harness/internal/taskloop/evidence.go:104.2,104.18 1 1
github.com/JailtonJunior94/ai-spec-harness/internal/taskloop/isolation.go:30.2,31.1 1 1
github.com/JailtonJunior94/ai-spec-harness/internal/taskloop/isolation.go:34.2,35.16 2 1
github.com/JailtonJunior94/ai-spec-harness/internal/taskloop/isolation.go:36.3,37.1 1 0
github.com/JailtonJunior94/ai-spec-harness/internal/taskloop/isolation.go:39.2,40.16 2 1
github.com/JailtonJunior94/ai-spec-harness/internal/taskloop/isolation.go:41.3,42.1 1 0
github.com/JailtonJunior94/ai-spec-harness/internal/taskloop/isolation.go:44.2,45.16 2 1
github.com/JailtonJunior94/ai-spec-harness/internal/taskloop/isolation.go:46.3,47.1 1 0
github.com/JailtonJunior94/ai-spec-harness/internal/taskloop/isolation.go:49.2,50.16 2 1
github.com/JailtonJunior94/ai-spec-harness/internal/taskloop/isolation.go:51.3,52.1 1 0
github.com/JailtonJunior94/ai-spec-harness/internal/taskloop/isolation.go:54.2,59.8 1 1
github.com/JailtonJunior94/ai-spec-harness/internal/taskloop/isolation.go:63.2,64.1 1 1
github.com/JailtonJunior94/ai-spec-harness/internal/taskloop/isolation.go:67.2,68.1 1 1
github.com/JailtonJunior94/ai-spec-harness/internal/taskloop/isolation.go:71.2,72.16 2 1
github.com/JailtonJunior94/ai-spec-harness/internal/taskloop/isolation.go:73.3,74.1 1 0
github.com/JailtonJunior94/ai-spec-harness/internal/taskloop/isolation.go:76.2,77.16 2 1
github.com/JailtonJunior94/ai-spec-harness/internal/taskloop/isolation.go:78.3,79.1 1 0
github.com/JailtonJunior94/ai-spec-harness/internal/taskloop/isolation.go:81.2,81.46 1 1
github.com/JailtonJunior94/ai-spec-harness/internal/taskloop/isolation.go:82.3,83.1 1 0
github.com/JailtonJunior94/ai-spec-harness/internal/taskloop/isolation.go:85.2,85.145 1 1
github.com/JailtonJunior94/ai-spec-harness/internal/taskloop/isolation.go:86.3,87.1 1 1
github.com/JailtonJunior94/ai-spec-harness/internal/taskloop/isolation.go:89.2,90.16 2 1
github.com/JailtonJunior94/ai-spec-harness/internal/taskloop/isolation.go:91.3,92.1 1 0
github.com/JailtonJunior94/ai-spec-harness/internal/taskloop/isolation.go:94.2,94.154 1 1
github.com/JailtonJunior94/ai-spec-harness/internal/taskloop/isolation.go:95.3,96.1 1 1
github.com/JailtonJunior94/ai-spec-harness/internal/taskloop/isolation.go:98.2,99.16 2 1
github.com/JailtonJunior94/ai-spec-harness/internal/taskloop/isolation.go:100.3,101.1 1 0
github.com/JailtonJunior94/ai-spec-harness/internal/taskloop/isolation.go:103.2,103.107 1 1
github.com/JailtonJunior94/ai-spec-harness/internal/taskloop/isolation.go:104.3,105.1 1 1
github.com/JailtonJunior94/ai-spec-harness/internal/taskloop/isolation.go:107.2,107.12 1 1
github.com/JailtonJunior94/ai-spec-harness/internal/taskloop/isolation.go:111.2,112.16 2 1
github.com/JailtonJunior94/ai-spec-harness/internal/taskloop/isolation.go:113.3,114.1 1 0
github.com/JailtonJunior94/ai-spec-harness/internal/taskloop/isolation.go:115.2,115.37 1 1
github.com/JailtonJunior94/ai-spec-harness/internal/taskloop/isolation.go:116.3,116.44 1 1
github.com/JailtonJunior94/ai-spec-harness/internal/taskloop/isolation.go:117.4,117.12 1 1
github.com/JailtonJunior94/ai-spec-harness/internal/taskloop/isolation.go:119.3,119.43 1 1
github.com/JailtonJunior94/ai-spec-harness/internal/taskloop/isolation.go:120.4,121.1 1 0
github.com/JailtonJunior94/ai-spec-harness/internal/taskloop/isolation.go:124.2,125.16 2 1
github.com/JailtonJunior94/ai-spec-harness/internal/taskloop/isolation.go:126.3,127.1 1 0
github.com/JailtonJunior94/ai-spec-harness/internal/taskloop/isolation.go:128.2,128.36 1 1
github.com/JailtonJunior94/ai-spec-harness/internal/taskloop/isolation.go:129.3,129.43 1 1
github.com/JailtonJunior94/ai-spec-harness/internal/taskloop/isolation.go:130.4,130.12 1 1
github.com/JailtonJunior94/ai-spec-harness/internal/taskloop/isolation.go:132.3,132.43 1 1
github.com/JailtonJunior94/ai-spec-harness/internal/taskloop/isolation.go:133.4,134.1 1 0
github.com/JailtonJunior94/ai-spec-harness/internal/taskloop/isolation.go:137.2,137.100 1 1
github.com/JailtonJunior94/ai-spec-harness/internal/taskloop/isolation.go:138.3,139.1 1 0
github.com/JailtonJunior94/ai-spec-harness/internal/taskloop/isolation.go:141.2,141.48 1 1
github.com/JailtonJunior94/ai-spec-harness/internal/taskloop/isolation.go:142.3,142.55 1 1
github.com/JailtonJunior94/ai-spec-harness/internal/taskloop/isolation.go:143.4,144.1 1 0
github.com/JailtonJunior94/ai-spec-harness/internal/taskloop/isolation.go:147.2,147.47 1 1
github.com/JailtonJunior94/ai-spec-harness/internal/taskloop/isolation.go:148.3,148.55 1 1
github.com/JailtonJunior94/ai-spec-harness/internal/taskloop/isolation.go:149.4,150.1 1 0
github.com/JailtonJunior94/ai-spec-harness/internal/taskloop/isolation.go:153.2,153.12 1 1
github.com/JailtonJunior94/ai-spec-harness/internal/taskloop/isolation.go:157.2,157.36 1 1
github.com/JailtonJunior94/ai-spec-harness/internal/taskloop/isolation.go:158.3,159.10 2 1
github.com/JailtonJunior94/ai-spec-harness/internal/taskloop/isolation.go:160.4,161.1 1 0
github.com/JailtonJunior94/ai-spec-harness/internal/taskloop/isolation.go:162.3,162.54 1 1
github.com/JailtonJunior94/ai-spec-harness/internal/taskloop/isolation.go:163.4,163.12 1 1
github.com/JailtonJunior94/ai-spec-harness/internal/taskloop/isolation.go:165.3,165.28 1 1
github.com/JailtonJunior94/ai-spec-harness/internal/taskloop/isolation.go:166.4,167.1 1 1
github.com/JailtonJunior94/ai-spec-harness/internal/taskloop/isolation.go:170.2,170.24 1 1
github.com/JailtonJunior94/ai-spec-harness/internal/taskloop/isolation.go:171.3,171.31 1 1
github.com/JailtonJunior94/ai-spec-harness/internal/taskloop/isolation.go:172.4,173.1 1 0
github.com/JailtonJunior94/ai-spec-harness/internal/taskloop/isolation.go:176.2,176.12 1 1
github.com/JailtonJunior94/ai-spec-harness/internal/taskloop/isolation.go:180.2,180.42 1 1
github.com/JailtonJunior94/ai-spec-harness/internal/taskloop/isolation.go:181.3,182.10 2 1
github.com/JailtonJunior94/ai-spec-harness/internal/taskloop/isolation.go:183.4,184.1 1 0
github.com/JailtonJunior94/ai-spec-harness/internal/taskloop/isolation.go:185.3,185.58 1 1
github.com/JailtonJunior94/ai-spec-harness/internal/taskloop/isolation.go:186.4,186.12 1 1
github.com/JailtonJunior94/ai-spec-harness/internal/taskloop/isolation.go:188.3,188.48 1 1
github.com/JailtonJunior94/ai-spec-harness/internal/taskloop/isolation.go:189.4,190.1 1 1
github.com/JailtonJunior94/ai-spec-harness/internal/taskloop/isolation.go:193.2,193.26 1 1
github.com/JailtonJunior94/ai-spec-harness/internal/taskloop/isolation.go:194.3,194.58 1 1
github.com/JailtonJunior94/ai-spec-harness/internal/taskloop/isolation.go:195.4,195.12 1 1
github.com/JailtonJunior94/ai-spec-harness/internal/taskloop/isolation.go:197.3,197.33 1 1
github.com/JailtonJunior94/ai-spec-harness/internal/taskloop/isolation.go:198.4,199.1 1 1
github.com/JailtonJunior94/ai-spec-harness/internal/taskloop/isolation.go:202.2,202.12 1 1
github.com/JailtonJunior94/ai-spec-harness/internal/taskloop/isolation.go:206.2,206.42 1 1
github.com/JailtonJunior94/ai-spec-harness/internal/taskloop/isolation.go:207.3,208.10 2 1
github.com/JailtonJunior94/ai-spec-harness/internal/taskloop/isolation.go:209.4,210.1 1 0
github.com/JailtonJunior94/ai-spec-harness/internal/taskloop/isolation.go:211.3,211.48 1 1
github.com/JailtonJunior94/ai-spec-harness/internal/taskloop/isolation.go:212.4,213.1 1 1
github.com/JailtonJunior94/ai-spec-harness/internal/taskloop/isolation.go:216.2,216.26 1 1
github.com/JailtonJunior94/ai-spec-harness/internal/taskloop/isolation.go:217.3,217.33 1 1
github.com/JailtonJunior94/ai-spec-harness/internal/taskloop/isolation.go:218.4,219.1 1 1
github.com/JailtonJunior94/ai-spec-harness/internal/taskloop/isolation.go:222.2,222.12 1 1
github.com/JailtonJunior94/ai-spec-harness/internal/taskloop/isolation.go:226.2,227.16 2 1
github.com/JailtonJunior94/ai-spec-harness/internal/taskloop/isolation.go:228.3,229.1 1 0
github.com/JailtonJunior94/ai-spec-harness/internal/taskloop/isolation.go:231.2,232.32 2 1
github.com/JailtonJunior94/ai-spec-harness/internal/taskloop/isolation.go:233.3,233.20 1 1
github.com/JailtonJunior94/ai-spec-harness/internal/taskloop/isolation.go:234.4,234.12 1 1
github.com/JailtonJunior94/ai-spec-harness/internal/taskloop/isolation.go:237.3,238.44 2 1
github.com/JailtonJunior94/ai-spec-harness/internal/taskloop/isolation.go:239.4,239.12 1 1
github.com/JailtonJunior94/ai-spec-harness/internal/taskloop/isolation.go:242.3,244.17 3 1
github.com/JailtonJunior94/ai-spec-harness/internal/taskloop/isolation.go:245.4,246.1 1 0
github.com/JailtonJunior94/ai-spec-harness/internal/taskloop/isolation.go:247.3,247.52 1 1
github.com/JailtonJunior94/ai-spec-harness/internal/taskloop/isolation.go:250.2,250.19 1 1
github.com/JailtonJunior94/ai-spec-harness/internal/taskloop/isolation.go:254.2,255.76 2 1
github.com/JailtonJunior94/ai-spec-harness/internal/taskloop/isolation.go:256.3,256.62 1 1
github.com/JailtonJunior94/ai-spec-harness/internal/taskloop/isolation.go:257.4,258.1 1 1
github.com/JailtonJunior94/ai-spec-harness/internal/taskloop/isolation.go:259.3,260.17 2 1
github.com/JailtonJunior94/ai-spec-harness/internal/taskloop/isolation.go:261.4,262.1 1 0
github.com/JailtonJunior94/ai-spec-harness/internal/taskloop/isolation.go:263.3,264.13 2 1
github.com/JailtonJunior94/ai-spec-harness/internal/taskloop/isolation.go:266.3,267.1 1 0
github.com/JailtonJunior94/ai-spec-harness/internal/taskloop/isolation.go:268.2,268.19 1 1
github.com/JailtonJunior94/ai-spec-harness/internal/taskloop/isolation.go:272.2,273.16 2 1
github.com/JailtonJunior94/ai-spec-harness/internal/taskloop/isolation.go:274.3,275.1 1 0
github.com/JailtonJunior94/ai-spec-harness/internal/taskloop/isolation.go:277.2,277.32 1 1
github.com/JailtonJunior94/ai-spec-harness/internal/taskloop/isolation.go:278.3,279.20 2 1
github.com/JailtonJunior94/ai-spec-harness/internal/taskloop/isolation.go:280.4,280.72 1 1
github.com/JailtonJunior94/ai-spec-harness/internal/taskloop/isolation.go:281.5,282.1 1 0
github.com/JailtonJunior94/ai-spec-harness/internal/taskloop/isolation.go:283.4,283.12 1 1
github.com/JailtonJunior94/ai-spec-harness/internal/taskloop/isolation.go:285.3,285.41 1 1
github.com/JailtonJunior94/ai-spec-harness/internal/taskloop/isolation.go:286.4,287.1 1 0
github.com/JailtonJunior94/ai-spec-harness/internal/taskloop/isolation.go:290.2,290.12 1 1
github.com/JailtonJunior94/ai-spec-harness/internal/taskloop/isolation.go:294.2,295.16 2 1
github.com/JailtonJunior94/ai-spec-harness/internal/taskloop/isolation.go:296.3,297.1 1 0
github.com/JailtonJunior94/ai-spec-harness/internal/taskloop/isolation.go:298.2,299.1 2 1
github.com/JailtonJunior94/ai-spec-harness/internal/taskloop/isolation.go:300.2,300.67 2 1
github.com/JailtonJunior94/ai-spec-harness/internal/taskloop/isolation.go:301.3,302.1 1 1
github.com/JailtonJunior94/ai-spec-harness/internal/taskloop/isolation.go:309.2,309.50 1 1
github.com/JailtonJunior94/ai-spec-harness/internal/taskloop/isolation.go:310.3,311.1 1 1
github.com/JailtonJunior94/ai-spec-harness/internal/taskloop/isolation.go:312.2,312.88 1 1
github.com/JailtonJunior94/ai-spec-harness/internal/taskloop/isolation.go:313.3,314.1 1 1
github.com/JailtonJunior94/ai-spec-harness/internal/taskloop/isolation.go:315.2,315.13 1 1
github.com/JailtonJunior94/ai-spec-harness/internal/taskloop/isolation.go:322.2,322.70 1 1
github.com/JailtonJunior94/ai-spec-harness/internal/taskloop/isolation.go:323.3,323.83 1 1
github.com/JailtonJunior94/ai-spec-harness/internal/taskloop/isolation.go:324.4,325.1 1 1
github.com/JailtonJunior94/ai-spec-harness/internal/taskloop/isolation.go:327.2,327.14 1 1
github.com/JailtonJunior94/ai-spec-harness/internal/taskloop/isolation.go:331.2,334.1 1 1
github.com/JailtonJunior94/ai-spec-harness/internal/taskloop/isolation.go:337.2,337.37 1 1
github.com/JailtonJunior94/ai-spec-harness/internal/taskloop/isolation.go:338.3,339.1 1 1
github.com/JailtonJunior94/ai-spec-harness/internal/taskloop/isolation.go:340.2,340.69 1 1
github.com/JailtonJunior94/ai-spec-harness/internal/taskloop/isolation.go:341.3,342.1 1 1
github.com/JailtonJunior94/ai-spec-harness/internal/taskloop/isolation.go:343.2,343.114 1 1
github.com/JailtonJunior94/ai-spec-harness/internal/taskloop/isolation.go:344.3,345.1 1 1
github.com/JailtonJunior94/ai-spec-harness/internal/taskloop/isolation.go:346.2,346.49 1 1
github.com/JailtonJunior94/ai-spec-harness/internal/taskloop/isolation.go:350.2,353.1 4 1
github.com/JailtonJunior94/ai-spec-harness/internal/taskloop/isolation.go:354.2,354.29 4 1
github.com/JailtonJunior94/ai-spec-harness/internal/taskloop/isolation.go:355.3,356.40 2 1
github.com/JailtonJunior94/ai-spec-harness/internal/taskloop/isolation.go:357.4,357.12 1 1
github.com/JailtonJunior94/ai-spec-harness/internal/taskloop/isolation.go:359.3,360.1 3 1
github.com/JailtonJunior94/ai-spec-harness/internal/taskloop/isolation.go:361.3,362.20 3 1
github.com/JailtonJunior94/ai-spec-harness/internal/taskloop/isolation.go:364.4,364.12 1 0
github.com/JailtonJunior94/ai-spec-harness/internal/taskloop/isolation.go:367.3,368.15 2 1
github.com/JailtonJunior94/ai-spec-harness/internal/taskloop/isolation.go:369.4,370.1 1 0
github.com/JailtonJunior94/ai-spec-harness/internal/taskloop/isolation.go:371.3,371.21 1 1
github.com/JailtonJunior94/ai-spec-harness/internal/taskloop/isolation.go:374.2,374.12 1 1
github.com/JailtonJunior94/ai-spec-harness/internal/taskloop/isolation.go:375.3,376.1 1 0
github.com/JailtonJunior94/ai-spec-harness/internal/taskloop/isolation.go:378.2,378.18 1 1
github.com/JailtonJunior94/ai-spec-harness/internal/taskloop/orchestrator.go:43.2,44.16 2 1
github.com/JailtonJunior94/ai-spec-harness/internal/taskloop/orchestrator.go:45.3,46.1 1 0
github.com/JailtonJunior94/ai-spec-harness/internal/taskloop/orchestrator.go:47.2,48.16 2 1
github.com/JailtonJunior94/ai-spec-harness/internal/taskloop/orchestrator.go:49.3,50.1 1 0
github.com/JailtonJunior94/ai-spec-harness/internal/taskloop/orchestrator.go:51.2,51.19 1 1
github.com/JailtonJunior94/ai-spec-harness/internal/taskloop/orchestrator.go:52.3,53.1 1 0
github.com/JailtonJunior94/ai-spec-harness/internal/taskloop/orchestrator.go:55.2,58.38 4 1
github.com/JailtonJunior94/ai-spec-harness/internal/taskloop/orchestrator.go:59.3,60.1 1 1
github.com/JailtonJunior94/ai-spec-harness/internal/taskloop/orchestrator.go:61.2,61.26 1 1
github.com/JailtonJunior94/ai-spec-harness/internal/taskloop/orchestrator.go:83.2,83.44 1 1
github.com/JailtonJunior94/ai-spec-harness/internal/taskloop/orchestrator.go:84.3,85.1 1 0
github.com/JailtonJunior94/ai-spec-harness/internal/taskloop/orchestrator.go:86.2,86.93 1 1
github.com/JailtonJunior94/ai-spec-harness/internal/taskloop/orchestrator.go:87.3,88.1 1 1
github.com/JailtonJunior94/ai-spec-harness/internal/taskloop/orchestrator.go:89.2,90.31 2 1
github.com/JailtonJunior94/ai-spec-harness/internal/taskloop/orchestrator.go:91.3,91.72 1 1
github.com/JailtonJunior94/ai-spec-harness/internal/taskloop/orchestrator.go:92.4,93.1 1 0
github.com/JailtonJunior94/ai-spec-harness/internal/taskloop/orchestrator.go:94.3,94.41 1 1
github.com/JailtonJunior94/ai-spec-harness/internal/taskloop/orchestrator.go:95.4,96.123 2 1
github.com/JailtonJunior94/ai-spec-harness/internal/taskloop/orchestrator.go:97.5,98.1 1 0
github.com/JailtonJunior94/ai-spec-harness/internal/taskloop/orchestrator.go:99.4,99.34 1 1
github.com/JailtonJunior94/ai-spec-harness/internal/taskloop/orchestrator.go:100.5,100.58 1 1
github.com/JailtonJunior94/ai-spec-harness/internal/taskloop/orchestrator.go:101.6,102.1 1 1
github.com/JailtonJunior94/ai-spec-harness/internal/taskloop/orchestrator.go:104.4,104.29 1 1
github.com/JailtonJunior94/ai-spec-harness/internal/taskloop/orchestrator.go:107.2,107.12 1 0
github.com/JailtonJunior94/ai-spec-harness/internal/taskloop/orchestrator.go:111.2,113.1 2 1
github.com/JailtonJunior94/ai-spec-harness/internal/taskloop/orchestrator.go:126.2,133.1 3 1
github.com/JailtonJunior94/ai-spec-harness/internal/taskloop/orchestrator.go:144.2,144.18 1 1
github.com/JailtonJunior94/ai-spec-harness/internal/taskloop/orchestrator.go:145.3,146.1 1 0
github.com/JailtonJunior94/ai-spec-harness/internal/taskloop/orchestrator.go:147.2,147.36 1 1
github.com/JailtonJunior94/ai-spec-harness/internal/taskloop/orchestrator.go:152.2,153.16 2 1
github.com/JailtonJunior94/ai-spec-harness/internal/taskloop/orchestrator.go:154.3,155.1 1 0
github.com/JailtonJunior94/ai-spec-harness/internal/taskloop/orchestrator.go:156.2,156.82 1 1
github.com/JailtonJunior94/ai-spec-harness/internal/taskloop/orchestrator.go:162.2,162.86 1 1
github.com/JailtonJunior94/ai-spec-harness/internal/taskloop/orchestrator.go:163.3,164.1 1 0
github.com/JailtonJunior94/ai-spec-harness/internal/taskloop/orchestrator.go:165.2,166.16 2 1
github.com/JailtonJunior94/ai-spec-harness/internal/taskloop/orchestrator.go:167.3,168.1 1 1
github.com/JailtonJunior94/ai-spec-harness/internal/taskloop/orchestrator.go:169.2,169.15 1 1
github.com/JailtonJunior94/ai-spec-harness/internal/taskloop/orchestrator.go:170.3,170.63 1 1
github.com/JailtonJunior94/ai-spec-harness/internal/taskloop/orchestrator.go:171.4,172.1 1 0
github.com/JailtonJunior94/ai-spec-harness/internal/taskloop/orchestrator.go:175.2,175.64 1 1
github.com/JailtonJunior94/ai-spec-harness/internal/taskloop/orchestrator.go:180.2,181.16 2 1
github.com/JailtonJunior94/ai-spec-harness/internal/taskloop/orchestrator.go:182.3,183.1 1 0
github.com/JailtonJunior94/ai-spec-harness/internal/taskloop/orchestrator.go:184.2,184.15 1 1
github.com/JailtonJunior94/ai-spec-harness/internal/taskloop/orchestrator.go:185.3,185.63 1 1
github.com/JailtonJunior94/ai-spec-harness/internal/taskloop/orchestrator.go:186.4,187.1 1 0
github.com/JailtonJunior94/ai-spec-harness/internal/taskloop/orchestrator.go:190.2,191.16 2 1
github.com/JailtonJunior94/ai-spec-harness/internal/taskloop/orchestrator.go:192.3,193.1 1 0
github.com/JailtonJunior94/ai-spec-harness/internal/taskloop/orchestrator.go:194.2,194.28 1 1
github.com/JailtonJunior94/ai-spec-harness/internal/taskloop/orchestrator.go:195.3,196.1 1 0
github.com/JailtonJunior94/ai-spec-harness/internal/taskloop/orchestrator.go:197.2,198.32 2 1
github.com/JailtonJunior94/ai-spec-harness/internal/taskloop/orchestrator.go:199.3,200.1 1 1
github.com/JailtonJunior94/ai-spec-harness/internal/taskloop/orchestrator.go:201.2,202.25 2 1
github.com/JailtonJunior94/ai-spec-harness/internal/taskloop/orchestrator.go:203.3,204.41 2 1
github.com/JailtonJunior94/ai-spec-harness/internal/taskloop/orchestrator.go:205.4,208.1 3 0
github.com/JailtonJunior94/ai-spec-harness/internal/taskloop/orchestrator.go:209.3,209.75 1 1
github.com/JailtonJunior94/ai-spec-harness/internal/taskloop/orchestrator.go:210.4,210.12 1 0
github.com/JailtonJunior94/ai-spec-harness/internal/taskloop/orchestrator.go:212.3,213.42 2 1
github.com/JailtonJunior94/ai-spec-harness/internal/taskloop/orchestrator.go:215.2,215.43 1 0
github.com/JailtonJunior94/ai-spec-harness/internal/taskloop/orchestrator.go:219.2,219.47 1 1
github.com/JailtonJunior94/ai-spec-harness/internal/taskloop/orchestrator.go:220.3,220.40 1 0
github.com/JailtonJunior94/ai-spec-harness/internal/taskloop/orchestrator.go:221.4,222.1 1 0
github.com/JailtonJunior94/ai-spec-harness/internal/taskloop/orchestrator.go:223.3,223.55 1 0
github.com/JailtonJunior94/ai-spec-harness/internal/taskloop/orchestrator.go:224.4,225.1 1 0
github.com/JailtonJunior94/ai-spec-harness/internal/taskloop/orchestrator.go:227.2,227.13 1 1
github.com/JailtonJunior94/ai-spec-harness/internal/taskloop/orchestrator.go:231.2,232.16 2 1
github.com/JailtonJunior94/ai-spec-harness/internal/taskloop/orchestrator.go:233.3,234.1 1 0
github.com/JailtonJunior94/ai-spec-harness/internal/taskloop/orchestrator.go:235.2,235.26 1 1
github.com/JailtonJunior94/ai-spec-harness/internal/taskloop/orchestrator.go:236.3,237.1 1 0
github.com/JailtonJunior94/ai-spec-harness/internal/taskloop/orchestrator.go:238.2,238.32 1 1
github.com/JailtonJunior94/ai-spec-harness/internal/taskloop/orchestrator.go:239.3,240.1 1 0
github.com/JailtonJunior94/ai-spec-harness/internal/taskloop/orchestrator.go:241.2,241.48 1 1
github.com/JailtonJunior94/ai-spec-harness/internal/taskloop/orchestrator.go:242.3,243.1 1 1
github.com/JailtonJunior94/ai-spec-harness/internal/taskloop/orchestrator.go:244.2,244.47 1 1
github.com/JailtonJunior94/ai-spec-harness/internal/taskloop/orchestrator.go:247.3,248.75 2 1
github.com/JailtonJunior94/ai-spec-harness/internal/taskloop/orchestrator.go:249.4,250.1 1 0
github.com/JailtonJunior94/ai-spec-harness/internal/taskloop/orchestrator.go:251.3,251.20 1 1
github.com/JailtonJunior94/ai-spec-harness/internal/taskloop/orchestrator.go:253.2,254.37 2 1
github.com/JailtonJunior94/ai-spec-harness/internal/taskloop/orchestrator.go:255.3,256.1 1 0
github.com/JailtonJunior94/ai-spec-harness/internal/taskloop/orchestrator.go:257.2,257.47 1 1
github.com/JailtonJunior94/ai-spec-harness/internal/taskloop/orchestrator.go:258.3,258.40 1 0
github.com/JailtonJunior94/ai-spec-harness/internal/taskloop/orchestrator.go:259.4,259.12 1 0
github.com/JailtonJunior94/ai-spec-harness/internal/taskloop/orchestrator.go:261.3,261.55 1 0
github.com/JailtonJunior94/ai-spec-harness/internal/taskloop/orchestrator.go:262.4,263.1 1 0
github.com/JailtonJunior94/ai-spec-harness/internal/taskloop/orchestrator.go:265.2,269.24 5 1
github.com/JailtonJunior94/ai-spec-harness/internal/taskloop/orchestrator.go:270.3,271.1 1 0
github.com/JailtonJunior94/ai-spec-harness/internal/taskloop/orchestrator.go:272.2,275.52 3 1
github.com/JailtonJunior94/ai-spec-harness/internal/taskloop/orchestrator.go:276.3,277.1 1 0
github.com/JailtonJunior94/ai-spec-harness/internal/taskloop/orchestrator.go:278.2,278.19 1 1
github.com/JailtonJunior94/ai-spec-harness/internal/taskloop/orchestrator.go:284.2,284.64 1 1
github.com/JailtonJunior94/ai-spec-harness/internal/taskloop/orchestrator.go:285.3,286.1 1 0
github.com/JailtonJunior94/ai-spec-harness/internal/taskloop/orchestrator.go:287.2,288.16 2 1
github.com/JailtonJunior94/ai-spec-harness/internal/taskloop/orchestrator.go:289.3,290.1 1 0
github.com/JailtonJunior94/ai-spec-harness/internal/taskloop/orchestrator.go:291.2,291.15 1 1
github.com/JailtonJunior94/ai-spec-harness/internal/taskloop/orchestrator.go:292.3,292.63 1 1
github.com/JailtonJunior94/ai-spec-harness/internal/taskloop/orchestrator.go:293.4,294.1 1 0
github.com/JailtonJunior94/ai-spec-harness/internal/taskloop/orchestrator.go:297.2,297.39 1 1
github.com/JailtonJunior94/ai-spec-harness/internal/taskloop/orchestrator.go:301.2,302.16 2 1
github.com/JailtonJunior94/ai-spec-harness/internal/taskloop/orchestrator.go:303.3,304.1 1 0
github.com/JailtonJunior94/ai-spec-harness/internal/taskloop/orchestrator.go:305.2,305.33 1 1
github.com/JailtonJunior94/ai-spec-harness/internal/taskloop/orchestrator.go:306.3,307.1 1 0
github.com/JailtonJunior94/ai-spec-harness/internal/taskloop/orchestrator.go:308.2,309.131 2 1
github.com/JailtonJunior94/ai-spec-harness/internal/taskloop/orchestrator.go:310.3,311.1 1 0
github.com/JailtonJunior94/ai-spec-harness/internal/taskloop/orchestrator.go:312.2,312.45 1 1
github.com/JailtonJunior94/ai-spec-harness/internal/taskloop/orchestrator.go:313.3,314.1 1 0
github.com/JailtonJunior94/ai-spec-harness/internal/taskloop/orchestrator.go:315.2,315.37 1 1
github.com/JailtonJunior94/ai-spec-harness/internal/taskloop/orchestrator.go:316.3,316.69 1 1
github.com/JailtonJunior94/ai-spec-harness/internal/taskloop/orchestrator.go:317.4,318.1 1 1
github.com/JailtonJunior94/ai-spec-harness/internal/taskloop/orchestrator.go:320.2,320.62 1 1
github.com/JailtonJunior94/ai-spec-harness/internal/taskloop/orchestrator.go:321.3,322.1 1 1
github.com/JailtonJunior94/ai-spec-harness/internal/taskloop/orchestrator.go:323.2,329.52 6 1
github.com/JailtonJunior94/ai-spec-harness/internal/taskloop/orchestrator.go:330.3,331.1 1 0
github.com/JailtonJunior94/ai-spec-harness/internal/taskloop/orchestrator.go:332.2,332.19 1 1
github.com/JailtonJunior94/ai-spec-harness/internal/taskloop/orchestrator.go:340.2,340.64 1 1
github.com/JailtonJunior94/ai-spec-harness/internal/taskloop/orchestrator.go:341.3,342.1 1 0
github.com/JailtonJunior94/ai-spec-harness/internal/taskloop/orchestrator.go:343.2,344.16 2 1
github.com/JailtonJunior94/ai-spec-harness/internal/taskloop/orchestrator.go:345.3,346.1 1 0
github.com/JailtonJunior94/ai-spec-harness/internal/taskloop/orchestrator.go:347.2,348.61 1 1
github.com/JailtonJunior94/ai-spec-harness/internal/taskloop/orchestrator.go:349.3,350.1 1 1
github.com/JailtonJunior94/ai-spec-harness/internal/taskloop/orchestrator.go:351.2,351.100 1 1
github.com/JailtonJunior94/ai-spec-harness/internal/taskloop/orchestrator.go:352.3,353.1 1 0
github.com/JailtonJunior94/ai-spec-harness/internal/taskloop/orchestrator.go:354.2,354.67 1 1
github.com/JailtonJunior94/ai-spec-harness/internal/taskloop/orchestrator.go:355.3,356.1 1 1
github.com/JailtonJunior94/ai-spec-harness/internal/taskloop/orchestrator.go:357.2,357.12 1 1
github.com/JailtonJunior94/ai-spec-harness/internal/taskloop/orchestrator.go:375.2,375.37 1 1
github.com/JailtonJunior94/ai-spec-harness/internal/taskloop/orchestrator.go:376.3,377.1 1 1
github.com/JailtonJunior94/ai-spec-harness/internal/taskloop/orchestrator.go:378.2,378.28 1 1
github.com/JailtonJunior94/ai-spec-harness/internal/taskloop/orchestrator.go:379.3,380.1 1 1
github.com/JailtonJunior94/ai-spec-harness/internal/taskloop/orchestrator.go:381.2,382.16 2 1
github.com/JailtonJunior94/ai-spec-harness/internal/taskloop/orchestrator.go:383.3,384.1 1 0
github.com/JailtonJunior94/ai-spec-harness/internal/taskloop/orchestrator.go:385.2,386.16 2 1
github.com/JailtonJunior94/ai-spec-harness/internal/taskloop/orchestrator.go:387.3,388.1 1 0
github.com/JailtonJunior94/ai-spec-harness/internal/taskloop/orchestrator.go:389.2,390.1 2 1
github.com/JailtonJunior94/ai-spec-harness/internal/taskloop/orchestrator.go:393.2,393.94 2 1
github.com/JailtonJunior94/ai-spec-harness/internal/taskloop/orchestrator.go:394.3,395.1 1 1
github.com/JailtonJunior94/ai-spec-harness/internal/taskloop/orchestrator.go:396.2,397.16 2 1
github.com/JailtonJunior94/ai-spec-harness/internal/taskloop/orchestrator.go:398.3,399.1 1 0
github.com/JailtonJunior94/ai-spec-harness/internal/taskloop/orchestrator.go:400.2,400.21 1 1
github.com/JailtonJunior94/ai-spec-harness/internal/taskloop/orchestrator.go:401.3,402.1 1 0
github.com/JailtonJunior94/ai-spec-harness/internal/taskloop/orchestrator.go:403.2,407.20 5 1
github.com/JailtonJunior94/ai-spec-harness/internal/taskloop/orchestrator.go:414.2,414.62 1 1
github.com/JailtonJunior94/ai-spec-harness/internal/taskloop/orchestrator.go:415.3,416.1 1 1
github.com/JailtonJunior94/ai-spec-harness/internal/taskloop/orchestrator.go:417.2,418.16 2 1
github.com/JailtonJunior94/ai-spec-harness/internal/taskloop/orchestrator.go:419.3,420.1 1 0
github.com/JailtonJunior94/ai-spec-harness/internal/taskloop/orchestrator.go:421.2,422.16 2 1
github.com/JailtonJunior94/ai-spec-harness/internal/taskloop/orchestrator.go:423.3,424.1 1 0
github.com/JailtonJunior94/ai-spec-harness/internal/taskloop/orchestrator.go:425.2,426.106 2 1
github.com/JailtonJunior94/ai-spec-harness/internal/taskloop/orchestrator.go:427.3,428.1 1 1
github.com/JailtonJunior94/ai-spec-harness/internal/taskloop/orchestrator.go:429.2,429.12 1 1
github.com/JailtonJunior94/ai-spec-harness/internal/taskloop/orchestrator.go:433.2,434.16 2 1
github.com/JailtonJunior94/ai-spec-harness/internal/taskloop/orchestrator.go:435.3,436.1 1 0
github.com/JailtonJunior94/ai-spec-harness/internal/taskloop/orchestrator.go:437.2,438.16 2 1
github.com/JailtonJunior94/ai-spec-harness/internal/taskloop/orchestrator.go:439.3,440.1 1 0
github.com/JailtonJunior94/ai-spec-harness/internal/taskloop/orchestrator.go:441.2,442.16 2 1
github.com/JailtonJunior94/ai-spec-harness/internal/taskloop/orchestrator.go:443.3,444.1 1 0
github.com/JailtonJunior94/ai-spec-harness/internal/taskloop/orchestrator.go:445.2,446.29 2 1
github.com/JailtonJunior94/ai-spec-harness/internal/taskloop/orchestrator.go:455.2,456.16 2 1
github.com/JailtonJunior94/ai-spec-harness/internal/taskloop/orchestrator.go:457.3,458.1 1 0
github.com/JailtonJunior94/ai-spec-harness/internal/taskloop/orchestrator.go:459.2,460.44 2 1
github.com/JailtonJunior94/ai-spec-harness/internal/taskloop/orchestrator.go:461.3,462.43 2 1
github.com/JailtonJunior94/ai-spec-harness/internal/taskloop/orchestrator.go:463.4,464.1 1 1
github.com/JailtonJunior94/ai-spec-harness/internal/taskloop/orchestrator.go:466.2,467.53 2 1
github.com/JailtonJunior94/ai-spec-harness/internal/taskloop/orchestrator.go:468.3,469.1 1 0
github.com/JailtonJunior94/ai-spec-harness/internal/taskloop/orchestrator.go:470.2,471.49 2 1
github.com/JailtonJunior94/ai-spec-harness/internal/taskloop/orchestrator.go:472.3,473.27 2 0
github.com/JailtonJunior94/ai-spec-harness/internal/taskloop/orchestrator.go:474.4,475.110 2 0
github.com/JailtonJunior94/ai-spec-harness/internal/taskloop/orchestrator.go:476.5,477.1 1 0
github.com/JailtonJunior94/ai-spec-harness/internal/taskloop/orchestrator.go:478.4,478.19 1 0
github.com/JailtonJunior94/ai-spec-harness/internal/taskloop/orchestrator.go:480.3,481.17 2 0
github.com/JailtonJunior94/ai-spec-harness/internal/taskloop/orchestrator.go:482.4,483.1 1 0
github.com/JailtonJunior94/ai-spec-harness/internal/taskloop/orchestrator.go:485.2,486.16 2 1
github.com/JailtonJunior94/ai-spec-harness/internal/taskloop/orchestrator.go:487.3,488.1 1 0
github.com/JailtonJunior94/ai-spec-harness/internal/taskloop/orchestrator.go:489.2,490.16 2 1
github.com/JailtonJunior94/ai-spec-harness/internal/taskloop/orchestrator.go:491.3,492.1 1 0
github.com/JailtonJunior94/ai-spec-harness/internal/taskloop/orchestrator.go:493.2,493.75 1 1
github.com/JailtonJunior94/ai-spec-harness/internal/taskloop/orchestrator.go:494.3,495.25 2 1
github.com/JailtonJunior94/ai-spec-harness/internal/taskloop/orchestrator.go:496.4,497.1 1 0
github.com/JailtonJunior94/ai-spec-harness/internal/taskloop/orchestrator.go:498.3,498.42 1 1
github.com/JailtonJunior94/ai-spec-harness/internal/taskloop/orchestrator.go:500.2,501.24 2 1
github.com/JailtonJunior94/ai-spec-harness/internal/taskloop/orchestrator.go:502.3,503.1 1 0
github.com/JailtonJunior94/ai-spec-harness/internal/taskloop/orchestrator.go:504.2,506.24 3 1
github.com/JailtonJunior94/ai-spec-harness/internal/taskloop/orchestrator.go:507.3,508.1 1 0
github.com/JailtonJunior94/ai-spec-harness/internal/taskloop/orchestrator.go:509.2,510.28 2 1
github.com/JailtonJunior94/ai-spec-harness/internal/taskloop/orchestrator.go:518.2,521.16 4 1
github.com/JailtonJunior94/ai-spec-harness/internal/taskloop/orchestrator.go:522.3,523.1 1 0
github.com/JailtonJunior94/ai-spec-harness/internal/taskloop/orchestrator.go:524.2,524.19 1 1
github.com/JailtonJunior94/ai-spec-harness/internal/taskloop/orchestrator.go:529.2,530.29 2 1
github.com/JailtonJunior94/ai-spec-harness/internal/taskloop/orchestrator.go:531.3,532.1 1 1
github.com/JailtonJunior94/ai-spec-harness/internal/taskloop/orchestrator.go:533.2,534.28 2 1
github.com/JailtonJunior94/ai-spec-harness/internal/taskloop/orchestrator.go:535.3,536.1 1 1
github.com/JailtonJunior94/ai-spec-harness/internal/taskloop/orchestrator.go:537.2,537.13 1 1
github.com/JailtonJunior94/ai-spec-harness/internal/taskloop/orchestrator.go:541.2,544.16 4 1
github.com/JailtonJunior94/ai-spec-harness/internal/taskloop/orchestrator.go:545.3,546.1 1 0
github.com/JailtonJunior94/ai-spec-harness/internal/taskloop/orchestrator.go:547.2,548.16 2 1
github.com/JailtonJunior94/ai-spec-harness/internal/taskloop/orchestrator.go:549.3,550.1 1 0
github.com/JailtonJunior94/ai-spec-harness/internal/taskloop/orchestrator.go:551.2,554.33 4 1
github.com/JailtonJunior94/ai-spec-harness/internal/taskloop/orchestrator.go:555.3,556.49 2 1
github.com/JailtonJunior94/ai-spec-harness/internal/taskloop/orchestrator.go:557.4,557.12 1 1
github.com/JailtonJunior94/ai-spec-harness/internal/taskloop/orchestrator.go:559.3,562.24 4 1
github.com/JailtonJunior94/ai-spec-harness/internal/taskloop/orchestrator.go:563.4,564.67 2 1
github.com/JailtonJunior94/ai-spec-harness/internal/taskloop/orchestrator.go:565.5,566.1 1 0
github.com/JailtonJunior94/ai-spec-harness/internal/taskloop/orchestrator.go:568.3,568.35 1 1
github.com/JailtonJunior94/ai-spec-harness/internal/taskloop/orchestrator.go:570.2,570.19 1 1
github.com/JailtonJunior94/ai-spec-harness/internal/taskloop/orchestrator.go:574.2,574.20 1 1
github.com/JailtonJunior94/ai-spec-harness/internal/taskloop/orchestrator.go:575.3,576.1 1 1
github.com/JailtonJunior94/ai-spec-harness/internal/taskloop/orchestrator.go:577.2,577.37 1 1
github.com/JailtonJunior94/ai-spec-harness/internal/taskloop/orchestrator.go:578.3,579.68 1 1
github.com/JailtonJunior94/ai-spec-harness/internal/taskloop/orchestrator.go:580.4,581.1 1 1
github.com/JailtonJunior94/ai-spec-harness/internal/taskloop/orchestrator.go:582.3,584.44 1 1
github.com/JailtonJunior94/ai-spec-harness/internal/taskloop/orchestrator.go:585.4,586.1 1 1
github.com/JailtonJunior94/ai-spec-harness/internal/taskloop/orchestrator.go:588.2,588.14 1 1
github.com/JailtonJunior94/ai-spec-harness/internal/taskloop/orchestrator.go:593.2,595.1 2 1
github.com/JailtonJunior94/ai-spec-harness/internal/taskloop/orchestrator.go:598.2,601.16 4 1
github.com/JailtonJunior94/ai-spec-harness/internal/taskloop/orchestrator.go:602.3,603.1 1 1
github.com/JailtonJunior94/ai-spec-harness/internal/taskloop/orchestrator.go:604.2,604.20 1 1
github.com/JailtonJunior94/ai-spec-harness/internal/taskloop/orchestrator.go:608.2,609.16 2 1
github.com/JailtonJunior94/ai-spec-harness/internal/taskloop/orchestrator.go:610.3,611.1 1 0
github.com/JailtonJunior94/ai-spec-harness/internal/taskloop/orchestrator.go:612.2,613.16 2 1
github.com/JailtonJunior94/ai-spec-harness/internal/taskloop/orchestrator.go:614.3,615.1 1 0
github.com/JailtonJunior94/ai-spec-harness/internal/taskloop/orchestrator.go:616.2,617.16 2 1
github.com/JailtonJunior94/ai-spec-harness/internal/taskloop/orchestrator.go:618.3,619.1 1 0
github.com/JailtonJunior94/ai-spec-harness/internal/taskloop/orchestrator.go:620.2,621.89 2 1
github.com/JailtonJunior94/ai-spec-harness/internal/taskloop/orchestrator.go:622.3,623.1 1 0
github.com/JailtonJunior94/ai-spec-harness/internal/taskloop/orchestrator.go:624.2,624.12 1 1
github.com/JailtonJunior94/ai-spec-harness/internal/taskloop/orchestrator.go:628.2,629.16 2 1
github.com/JailtonJunior94/ai-spec-harness/internal/taskloop/orchestrator.go:630.3,631.1 1 0
github.com/JailtonJunior94/ai-spec-harness/internal/taskloop/orchestrator.go:632.2,633.44 2 1
github.com/JailtonJunior94/ai-spec-harness/internal/taskloop/orchestrator.go:634.3,635.24 2 1
github.com/JailtonJunior94/ai-spec-harness/internal/taskloop/orchestrator.go:636.4,637.1 1 0
github.com/JailtonJunior94/ai-spec-harness/internal/taskloop/orchestrator.go:638.3,639.21 2 1
github.com/JailtonJunior94/ai-spec-harness/internal/taskloop/orchestrator.go:640.4,641.1 1 0
github.com/JailtonJunior94/ai-spec-harness/internal/taskloop/orchestrator.go:642.3,643.94 2 1
github.com/JailtonJunior94/ai-spec-harness/internal/taskloop/orchestrator.go:645.2,645.44 1 1
github.com/JailtonJunior94/ai-spec-harness/internal/taskloop/orchestrator.go:646.3,647.47 2 1
github.com/JailtonJunior94/ai-spec-harness/internal/taskloop/orchestrator.go:648.4,649.1 1 0
github.com/JailtonJunior94/ai-spec-harness/internal/taskloop/orchestrator.go:651.2,651.37 1 1
github.com/JailtonJunior94/ai-spec-harness/internal/taskloop/orchestrator.go:652.3,653.34 2 1
github.com/JailtonJunior94/ai-spec-harness/internal/taskloop/orchestrator.go:654.4,654.36 1 1
github.com/JailtonJunior94/ai-spec-harness/internal/taskloop/orchestrator.go:655.5,656.10 2 1
github.com/JailtonJunior94/ai-spec-harness/internal/taskloop/orchestrator.go:659.3,659.15 1 1
github.com/JailtonJunior94/ai-spec-harness/internal/taskloop/orchestrator.go:660.4,661.1 1 1
github.com/JailtonJunior94/ai-spec-harness/internal/taskloop/orchestrator.go:663.2,663.12 1 1
github.com/JailtonJunior94/ai-spec-harness/internal/taskloop/orchestrator.go:667.2,670.16 4 1
github.com/JailtonJunior94/ai-spec-harness/internal/taskloop/orchestrator.go:671.3,672.1 1 1
github.com/JailtonJunior94/ai-spec-harness/internal/taskloop/orchestrator.go:673.2,673.29 1 0
github.com/JailtonJunior94/ai-spec-harness/internal/taskloop/orchestrator.go:677.2,682.54 3 1
github.com/JailtonJunior94/ai-spec-harness/internal/taskloop/orchestrator.go:683.3,684.1 1 1
github.com/JailtonJunior94/ai-spec-harness/internal/taskloop/orchestrator.go:685.2,685.57 1 1
github.com/JailtonJunior94/ai-spec-harness/internal/taskloop/orchestrator.go:686.3,686.22 1 1
github.com/JailtonJunior94/ai-spec-harness/internal/taskloop/orchestrator.go:687.4,688.1 1 1
github.com/JailtonJunior94/ai-spec-harness/internal/taskloop/orchestrator.go:690.2,691.16 2 1
github.com/JailtonJunior94/ai-spec-harness/internal/taskloop/orchestrator.go:692.3,693.1 1 0
github.com/JailtonJunior94/ai-spec-harness/internal/taskloop/orchestrator.go:694.2,695.16 2 1
github.com/JailtonJunior94/ai-spec-harness/internal/taskloop/orchestrator.go:696.3,697.1 1 0
github.com/JailtonJunior94/ai-spec-harness/internal/taskloop/orchestrator.go:698.2,699.90 2 1
github.com/JailtonJunior94/ai-spec-harness/internal/taskloop/orchestrator.go:700.3,701.1 1 0
github.com/JailtonJunior94/ai-spec-harness/internal/taskloop/orchestrator.go:702.2,703.44 2 1
github.com/JailtonJunior94/ai-spec-harness/internal/taskloop/orchestrator.go:704.3,705.1 1 0
github.com/JailtonJunior94/ai-spec-harness/internal/taskloop/orchestrator.go:706.2,706.22 1 1
github.com/JailtonJunior94/ai-spec-harness/internal/taskloop/orchestrator.go:710.2,710.64 1 1
github.com/JailtonJunior94/ai-spec-harness/internal/taskloop/orchestrator.go:711.3,712.1 1 0
github.com/JailtonJunior94/ai-spec-harness/internal/taskloop/orchestrator.go:713.2,713.62 1 1
github.com/JailtonJunior94/ai-spec-harness/internal/taskloop/orchestrator.go:714.3,715.1 1 0
github.com/JailtonJunior94/ai-spec-harness/internal/taskloop/orchestrator.go:716.2,716.83 1 1
github.com/JailtonJunior94/ai-spec-harness/internal/taskloop/orchestrator.go:717.3,717.24 1 1
github.com/JailtonJunior94/ai-spec-harness/internal/taskloop/orchestrator.go:718.4,719.1 1 0
github.com/JailtonJunior94/ai-spec-harness/internal/taskloop/orchestrator.go:720.3,720.53 1 1
github.com/JailtonJunior94/ai-spec-harness/internal/taskloop/orchestrator.go:721.4,722.1 1 0
github.com/JailtonJunior94/ai-spec-harness/internal/taskloop/orchestrator.go:724.2,724.13 1 1
github.com/JailtonJunior94/ai-spec-harness/internal/taskloop/orchestrator.go:728.2,730.1 1 1
github.com/JailtonJunior94/ai-spec-harness/internal/taskloop/orchestrator.go:733.2,733.37 1 1
github.com/JailtonJunior94/ai-spec-harness/internal/taskloop/orchestrator.go:734.3,734.133 1 1
github.com/JailtonJunior94/ai-spec-harness/internal/taskloop/orchestrator.go:735.4,736.1 1 1
github.com/JailtonJunior94/ai-spec-harness/internal/taskloop/orchestrator.go:738.2,738.14 1 1
github.com/JailtonJunior94/ai-spec-harness/internal/taskloop/orchestrator.go:742.2,742.37 1 1
github.com/JailtonJunior94/ai-spec-harness/internal/taskloop/orchestrator.go:743.3,743.207 1 1
github.com/JailtonJunior94/ai-spec-harness/internal/taskloop/orchestrator.go:744.4,745.1 1 1
github.com/JailtonJunior94/ai-spec-harness/internal/taskloop/orchestrator.go:747.2,747.14 1 1
github.com/JailtonJunior94/ai-spec-harness/internal/taskloop/orchestrator.go:754.2,754.47 1 1
github.com/JailtonJunior94/ai-spec-harness/internal/taskloop/orchestrator.go:755.3,756.1 1 0
github.com/JailtonJunior94/ai-spec-harness/internal/taskloop/orchestrator.go:757.2,758.16 2 1
github.com/JailtonJunior94/ai-spec-harness/internal/taskloop/orchestrator.go:759.3,760.1 1 0
github.com/JailtonJunior94/ai-spec-harness/internal/taskloop/orchestrator.go:761.2,762.19 2 1
github.com/JailtonJunior94/ai-spec-harness/internal/taskloop/orchestrator.go:763.3,764.1 1 0
github.com/JailtonJunior94/ai-spec-harness/internal/taskloop/orchestrator.go:765.2,766.16 2 1
github.com/JailtonJunior94/ai-spec-harness/internal/taskloop/orchestrator.go:767.3,768.1 1 0
github.com/JailtonJunior94/ai-spec-harness/internal/taskloop/orchestrator.go:769.2,770.16 2 1
github.com/JailtonJunior94/ai-spec-harness/internal/taskloop/orchestrator.go:771.3,772.1 1 0
github.com/JailtonJunior94/ai-spec-harness/internal/taskloop/orchestrator.go:773.2,773.77 1 1
github.com/JailtonJunior94/ai-spec-harness/internal/taskloop/orchestrator.go:780.2,781.16 2 0
github.com/JailtonJunior94/ai-spec-harness/internal/taskloop/orchestrator.go:782.3,783.1 1 0
github.com/JailtonJunior94/ai-spec-harness/internal/taskloop/orchestrator.go:784.2,784.17 1 0
github.com/JailtonJunior94/ai-spec-harness/internal/taskloop/orchestrator_lock_unix.go:13.2,14.16 2 1
github.com/JailtonJunior94/ai-spec-harness/internal/taskloop/orchestrator_lock_unix.go:15.3,16.1 1 0
github.com/JailtonJunior94/ai-spec-harness/internal/taskloop/orchestrator_lock_unix.go:17.2,17.84 1 1
github.com/JailtonJunior94/ai-spec-harness/internal/taskloop/orchestrator_lock_unix.go:18.3,19.76 2 1
github.com/JailtonJunior94/ai-spec-harness/internal/taskloop/orchestrator_lock_unix.go:20.4,21.1 1 1
github.com/JailtonJunior94/ai-spec-harness/internal/taskloop/orchestrator_lock_unix.go:22.3,22.70 1 0
github.com/JailtonJunior94/ai-spec-harness/internal/taskloop/orchestrator_lock_unix.go:24.2,24.22 1 1
github.com/JailtonJunior94/ai-spec-harness/internal/taskloop/orchestrator_lock_unix.go:25.3,25.69 1 1
github.com/JailtonJunior94/ai-spec-harness/internal/taskloop/orchestrator_lock_unix.go:26.4,28.1 2 0
github.com/JailtonJunior94/ai-spec-harness/internal/taskloop/orchestrator_lock_unix.go:29.3,29.35 1 1
github.com/JailtonJunior94/ai-spec-harness/internal/taskloop/orchestrator_lock_unix.go:30.4,31.1 1 0
github.com/JailtonJunior94/ai-spec-harness/internal/taskloop/orchestrator_lock_unix.go:32.3,32.13 1 1
github.com/JailtonJunior94/ai-spec-harness/internal/taskloop/parser.go:35.2,38.1 5 1
github.com/JailtonJunior94/ai-spec-harness/internal/taskloop/parser.go:41.2,42.1 5 1
github.com/JailtonJunior94/ai-spec-harness/internal/taskloop/parser.go:44.2,44.29 5 1
github.com/JailtonJunior94/ai-spec-harness/internal/taskloop/parser.go:45.3,46.36 2 1
github.com/JailtonJunior94/ai-spec-harness/internal/taskloop/parser.go:47.4,47.12 1 1
github.com/JailtonJunior94/ai-spec-harness/internal/taskloop/parser.go:49.3,50.67 2 1
github.com/JailtonJunior94/ai-spec-harness/internal/taskloop/parser.go:51.4,51.9 1 1
github.com/JailtonJunior94/ai-spec-harness/internal/taskloop/parser.go:55.2,55.29 1 1
github.com/JailtonJunior94/ai-spec-harness/internal/taskloop/parser.go:56.3,57.37 2 1
github.com/JailtonJunior94/ai-spec-harness/internal/taskloop/parser.go:58.4,58.12 1 1
github.com/JailtonJunior94/ai-spec-harness/internal/taskloop/parser.go:61.3,62.1 2 1
github.com/JailtonJunior94/ai-spec-harness/internal/taskloop/parser.go:64.3,64.46 2 1
github.com/JailtonJunior94/ai-spec-harness/internal/taskloop/parser.go:65.4,65.12 1 1
github.com/JailtonJunior94/ai-spec-harness/internal/taskloop/parser.go:68.3,69.15 2 1
github.com/JailtonJunior94/ai-spec-harness/internal/taskloop/parser.go:70.4,70.12 1 1
github.com/JailtonJunior94/ai-spec-harness/internal/taskloop/parser.go:72.3,73.1 5 1
github.com/JailtonJunior94/ai-spec-harness/internal/taskloop/parser.go:74.3,77.1 5 1
github.com/JailtonJunior94/ai-spec-harness/internal/taskloop/parser.go:78.3,83.5 5 1
github.com/JailtonJunior94/ai-spec-harness/internal/taskloop/parser.go:86.2,86.23 1 1
github.com/JailtonJunior94/ai-spec-harness/internal/taskloop/parser.go:87.3,88.1 1 1
github.com/JailtonJunior94/ai-spec-harness/internal/taskloop/parser.go:89.2,89.21 1 1
github.com/JailtonJunior94/ai-spec-harness/internal/taskloop/parser.go:94.2,95.22 2 1
github.com/JailtonJunior94/ai-spec-harness/internal/taskloop/parser.go:96.3,97.1 1 1
github.com/JailtonJunior94/ai-spec-harness/internal/taskloop/parser.go:98.2,99.1 2 1
github.com/JailtonJunior94/ai-spec-harness/internal/taskloop/parser.go:100.2,100.45 2 1
github.com/JailtonJunior94/ai-spec-harness/internal/taskloop/parser.go:101.3,102.48 2 1
github.com/JailtonJunior94/ai-spec-harness/internal/taskloop/parser.go:103.4,104.1 1 1
github.com/JailtonJunior94/ai-spec-harness/internal/taskloop/parser.go:106.2,107.22 2 1
github.com/JailtonJunior94/ai-spec-harness/internal/taskloop/parser.go:108.3,109.1 1 1
github.com/JailtonJunior94/ai-spec-harness/internal/taskloop/parser.go:110.2,110.48 1 1
github.com/JailtonJunior94/ai-spec-harness/internal/taskloop/parser.go:117.2,118.26 2 1
github.com/JailtonJunior94/ai-spec-harness/internal/taskloop/parser.go:119.3,120.1 1 1
github.com/JailtonJunior94/ai-spec-harness/internal/taskloop/parser.go:122.2,124.26 3 1
github.com/JailtonJunior94/ai-spec-harness/internal/taskloop/parser.go:125.3,125.65 1 1
github.com/JailtonJunior94/ai-spec-harness/internal/taskloop/parser.go:126.4,126.12 1 1
github.com/JailtonJunior94/ai-spec-harness/internal/taskloop/parser.go:128.3,129.38 2 1
github.com/JailtonJunior94/ai-spec-harness/internal/taskloop/parser.go:130.4,130.32 1 1
github.com/JailtonJunior94/ai-spec-harness/internal/taskloop/parser.go:131.5,132.10 2 1
github.com/JailtonJunior94/ai-spec-harness/internal/taskloop/parser.go:135.3,135.18 1 1
github.com/JailtonJunior94/ai-spec-harness/internal/taskloop/parser.go:136.4,136.33 1 1
github.com/JailtonJunior94/ai-spec-harness/internal/taskloop/parser.go:137.5,138.13 2 1
github.com/JailtonJunior94/ai-spec-harness/internal/taskloop/parser.go:140.4,140.32 1 1
github.com/JailtonJunior94/ai-spec-harness/internal/taskloop/parser.go:143.2,143.39 1 1
github.com/JailtonJunior94/ai-spec-harness/internal/taskloop/parser.go:147.2,148.1 1 1
github.com/JailtonJunior94/ai-spec-harness/internal/taskloop/parser.go:151.2,152.28 2 1
github.com/JailtonJunior94/ai-spec-harness/internal/taskloop/parser.go:153.3,153.60 1 1
github.com/JailtonJunior94/ai-spec-harness/internal/taskloop/parser.go:154.4,154.12 1 1
github.com/JailtonJunior94/ai-spec-harness/internal/taskloop/parser.go:156.3,157.17 2 1
github.com/JailtonJunior94/ai-spec-harness/internal/taskloop/parser.go:158.4,158.12 1 1
github.com/JailtonJunior94/ai-spec-harness/internal/taskloop/parser.go:160.3,160.82 1 1
github.com/JailtonJunior94/ai-spec-harness/internal/taskloop/parser.go:161.4,162.1 1 1
github.com/JailtonJunior94/ai-spec-harness/internal/taskloop/parser.go:164.2,164.19 1 1
github.com/JailtonJunior94/ai-spec-harness/internal/taskloop/parser.go:170.2,171.1 3 1
github.com/JailtonJunior94/ai-spec-harness/internal/taskloop/parser.go:172.2,173.16 3 1
github.com/JailtonJunior94/ai-spec-harness/internal/taskloop/parser.go:174.3,175.1 1 0
github.com/JailtonJunior94/ai-spec-harness/internal/taskloop/parser.go:177.2,177.28 1 1
github.com/JailtonJunior94/ai-spec-harness/internal/taskloop/parser.go:178.3,178.16 1 1
github.com/JailtonJunior94/ai-spec-harness/internal/taskloop/parser.go:179.4,179.12 1 0
github.com/JailtonJunior94/ai-spec-harness/internal/taskloop/parser.go:181.3,182.38 2 1
github.com/JailtonJunior94/ai-spec-harness/internal/taskloop/parser.go:183.4,183.12 1 1
github.com/JailtonJunior94/ai-spec-harness/internal/taskloop/parser.go:186.3,186.70 1 1
github.com/JailtonJunior94/ai-spec-harness/internal/taskloop/parser.go:187.4,187.12 1 1
github.com/JailtonJunior94/ai-spec-harness/internal/taskloop/parser.go:189.3,189.92 1 1
github.com/JailtonJunior94/ai-spec-harness/internal/taskloop/parser.go:190.4,190.12 1 1
github.com/JailtonJunior94/ai-spec-harness/internal/taskloop/parser.go:193.3,193.60 1 1
github.com/JailtonJunior94/ai-spec-harness/internal/taskloop/parser.go:194.4,195.1 1 1
github.com/JailtonJunior94/ai-spec-harness/internal/taskloop/parser.go:198.2,198.94 1 1
github.com/JailtonJunior94/ai-spec-harness/internal/taskloop/parser.go:203.2,203.32 1 1
github.com/JailtonJunior94/ai-spec-harness/internal/taskloop/parser.go:204.3,205.1 1 1
github.com/JailtonJunior94/ai-spec-harness/internal/taskloop/parser.go:208.2,208.75 1 1
github.com/JailtonJunior94/ai-spec-harness/internal/taskloop/parser.go:209.3,210.1 1 1
github.com/JailtonJunior94/ai-spec-harness/internal/taskloop/parser.go:213.2,213.75 1 1
github.com/JailtonJunior94/ai-spec-harness/internal/taskloop/parser.go:214.3,215.1 1 0
github.com/JailtonJunior94/ai-spec-harness/internal/taskloop/parser.go:218.2,219.79 2 1
github.com/JailtonJunior94/ai-spec-harness/internal/taskloop/parser.go:220.3,221.1 1 1
github.com/JailtonJunior94/ai-spec-harness/internal/taskloop/parser.go:224.2,226.40 3 1
github.com/JailtonJunior94/ai-spec-harness/internal/taskloop/parser.go:227.3,229.72 3 1
github.com/JailtonJunior94/ai-spec-harness/internal/taskloop/parser.go:230.4,231.1 1 1
github.com/JailtonJunior94/ai-spec-harness/internal/taskloop/parser.go:232.3,232.42 1 1
github.com/JailtonJunior94/ai-spec-harness/internal/taskloop/parser.go:233.4,234.20 2 1
github.com/JailtonJunior94/ai-spec-harness/internal/taskloop/parser.go:235.5,236.1 1 0
github.com/JailtonJunior94/ai-spec-harness/internal/taskloop/parser.go:237.4,237.24 1 1
github.com/JailtonJunior94/ai-spec-harness/internal/taskloop/parser.go:238.5,239.1 1 1
github.com/JailtonJunior94/ai-spec-harness/internal/taskloop/parser.go:243.2,243.14 1 1
github.com/JailtonJunior94/ai-spec-harness/internal/taskloop/parser.go:252.2,254.27 3 1
github.com/JailtonJunior94/ai-spec-harness/internal/taskloop/parser.go:255.3,256.12 2 1
github.com/JailtonJunior94/ai-spec-harness/internal/taskloop/parser.go:258.4,259.22 2 1
github.com/JailtonJunior94/ai-spec-harness/internal/taskloop/parser.go:261.4,261.20 1 1
github.com/JailtonJunior94/ai-spec-harness/internal/taskloop/parser.go:264.2,264.18 1 1
github.com/JailtonJunior94/ai-spec-harness/internal/taskloop/parser.go:265.3,266.1 1 1
github.com/JailtonJunior94/ai-spec-harness/internal/taskloop/parser.go:267.2,268.13 2 1
github.com/JailtonJunior94/ai-spec-harness/internal/taskloop/parser.go:272.2,272.85 1 1
github.com/JailtonJunior94/ai-spec-harness/internal/taskloop/parser.go:273.3,274.1 1 1
github.com/JailtonJunior94/ai-spec-harness/internal/taskloop/parser.go:275.2,277.26 3 1
github.com/JailtonJunior94/ai-spec-harness/internal/taskloop/parser.go:278.3,279.14 2 1
github.com/JailtonJunior94/ai-spec-harness/internal/taskloop/parser.go:280.4,280.12 1 0
github.com/JailtonJunior94/ai-spec-harness/internal/taskloop/parser.go:282.3,282.25 1 1
github.com/JailtonJunior94/ai-spec-harness/internal/taskloop/parser.go:284.2,284.13 1 1
github.com/JailtonJunior94/ai-spec-harness/internal/taskloop/parser.go:288.2,289.11 2 1
github.com/JailtonJunior94/ai-spec-harness/internal/taskloop/parser.go:291.3,291.16 1 1
github.com/JailtonJunior94/ai-spec-harness/internal/taskloop/parser.go:293.3,293.23 1 1
github.com/JailtonJunior94/ai-spec-harness/internal/taskloop/parser.go:295.3,295.19 1 1
github.com/JailtonJunior94/ai-spec-harness/internal/taskloop/parser.go:297.3,297.19 1 1
github.com/JailtonJunior94/ai-spec-harness/internal/taskloop/parser.go:299.3,299.18 1 1
github.com/JailtonJunior94/ai-spec-harness/internal/taskloop/parser.go:301.3,301.23 1 0
github.com/JailtonJunior94/ai-spec-harness/internal/taskloop/parser.go:303.2,303.10 1 1
github.com/JailtonJunior94/ai-spec-harness/internal/taskloop/parser.go:308.2,308.26 1 1
github.com/JailtonJunior94/ai-spec-harness/internal/taskloop/parser.go:309.3,309.19 1 1
github.com/JailtonJunior94/ai-spec-harness/internal/taskloop/parser.go:311.4,311.12 1 1
github.com/JailtonJunior94/ai-spec-harness/internal/taskloop/parser.go:313.4,313.16 1 1
github.com/JailtonJunior94/ai-spec-harness/internal/taskloop/parser.go:316.2,316.13 1 1
github.com/JailtonJunior94/ai-spec-harness/internal/taskloop/parser.go:321.2,322.16 2 1
github.com/JailtonJunior94/ai-spec-harness/internal/taskloop/parser.go:323.3,324.1 1 1
github.com/JailtonJunior94/ai-spec-harness/internal/taskloop/parser.go:325.2,325.46 1 1
github.com/JailtonJunior94/ai-spec-harness/internal/taskloop/profile.go:34.2,35.1 1 1
github.com/JailtonJunior94/ai-spec-harness/internal/taskloop/profile.go:50.2,50.46 1 1
github.com/JailtonJunior94/ai-spec-harness/internal/taskloop/profile.go:51.3,52.1 1 1
github.com/JailtonJunior94/ai-spec-harness/internal/taskloop/profile.go:54.2,55.9 2 1
github.com/JailtonJunior94/ai-spec-harness/internal/taskloop/profile.go:56.3,57.1 1 1
github.com/JailtonJunior94/ai-spec-harness/internal/taskloop/profile.go:59.2,64.8 1 1
github.com/JailtonJunior94/ai-spec-harness/internal/taskloop/profile.go:68.43,68.58 1 1
github.com/JailtonJunior94/ai-spec-harness/internal/taskloop/profile.go:71.43,71.58 1 1
github.com/JailtonJunior94/ai-spec-harness/internal/taskloop/profile.go:74.47,74.66 1 1
github.com/JailtonJunior94/ai-spec-harness/internal/taskloop/profile.go:77.44,77.60 1 1
github.com/JailtonJunior94/ai-spec-harness/internal/taskloop/profile.go:90.2,90.13 1 1
github.com/JailtonJunior94/ai-spec-harness/internal/taskloop/profile.go:92.3,92.42 1 1
github.com/JailtonJunior94/ai-spec-harness/internal/taskloop/profile.go:94.3,94.98 1 0
github.com/JailtonJunior94/ai-spec-harness/internal/taskloop/profile.go:104.2,108.1 3 1
github.com/JailtonJunior94/ai-spec-harness/internal/taskloop/profile.go:110.2,111.15 3 1
github.com/JailtonJunior94/ai-spec-harness/internal/taskloop/profile.go:112.3,113.1 1 0
github.com/JailtonJunior94/ai-spec-harness/internal/taskloop/profile.go:115.2,116.16 2 1
github.com/JailtonJunior94/ai-spec-harness/internal/taskloop/profile.go:117.3,118.1 1 0
github.com/JailtonJunior94/ai-spec-harness/internal/taskloop/profile.go:122.2,122.97 1 1
github.com/JailtonJunior94/ai-spec-harness/internal/taskloop/profile.go:123.3,124.1 1 1
github.com/JailtonJunior94/ai-spec-harness/internal/taskloop/profile.go:127.2,129.1 4 1
github.com/JailtonJunior94/ai-spec-harness/internal/taskloop/profile.go:130.2,131.16 4 1
github.com/JailtonJunior94/ai-spec-harness/internal/taskloop/profile.go:132.3,133.1 1 0
github.com/JailtonJunior94/ai-spec-harness/internal/taskloop/profile.go:135.2,139.8 1 1
github.com/JailtonJunior94/ai-spec-harness/internal/taskloop/profile.go:147.2,147.53 1 1
github.com/JailtonJunior94/ai-spec-harness/internal/taskloop/profile.go:148.3,149.1 1 1
github.com/JailtonJunior94/ai-spec-harness/internal/taskloop/profile.go:152.2,152.39 1 1
github.com/JailtonJunior94/ai-spec-harness/internal/taskloop/profile.go:153.3,154.1 1 1
github.com/JailtonJunior94/ai-spec-harness/internal/taskloop/profile.go:157.2,157.37 1 1
github.com/JailtonJunior94/ai-spec-harness/internal/taskloop/profile.go:158.3,159.1 1 1
github.com/JailtonJunior94/ai-spec-harness/internal/taskloop/profile.go:162.2,162.16 1 1
github.com/JailtonJunior94/ai-spec-harness/internal/taskloop/profile.go:163.3,164.1 1 1
github.com/JailtonJunior94/ai-spec-harness/internal/taskloop/profile.go:167.2,168.16 2 1
github.com/JailtonJunior94/ai-spec-harness/internal/taskloop/profile.go:169.3,170.1 1 1
github.com/JailtonJunior94/ai-spec-harness/internal/taskloop/profile.go:173.2,174.19 2 1
github.com/JailtonJunior94/ai-spec-harness/internal/taskloop/profile.go:175.3,176.24 2 1
github.com/JailtonJunior94/ai-spec-harness/internal/taskloop/profile.go:177.4,178.1 1 0
github.com/JailtonJunior94/ai-spec-harness/internal/taskloop/profile.go:179.3,179.24 1 1
github.com/JailtonJunior94/ai-spec-harness/internal/taskloop/profile.go:181.3,182.20 2 1
github.com/JailtonJunior94/ai-spec-harness/internal/taskloop/profile.go:183.4,184.1 1 1
github.com/JailtonJunior94/ai-spec-harness/internal/taskloop/profile.go:185.3,185.25 1 1
github.com/JailtonJunior94/ai-spec-harness/internal/taskloop/profile.go:188.2,192.8 1 1
github.com/JailtonJunior94/ai-spec-harness/internal/taskloop/r1_catalog.go:7.2,8.1 1 1
github.com/JailtonJunior94/ai-spec-harness/internal/taskloop/report.go:62.2,62.26 1 1
github.com/JailtonJunior94/ai-spec-harness/internal/taskloop/report.go:63.3,64.1 1 1
github.com/JailtonJunior94/ai-spec-harness/internal/taskloop/report.go:65.2,65.26 1 1
github.com/JailtonJunior94/ai-spec-harness/internal/taskloop/report.go:69.2,70.1 5 1
github.com/JailtonJunior94/ai-spec-harness/internal/taskloop/report.go:71.2,72.1 5 1
github.com/JailtonJunior94/ai-spec-harness/internal/taskloop/report.go:74.2,76.25 5 1
github.com/JailtonJunior94/ai-spec-harness/internal/taskloop/report.go:77.3,78.1 1 1
github.com/JailtonJunior94/ai-spec-harness/internal/taskloop/report.go:79.2,85.1 7 1
github.com/JailtonJunior94/ai-spec-harness/internal/taskloop/report.go:87.2,87.27 7 1
github.com/JailtonJunior94/ai-spec-harness/internal/taskloop/report.go:88.3,91.35 4 1
github.com/JailtonJunior94/ai-spec-harness/internal/taskloop/report.go:92.4,95.1 1 1
github.com/JailtonJunior94/ai-spec-harness/internal/taskloop/report.go:96.3,96.22 1 1
github.com/JailtonJunior94/ai-spec-harness/internal/taskloop/report.go:100.2,100.27 1 1
github.com/JailtonJunior94/ai-spec-harness/internal/taskloop/report.go:101.3,102.35 2 1
github.com/JailtonJunior94/ai-spec-harness/internal/taskloop/report.go:103.4,103.11 1 1
github.com/JailtonJunior94/ai-spec-harness/internal/taskloop/report.go:109.5,109.14 1 1
github.com/JailtonJunior94/ai-spec-harness/internal/taskloop/report.go:111.5,111.18 1 1
github.com/JailtonJunior94/ai-spec-harness/internal/taskloop/report.go:113.5,113.19 1 1
github.com/JailtonJunior94/ai-spec-harness/internal/taskloop/report.go:116.3,119.57 4 1
github.com/JailtonJunior94/ai-spec-harness/internal/taskloop/report.go:123.2,123.27 1 1
github.com/JailtonJunior94/ai-spec-harness/internal/taskloop/report.go:124.3,127.34 4 1
github.com/JailtonJunior94/ai-spec-harness/internal/taskloop/report.go:128.4,129.1 1 1
github.com/JailtonJunior94/ai-spec-harness/internal/taskloop/report.go:130.3,130.22 1 1
github.com/JailtonJunior94/ai-spec-harness/internal/taskloop/report.go:134.2,135.34 2 1
github.com/JailtonJunior94/ai-spec-harness/internal/taskloop/report.go:136.3,136.20 1 1
github.com/JailtonJunior94/ai-spec-harness/internal/taskloop/report.go:137.4,138.1 1 1
github.com/JailtonJunior94/ai-spec-harness/internal/taskloop/report.go:140.2,140.22 1 1
github.com/JailtonJunior94/ai-spec-harness/internal/taskloop/report.go:141.3,142.30 2 1
github.com/JailtonJunior94/ai-spec-harness/internal/taskloop/report.go:143.4,144.1 1 1
github.com/JailtonJunior94/ai-spec-harness/internal/taskloop/report.go:145.3,145.22 1 1
github.com/JailtonJunior94/ai-spec-harness/internal/taskloop/report.go:149.2,149.27 1 1
github.com/JailtonJunior94/ai-spec-harness/internal/taskloop/report.go:150.3,151.35 2 1
github.com/JailtonJunior94/ai-spec-harness/internal/taskloop/report.go:152.4,156.21 5 1
github.com/JailtonJunior94/ai-spec-harness/internal/taskloop/report.go:157.5,158.1 1 1
github.com/JailtonJunior94/ai-spec-harness/internal/taskloop/report.go:159.4,159.28 1 1
github.com/JailtonJunior94/ai-spec-harness/internal/taskloop/report.go:160.5,161.36 2 1
github.com/JailtonJunior94/ai-spec-harness/internal/taskloop/report.go:162.6,163.1 1 1
github.com/JailtonJunior94/ai-spec-harness/internal/taskloop/report.go:164.5,166.54 3 1
github.com/JailtonJunior94/ai-spec-harness/internal/taskloop/report.go:167.6,170.1 3 1
github.com/JailtonJunior94/ai-spec-harness/internal/taskloop/report.go:171.5,171.29 1 1
github.com/JailtonJunior94/ai-spec-harness/internal/taskloop/report.go:173.4,173.23 1 1
github.com/JailtonJunior94/ai-spec-harness/internal/taskloop/report.go:177.2,177.27 1 1
github.com/JailtonJunior94/ai-spec-harness/internal/taskloop/report.go:181.2,182.1 6 1
github.com/JailtonJunior94/ai-spec-harness/internal/taskloop/report.go:183.2,184.1 6 1
github.com/JailtonJunior94/ai-spec-harness/internal/taskloop/report.go:186.2,189.30 6 1
github.com/JailtonJunior94/ai-spec-harness/internal/taskloop/report.go:190.3,192.1 2 1
github.com/JailtonJunior94/ai-spec-harness/internal/taskloop/report.go:193.2,193.30 1 1
github.com/JailtonJunior94/ai-spec-harness/internal/taskloop/report.go:194.3,196.1 2 1
github.com/JailtonJunior94/ai-spec-harness/internal/taskloop/report.go:197.3,198.1 1 1
github.com/JailtonJunior94/ai-spec-harness/internal/taskloop/report.go:199.2,202.1 6 1
github.com/JailtonJunior94/ai-spec-harness/internal/taskloop/report.go:203.2,205.1 6 1
github.com/JailtonJunior94/ai-spec-harness/internal/taskloop/report.go:207.2,207.27 6 1
github.com/JailtonJunior94/ai-spec-harness/internal/taskloop/report.go:208.3,211.35 4 1
github.com/JailtonJunior94/ai-spec-harness/internal/taskloop/report.go:212.4,213.18 2 1
github.com/JailtonJunior94/ai-spec-harness/internal/taskloop/report.go:214.5,215.1 1 1
github.com/JailtonJunior94/ai-spec-harness/internal/taskloop/report.go:216.4,220.1 2 1
github.com/JailtonJunior94/ai-spec-harness/internal/taskloop/report.go:221.4,221.30 2 1
github.com/JailtonJunior94/ai-spec-harness/internal/taskloop/report.go:222.5,225.1 2 1
github.com/JailtonJunior94/ai-spec-harness/internal/taskloop/report.go:227.4,227.30 1 1
github.com/JailtonJunior94/ai-spec-harness/internal/taskloop/report.go:228.5,231.1 2 1
github.com/JailtonJunior94/ai-spec-harness/internal/taskloop/report.go:233.3,233.22 1 1
github.com/JailtonJunior94/ai-spec-harness/internal/taskloop/report.go:237.2,237.27 1 1
github.com/JailtonJunior94/ai-spec-harness/internal/taskloop/report.go:238.3,239.35 2 1
github.com/JailtonJunior94/ai-spec-harness/internal/taskloop/report.go:240.4,240.11 1 1
github.com/JailtonJunior94/ai-spec-harness/internal/taskloop/report.go:246.5,246.14 1 1
github.com/JailtonJunior94/ai-spec-harness/internal/taskloop/report.go:248.5,248.18 1 1
github.com/JailtonJunior94/ai-spec-harness/internal/taskloop/report.go:250.5,250.19 1 1
github.com/JailtonJunior94/ai-spec-harness/internal/taskloop/report.go:253.3,256.57 4 1
github.com/JailtonJunior94/ai-spec-harness/internal/taskloop/report.go:260.2,260.27 1 1
github.com/JailtonJunior94/ai-spec-harness/internal/taskloop/report.go:261.3,264.34 4 1
github.com/JailtonJunior94/ai-spec-harness/internal/taskloop/report.go:265.4,266.1 1 1
github.com/JailtonJunior94/ai-spec-harness/internal/taskloop/report.go:267.3,267.22 1 1
github.com/JailtonJunior94/ai-spec-harness/internal/taskloop/report.go:271.2,272.34 2 1
github.com/JailtonJunior94/ai-spec-harness/internal/taskloop/report.go:273.3,273.20 1 1
github.com/JailtonJunior94/ai-spec-harness/internal/taskloop/report.go:274.4,275.1 1 1
github.com/JailtonJunior94/ai-spec-harness/internal/taskloop/report.go:277.2,277.22 1 1
github.com/JailtonJunior94/ai-spec-harness/internal/taskloop/report.go:278.3,279.30 2 1
github.com/JailtonJunior94/ai-spec-harness/internal/taskloop/report.go:280.4,281.1 1 1
github.com/JailtonJunior94/ai-spec-harness/internal/taskloop/report.go:282.3,282.22 1 1
github.com/JailtonJunior94/ai-spec-harness/internal/taskloop/report.go:286.2,286.27 1 1
github.com/JailtonJunior94/ai-spec-harness/internal/taskloop/report.go:287.3,288.35 2 1
github.com/JailtonJunior94/ai-spec-harness/internal/taskloop/report.go:289.4,290.18 2 1
github.com/JailtonJunior94/ai-spec-harness/internal/taskloop/report.go:291.5,292.1 1 1
github.com/JailtonJunior94/ai-spec-harness/internal/taskloop/report.go:293.4,298.21 6 1
github.com/JailtonJunior94/ai-spec-harness/internal/taskloop/report.go:299.5,300.1 1 1
github.com/JailtonJunior94/ai-spec-harness/internal/taskloop/report.go:301.4,301.28 1 1
github.com/JailtonJunior94/ai-spec-harness/internal/taskloop/report.go:302.5,303.36 2 1
github.com/JailtonJunior94/ai-spec-harness/internal/taskloop/report.go:304.6,305.1 1 0
github.com/JailtonJunior94/ai-spec-harness/internal/taskloop/report.go:306.5,308.54 3 1
github.com/JailtonJunior94/ai-spec-harness/internal/taskloop/report.go:309.6,312.1 3 1
github.com/JailtonJunior94/ai-spec-harness/internal/taskloop/report.go:313.5,313.29 1 1
github.com/JailtonJunior94/ai-spec-harness/internal/taskloop/report.go:315.4,315.30 1 1
github.com/JailtonJunior94/ai-spec-harness/internal/taskloop/report.go:316.5,320.22 5 1
github.com/JailtonJunior94/ai-spec-harness/internal/taskloop/report.go:321.6,322.1 1 1
github.com/JailtonJunior94/ai-spec-harness/internal/taskloop/report.go:323.5,323.33 1 1
github.com/JailtonJunior94/ai-spec-harness/internal/taskloop/report.go:324.6,325.1 1 1
github.com/JailtonJunior94/ai-spec-harness/internal/taskloop/report.go:326.5,326.24 1 1
github.com/JailtonJunior94/ai-spec-harness/internal/taskloop/report.go:327.6,328.37 2 1
github.com/JailtonJunior94/ai-spec-harness/internal/taskloop/report.go:329.7,330.1 1 0
github.com/JailtonJunior94/ai-spec-harness/internal/taskloop/report.go:331.6,333.55 3 1
github.com/JailtonJunior94/ai-spec-harness/internal/taskloop/report.go:334.7,337.1 3 1
github.com/JailtonJunior94/ai-spec-harness/internal/taskloop/report.go:338.6,338.30 1 1
github.com/JailtonJunior94/ai-spec-harness/internal/taskloop/report.go:341.4,341.30 1 1
github.com/JailtonJunior94/ai-spec-harness/internal/taskloop/report.go:342.5,346.22 5 1
github.com/JailtonJunior94/ai-spec-harness/internal/taskloop/report.go:347.6,348.1 1 1
github.com/JailtonJunior94/ai-spec-harness/internal/taskloop/report.go:349.5,349.24 1 1
github.com/JailtonJunior94/ai-spec-harness/internal/taskloop/report.go:350.6,351.37 2 1
github.com/JailtonJunior94/ai-spec-harness/internal/taskloop/report.go:352.7,353.1 1 1
github.com/JailtonJunior94/ai-spec-harness/internal/taskloop/report.go:354.6,356.55 3 1
github.com/JailtonJunior94/ai-spec-harness/internal/taskloop/report.go:357.7,360.1 3 1
github.com/JailtonJunior94/ai-spec-harness/internal/taskloop/report.go:361.6,361.30 1 1
github.com/JailtonJunior94/ai-spec-harness/internal/taskloop/report.go:364.4,364.23 1 1
github.com/JailtonJunior94/ai-spec-harness/internal/taskloop/report.go:368.2,368.27 1 1
github.com/JailtonJunior94/ai-spec-harness/internal/taskloop/report.go:373.2,373.17 1 1
github.com/JailtonJunior94/ai-spec-harness/internal/taskloop/report.go:374.3,375.1 1 1
github.com/JailtonJunior94/ai-spec-harness/internal/taskloop/report.go:376.2,376.14 1 1
github.com/JailtonJunior94/ai-spec-harness/internal/taskloop/reservations.go:63.2,64.1 1 1
github.com/JailtonJunior94/ai-spec-harness/internal/taskloop/reservations.go:70.2,71.24 2 1
github.com/JailtonJunior94/ai-spec-harness/internal/taskloop/reservations.go:72.3,73.1 1 1
github.com/JailtonJunior94/ai-spec-harness/internal/taskloop/reservations.go:75.2,75.29 1 1
github.com/JailtonJunior94/ai-spec-harness/internal/taskloop/reservations.go:76.3,76.35 1 1
github.com/JailtonJunior94/ai-spec-harness/internal/taskloop/reservations.go:77.4,78.1 1 1
github.com/JailtonJunior94/ai-spec-harness/internal/taskloop/reservations.go:80.3,80.23 1 1
github.com/JailtonJunior94/ai-spec-harness/internal/taskloop/reservations.go:81.4,86.12 2 1
github.com/JailtonJunior94/ai-spec-harness/internal/taskloop/reservations.go:89.3,89.24 1 1
github.com/JailtonJunior94/ai-spec-harness/internal/taskloop/reservations.go:90.4,91.1 1 1
github.com/JailtonJunior94/ai-spec-harness/internal/taskloop/reservations.go:93.3,94.17 2 1
github.com/JailtonJunior94/ai-spec-harness/internal/taskloop/reservations.go:95.4,96.1 1 1
github.com/JailtonJunior94/ai-spec-harness/internal/taskloop/reservations.go:98.3,99.65 2 1
github.com/JailtonJunior94/ai-spec-harness/internal/taskloop/reservations.go:100.4,101.1 1 1
github.com/JailtonJunior94/ai-spec-harness/internal/taskloop/reservations.go:102.3,102.52 1 1
github.com/JailtonJunior94/ai-spec-harness/internal/taskloop/reservations.go:105.2,105.18 1 1
github.com/JailtonJunior94/ai-spec-harness/internal/taskloop/reservations.go:109.2,109.18 1 1
github.com/JailtonJunior94/ai-spec-harness/internal/taskloop/reservations.go:111.3,111.13 1 1
github.com/JailtonJunior94/ai-spec-harness/internal/taskloop/reservations.go:113.3,113.24 1 1
github.com/JailtonJunior94/ai-spec-harness/internal/taskloop/reservations.go:114.4,115.1 1 1
github.com/JailtonJunior94/ai-spec-harness/internal/taskloop/reservations.go:116.3,116.13 1 1
github.com/JailtonJunior94/ai-spec-harness/internal/taskloop/reservations.go:118.3,118.80 1 1
github.com/JailtonJunior94/ai-spec-harness/internal/taskloop/reservations.go:130.2,131.16 2 1
github.com/JailtonJunior94/ai-spec-harness/internal/taskloop/reservations.go:132.3,133.1 1 0
github.com/JailtonJunior94/ai-spec-harness/internal/taskloop/reservations.go:135.2,137.1 3 1
github.com/JailtonJunior94/ai-spec-harness/internal/taskloop/reservations.go:138.2,138.58 3 1
github.com/JailtonJunior94/ai-spec-harness/internal/taskloop/reservations.go:139.3,140.1 1 0
github.com/JailtonJunior94/ai-spec-harness/internal/taskloop/reservations.go:141.2,141.12 1 1
github.com/JailtonJunior94/ai-spec-harness/internal/taskloop/reservations.go:145.2,148.30 4 1
github.com/JailtonJunior94/ai-spec-harness/internal/taskloop/reservations.go:149.3,152.1 3 0
github.com/JailtonJunior94/ai-spec-harness/internal/taskloop/reservations.go:153.2,153.35 1 1
github.com/JailtonJunior94/ai-spec-harness/internal/taskloop/reservations.go:154.3,155.25 2 1
github.com/JailtonJunior94/ai-spec-harness/internal/taskloop/reservations.go:156.4,157.1 1 1
github.com/JailtonJunior94/ai-spec-harness/internal/taskloop/reservations.go:158.3,158.16 1 1
github.com/JailtonJunior94/ai-spec-harness/internal/taskloop/reservations.go:159.4,160.1 1 0
github.com/JailtonJunior94/ai-spec-harness/internal/taskloop/reservations.go:161.3,162.24 2 1
github.com/JailtonJunior94/ai-spec-harness/internal/taskloop/reservations.go:163.4,164.1 1 1
github.com/JailtonJunior94/ai-spec-harness/internal/taskloop/reservations.go:166.2,167.18 2 1
github.com/JailtonJunior94/ai-spec-harness/internal/taskloop/reservations.go:171.2,173.1 5 1
github.com/JailtonJunior94/ai-spec-harness/internal/taskloop/reservations.go:174.2,176.1 5 1
github.com/JailtonJunior94/ai-spec-harness/internal/taskloop/reservations.go:177.2,177.57 5 1
github.com/JailtonJunior94/ai-spec-harness/internal/taskloop/reservations.go:178.3,184.1 6 1
github.com/JailtonJunior94/ai-spec-harness/internal/taskloop/reservations.go:186.2,191.40 6 1
github.com/JailtonJunior94/ai-spec-harness/internal/taskloop/reservations.go:192.3,193.1 1 1
github.com/JailtonJunior94/ai-spec-harness/internal/taskloop/reservations.go:194.2,194.20 1 1
github.com/JailtonJunior94/ai-spec-harness/internal/taskloop/reservations.go:195.3,197.1 2 0
github.com/JailtonJunior94/ai-spec-harness/internal/taskloop/reservations.go:198.2,198.18 1 1
github.com/JailtonJunior94/ai-spec-harness/internal/taskloop/reservations.go:205.2,206.20 2 1
github.com/JailtonJunior94/ai-spec-harness/internal/taskloop/reservations.go:207.3,208.1 1 1
github.com/JailtonJunior94/ai-spec-harness/internal/taskloop/reservations.go:210.2,211.16 2 1
github.com/JailtonJunior94/ai-spec-harness/internal/taskloop/reservations.go:212.3,213.1 1 0
github.com/JailtonJunior94/ai-spec-harness/internal/taskloop/reservations.go:215.2,216.16 2 1
github.com/JailtonJunior94/ai-spec-harness/internal/taskloop/reservations.go:217.3,218.1 1 0
github.com/JailtonJunior94/ai-spec-harness/internal/taskloop/reservations.go:219.2,220.1 3 1
github.com/JailtonJunior94/ai-spec-harness/internal/taskloop/reservations.go:221.2,222.25 3 1
github.com/JailtonJunior94/ai-spec-harness/internal/taskloop/reservations.go:223.3,225.1 2 1
github.com/JailtonJunior94/ai-spec-harness/internal/taskloop/reservations.go:227.2,228.59 2 1
github.com/JailtonJunior94/ai-spec-harness/internal/taskloop/reservations.go:229.3,230.1 1 0
github.com/JailtonJunior94/ai-spec-harness/internal/taskloop/reservations.go:231.2,231.12 1 1
github.com/JailtonJunior94/ai-spec-harness/internal/taskloop/reservations.go:235.2,236.35 2 1
github.com/JailtonJunior94/ai-spec-harness/internal/taskloop/reservations.go:237.3,237.33 1 1
github.com/JailtonJunior94/ai-spec-harness/internal/taskloop/reservations.go:238.4,239.1 1 1
github.com/JailtonJunior94/ai-spec-harness/internal/taskloop/reservations.go:241.2,241.12 1 1
github.com/JailtonJunior94/ai-spec-harness/internal/taskloop/reservations.go:245.2,246.26 2 1
github.com/JailtonJunior94/ai-spec-harness/internal/taskloop/reservations.go:248.3,250.14 3 1
github.com/JailtonJunior94/ai-spec-harness/internal/taskloop/reservations.go:251.4,252.1 1 1
github.com/JailtonJunior94/ai-spec-harness/internal/taskloop/reservations.go:253.3,255.28 3 1
github.com/JailtonJunior94/ai-spec-harness/internal/taskloop/reservations.go:256.4,257.1 1 1
github.com/JailtonJunior94/ai-spec-harness/internal/taskloop/reservations.go:259.2,259.16 1 1
github.com/JailtonJunior94/ai-spec-harness/internal/taskloop/reservations.go:263.2,264.15 2 1
github.com/JailtonJunior94/ai-spec-harness/internal/taskloop/reservations.go:265.3,266.1 1 0
github.com/JailtonJunior94/ai-spec-harness/internal/taskloop/reservations.go:267.2,267.30 1 1
github.com/JailtonJunior94/ai-spec-harness/internal/taskloop/reservations.go:268.3,268.17 1 1
github.com/JailtonJunior94/ai-spec-harness/internal/taskloop/reservations.go:269.4,270.1 1 1
github.com/JailtonJunior94/ai-spec-harness/internal/taskloop/reservations.go:271.3,271.84 1 1
github.com/JailtonJunior94/ai-spec-harness/internal/taskloop/reservations.go:273.2,273.73 1 0
github.com/JailtonJunior94/ai-spec-harness/internal/taskloop/reservations.go:277.2,277.17 1 1
github.com/JailtonJunior94/ai-spec-harness/internal/taskloop/reservations.go:278.3,279.1 1 1
github.com/JailtonJunior94/ai-spec-harness/internal/taskloop/reservations.go:280.2,280.22 1 0
github.com/JailtonJunior94/ai-spec-harness/internal/taskloop/reservations.go:287.2,289.26 3 1
github.com/JailtonJunior94/ai-spec-harness/internal/taskloop/reservations.go:290.3,291.70 2 1
github.com/JailtonJunior94/ai-spec-harness/internal/taskloop/reservations.go:292.4,293.9 2 1
github.com/JailtonJunior94/ai-spec-harness/internal/taskloop/reservations.go:296.2,296.21 1 1
github.com/JailtonJunior94/ai-spec-harness/internal/taskloop/reservations.go:297.3,302.1 5 0
github.com/JailtonJunior94/ai-spec-harness/internal/taskloop/reservations.go:304.2,305.46 2 1
github.com/JailtonJunior94/ai-spec-harness/internal/taskloop/reservations.go:306.3,307.35 2 1
github.com/JailtonJunior94/ai-spec-harness/internal/taskloop/reservations.go:308.4,309.12 2 1
github.com/JailtonJunior94/ai-spec-harness/internal/taskloop/reservations.go:311.3,311.8 1 1
github.com/JailtonJunior94/ai-spec-harness/internal/taskloop/reservations.go:314.2,319.45 6 1
github.com/JailtonJunior94/ai-spec-harness/internal/taskloop/reviewer.go:81.2,86.1 1 1
github.com/JailtonJunior94/ai-spec-harness/internal/taskloop/reviewer.go:93.2,94.1 5 1
github.com/JailtonJunior94/ai-spec-harness/internal/taskloop/reviewer.go:95.2,98.1 5 1
github.com/JailtonJunior94/ai-spec-harness/internal/taskloop/reviewer.go:99.2,99.34 5 1
github.com/JailtonJunior94/ai-spec-harness/internal/taskloop/reviewer.go:100.3,102.17 3 1
github.com/JailtonJunior94/ai-spec-harness/internal/taskloop/reviewer.go:103.4,104.1 1 0
github.com/JailtonJunior94/ai-spec-harness/internal/taskloop/reviewer.go:106.3,107.1 2 1
github.com/JailtonJunior94/ai-spec-harness/internal/taskloop/reviewer.go:109.3,109.55 2 1
github.com/JailtonJunior94/ai-spec-harness/internal/taskloop/reviewer.go:110.4,111.1 1 1
github.com/JailtonJunior94/ai-spec-harness/internal/taskloop/reviewer.go:112.3,114.1 3 1
github.com/JailtonJunior94/ai-spec-harness/internal/taskloop/reviewer.go:115.3,115.92 3 1
github.com/JailtonJunior94/ai-spec-harness/internal/taskloop/reviewer.go:116.4,117.1 1 1
github.com/JailtonJunior94/ai-spec-harness/internal/taskloop/reviewer.go:120.2,124.8 1 1
github.com/JailtonJunior94/ai-spec-harness/internal/taskloop/reviewer.go:128.2,128.11 1 1
github.com/JailtonJunior94/ai-spec-harness/internal/taskloop/reviewer.go:130.3,130.11 1 0
github.com/JailtonJunior94/ai-spec-harness/internal/taskloop/reviewer.go:132.3,132.11 1 1
github.com/JailtonJunior94/ai-spec-harness/internal/taskloop/reviewer.go:134.3,134.11 1 0
github.com/JailtonJunior94/ai-spec-harness/internal/taskloop/reviewer.go:136.3,136.11 1 1
github.com/JailtonJunior94/ai-spec-harness/internal/taskloop/reviewer.go:142.2,169.1 2 1
github.com/JailtonJunior94/ai-spec-harness/internal/taskloop/reviewer.go:174.2,175.49 2 1
github.com/JailtonJunior94/ai-spec-harness/internal/taskloop/reviewer.go:176.3,176.84 1 1
github.com/JailtonJunior94/ai-spec-harness/internal/taskloop/reviewer.go:177.4,177.12 1 1
github.com/JailtonJunior94/ai-spec-harness/internal/taskloop/reviewer.go:179.3,180.40 2 1
github.com/JailtonJunior94/ai-spec-harness/internal/taskloop/reviewer.go:181.4,182.1 1 1
github.com/JailtonJunior94/ai-spec-harness/internal/taskloop/reviewer.go:183.3,184.14 2 1
github.com/JailtonJunior94/ai-spec-harness/internal/taskloop/reviewer.go:186.4,186.21 1 1
github.com/JailtonJunior94/ai-spec-harness/internal/taskloop/reviewer.go:188.4,188.34 1 1
github.com/JailtonJunior94/ai-spec-harness/internal/taskloop/reviewer.go:190.4,190.25 1 1
github.com/JailtonJunior94/ai-spec-harness/internal/taskloop/reviewer.go:192.4,192.26 1 0
github.com/JailtonJunior94/ai-spec-harness/internal/taskloop/reviewer.go:195.2,195.20 1 1
github.com/JailtonJunior94/ai-spec-harness/internal/taskloop/reviewer.go:196.3,197.1 1 1
github.com/JailtonJunior94/ai-spec-harness/internal/taskloop/reviewer.go:198.2,200.35 3 1
github.com/JailtonJunior94/ai-spec-harness/internal/taskloop/reviewer.go:201.3,201.21 1 1
github.com/JailtonJunior94/ai-spec-harness/internal/taskloop/reviewer.go:202.4,203.1 1 1
github.com/JailtonJunior94/ai-spec-harness/internal/taskloop/reviewer.go:205.2,205.12 1 1
github.com/JailtonJunior94/ai-spec-harness/internal/taskloop/reviewer.go:209.2,209.35 1 1
github.com/JailtonJunior94/ai-spec-harness/internal/taskloop/reviewer.go:210.3,210.43 1 1
github.com/JailtonJunior94/ai-spec-harness/internal/taskloop/reviewer.go:211.4,212.1 1 1
github.com/JailtonJunior94/ai-spec-harness/internal/taskloop/reviewer.go:214.2,214.14 1 1
github.com/JailtonJunior94/ai-spec-harness/internal/taskloop/reviewer.go:219.2,223.1 1 1
github.com/JailtonJunior94/ai-spec-harness/internal/taskloop/reviewer.go:234.2,234.61 1 1
github.com/JailtonJunior94/ai-spec-harness/internal/taskloop/reviewer.go:235.3,236.10 2 1
github.com/JailtonJunior94/ai-spec-harness/internal/taskloop/reviewer.go:240.4,240.37 1 1
github.com/JailtonJunior94/ai-spec-harness/internal/taskloop/reviewer.go:242.4,242.25 1 1
github.com/JailtonJunior94/ai-spec-harness/internal/taskloop/reviewer.go:244.4,244.26 1 1
github.com/JailtonJunior94/ai-spec-harness/internal/taskloop/reviewer.go:246.4,246.26 1 1
github.com/JailtonJunior94/ai-spec-harness/internal/taskloop/reviewer.go:250.2,251.1 2 1
github.com/JailtonJunior94/ai-spec-harness/internal/taskloop/reviewer.go:252.2,256.4 2 1
github.com/JailtonJunior94/ai-spec-harness/internal/taskloop/reviewer.go:257.3,258.1 1 1
github.com/JailtonJunior94/ai-spec-harness/internal/taskloop/reviewer.go:259.2,259.81 1 1
github.com/JailtonJunior94/ai-spec-harness/internal/taskloop/reviewer.go:260.3,261.1 1 1
github.com/JailtonJunior94/ai-spec-harness/internal/taskloop/reviewer.go:262.2,262.82 1 1
github.com/JailtonJunior94/ai-spec-harness/internal/taskloop/reviewer.go:263.3,264.1 1 1
github.com/JailtonJunior94/ai-spec-harness/internal/taskloop/reviewer.go:265.2,265.68 1 1
github.com/JailtonJunior94/ai-spec-harness/internal/taskloop/reviewer.go:266.3,267.1 1 1
github.com/JailtonJunior94/ai-spec-harness/internal/taskloop/reviewer.go:268.2,268.23 1 1
github.com/JailtonJunior94/ai-spec-harness/internal/taskloop/reviewer.go:274.2,275.48 2 1
github.com/JailtonJunior94/ai-spec-harness/internal/taskloop/reviewer.go:276.3,277.10 2 1
github.com/JailtonJunior94/ai-spec-harness/internal/taskloop/reviewer.go:278.4,278.12 1 1
github.com/JailtonJunior94/ai-spec-harness/internal/taskloop/reviewer.go:280.3,286.5 2 1
github.com/JailtonJunior94/ai-spec-harness/internal/taskloop/reviewer.go:288.2,288.17 1 1
github.com/JailtonJunior94/ai-spec-harness/internal/taskloop/reviewer.go:293.2,294.9 2 1
github.com/JailtonJunior94/ai-spec-harness/internal/taskloop/reviewer.go:296.3,296.32 1 1
github.com/JailtonJunior94/ai-spec-harness/internal/taskloop/reviewer.go:298.3,298.32 1 1
github.com/JailtonJunior94/ai-spec-harness/internal/taskloop/reviewer.go:300.3,300.33 1 1
github.com/JailtonJunior94/ai-spec-harness/internal/taskloop/reviewer.go:302.3,302.34 1 1
github.com/JailtonJunior94/ai-spec-harness/internal/taskloop/reviewer.go:304.3,304.19 1 1
github.com/JailtonJunior94/ai-spec-harness/internal/taskloop/reviewer.go:310.2,311.17 2 1
github.com/JailtonJunior94/ai-spec-harness/internal/taskloop/reviewer.go:312.3,313.14 2 1
github.com/JailtonJunior94/ai-spec-harness/internal/taskloop/reviewer.go:314.4,314.9 1 0
github.com/JailtonJunior94/ai-spec-harness/internal/taskloop/reviewer.go:316.3,317.56 2 1
github.com/JailtonJunior94/ai-spec-harness/internal/taskloop/reviewer.go:318.4,320.18 3 1
github.com/JailtonJunior94/ai-spec-harness/internal/taskloop/reviewer.go:321.5,322.1 1 1
github.com/JailtonJunior94/ai-spec-harness/internal/taskloop/reviewer.go:324.3,325.25 2 1
github.com/JailtonJunior94/ai-spec-harness/internal/taskloop/reviewer.go:326.4,326.9 1 0
github.com/JailtonJunior94/ai-spec-harness/internal/taskloop/reviewer.go:328.3,329.15 2 1
github.com/JailtonJunior94/ai-spec-harness/internal/taskloop/reviewer.go:330.4,330.9 1 1
github.com/JailtonJunior94/ai-spec-harness/internal/taskloop/reviewer.go:332.3,332.23 1 1
github.com/JailtonJunior94/ai-spec-harness/internal/taskloop/reviewer.go:334.2,334.14 1 1
github.com/JailtonJunior94/ai-spec-harness/internal/taskloop/reviewer.go:340.2,340.26 1 1
github.com/JailtonJunior94/ai-spec-harness/internal/taskloop/reviewer.go:341.3,342.1 1 1
github.com/JailtonJunior94/ai-spec-harness/internal/taskloop/reviewer.go:346.2,347.49 2 1
github.com/JailtonJunior94/ai-spec-harness/internal/taskloop/reviewer.go:348.3,349.1 1 1
github.com/JailtonJunior94/ai-spec-harness/internal/taskloop/reviewer.go:350.2,352.1 3 1
github.com/JailtonJunior94/ai-spec-harness/internal/taskloop/reviewer.go:353.2,353.29 3 1
github.com/JailtonJunior94/ai-spec-harness/internal/taskloop/reviewer.go:354.3,354.65 1 1
github.com/JailtonJunior94/ai-spec-harness/internal/taskloop/reviewer.go:355.4,357.1 2 1
github.com/JailtonJunior94/ai-spec-harness/internal/taskloop/reviewer.go:358.3,359.26 2 1
github.com/JailtonJunior94/ai-spec-harness/internal/taskloop/reviewer.go:361.2,361.23 1 1
github.com/JailtonJunior94/ai-spec-harness/internal/taskloop/reviewer.go:362.3,363.1 1 1
github.com/JailtonJunior94/ai-spec-harness/internal/taskloop/reviewer.go:365.2,365.28 1 1
github.com/JailtonJunior94/ai-spec-harness/internal/taskloop/reviewer.go:366.3,367.1 1 0
github.com/JailtonJunior94/ai-spec-harness/internal/taskloop/reviewer.go:369.2,371.1 3 1
github.com/JailtonJunior94/ai-spec-harness/internal/taskloop/reviewer.go:372.2,372.18 3 1
github.com/JailtonJunior94/ai-spec-harness/internal/taskloop/reviewer.go:373.3,373.24 1 1
github.com/JailtonJunior94/ai-spec-harness/internal/taskloop/reviewer.go:374.4,376.1 2 0
github.com/JailtonJunior94/ai-spec-harness/internal/taskloop/reviewer.go:379.2,379.33 1 1
github.com/JailtonJunior94/ai-spec-harness/internal/taskloop/reviewer.go:380.3,380.23 1 1
github.com/JailtonJunior94/ai-spec-harness/internal/taskloop/reviewer.go:381.4,383.12 3 1
github.com/JailtonJunior94/ai-spec-harness/internal/taskloop/reviewer.go:385.3,385.58 1 0
github.com/JailtonJunior94/ai-spec-harness/internal/taskloop/reviewer.go:386.4,387.1 1 0
github.com/JailtonJunior94/ai-spec-harness/internal/taskloop/reviewer.go:388.3,388.25 1 0
github.com/JailtonJunior94/ai-spec-harness/internal/taskloop/reviewer.go:390.2,391.1 2 1
github.com/JailtonJunior94/ai-spec-harness/internal/taskloop/reviewer.go:392.2,392.19 2 1
github.com/JailtonJunior94/ai-spec-harness/internal/taskloop/reviewer.go:402.2,404.26 3 1
github.com/JailtonJunior94/ai-spec-harness/internal/taskloop/reviewer.go:405.3,405.33 1 1
github.com/JailtonJunior94/ai-spec-harness/internal/taskloop/reviewer.go:406.4,407.9 2 1
github.com/JailtonJunior94/ai-spec-harness/internal/taskloop/reviewer.go:410.2,410.20 1 1
github.com/JailtonJunior94/ai-spec-harness/internal/taskloop/reviewer.go:413.3,414.1 1 1
github.com/JailtonJunior94/ai-spec-harness/internal/taskloop/reviewer.go:416.2,418.1 5 1
github.com/JailtonJunior94/ai-spec-harness/internal/taskloop/reviewer.go:419.2,421.25 5 1
github.com/JailtonJunior94/ai-spec-harness/internal/taskloop/reviewer.go:422.3,422.50 1 1
github.com/JailtonJunior94/ai-spec-harness/internal/taskloop/reviewer.go:423.4,425.1 2 1
github.com/JailtonJunior94/ai-spec-harness/internal/taskloop/reviewer.go:426.3,427.22 2 1
github.com/JailtonJunior94/ai-spec-harness/internal/taskloop/reviewer.go:429.2,429.19 1 1
github.com/JailtonJunior94/ai-spec-harness/internal/taskloop/reviewer.go:430.3,431.1 1 1
github.com/JailtonJunior94/ai-spec-harness/internal/taskloop/reviewer.go:433.2,437.26 5 1
github.com/JailtonJunior94/ai-spec-harness/internal/taskloop/reviewer.go:438.3,439.39 2 1
github.com/JailtonJunior94/ai-spec-harness/internal/taskloop/reviewer.go:440.4,440.32 1 1
github.com/JailtonJunior94/ai-spec-harness/internal/taskloop/reviewer.go:441.5,442.1 1 0
github.com/JailtonJunior94/ai-spec-harness/internal/taskloop/reviewer.go:443.4,447.12 5 1
github.com/JailtonJunior94/ai-spec-harness/internal/taskloop/reviewer.go:449.3,449.48 1 0
github.com/JailtonJunior94/ai-spec-harness/internal/taskloop/reviewer.go:450.4,453.1 3 0
github.com/JailtonJunior94/ai-spec-harness/internal/taskloop/reviewer.go:454.3,455.16 2 0
github.com/JailtonJunior94/ai-spec-harness/internal/taskloop/reviewer.go:457.2,457.30 1 1
github.com/JailtonJunior94/ai-spec-harness/internal/taskloop/reviewer.go:458.3,459.1 1 0
github.com/JailtonJunior94/ai-spec-harness/internal/taskloop/reviewer.go:460.2,460.19 1 1
github.com/JailtonJunior94/ai-spec-harness/internal/taskloop/reviewer.go:461.3,462.1 1 0
github.com/JailtonJunior94/ai-spec-harness/internal/taskloop/reviewer.go:463.2,463.12 1 1
github.com/JailtonJunior94/ai-spec-harness/internal/taskloop/reviewer.go:467.2,468.23 2 1
github.com/JailtonJunior94/ai-spec-harness/internal/taskloop/reviewer.go:469.3,470.1 1 0
github.com/JailtonJunior94/ai-spec-harness/internal/taskloop/reviewer.go:471.2,472.13 2 1
github.com/JailtonJunior94/ai-spec-harness/internal/taskloop/reviewer.go:473.3,474.1 1 0
github.com/JailtonJunior94/ai-spec-harness/internal/taskloop/reviewer.go:475.2,475.25 1 1
github.com/JailtonJunior94/ai-spec-harness/internal/taskloop/reviewer.go:507.2,508.24 2 1
github.com/JailtonJunior94/ai-spec-harness/internal/taskloop/reviewer.go:509.3,510.17 2 1
github.com/JailtonJunior94/ai-spec-harness/internal/taskloop/reviewer.go:511.4,512.1 1 1
github.com/JailtonJunior94/ai-spec-harness/internal/taskloop/reviewer.go:513.3,513.28 1 1
github.com/JailtonJunior94/ai-spec-harness/internal/taskloop/reviewer.go:515.3,516.1 1 1
github.com/JailtonJunior94/ai-spec-harness/internal/taskloop/reviewer.go:518.2,519.16 2 1
github.com/JailtonJunior94/ai-spec-harness/internal/taskloop/reviewer.go:520.3,521.1 1 1
github.com/JailtonJunior94/ai-spec-harness/internal/taskloop/reviewer.go:523.2,524.49 2 1
github.com/JailtonJunior94/ai-spec-harness/internal/taskloop/reviewer.go:525.3,526.1 1 0
github.com/JailtonJunior94/ai-spec-harness/internal/taskloop/reviewer.go:528.2,528.26 1 1
github.com/JailtonJunior94/ai-spec-harness/internal/taskloop/reviewer.go:535.2,535.47 1 1
github.com/JailtonJunior94/ai-spec-harness/internal/taskloop/reviewer.go:536.3,537.1 1 1
github.com/JailtonJunior94/ai-spec-harness/internal/taskloop/reviewer.go:539.2,540.1 2 1
github.com/JailtonJunior94/ai-spec-harness/internal/taskloop/reviewer.go:541.2,541.112 2 1
github.com/JailtonJunior94/ai-spec-harness/internal/taskloop/reviewer.go:542.3,543.1 1 0
github.com/JailtonJunior94/ai-spec-harness/internal/taskloop/reviewer.go:544.2,544.100 1 1
github.com/JailtonJunior94/ai-spec-harness/internal/taskloop/reviewer.go:545.3,546.1 1 1
github.com/JailtonJunior94/ai-spec-harness/internal/taskloop/reviewer.go:548.2,549.16 2 1
github.com/JailtonJunior94/ai-spec-harness/internal/taskloop/reviewer.go:550.3,550.63 1 0
github.com/JailtonJunior94/ai-spec-harness/internal/taskloop/reviewer.go:551.4,552.1 1 0
github.com/JailtonJunior94/ai-spec-harness/internal/taskloop/reviewer.go:553.3,553.31 1 0
github.com/JailtonJunior94/ai-spec-harness/internal/taskloop/reviewer.go:555.2,555.33 1 1
github.com/JailtonJunior94/ai-spec-harness/internal/taskloop/reviewer.go:556.3,556.17 1 1
github.com/JailtonJunior94/ai-spec-harness/internal/taskloop/reviewer.go:557.4,557.12 1 0
github.com/JailtonJunior94/ai-spec-harness/internal/taskloop/reviewer.go:559.3,559.132 1 1
github.com/JailtonJunior94/ai-spec-harness/internal/taskloop/reviewer.go:560.4,561.1 1 1
github.com/JailtonJunior94/ai-spec-harness/internal/taskloop/reviewer.go:564.2,565.20 2 1
github.com/JailtonJunior94/ai-spec-harness/internal/taskloop/reviewer.go:566.3,567.1 1 1
github.com/JailtonJunior94/ai-spec-harness/internal/taskloop/reviewer.go:568.2,568.24 1 1
github.com/JailtonJunior94/ai-spec-harness/internal/taskloop/reviewer.go:572.2,574.1 2 1
github.com/JailtonJunior94/ai-spec-harness/internal/taskloop/reviewer.go:577.2,580.1 3 1
github.com/JailtonJunior94/ai-spec-harness/internal/taskloop/reviewer.go:583.2,584.16 2 1
github.com/JailtonJunior94/ai-spec-harness/internal/taskloop/reviewer.go:585.3,586.1 1 0
github.com/JailtonJunior94/ai-spec-harness/internal/taskloop/reviewer.go:587.2,588.19 2 1
github.com/JailtonJunior94/ai-spec-harness/internal/taskloop/reviewer.go:589.3,590.1 1 1
github.com/JailtonJunior94/ai-spec-harness/internal/taskloop/reviewer.go:591.2,591.42 1 1
github.com/JailtonJunior94/ai-spec-harness/internal/taskloop/reviewer.go:595.2,598.16 4 1
github.com/JailtonJunior94/ai-spec-harness/internal/taskloop/reviewer.go:599.3,601.1 2 1
github.com/JailtonJunior94/ai-spec-harness/internal/taskloop/reviewer.go:603.2,604.73 2 1
github.com/JailtonJunior94/ai-spec-harness/internal/taskloop/reviewer.go:605.3,607.1 2 1
github.com/JailtonJunior94/ai-spec-harness/internal/taskloop/reviewer.go:609.2,609.18 1 0
github.com/JailtonJunior94/ai-spec-harness/internal/taskloop/reviewer.go:615.2,618.1 5 1
github.com/JailtonJunior94/ai-spec-harness/internal/taskloop/reviewer.go:619.2,620.1 5 1
github.com/JailtonJunior94/ai-spec-harness/internal/taskloop/reviewer.go:621.2,621.125 5 1
github.com/JailtonJunior94/ai-spec-harness/internal/taskloop/reviewer.go:622.3,623.1 1 1
github.com/JailtonJunior94/ai-spec-harness/internal/taskloop/reviewer.go:624.2,624.131 1 1
github.com/JailtonJunior94/ai-spec-harness/internal/taskloop/reviewer.go:625.3,626.1 1 1
github.com/JailtonJunior94/ai-spec-harness/internal/taskloop/reviewer.go:627.2,627.140 1 1
github.com/JailtonJunior94/ai-spec-harness/internal/taskloop/reviewer.go:628.3,629.1 1 1
github.com/JailtonJunior94/ai-spec-harness/internal/taskloop/reviewer.go:630.2,630.130 1 1
github.com/JailtonJunior94/ai-spec-harness/internal/taskloop/reviewer.go:631.3,632.1 1 1
github.com/JailtonJunior94/ai-spec-harness/internal/taskloop/reviewer.go:633.2,633.94 1 1
github.com/JailtonJunior94/ai-spec-harness/internal/taskloop/reviewer.go:634.3,635.1 1 1
github.com/JailtonJunior94/ai-spec-harness/internal/taskloop/reviewer.go:637.2,637.21 1 1
github.com/JailtonJunior94/ai-spec-harness/internal/taskloop/reviewer.go:638.3,639.1 1 1
github.com/JailtonJunior94/ai-spec-harness/internal/taskloop/reviewer.go:640.2,640.34 1 1
github.com/JailtonJunior94/ai-spec-harness/internal/taskloop/reviewer.go:659.2,660.16 2 1
github.com/JailtonJunior94/ai-spec-harness/internal/taskloop/reviewer.go:661.3,662.1 1 0
github.com/JailtonJunior94/ai-spec-harness/internal/taskloop/reviewer.go:664.2,665.49 2 1
github.com/JailtonJunior94/ai-spec-harness/internal/taskloop/reviewer.go:666.3,667.1 1 0
github.com/JailtonJunior94/ai-spec-harness/internal/taskloop/reviewer.go:669.2,669.26 1 1
github.com/JailtonJunior94/ai-spec-harness/internal/taskloop/reviewer.go:675.2,677.1 3 1
github.com/JailtonJunior94/ai-spec-harness/internal/taskloop/reviewer.go:678.2,678.34 3 1
github.com/JailtonJunior94/ai-spec-harness/internal/taskloop/reviewer.go:679.3,679.54 1 1
github.com/JailtonJunior94/ai-spec-harness/internal/taskloop/reviewer.go:680.4,682.1 2 1
github.com/JailtonJunior94/ai-spec-harness/internal/taskloop/reviewer.go:685.2,685.26 1 1
github.com/JailtonJunior94/ai-spec-harness/internal/taskloop/reviewer.go:686.3,687.1 1 1
github.com/JailtonJunior94/ai-spec-harness/internal/taskloop/reviewer.go:689.2,689.25 1 1
github.com/JailtonJunior94/ai-spec-harness/internal/taskloop/reviewer.go:690.3,691.1 1 0
github.com/JailtonJunior94/ai-spec-harness/internal/taskloop/reviewer.go:692.2,692.38 1 1
github.com/JailtonJunior94/ai-spec-harness/internal/taskloop/runloop.go:47.2,48.1 1 1
github.com/JailtonJunior94/ai-spec-harness/internal/taskloop/runloop.go:69.2,69.26 1 1
github.com/JailtonJunior94/ai-spec-harness/internal/taskloop/runloop.go:70.3,71.1 1 1
github.com/JailtonJunior94/ai-spec-harness/internal/taskloop/runloop.go:72.2,72.26 1 1
github.com/JailtonJunior94/ai-spec-harness/internal/taskloop/runloop.go:73.3,74.1 1 1
github.com/JailtonJunior94/ai-spec-harness/internal/taskloop/runloop.go:75.2,75.22 1 1
github.com/JailtonJunior94/ai-spec-harness/internal/taskloop/runloop.go:76.3,77.1 1 1
github.com/JailtonJunior94/ai-spec-harness/internal/taskloop/runloop.go:78.2,78.26 1 1
github.com/JailtonJunior94/ai-spec-harness/internal/taskloop/runloop.go:79.3,80.1 1 1
github.com/JailtonJunior94/ai-spec-harness/internal/taskloop/runloop.go:81.2,81.31 1 1
github.com/JailtonJunior94/ai-spec-harness/internal/taskloop/runloop.go:82.3,83.1 1 1
github.com/JailtonJunior94/ai-spec-harness/internal/taskloop/runloop.go:85.2,86.16 2 1
github.com/JailtonJunior94/ai-spec-harness/internal/taskloop/runloop.go:87.3,88.1 1 0
github.com/JailtonJunior94/ai-spec-harness/internal/taskloop/runloop.go:89.2,89.73 1 1
github.com/JailtonJunior94/ai-spec-harness/internal/taskloop/runloop.go:90.3,90.57 1 1
github.com/JailtonJunior94/ai-spec-harness/internal/taskloop/runloop.go:91.4,93.1 1 0
github.com/JailtonJunior94/ai-spec-harness/internal/taskloop/runloop.go:96.2,97.16 2 1
github.com/JailtonJunior94/ai-spec-harness/internal/taskloop/runloop.go:98.3,99.1 1 0
github.com/JailtonJunior94/ai-spec-harness/internal/taskloop/runloop.go:101.2,105.1 4 1
github.com/JailtonJunior94/ai-spec-harness/internal/taskloop/runloop.go:106.2,107.1 4 1
github.com/JailtonJunior94/ai-spec-harness/internal/taskloop/runloop.go:110.2,111.21 4 1
github.com/JailtonJunior94/ai-spec-harness/internal/taskloop/runloop.go:112.3,113.1 1 1
github.com/JailtonJunior94/ai-spec-harness/internal/taskloop/runloop.go:114.2,115.20 2 1
github.com/JailtonJunior94/ai-spec-harness/internal/taskloop/runloop.go:116.3,117.1 1 1
github.com/JailtonJunior94/ai-spec-harness/internal/taskloop/runloop.go:119.2,119.6 1 1
github.com/JailtonJunior94/ai-spec-harness/internal/taskloop/runloop.go:120.3,120.35 1 1
github.com/JailtonJunior94/ai-spec-harness/internal/taskloop/runloop.go:121.4,122.1 1 0
github.com/JailtonJunior94/ai-spec-harness/internal/taskloop/runloop.go:124.3,124.40 1 1
github.com/JailtonJunior94/ai-spec-harness/internal/taskloop/runloop.go:126.4,127.41 2 1
github.com/JailtonJunior94/ai-spec-harness/internal/taskloop/runloop.go:128.5,128.10 1 1
github.com/JailtonJunior94/ai-spec-harness/internal/taskloop/runloop.go:130.4,130.18 1 1
github.com/JailtonJunior94/ai-spec-harness/internal/taskloop/runloop.go:131.5,132.1 1 0
github.com/JailtonJunior94/ai-spec-harness/internal/taskloop/runloop.go:134.4,135.18 2 1
github.com/JailtonJunior94/ai-spec-harness/internal/taskloop/runloop.go:136.5,137.1 1 0
github.com/JailtonJunior94/ai-spec-harness/internal/taskloop/runloop.go:138.4,139.1 2 1
github.com/JailtonJunior94/ai-spec-harness/internal/taskloop/runloop.go:140.4,140.90 2 1
github.com/JailtonJunior94/ai-spec-harness/internal/taskloop/runloop.go:141.5,143.1 1 0
github.com/JailtonJunior94/ai-spec-harness/internal/taskloop/runloop.go:145.4,146.21 2 1
github.com/JailtonJunior94/ai-spec-harness/internal/taskloop/runloop.go:147.5,150.1 2 0
github.com/JailtonJunior94/ai-spec-harness/internal/taskloop/runloop.go:152.4,152.73 1 1
github.com/JailtonJunior94/ai-spec-harness/internal/taskloop/runloop.go:153.5,155.1 1 0
github.com/JailtonJunior94/ai-spec-harness/internal/taskloop/runloop.go:156.4,157.66 2 1
github.com/JailtonJunior94/ai-spec-harness/internal/taskloop/runloop.go:161.4,162.62 2 1
github.com/JailtonJunior94/ai-spec-harness/internal/taskloop/runloop.go:163.5,164.1 1 0
github.com/JailtonJunior94/ai-spec-harness/internal/taskloop/runloop.go:165.4,165.23 1 1
github.com/JailtonJunior94/ai-spec-harness/internal/taskloop/runloop.go:166.5,166.10 1 1
github.com/JailtonJunior94/ai-spec-harness/internal/taskloop/runloop.go:169.4,170.22 2 1
github.com/JailtonJunior94/ai-spec-harness/internal/taskloop/runloop.go:171.5,172.1 1 1
github.com/JailtonJunior94/ai-spec-harness/internal/taskloop/runloop.go:173.4,174.23 2 1
github.com/JailtonJunior94/ai-spec-harness/internal/taskloop/runloop.go:175.5,176.1 1 0
github.com/JailtonJunior94/ai-spec-harness/internal/taskloop/runloop.go:180.2,183.16 4 1
github.com/JailtonJunior94/ai-spec-harness/internal/taskloop/runloop.go:184.3,186.1 1 0
github.com/JailtonJunior94/ai-spec-harness/internal/taskloop/runloop.go:187.2,188.1 2 1
github.com/JailtonJunior94/ai-spec-harness/internal/taskloop/runloop.go:189.2,189.21 2 1
github.com/JailtonJunior94/ai-spec-harness/internal/taskloop/runloop.go:191.3,191.74 1 1
github.com/JailtonJunior94/ai-spec-harness/internal/taskloop/runloop.go:194.3,195.17 2 1
github.com/JailtonJunior94/ai-spec-harness/internal/taskloop/runloop.go:196.4,198.1 1 0
github.com/JailtonJunior94/ai-spec-harness/internal/taskloop/runloop.go:199.3,201.120 3 1
github.com/JailtonJunior94/ai-spec-harness/internal/taskloop/runloop.go:202.4,203.1 1 1
github.com/JailtonJunior94/ai-spec-harness/internal/taskloop/runloop.go:206.3,208.91 2 1
github.com/JailtonJunior94/ai-spec-harness/internal/taskloop/runloop.go:211.3,211.60 1 1
github.com/JailtonJunior94/ai-spec-harness/internal/taskloop/runloop.go:212.4,214.1 1 0
github.com/JailtonJunior94/ai-spec-harness/internal/taskloop/runloop.go:216.3,217.25 2 1
github.com/JailtonJunior94/ai-spec-harness/internal/taskloop/runloop.go:218.4,219.1 1 0
github.com/JailtonJunior94/ai-spec-harness/internal/taskloop/runloop.go:221.3,222.25 2 1
github.com/JailtonJunior94/ai-spec-harness/internal/taskloop/runloop.go:223.4,228.35 6 1
github.com/JailtonJunior94/ai-spec-harness/internal/taskloop/runloop.go:229.5,230.1 1 1
github.com/JailtonJunior94/ai-spec-harness/internal/taskloop/runloop.go:231.4,231.43 1 1
github.com/JailtonJunior94/ai-spec-harness/internal/taskloop/runloop.go:232.5,233.1 1 1
github.com/JailtonJunior94/ai-spec-harness/internal/taskloop/runloop.go:234.4,234.44 1 1
github.com/JailtonJunior94/ai-spec-harness/internal/taskloop/runloop.go:235.5,236.1 1 0
github.com/JailtonJunior94/ai-spec-harness/internal/taskloop/runloop.go:236.11,236.27 1 1
github.com/JailtonJunior94/ai-spec-harness/internal/taskloop/runloop.go:237.5,238.1 1 0
github.com/JailtonJunior94/ai-spec-harness/internal/taskloop/runloop.go:240.4,244.23 5 1
github.com/JailtonJunior94/ai-spec-harness/internal/taskloop/runloop.go:245.5,247.1 1 0
github.com/JailtonJunior94/ai-spec-harness/internal/taskloop/runloop.go:248.4,253.34 6 1
github.com/JailtonJunior94/ai-spec-harness/internal/taskloop/runloop.go:254.5,255.1 1 1
github.com/JailtonJunior94/ai-spec-harness/internal/taskloop/runloop.go:256.4,256.26 1 1
github.com/JailtonJunior94/ai-spec-harness/internal/taskloop/runloop.go:257.5,259.1 2 1
github.com/JailtonJunior94/ai-spec-harness/internal/taskloop/runloop.go:262.3,262.16 1 1
github.com/JailtonJunior94/ai-spec-harness/internal/taskloop/runloop.go:263.4,263.33 1 1
github.com/JailtonJunior94/ai-spec-harness/internal/taskloop/runloop.go:264.5,265.1 1 1
github.com/JailtonJunior94/ai-spec-harness/internal/taskloop/runloop.go:266.4,267.102 2 1
github.com/JailtonJunior94/ai-spec-harness/internal/taskloop/runloop.go:269.3,269.32 1 1
github.com/JailtonJunior94/ai-spec-harness/internal/taskloop/runloop.go:270.4,270.38 1 1
github.com/JailtonJunior94/ai-spec-harness/internal/taskloop/runloop.go:272.5,272.91 1 1
github.com/JailtonJunior94/ai-spec-harness/internal/taskloop/runloop.go:274.5,275.19 2 0
github.com/JailtonJunior94/ai-spec-harness/internal/taskloop/runloop.go:276.6,278.1 1 0
github.com/JailtonJunior94/ai-spec-harness/internal/taskloop/runloop.go:279.5,282.43 4 0
github.com/JailtonJunior94/ai-spec-harness/internal/taskloop/runloop.go:283.6,283.53 1 0
github.com/JailtonJunior94/ai-spec-harness/internal/taskloop/runloop.go:284.7,285.1 1 0
github.com/JailtonJunior94/ai-spec-harness/internal/taskloop/runloop.go:287.5,287.121 1 0
github.com/JailtonJunior94/ai-spec-harness/internal/taskloop/runloop.go:288.6,289.1 1 0
github.com/JailtonJunior94/ai-spec-harness/internal/taskloop/runloop.go:291.5,293.108 2 0
github.com/JailtonJunior94/ai-spec-harness/internal/taskloop/runloop.go:298.2,298.57 1 1
github.com/JailtonJunior94/ai-spec-harness/internal/taskloop/runloop.go:318.2,319.28 2 1
github.com/JailtonJunior94/ai-spec-harness/internal/taskloop/runloop.go:320.3,321.1 1 1
github.com/JailtonJunior94/ai-spec-harness/internal/taskloop/runloop.go:322.2,322.59 1 1
github.com/JailtonJunior94/ai-spec-harness/internal/taskloop/runloop.go:323.3,324.1 1 0
github.com/JailtonJunior94/ai-spec-harness/internal/taskloop/runloop.go:326.2,326.33 1 1
github.com/JailtonJunior94/ai-spec-harness/internal/taskloop/runloop.go:327.3,328.17 2 1
github.com/JailtonJunior94/ai-spec-harness/internal/taskloop/runloop.go:329.4,330.1 1 1
github.com/JailtonJunior94/ai-spec-harness/internal/taskloop/runloop.go:331.3,331.16 1 1
github.com/JailtonJunior94/ai-spec-harness/internal/taskloop/runloop.go:332.4,333.1 1 0
github.com/JailtonJunior94/ai-spec-harness/internal/taskloop/runloop.go:334.3,334.56 1 1
github.com/JailtonJunior94/ai-spec-harness/internal/taskloop/runloop.go:337.2,341.24 5 1
github.com/JailtonJunior94/ai-spec-harness/internal/taskloop/runloop.go:342.3,343.1 1 1
github.com/JailtonJunior94/ai-spec-harness/internal/taskloop/runloop.go:344.2,344.33 1 1
github.com/JailtonJunior94/ai-spec-harness/internal/taskloop/runloop.go:345.3,346.1 1 1
github.com/JailtonJunior94/ai-spec-harness/internal/taskloop/runloop.go:347.2,347.41 1 1
github.com/JailtonJunior94/ai-spec-harness/internal/taskloop/runloop.go:348.3,349.1 1 1
github.com/JailtonJunior94/ai-spec-harness/internal/taskloop/runloop.go:350.2,350.42 1 1
github.com/JailtonJunior94/ai-spec-harness/internal/taskloop/runloop.go:351.3,351.32 1 1
github.com/JailtonJunior94/ai-spec-harness/internal/taskloop/runloop.go:352.4,353.1 1 1
github.com/JailtonJunior94/ai-spec-harness/internal/taskloop/runloop.go:354.3,355.21 2 1
github.com/JailtonJunior94/ai-spec-harness/internal/taskloop/runloop.go:357.2,357.18 1 1
github.com/JailtonJunior94/ai-spec-harness/internal/taskloop/runloop.go:358.3,358.32 1 1
github.com/JailtonJunior94/ai-spec-harness/internal/taskloop/runloop.go:359.4,360.1 1 1
github.com/JailtonJunior94/ai-spec-harness/internal/taskloop/runloop.go:361.3,361.21 1 1
github.com/JailtonJunior94/ai-spec-harness/internal/taskloop/runloop.go:363.2,363.31 1 1
github.com/JailtonJunior94/ai-spec-harness/internal/taskloop/runloop.go:364.3,365.1 1 1
github.com/JailtonJunior94/ai-spec-harness/internal/taskloop/runloop.go:366.2,366.31 1 1
github.com/JailtonJunior94/ai-spec-harness/internal/taskloop/runloop.go:367.3,368.1 1 0
github.com/JailtonJunior94/ai-spec-harness/internal/taskloop/runloop.go:370.2,370.36 1 1
github.com/JailtonJunior94/ai-spec-harness/internal/taskloop/runloop.go:372.3,372.20 1 1
github.com/JailtonJunior94/ai-spec-harness/internal/taskloop/runloop.go:374.3,375.17 2 1
github.com/JailtonJunior94/ai-spec-harness/internal/taskloop/runloop.go:376.4,377.1 1 0
github.com/JailtonJunior94/ai-spec-harness/internal/taskloop/runloop.go:378.3,379.1 4 1
github.com/JailtonJunior94/ai-spec-harness/internal/taskloop/runloop.go:380.3,382.17 4 1
github.com/JailtonJunior94/ai-spec-harness/internal/taskloop/runloop.go:383.4,384.1 1 0
github.com/JailtonJunior94/ai-spec-harness/internal/taskloop/runloop.go:385.3,385.25 1 1
github.com/JailtonJunior94/ai-spec-harness/internal/taskloop/runloop.go:386.4,387.1 1 1
github.com/JailtonJunior94/ai-spec-harness/internal/taskloop/runloop.go:388.3,388.101 1 1
github.com/JailtonJunior94/ai-spec-harness/internal/taskloop/runloop.go:390.3,390.118 1 1
github.com/JailtonJunior94/ai-spec-harness/internal/taskloop/runloop.go:392.3,392.20 1 0
github.com/JailtonJunior94/ai-spec-harness/internal/taskloop/runloop.go:401.2,402.35 2 1
github.com/JailtonJunior94/ai-spec-harness/internal/taskloop/runloop.go:403.3,403.34 1 1
github.com/JailtonJunior94/ai-spec-harness/internal/taskloop/runloop.go:404.4,407.1 3 1
github.com/JailtonJunior94/ai-spec-harness/internal/taskloop/runloop.go:409.2,409.12 1 1
github.com/JailtonJunior94/ai-spec-harness/internal/taskloop/runloop.go:413.2,413.40 1 1
github.com/JailtonJunior94/ai-spec-harness/internal/taskloop/runloop.go:414.3,415.1 1 1
github.com/JailtonJunior94/ai-spec-harness/internal/taskloop/runloop.go:416.2,416.16 1 1
github.com/JailtonJunior94/ai-spec-harness/internal/taskloop/runloop.go:417.3,418.1 1 1
github.com/JailtonJunior94/ai-spec-harness/internal/taskloop/runloop.go:419.2,419.39 1 0
github.com/JailtonJunior94/ai-spec-harness/internal/taskloop/runloop.go:420.3,421.1 1 0
github.com/JailtonJunior94/ai-spec-harness/internal/taskloop/runloop.go:422.2,422.20 1 0
github.com/JailtonJunior94/ai-spec-harness/internal/taskloop/runloop.go:433.2,435.16 3 1
github.com/JailtonJunior94/ai-spec-harness/internal/taskloop/runloop.go:436.3,437.1 1 0
github.com/JailtonJunior94/ai-spec-harness/internal/taskloop/runloop.go:438.2,438.20 1 1
github.com/JailtonJunior94/ai-spec-harness/internal/taskloop/runloop.go:439.3,440.1 1 0
github.com/JailtonJunior94/ai-spec-harness/internal/taskloop/runloop.go:441.2,441.87 1 1
github.com/JailtonJunior94/ai-spec-harness/internal/taskloop/runloop.go:442.3,443.1 1 0
github.com/JailtonJunior94/ai-spec-harness/internal/taskloop/runloop.go:444.2,444.109 1 1
github.com/JailtonJunior94/ai-spec-harness/internal/taskloop/runloop.go:445.3,446.1 1 0
github.com/JailtonJunior94/ai-spec-harness/internal/taskloop/runloop.go:447.2,447.18 1 1
github.com/JailtonJunior94/ai-spec-harness/internal/taskloop/runloop.go:451.2,451.48 1 1
github.com/JailtonJunior94/ai-spec-harness/internal/taskloop/runloop.go:452.3,453.17 2 1
github.com/JailtonJunior94/ai-spec-harness/internal/taskloop/runloop.go:454.4,455.1 1 1
github.com/JailtonJunior94/ai-spec-harness/internal/taskloop/runloop.go:457.2,457.47 1 0
github.com/JailtonJunior94/ai-spec-harness/internal/taskloop/runloop.go:467.2,472.20 6 1
github.com/JailtonJunior94/ai-spec-harness/internal/taskloop/runloop.go:473.3,474.1 1 1
github.com/JailtonJunior94/ai-spec-harness/internal/taskloop/runloop.go:475.2,475.24 1 1
github.com/JailtonJunior94/ai-spec-harness/internal/taskloop/runloop.go:476.3,477.1 1 1
github.com/JailtonJunior94/ai-spec-harness/internal/taskloop/runloop.go:478.2,480.19 3 1
github.com/JailtonJunior94/ai-spec-harness/internal/taskloop/runloop.go:486.2,486.29 1 1
github.com/JailtonJunior94/ai-spec-harness/internal/taskloop/runloop.go:487.3,488.1 1 1
github.com/JailtonJunior94/ai-spec-harness/internal/taskloop/runloop.go:489.2,490.27 2 1
github.com/JailtonJunior94/ai-spec-harness/internal/taskloop/runloop.go:491.3,492.17 2 1
github.com/JailtonJunior94/ai-spec-harness/internal/taskloop/runloop.go:493.4,493.96 1 1
github.com/JailtonJunior94/ai-spec-harness/internal/taskloop/runloop.go:494.5,495.1 1 0
github.com/JailtonJunior94/ai-spec-harness/internal/taskloop/runloop.go:498.2,498.15 1 1
github.com/JailtonJunior94/ai-spec-harness/internal/taskloop/runloop.go:504.2,504.46 1 1
github.com/JailtonJunior94/ai-spec-harness/internal/taskloop/runloop.go:505.3,506.1 1 1
github.com/JailtonJunior94/ai-spec-harness/internal/taskloop/runloop.go:507.2,508.55 1 1
github.com/JailtonJunior94/ai-spec-harness/internal/taskloop/runloop.go:517.2,519.28 3 1
github.com/JailtonJunior94/ai-spec-harness/internal/taskloop/runloop.go:520.3,521.40 2 1
github.com/JailtonJunior94/ai-spec-harness/internal/taskloop/runloop.go:522.4,523.1 1 1
github.com/JailtonJunior94/ai-spec-harness/internal/taskloop/runloop.go:524.3,524.17 1 1
github.com/JailtonJunior94/ai-spec-harness/internal/taskloop/runloop.go:525.4,526.1 1 0
github.com/JailtonJunior94/ai-spec-harness/internal/taskloop/runloop.go:527.3,527.20 1 1
github.com/JailtonJunior94/ai-spec-harness/internal/taskloop/runloop.go:529.4,529.9 1 0
github.com/JailtonJunior94/ai-spec-harness/internal/taskloop/runloop.go:531.3,532.31 2 1
github.com/JailtonJunior94/ai-spec-harness/internal/taskloop/runloop.go:534.2,534.19 1 1
github.com/JailtonJunior94/ai-spec-harness/internal/taskloop/runloop.go:556.2,559.1 4 1
github.com/JailtonJunior94/ai-spec-harness/internal/taskloop/runloop.go:560.2,560.29 4 1
github.com/JailtonJunior94/ai-spec-harness/internal/taskloop/runloop.go:561.3,562.17 2 1
github.com/JailtonJunior94/ai-spec-harness/internal/taskloop/runloop.go:563.4,564.12 2 0
github.com/JailtonJunior94/ai-spec-harness/internal/taskloop/runloop.go:566.3,567.1 3 1
github.com/JailtonJunior94/ai-spec-harness/internal/taskloop/runloop.go:568.3,569.44 3 1
github.com/JailtonJunior94/ai-spec-harness/internal/taskloop/runloop.go:570.4,572.17 3 1
github.com/JailtonJunior94/ai-spec-harness/internal/taskloop/runloop.go:572.19,572.26 1 1
github.com/JailtonJunior94/ai-spec-harness/internal/taskloop/runloop.go:574.4,574.24 1 1
github.com/JailtonJunior94/ai-spec-harness/internal/taskloop/runloop.go:575.5,577.1 2 0
github.com/JailtonJunior94/ai-spec-harness/internal/taskloop/runloop.go:579.4,580.22 2 1
github.com/JailtonJunior94/ai-spec-harness/internal/taskloop/runloop.go:581.5,583.1 2 0
github.com/JailtonJunior94/ai-spec-harness/internal/taskloop/runloop.go:585.4,586.21 2 1
github.com/JailtonJunior94/ai-spec-harness/internal/taskloop/runloop.go:587.5,590.1 3 0
github.com/JailtonJunior94/ai-spec-harness/internal/taskloop/runloop.go:592.4,592.73 1 1
github.com/JailtonJunior94/ai-spec-harness/internal/taskloop/runloop.go:593.5,595.1 2 0
github.com/JailtonJunior94/ai-spec-harness/internal/taskloop/runloop.go:596.4,597.30 2 1
github.com/JailtonJunior94/ai-spec-harness/internal/taskloop/runloop.go:601.2,602.1 2 1
github.com/JailtonJunior94/ai-spec-harness/internal/taskloop/runloop.go:604.2,604.28 2 1
github.com/JailtonJunior94/ai-spec-harness/internal/taskloop/runloop.go:605.3,605.23 1 1
github.com/JailtonJunior94/ai-spec-harness/internal/taskloop/runloop.go:606.4,607.1 1 1
github.com/JailtonJunior94/ai-spec-harness/internal/taskloop/runloop.go:608.3,608.38 1 1
github.com/JailtonJunior94/ai-spec-harness/internal/taskloop/runloop.go:609.4,610.1 1 0
github.com/JailtonJunior94/ai-spec-harness/internal/taskloop/runloop.go:611.3,611.37 1 1
github.com/JailtonJunior94/ai-spec-harness/internal/taskloop/runloop.go:612.4,613.1 1 1
github.com/JailtonJunior94/ai-spec-harness/internal/taskloop/runloop.go:615.2,615.45 1 1
github.com/JailtonJunior94/ai-spec-harness/internal/taskloop/runtimeconfig.go:29.2,30.1 2 1
github.com/JailtonJunior94/ai-spec-harness/internal/taskloop/runtimeconfig.go:31.2,31.28 2 1
github.com/JailtonJunior94/ai-spec-harness/internal/taskloop/runtimeconfig.go:32.3,33.17 2 1
github.com/JailtonJunior94/ai-spec-harness/internal/taskloop/runtimeconfig.go:34.4,35.1 1 1
github.com/JailtonJunior94/ai-spec-harness/internal/taskloop/runtimeconfig.go:36.3,37.20 2 1
github.com/JailtonJunior94/ai-spec-harness/internal/taskloop/runtimeconfig.go:38.4,39.1 1 0
github.com/JailtonJunior94/ai-spec-harness/internal/taskloop/runtimeconfig.go:40.3,40.14 1 1
github.com/JailtonJunior94/ai-spec-harness/internal/taskloop/runtimeconfig.go:43.2,44.36 2 1
github.com/JailtonJunior94/ai-spec-harness/internal/taskloop/runtimeconfig.go:45.3,46.17 2 1
github.com/JailtonJunior94/ai-spec-harness/internal/taskloop/runtimeconfig.go:47.4,48.1 1 1
github.com/JailtonJunior94/ai-spec-harness/internal/taskloop/runtimeconfig.go:49.3,49.15 1 1
github.com/JailtonJunior94/ai-spec-harness/internal/taskloop/runtimeconfig.go:52.2,61.1 3 1
github.com/JailtonJunior94/ai-spec-harness/internal/taskloop/runtimeconfig.go:62.2,63.16 3 1
github.com/JailtonJunior94/ai-spec-harness/internal/taskloop/runtimeconfig.go:75.2,77.16 3 1
github.com/JailtonJunior94/ai-spec-harness/internal/taskloop/runtimeconfig.go:78.3,79.1 1 0
github.com/JailtonJunior94/ai-spec-harness/internal/taskloop/runtimeconfig.go:82.2,82.28 1 1
github.com/JailtonJunior94/ai-spec-harness/internal/taskloop/runtimeconfig.go:83.3,84.1 1 1
github.com/JailtonJunior94/ai-spec-harness/internal/taskloop/runtimeconfig.go:85.2,86.16 2 1
github.com/JailtonJunior94/ai-spec-harness/internal/taskloop/runtimeconfig.go:87.3,88.1 1 0
github.com/JailtonJunior94/ai-spec-harness/internal/taskloop/runtimeconfig.go:89.2,89.16 1 1
github.com/JailtonJunior94/ai-spec-harness/internal/taskloop/runtimeconfig.go:93.2,93.38 1 1
github.com/JailtonJunior94/ai-spec-harness/internal/taskloop/runtimeconfig.go:94.3,95.1 1 1
github.com/JailtonJunior94/ai-spec-harness/internal/taskloop/runtimeconfig.go:96.2,96.13 1 1
github.com/JailtonJunior94/ai-spec-harness/internal/taskloop/runtimeconfig.go:103.2,104.1 2 1
github.com/JailtonJunior94/ai-spec-harness/internal/taskloop/runtimeconfig.go:106.2,106.58 2 1
github.com/JailtonJunior94/ai-spec-harness/internal/taskloop/runtimeconfig.go:107.3,108.1 1 1
github.com/JailtonJunior94/ai-spec-harness/internal/taskloop/runtimeconfig.go:109.2,110.33 2 1
github.com/JailtonJunior94/ai-spec-harness/internal/taskloop/runtimeconfig.go:111.3,112.1 1 1
github.com/JailtonJunior94/ai-spec-harness/internal/taskloop/runtimeconfig.go:113.2,114.29 2 1
github.com/JailtonJunior94/ai-spec-harness/internal/taskloop/runtimeconfig.go:115.3,116.1 1 1
github.com/JailtonJunior94/ai-spec-harness/internal/taskloop/runtimeconfig.go:117.2,118.34 2 1
github.com/JailtonJunior94/ai-spec-harness/internal/taskloop/runtimeconfig.go:119.3,120.1 1 1
github.com/JailtonJunior94/ai-spec-harness/internal/taskloop/runtimeconfig.go:121.2,128.1 1 1
github.com/JailtonJunior94/ai-spec-harness/internal/taskloop/selector.go:35.2,36.1 1 1
github.com/JailtonJunior94/ai-spec-harness/internal/taskloop/selector.go:42.2,42.34 1 1
github.com/JailtonJunior94/ai-spec-harness/internal/taskloop/selector.go:43.3,44.1 1 1
github.com/JailtonJunior94/ai-spec-harness/internal/taskloop/selector.go:46.2,48.16 3 1
github.com/JailtonJunior94/ai-spec-harness/internal/taskloop/selector.go:49.3,50.1 1 0
github.com/JailtonJunior94/ai-spec-harness/internal/taskloop/selector.go:52.2,53.16 2 1
github.com/JailtonJunior94/ai-spec-harness/internal/taskloop/selector.go:54.3,55.1 1 1
github.com/JailtonJunior94/ai-spec-harness/internal/taskloop/selector.go:57.2,57.56 1 1
github.com/JailtonJunior94/ai-spec-harness/internal/taskloop/selector.go:58.3,59.1 1 1
github.com/JailtonJunior94/ai-spec-harness/internal/taskloop/selector.go:60.2,62.1 3 1
github.com/JailtonJunior94/ai-spec-harness/internal/taskloop/selector.go:63.2,63.24 3 1
github.com/JailtonJunior94/ai-spec-harness/internal/taskloop/selector.go:64.3,65.1 1 1
github.com/JailtonJunior94/ai-spec-harness/internal/taskloop/selector.go:67.2,67.49 1 1
github.com/JailtonJunior94/ai-spec-harness/internal/taskloop/selector.go:68.3,68.47 1 1
github.com/JailtonJunior94/ai-spec-harness/internal/taskloop/selector.go:69.4,70.1 1 1
github.com/JailtonJunior94/ai-spec-harness/internal/taskloop/selector.go:71.3,71.41 1 1
github.com/JailtonJunior94/ai-spec-harness/internal/taskloop/selector.go:74.2,75.21 2 1
github.com/JailtonJunior94/ai-spec-harness/internal/taskloop/selector.go:80.2,82.26 3 1
github.com/JailtonJunior94/ai-spec-harness/internal/taskloop/selector.go:83.3,85.1 2 1
github.com/JailtonJunior94/ai-spec-harness/internal/taskloop/selector.go:88.2,89.1 3 1
github.com/JailtonJunior94/ai-spec-harness/internal/taskloop/selector.go:90.2,91.29 3 1
github.com/JailtonJunior94/ai-spec-harness/internal/taskloop/selector.go:92.3,92.21 1 1
github.com/JailtonJunior94/ai-spec-harness/internal/taskloop/selector.go:93.4,94.1 1 1
github.com/JailtonJunior94/ai-spec-harness/internal/taskloop/selector.go:95.3,95.21 1 1
github.com/JailtonJunior94/ai-spec-harness/internal/taskloop/selector.go:96.4,97.1 1 1
github.com/JailtonJunior94/ai-spec-harness/internal/taskloop/selector.go:98.3,99.31 2 1
github.com/JailtonJunior94/ai-spec-harness/internal/taskloop/selector.go:100.4,100.16 1 1
github.com/JailtonJunior94/ai-spec-harness/internal/taskloop/selector.go:101.5,102.1 1 1
github.com/JailtonJunior94/ai-spec-harness/internal/taskloop/selector.go:104.3,105.15 2 1
github.com/JailtonJunior94/ai-spec-harness/internal/taskloop/selector.go:108.2,108.22 1 1
github.com/JailtonJunior94/ai-spec-harness/internal/taskloop/selector.go:109.3,109.21 1 1
github.com/JailtonJunior94/ai-spec-harness/internal/taskloop/selector.go:110.4,110.15 1 1
github.com/JailtonJunior94/ai-spec-harness/internal/taskloop/selector.go:111.5,112.1 1 1
github.com/JailtonJunior94/ai-spec-harness/internal/taskloop/selector.go:115.2,115.12 1 1
github.com/JailtonJunior94/ai-spec-harness/internal/taskloop/taskloop.go:127.2,131.1 1 1
github.com/JailtonJunior94/ai-spec-harness/internal/taskloop/taskloop.go:138.2,139.16 2 1
github.com/JailtonJunior94/ai-spec-harness/internal/taskloop/taskloop.go:140.3,141.1 1 0
github.com/JailtonJunior94/ai-spec-harness/internal/taskloop/taskloop.go:142.2,142.25 1 1
github.com/JailtonJunior94/ai-spec-harness/internal/taskloop/taskloop.go:143.3,143.41 1 0
github.com/JailtonJunior94/ai-spec-harness/internal/taskloop/taskloop.go:144.4,145.1 1 0
github.com/JailtonJunior94/ai-spec-harness/internal/taskloop/taskloop.go:147.2,147.17 1 1
github.com/JailtonJunior94/ai-spec-harness/internal/taskloop/taskloop.go:154.2,154.36 1 1
github.com/JailtonJunior94/ai-spec-harness/internal/taskloop/taskloop.go:155.3,156.1 1 1
github.com/JailtonJunior94/ai-spec-harness/internal/taskloop/taskloop.go:157.2,157.29 1 1
github.com/JailtonJunior94/ai-spec-harness/internal/taskloop/taskloop.go:165.2,166.1 5 1
github.com/JailtonJunior94/ai-spec-harness/internal/taskloop/taskloop.go:167.2,168.1 5 1
github.com/JailtonJunior94/ai-spec-harness/internal/taskloop/taskloop.go:170.2,172.28 5 1
github.com/JailtonJunior94/ai-spec-harness/internal/taskloop/taskloop.go:173.3,174.1 1 0
github.com/JailtonJunior94/ai-spec-harness/internal/taskloop/taskloop.go:175.2,177.1 3 1
github.com/JailtonJunior94/ai-spec-harness/internal/taskloop/taskloop.go:179.2,179.35 3 1
github.com/JailtonJunior94/ai-spec-harness/internal/taskloop/taskloop.go:180.3,182.28 3 1
github.com/JailtonJunior94/ai-spec-harness/internal/taskloop/taskloop.go:183.4,184.1 1 0
github.com/JailtonJunior94/ai-spec-harness/internal/taskloop/taskloop.go:185.3,186.104 2 1
github.com/JailtonJunior94/ai-spec-harness/internal/taskloop/taskloop.go:190.2,190.39 1 1
github.com/JailtonJunior94/ai-spec-harness/internal/taskloop/taskloop.go:191.3,192.1 1 0
github.com/JailtonJunior94/ai-spec-harness/internal/taskloop/taskloop.go:193.3,194.1 1 1
github.com/JailtonJunior94/ai-spec-harness/internal/taskloop/taskloop.go:197.2,198.16 2 1
github.com/JailtonJunior94/ai-spec-harness/internal/taskloop/taskloop.go:199.3,200.1 1 0
github.com/JailtonJunior94/ai-spec-harness/internal/taskloop/taskloop.go:201.2,202.16 2 1
github.com/JailtonJunior94/ai-spec-harness/internal/taskloop/taskloop.go:203.3,204.1 1 0
github.com/JailtonJunior94/ai-spec-harness/internal/taskloop/taskloop.go:205.2,207.1 3 1
github.com/JailtonJunior94/ai-spec-harness/internal/taskloop/taskloop.go:208.2,208.24 3 1
github.com/JailtonJunior94/ai-spec-harness/internal/taskloop/taskloop.go:209.3,211.1 2 0
github.com/JailtonJunior94/ai-spec-harness/internal/taskloop/taskloop.go:213.2,214.29 2 1
github.com/JailtonJunior94/ai-spec-harness/internal/taskloop/taskloop.go:215.3,216.1 1 1
github.com/JailtonJunior94/ai-spec-harness/internal/taskloop/taskloop.go:217.2,218.1 4 1
github.com/JailtonJunior94/ai-spec-harness/internal/taskloop/taskloop.go:220.2,222.16 4 1
github.com/JailtonJunior94/ai-spec-harness/internal/taskloop/taskloop.go:223.3,224.1 1 0
github.com/JailtonJunior94/ai-spec-harness/internal/taskloop/taskloop.go:225.2,226.23 2 1
github.com/JailtonJunior94/ai-spec-harness/internal/taskloop/taskloop.go:227.3,228.1 1 0
github.com/JailtonJunior94/ai-spec-harness/internal/taskloop/taskloop.go:229.2,230.18 2 1
github.com/JailtonJunior94/ai-spec-harness/internal/taskloop/taskloop.go:231.3,232.1 1 0
github.com/JailtonJunior94/ai-spec-harness/internal/taskloop/taskloop.go:234.2,243.16 2 1
github.com/JailtonJunior94/ai-spec-harness/internal/taskloop/taskloop.go:244.3,245.1 1 0
github.com/JailtonJunior94/ai-spec-harness/internal/taskloop/taskloop.go:247.2,248.52 2 1
github.com/JailtonJunior94/ai-spec-harness/internal/taskloop/taskloop.go:249.3,250.1 1 1
github.com/JailtonJunior94/ai-spec-harness/internal/taskloop/taskloop.go:251.2,251.44 1 1
github.com/JailtonJunior94/ai-spec-harness/internal/taskloop/taskloop.go:256.2,257.16 2 1
github.com/JailtonJunior94/ai-spec-harness/internal/taskloop/taskloop.go:258.3,259.1 1 0
github.com/JailtonJunior94/ai-spec-harness/internal/taskloop/taskloop.go:262.2,262.73 1 1
github.com/JailtonJunior94/ai-spec-harness/internal/taskloop/taskloop.go:263.3,264.27 2 1
github.com/JailtonJunior94/ai-spec-harness/internal/taskloop/taskloop.go:265.4,266.1 1 0
github.com/JailtonJunior94/ai-spec-harness/internal/taskloop/taskloop.go:271.2,273.26 3 1
github.com/JailtonJunior94/ai-spec-harness/internal/taskloop/taskloop.go:274.3,275.19 2 1
github.com/JailtonJunior94/ai-spec-harness/internal/taskloop/taskloop.go:276.4,277.1 1 0
github.com/JailtonJunior94/ai-spec-harness/internal/taskloop/taskloop.go:278.3,283.22 6 1
github.com/JailtonJunior94/ai-spec-harness/internal/taskloop/taskloop.go:284.4,285.1 1 1
github.com/JailtonJunior94/ai-spec-harness/internal/taskloop/taskloop.go:286.3,287.1 2 1
github.com/JailtonJunior94/ai-spec-harness/internal/taskloop/taskloop.go:289.3,289.27 2 1
github.com/JailtonJunior94/ai-spec-harness/internal/taskloop/taskloop.go:290.4,292.25 3 1
github.com/JailtonJunior94/ai-spec-harness/internal/taskloop/taskloop.go:293.5,294.1 1 0
github.com/JailtonJunior94/ai-spec-harness/internal/taskloop/taskloop.go:295.4,295.32 1 1
github.com/JailtonJunior94/ai-spec-harness/internal/taskloop/taskloop.go:298.3,298.53 1 1
github.com/JailtonJunior94/ai-spec-harness/internal/taskloop/taskloop.go:299.4,300.1 1 1
github.com/JailtonJunior94/ai-spec-harness/internal/taskloop/taskloop.go:304.2,304.26 1 1
github.com/JailtonJunior94/ai-spec-harness/internal/taskloop/taskloop.go:305.3,306.36 2 1
github.com/JailtonJunior94/ai-spec-harness/internal/taskloop/taskloop.go:307.4,309.1 2 1
github.com/JailtonJunior94/ai-spec-harness/internal/taskloop/taskloop.go:310.3,310.32 1 1
github.com/JailtonJunior94/ai-spec-harness/internal/taskloop/taskloop.go:314.2,314.53 1 1
github.com/JailtonJunior94/ai-spec-harness/internal/taskloop/taskloop.go:315.3,316.1 3 1
github.com/JailtonJunior94/ai-spec-harness/internal/taskloop/taskloop.go:317.3,318.21 3 1
github.com/JailtonJunior94/ai-spec-harness/internal/taskloop/taskloop.go:319.4,319.31 1 1
github.com/JailtonJunior94/ai-spec-harness/internal/taskloop/taskloop.go:320.5,321.1 1 1
github.com/JailtonJunior94/ai-spec-harness/internal/taskloop/taskloop.go:322.4,323.20 2 1
github.com/JailtonJunior94/ai-spec-harness/internal/taskloop/taskloop.go:324.5,325.1 1 1
github.com/JailtonJunior94/ai-spec-harness/internal/taskloop/taskloop.go:326.4,327.41 2 1
github.com/JailtonJunior94/ai-spec-harness/internal/taskloop/taskloop.go:330.3,330.36 1 1
github.com/JailtonJunior94/ai-spec-harness/internal/taskloop/taskloop.go:331.4,332.21 2 1
github.com/JailtonJunior94/ai-spec-harness/internal/taskloop/taskloop.go:333.5,333.32 1 1
github.com/JailtonJunior94/ai-spec-harness/internal/taskloop/taskloop.go:334.6,335.1 1 0
github.com/JailtonJunior94/ai-spec-harness/internal/taskloop/taskloop.go:336.5,337.21 2 1
github.com/JailtonJunior94/ai-spec-harness/internal/taskloop/taskloop.go:338.6,339.1 1 0
github.com/JailtonJunior94/ai-spec-harness/internal/taskloop/taskloop.go:340.5,341.42 2 1
github.com/JailtonJunior94/ai-spec-harness/internal/taskloop/taskloop.go:347.2,348.26 2 1
github.com/JailtonJunior94/ai-spec-harness/internal/taskloop/taskloop.go:349.3,350.1 1 1
github.com/JailtonJunior94/ai-spec-harness/internal/taskloop/taskloop.go:353.2,354.27 2 1
github.com/JailtonJunior94/ai-spec-harness/internal/taskloop/taskloop.go:355.3,355.33 1 1
github.com/JailtonJunior94/ai-spec-harness/internal/taskloop/taskloop.go:356.4,357.1 1 1
github.com/JailtonJunior94/ai-spec-harness/internal/taskloop/taskloop.go:361.4,362.20 2 0
github.com/JailtonJunior94/ai-spec-harness/internal/taskloop/taskloop.go:363.5,364.1 1 0
github.com/JailtonJunior94/ai-spec-harness/internal/taskloop/taskloop.go:365.4,366.1 3 0
github.com/JailtonJunior94/ai-spec-harness/internal/taskloop/taskloop.go:367.4,368.22 3 0
github.com/JailtonJunior94/ai-spec-harness/internal/taskloop/taskloop.go:369.5,370.1 1 0
github.com/JailtonJunior94/ai-spec-harness/internal/taskloop/taskloop.go:371.4,376.1 3 0
github.com/JailtonJunior94/ai-spec-harness/internal/taskloop/taskloop.go:379.4,387.5 3 0
github.com/JailtonJunior94/ai-spec-harness/internal/taskloop/taskloop.go:390.3,392.24 3 1
github.com/JailtonJunior94/ai-spec-harness/internal/taskloop/taskloop.go:393.4,394.1 1 0
github.com/JailtonJunior94/ai-spec-harness/internal/taskloop/taskloop.go:397.2,397.18 1 1
github.com/JailtonJunior94/ai-spec-harness/internal/taskloop/taskloop.go:398.3,399.21 2 1
github.com/JailtonJunior94/ai-spec-harness/internal/taskloop/taskloop.go:400.4,401.1 1 0
github.com/JailtonJunior94/ai-spec-harness/internal/taskloop/taskloop.go:402.3,402.28 1 1
github.com/JailtonJunior94/ai-spec-harness/internal/taskloop/taskloop.go:403.4,403.43 1 1
github.com/JailtonJunior94/ai-spec-harness/internal/taskloop/taskloop.go:404.5,405.1 1 0
github.com/JailtonJunior94/ai-spec-harness/internal/taskloop/taskloop.go:411.3,411.31 1 1
github.com/JailtonJunior94/ai-spec-harness/internal/taskloop/taskloop.go:412.4,412.57 1 1
github.com/JailtonJunior94/ai-spec-harness/internal/taskloop/taskloop.go:413.5,414.1 1 0
github.com/JailtonJunior94/ai-spec-harness/internal/taskloop/taskloop.go:419.3,419.47 1 1
github.com/JailtonJunior94/ai-spec-harness/internal/taskloop/taskloop.go:420.4,421.22 2 0
github.com/JailtonJunior94/ai-spec-harness/internal/taskloop/taskloop.go:422.5,423.1 1 0
github.com/JailtonJunior94/ai-spec-harness/internal/taskloop/taskloop.go:424.4,424.29 1 0
github.com/JailtonJunior94/ai-spec-harness/internal/taskloop/taskloop.go:429.2,430.16 2 1
github.com/JailtonJunior94/ai-spec-harness/internal/taskloop/taskloop.go:431.3,432.1 1 0
github.com/JailtonJunior94/ai-spec-harness/internal/taskloop/taskloop.go:435.2,439.1 2 1
github.com/JailtonJunior94/ai-spec-harness/internal/taskloop/taskloop.go:440.2,440.26 2 1
github.com/JailtonJunior94/ai-spec-harness/internal/taskloop/taskloop.go:441.3,444.36 4 1
github.com/JailtonJunior94/ai-spec-harness/internal/taskloop/taskloop.go:445.4,447.1 2 1
github.com/JailtonJunior94/ai-spec-harness/internal/taskloop/taskloop.go:449.3,450.1 1 1
github.com/JailtonJunior94/ai-spec-harness/internal/taskloop/taskloop.go:452.2,454.1 4 1
github.com/JailtonJunior94/ai-spec-harness/internal/taskloop/taskloop.go:455.2,456.29 4 1
github.com/JailtonJunior94/ai-spec-harness/internal/taskloop/taskloop.go:457.3,458.1 1 1
github.com/JailtonJunior94/ai-spec-harness/internal/taskloop/taskloop.go:459.2,461.1 2 1
github.com/JailtonJunior94/ai-spec-harness/internal/taskloop/taskloop.go:463.2,463.41 2 1
github.com/JailtonJunior94/ai-spec-harness/internal/taskloop/taskloop.go:464.3,465.1 1 1
github.com/JailtonJunior94/ai-spec-harness/internal/taskloop/taskloop.go:467.2,467.64 1 1
github.com/JailtonJunior94/ai-spec-harness/internal/taskloop/taskloop.go:469.3,470.17 2 1
github.com/JailtonJunior94/ai-spec-harness/internal/taskloop/taskloop.go:471.4,472.1 1 0
github.com/JailtonJunior94/ai-spec-harness/internal/taskloop/taskloop.go:474.3,475.17 2 1
github.com/JailtonJunior94/ai-spec-harness/internal/taskloop/taskloop.go:476.4,477.1 1 0
github.com/JailtonJunior94/ai-spec-harness/internal/taskloop/taskloop.go:478.3,479.1 3 1
github.com/JailtonJunior94/ai-spec-harness/internal/taskloop/taskloop.go:480.3,481.25 3 1
github.com/JailtonJunior94/ai-spec-harness/internal/taskloop/taskloop.go:482.4,482.39 1 1
github.com/JailtonJunior94/ai-spec-harness/internal/taskloop/taskloop.go:483.5,484.1 1 1
github.com/JailtonJunior94/ai-spec-harness/internal/taskloop/taskloop.go:485.5,486.1 1 1
github.com/JailtonJunior94/ai-spec-harness/internal/taskloop/taskloop.go:487.4,488.9 2 1
github.com/JailtonJunior94/ai-spec-harness/internal/taskloop/taskloop.go:491.3,493.1 4 1
github.com/JailtonJunior94/ai-spec-harness/internal/taskloop/taskloop.go:495.3,496.17 4 1
github.com/JailtonJunior94/ai-spec-harness/internal/taskloop/taskloop.go:497.4,508.12 4 0
github.com/JailtonJunior94/ai-spec-harness/internal/taskloop/taskloop.go:512.3,513.84 2 1
github.com/JailtonJunior94/ai-spec-harness/internal/taskloop/taskloop.go:514.4,515.1 1 1
github.com/JailtonJunior94/ai-spec-harness/internal/taskloop/taskloop.go:518.3,519.24 2 1
github.com/JailtonJunior94/ai-spec-harness/internal/taskloop/taskloop.go:520.4,521.1 1 0
github.com/JailtonJunior94/ai-spec-harness/internal/taskloop/taskloop.go:522.3,523.19 2 1
github.com/JailtonJunior94/ai-spec-harness/internal/taskloop/taskloop.go:524.4,525.1 1 0
github.com/JailtonJunior94/ai-spec-harness/internal/taskloop/taskloop.go:527.3,529.1 4 1
github.com/JailtonJunior94/ai-spec-harness/internal/taskloop/taskloop.go:530.3,531.1 4 1
github.com/JailtonJunior94/ai-spec-harness/internal/taskloop/taskloop.go:532.3,532.18 4 1
github.com/JailtonJunior94/ai-spec-harness/internal/taskloop/taskloop.go:533.4,533.28 1 1
github.com/JailtonJunior94/ai-spec-harness/internal/taskloop/taskloop.go:535.5,535.38 1 1
github.com/JailtonJunior94/ai-spec-harness/internal/taskloop/taskloop.go:536.6,537.1 1 1
github.com/JailtonJunior94/ai-spec-harness/internal/taskloop/taskloop.go:538.6,539.1 1 1
github.com/JailtonJunior94/ai-spec-harness/internal/taskloop/taskloop.go:542.5,545.1 3 1
github.com/JailtonJunior94/ai-spec-harness/internal/taskloop/taskloop.go:546.4,556.12 3 1
github.com/JailtonJunior94/ai-spec-harness/internal/taskloop/taskloop.go:560.3,561.27 2 1
github.com/JailtonJunior94/ai-spec-harness/internal/taskloop/taskloop.go:562.4,563.1 1 1
github.com/JailtonJunior94/ai-spec-harness/internal/taskloop/taskloop.go:565.3,566.17 2 1
github.com/JailtonJunior94/ai-spec-harness/internal/taskloop/taskloop.go:567.4,568.1 1 0
github.com/JailtonJunior94/ai-spec-harness/internal/taskloop/taskloop.go:571.3,576.1 7 1
github.com/JailtonJunior94/ai-spec-harness/internal/taskloop/taskloop.go:577.3,578.26 7 1
github.com/JailtonJunior94/ai-spec-harness/internal/taskloop/taskloop.go:579.4,579.113 1 1
github.com/JailtonJunior94/ai-spec-harness/internal/taskloop/taskloop.go:580.5,581.1 1 0
github.com/JailtonJunior94/ai-spec-harness/internal/taskloop/taskloop.go:585.3,586.84 2 1
github.com/JailtonJunior94/ai-spec-harness/internal/taskloop/taskloop.go:587.4,588.1 1 1
github.com/JailtonJunior94/ai-spec-harness/internal/taskloop/taskloop.go:594.3,594.30 1 1
github.com/JailtonJunior94/ai-spec-harness/internal/taskloop/taskloop.go:595.4,595.104 1 1
github.com/JailtonJunior94/ai-spec-harness/internal/taskloop/taskloop.go:596.5,596.95 1 1
github.com/JailtonJunior94/ai-spec-harness/internal/taskloop/taskloop.go:597.6,597.38 1 1
github.com/JailtonJunior94/ai-spec-harness/internal/taskloop/taskloop.go:598.7,598.46 1 1
github.com/JailtonJunior94/ai-spec-harness/internal/taskloop/taskloop.go:599.8,600.13 2 1
github.com/JailtonJunior94/ai-spec-harness/internal/taskloop/taskloop.go:607.3,617.1 2 1
github.com/JailtonJunior94/ai-spec-harness/internal/taskloop/taskloop.go:619.3,619.26 2 1
github.com/JailtonJunior94/ai-spec-harness/internal/taskloop/taskloop.go:620.4,624.89 5 1
github.com/JailtonJunior94/ai-spec-harness/internal/taskloop/taskloop.go:625.5,625.76 1 1
github.com/JailtonJunior94/ai-spec-harness/internal/taskloop/taskloop.go:626.6,627.1 1 1
github.com/JailtonJunior94/ai-spec-harness/internal/taskloop/taskloop.go:629.4,629.9 1 1
github.com/JailtonJunior94/ai-spec-harness/internal/taskloop/taskloop.go:632.3,633.1 2 1
github.com/JailtonJunior94/ai-spec-harness/internal/taskloop/taskloop.go:634.3,634.20 2 1
github.com/JailtonJunior94/ai-spec-harness/internal/taskloop/taskloop.go:635.4,641.9 7 1
github.com/JailtonJunior94/ai-spec-harness/internal/taskloop/taskloop.go:644.3,644.25 1 1
github.com/JailtonJunior94/ai-spec-harness/internal/taskloop/taskloop.go:645.4,646.1 1 1
github.com/JailtonJunior94/ai-spec-harness/internal/taskloop/taskloop.go:648.3,648.23 1 1
github.com/JailtonJunior94/ai-spec-harness/internal/taskloop/taskloop.go:649.4,649.87 1 1
github.com/JailtonJunior94/ai-spec-harness/internal/taskloop/taskloop.go:650.5,651.1 1 1
github.com/JailtonJunior94/ai-spec-harness/internal/taskloop/taskloop.go:652.4,652.60 1 1
github.com/JailtonJunior94/ai-spec-harness/internal/taskloop/taskloop.go:653.10,653.27 1 1
github.com/JailtonJunior94/ai-spec-harness/internal/taskloop/taskloop.go:656.4,656.54 1 1
github.com/JailtonJunior94/ai-spec-harness/internal/taskloop/taskloop.go:657.5,659.1 1 1
github.com/JailtonJunior94/ai-spec-harness/internal/taskloop/taskloop.go:660.4,660.20 1 1
github.com/JailtonJunior94/ai-spec-harness/internal/taskloop/taskloop.go:661.5,662.1 1 1
github.com/JailtonJunior94/ai-spec-harness/internal/taskloop/taskloop.go:665.3,665.19 1 1
github.com/JailtonJunior94/ai-spec-harness/internal/taskloop/taskloop.go:666.4,667.1 1 1
github.com/JailtonJunior94/ai-spec-harness/internal/taskloop/taskloop.go:669.3,670.83 2 1
github.com/JailtonJunior94/ai-spec-harness/internal/taskloop/taskloop.go:671.4,672.18 2 1
github.com/JailtonJunior94/ai-spec-harness/internal/taskloop/taskloop.go:673.5,674.1 1 0
github.com/JailtonJunior94/ai-spec-harness/internal/taskloop/taskloop.go:676.4,677.77 2 1
github.com/JailtonJunior94/ai-spec-harness/internal/taskloop/taskloop.go:678.5,679.1 1 1
github.com/JailtonJunior94/ai-spec-harness/internal/taskloop/taskloop.go:680.4,680.30 1 1
github.com/JailtonJunior94/ai-spec-harness/internal/taskloop/taskloop.go:681.5,687.1 6 1
github.com/JailtonJunior94/ai-spec-harness/internal/taskloop/taskloop.go:688.4,688.23 1 1
github.com/JailtonJunior94/ai-spec-harness/internal/taskloop/taskloop.go:689.5,690.1 1 1
github.com/JailtonJunior94/ai-spec-harness/internal/taskloop/taskloop.go:691.4,692.33 2 1
github.com/JailtonJunior94/ai-spec-harness/internal/taskloop/taskloop.go:693.5,693.120 1 1
github.com/JailtonJunior94/ai-spec-harness/internal/taskloop/taskloop.go:694.6,695.1 1 0
github.com/JailtonJunior94/ai-spec-harness/internal/taskloop/taskloop.go:696.5,696.39 1 1
github.com/JailtonJunior94/ai-spec-harness/internal/taskloop/taskloop.go:697.6,698.1 1 0
github.com/JailtonJunior94/ai-spec-harness/internal/taskloop/taskloop.go:699.5,704.90 5 1
github.com/JailtonJunior94/ai-spec-harness/internal/taskloop/taskloop.go:705.6,705.77 1 1
github.com/JailtonJunior94/ai-spec-harness/internal/taskloop/taskloop.go:706.7,707.1 1 1
github.com/JailtonJunior94/ai-spec-harness/internal/taskloop/taskloop.go:709.5,709.10 1 1
github.com/JailtonJunior94/ai-spec-harness/internal/taskloop/taskloop.go:717.3,717.97 1 1
github.com/JailtonJunior94/ai-spec-harness/internal/taskloop/taskloop.go:718.4,719.24 2 1
github.com/JailtonJunior94/ai-spec-harness/internal/taskloop/taskloop.go:720.5,721.1 1 0
github.com/JailtonJunior94/ai-spec-harness/internal/taskloop/taskloop.go:723.4,725.1 4 1
github.com/JailtonJunior94/ai-spec-harness/internal/taskloop/taskloop.go:726.4,727.33 4 1
github.com/JailtonJunior94/ai-spec-harness/internal/taskloop/taskloop.go:728.5,728.120 1 0
github.com/JailtonJunior94/ai-spec-harness/internal/taskloop/taskloop.go:729.6,730.1 1 0
github.com/JailtonJunior94/ai-spec-harness/internal/taskloop/taskloop.go:731.5,731.39 1 0
github.com/JailtonJunior94/ai-spec-harness/internal/taskloop/taskloop.go:732.6,733.1 1 0
github.com/JailtonJunior94/ai-spec-harness/internal/taskloop/taskloop.go:734.5,739.90 5 0
github.com/JailtonJunior94/ai-spec-harness/internal/taskloop/taskloop.go:740.6,740.77 1 0
github.com/JailtonJunior94/ai-spec-harness/internal/taskloop/taskloop.go:741.7,742.1 1 0
github.com/JailtonJunior94/ai-spec-harness/internal/taskloop/taskloop.go:744.5,744.10 1 0
github.com/JailtonJunior94/ai-spec-harness/internal/taskloop/taskloop.go:748.3,750.1 2 1
github.com/JailtonJunior94/ai-spec-harness/internal/taskloop/taskloop.go:751.3,751.60 2 1
github.com/JailtonJunior94/ai-spec-harness/internal/taskloop/taskloop.go:754.2,754.90 1 1
github.com/JailtonJunior94/ai-spec-harness/internal/taskloop/taskloop.go:755.3,756.1 2 1
github.com/JailtonJunior94/ai-spec-harness/internal/taskloop/taskloop.go:757.3,757.88 2 1
github.com/JailtonJunior94/ai-spec-harness/internal/taskloop/taskloop.go:758.4,758.70 1 1
github.com/JailtonJunior94/ai-spec-harness/internal/taskloop/taskloop.go:759.5,760.1 1 1
github.com/JailtonJunior94/ai-spec-harness/internal/taskloop/taskloop.go:764.2,765.1 3 1
github.com/JailtonJunior94/ai-spec-harness/internal/taskloop/taskloop.go:767.2,768.73 3 1
github.com/JailtonJunior94/ai-spec-harness/internal/taskloop/taskloop.go:769.3,770.1 1 0
github.com/JailtonJunior94/ai-spec-harness/internal/taskloop/taskloop.go:772.2,774.1 3 1
github.com/JailtonJunior94/ai-spec-harness/internal/taskloop/taskloop.go:775.2,775.12 3 1
github.com/JailtonJunior94/ai-spec-harness/internal/taskloop/taskloop.go:783.2,787.16 2 1
github.com/JailtonJunior94/ai-spec-harness/internal/taskloop/taskloop.go:788.3,790.1 1 0
github.com/JailtonJunior94/ai-spec-harness/internal/taskloop/taskloop.go:793.2,807.22 3 1
github.com/JailtonJunior94/ai-spec-harness/internal/taskloop/taskloop.go:808.3,810.1 1 0
github.com/JailtonJunior94/ai-spec-harness/internal/taskloop/taskloop.go:813.2,823.1 7 1
github.com/JailtonJunior94/ai-spec-harness/internal/taskloop/taskloop.go:824.2,828.1 7 1
github.com/JailtonJunior94/ai-spec-harness/internal/taskloop/taskloop.go:829.2,829.17 7 1
github.com/JailtonJunior94/ai-spec-harness/internal/taskloop/taskloop.go:830.3,831.1 1 0
github.com/JailtonJunior94/ai-spec-harness/internal/taskloop/taskloop.go:831.9,831.27 1 1
github.com/JailtonJunior94/ai-spec-harness/internal/taskloop/taskloop.go:832.3,833.1 1 1
github.com/JailtonJunior94/ai-spec-harness/internal/taskloop/taskloop.go:835.2,835.21 1 1
github.com/JailtonJunior94/ai-spec-harness/internal/taskloop/taskloop.go:842.2,843.26 2 1
github.com/JailtonJunior94/ai-spec-harness/internal/taskloop/taskloop.go:844.3,845.1 1 1
github.com/JailtonJunior94/ai-spec-harness/internal/taskloop/taskloop.go:847.2,848.16 2 1
github.com/JailtonJunior94/ai-spec-harness/internal/taskloop/taskloop.go:849.3,851.1 1 0
github.com/JailtonJunior94/ai-spec-harness/internal/taskloop/taskloop.go:854.2,862.22 2 1
github.com/JailtonJunior94/ai-spec-harness/internal/taskloop/taskloop.go:863.3,865.1 1 0
github.com/JailtonJunior94/ai-spec-harness/internal/taskloop/taskloop.go:868.2,869.26 2 1
github.com/JailtonJunior94/ai-spec-harness/internal/taskloop/taskloop.go:870.3,871.1 1 1
github.com/JailtonJunior94/ai-spec-harness/internal/taskloop/taskloop.go:873.2,874.1 8 1
github.com/JailtonJunior94/ai-spec-harness/internal/taskloop/taskloop.go:875.2,880.1 8 1
github.com/JailtonJunior94/ai-spec-harness/internal/taskloop/taskloop.go:881.2,885.1 8 1
github.com/JailtonJunior94/ai-spec-harness/internal/taskloop/taskloop.go:886.2,886.17 8 1
github.com/JailtonJunior94/ai-spec-harness/internal/taskloop/taskloop.go:887.3,888.1 1 1
github.com/JailtonJunior94/ai-spec-harness/internal/taskloop/taskloop.go:888.9,888.27 1 1
github.com/JailtonJunior94/ai-spec-harness/internal/taskloop/taskloop.go:889.3,890.1 1 1
github.com/JailtonJunior94/ai-spec-harness/internal/taskloop/taskloop.go:892.2,892.21 1 1
github.com/JailtonJunior94/ai-spec-harness/internal/taskloop/taskloop.go:920.2,921.1 2 1
github.com/JailtonJunior94/ai-spec-harness/internal/taskloop/taskloop.go:922.2,922.22 2 1
github.com/JailtonJunior94/ai-spec-harness/internal/taskloop/taskloop.go:923.3,925.1 2 1
github.com/JailtonJunior94/ai-spec-harness/internal/taskloop/taskloop.go:925.9,925.26 1 1
github.com/JailtonJunior94/ai-spec-harness/internal/taskloop/taskloop.go:926.3,927.41 2 1
github.com/JailtonJunior94/ai-spec-harness/internal/taskloop/taskloop.go:928.4,929.1 1 1
github.com/JailtonJunior94/ai-spec-harness/internal/taskloop/taskloop.go:930.3,930.68 1 1
github.com/JailtonJunior94/ai-spec-harness/internal/taskloop/taskloop.go:934.2,934.46 1 1
github.com/JailtonJunior94/ai-spec-harness/internal/taskloop/taskloop.go:935.3,936.1 1 1
github.com/JailtonJunior94/ai-spec-harness/internal/taskloop/taskloop.go:939.2,939.29 1 1
github.com/JailtonJunior94/ai-spec-harness/internal/taskloop/taskloop.go:940.3,942.1 2 1
github.com/JailtonJunior94/ai-spec-harness/internal/taskloop/taskloop.go:945.2,945.86 1 1
github.com/JailtonJunior94/ai-spec-harness/internal/taskloop/taskloop.go:946.3,947.1 1 1
github.com/JailtonJunior94/ai-spec-harness/internal/taskloop/taskloop.go:949.2,949.16 1 1
github.com/JailtonJunior94/ai-spec-harness/internal/taskloop/taskloop.go:955.2,956.1 1 1
github.com/JailtonJunior94/ai-spec-harness/internal/taskloop/taskloop.go:961.2,962.16 2 1
github.com/JailtonJunior94/ai-spec-harness/internal/taskloop/taskloop.go:963.3,964.1 1 0
github.com/JailtonJunior94/ai-spec-harness/internal/taskloop/taskloop.go:965.2,965.6 1 1
github.com/JailtonJunior94/ai-spec-harness/internal/taskloop/taskloop.go:966.3,966.66 1 1
github.com/JailtonJunior94/ai-spec-harness/internal/taskloop/taskloop.go:967.4,968.31 2 1
github.com/JailtonJunior94/ai-spec-harness/internal/taskloop/taskloop.go:969.5,970.1 1 1
github.com/JailtonJunior94/ai-spec-harness/internal/taskloop/taskloop.go:972.3,973.20 2 1
github.com/JailtonJunior94/ai-spec-harness/internal/taskloop/taskloop.go:974.4,975.1 1 1
github.com/JailtonJunior94/ai-spec-harness/internal/taskloop/taskloop.go:976.3,976.15 1 1
github.com/JailtonJunior94/ai-spec-harness/internal/taskloop/taskloop.go:981.2,981.22 1 1
github.com/JailtonJunior94/ai-spec-harness/internal/taskloop/taskloop.go:982.3,983.1 1 1
github.com/JailtonJunior94/ai-spec-harness/internal/taskloop/taskloop.go:984.2,984.27 1 0
github.com/JailtonJunior94/ai-spec-harness/internal/taskloop/taskloop.go:988.2,988.20 1 1
github.com/JailtonJunior94/ai-spec-harness/internal/taskloop/taskloop.go:989.3,990.1 1 1
github.com/JailtonJunior94/ai-spec-harness/internal/taskloop/taskloop.go:991.2,991.35 1 1
