github.com/JailtonJunior94/ai-spec-harness/cmd/ai_spec_harness/changelog.go:12:				newChangelogCmd				42.3%
github.com/JailtonJunior94/ai-spec-harness/cmd/ai_spec_harness/check_traceability.go:11:		newCheckTraceabilityCmd			90.5%
github.com/JailtonJunior94/ai-spec-harness/cmd/ai_spec_harness/doctor.go:12:				newDoctorCmd				12.5%
github.com/JailtonJunior94/ai-spec-harness/cmd/ai_spec_harness/exit_error.go:17:			newExitError				100.0%
github.com/JailtonJunior94/ai-spec-harness/cmd/ai_spec_harness/exit_error.go:22:			Error					100.0%
github.com/JailtonJunior94/ai-spec-harness/cmd/ai_spec_harness/exit_error.go:27:			ExitCode				100.0%
github.com/JailtonJunior94/ai-spec-harness/cmd/ai_spec_harness/exit_error.go:37:			NewExitResolver				100.0%
github.com/JailtonJunior94/ai-spec-harness/cmd/ai_spec_harness/exit_error.go:43:			CodeFor					100.0%
github.com/JailtonJunior94/ai-spec-harness/cmd/ai_spec_harness/flags.go:15:				newFlagHelper				100.0%
github.com/JailtonJunior94/ai-spec-harness/cmd/ai_spec_harness/flags.go:22:				requireFlag				100.0%
github.com/JailtonJunior94/ai-spec-harness/cmd/ai_spec_harness/flags.go:33:				parseToolsFlag				75.0%
github.com/JailtonJunior94/ai-spec-harness/cmd/ai_spec_harness/flags.go:56:				parseFocusPaths				100.0%
github.com/JailtonJunior94/ai-spec-harness/cmd/ai_spec_harness/flags.go:73:				parseLangsFlag				16.7%
github.com/JailtonJunior94/ai-spec-harness/cmd/ai_spec_harness/hash.go:14:				newHashCmd				37.5%
github.com/JailtonJunior94/ai-spec-harness/cmd/ai_spec_harness/hash.go:38:				hashFile				75.0%
github.com/JailtonJunior94/ai-spec-harness/cmd/ai_spec_harness/inspect.go:13:				newInspectCmd				19.0%
github.com/JailtonJunior94/ai-spec-harness/cmd/ai_spec_harness/install.go:21:				newInstallCmd				100.0%
github.com/JailtonJunior94/ai-spec-harness/cmd/ai_spec_harness/install.go:55:				run					80.3%
github.com/JailtonJunior94/ai-spec-harness/cmd/ai_spec_harness/lint.go:14:				newLintCmd				18.8%
github.com/JailtonJunior94/ai-spec-harness/cmd/ai_spec_harness/memory.go:23:				newMemoryCmd				100.0%
github.com/JailtonJunior94/ai-spec-harness/cmd/ai_spec_harness/memory.go:44:				memoryLayerFlags			100.0%
github.com/JailtonJunior94/ai-spec-harness/cmd/ai_spec_harness/memory.go:50:				newMemoryShowCmd			60.0%
github.com/JailtonJunior94/ai-spec-harness/cmd/ai_spec_harness/memory.go:68:				runShow					85.7%
github.com/JailtonJunior94/ai-spec-harness/cmd/ai_spec_harness/memory.go:104:				newMemorySearchCmd			69.2%
github.com/JailtonJunior94/ai-spec-harness/cmd/ai_spec_harness/memory.go:125:				runSearch				87.5%
github.com/JailtonJunior94/ai-spec-harness/cmd/ai_spec_harness/memory.go:166:				newMemoryExportCmd			58.3%
github.com/JailtonJunior94/ai-spec-harness/cmd/ai_spec_harness/memory.go:186:				runExport				83.3%
github.com/JailtonJunior94/ai-spec-harness/cmd/ai_spec_harness/memory.go:230:				newMemoryCompactCmd			66.7%
github.com/JailtonJunior94/ai-spec-harness/cmd/ai_spec_harness/memory.go:252:				runCompact				52.0%
github.com/JailtonJunior94/ai-spec-harness/cmd/ai_spec_harness/memory.go:298:				newMemoryMigrateCmd			70.0%
github.com/JailtonJunior94/ai-spec-harness/cmd/ai_spec_harness/memory.go:320:				runMigrate				77.3%
github.com/JailtonJunior94/ai-spec-harness/cmd/ai_spec_harness/memory.go:386:				newMemoryHandoffCmd			100.0%
github.com/JailtonJunior94/ai-spec-harness/cmd/ai_spec_harness/memory.go:398:				newMemoryHandoffStatusCmd		70.0%
github.com/JailtonJunior94/ai-spec-harness/cmd/ai_spec_harness/memory.go:416:				runHandoffStatus			83.3%
github.com/JailtonJunior94/ai-spec-harness/cmd/ai_spec_harness/memory.go:436:				newMemoryHandoffClaimCmd		78.6%
github.com/JailtonJunior94/ai-spec-harness/cmd/ai_spec_harness/memory.go:457:				runHandoffClaim				83.3%
github.com/JailtonJunior94/ai-spec-harness/cmd/ai_spec_harness/memory.go:488:				newMemoryHandoffReleaseCmd		72.7%
github.com/JailtonJunior94/ai-spec-harness/cmd/ai_spec_harness/memory.go:507:				runHandoffRelease			70.6%
github.com/JailtonJunior94/ai-spec-harness/cmd/ai_spec_harness/memory.go:543:				handoffLeasePath			100.0%
github.com/JailtonJunior94/ai-spec-harness/cmd/ai_spec_harness/memory.go:548:				resolveOwner				66.7%
github.com/JailtonJunior94/ai-spec-harness/cmd/ai_spec_harness/memory.go:555:				loadHandoffLease			83.3%
github.com/JailtonJunior94/ai-spec-harness/cmd/ai_spec_harness/memory.go:581:				saveHandoffLease			80.0%
github.com/JailtonJunior94/ai-spec-harness/cmd/ai_spec_harness/memory.go:599:				buildScopes				100.0%
github.com/JailtonJunior94/ai-spec-harness/cmd/ai_spec_harness/memory.go:613:				isUnresolvedScope			100.0%
github.com/JailtonJunior94/ai-spec-harness/cmd/ai_spec_harness/memory.go:620:				sortedFacts				100.0%
github.com/JailtonJunior94/ai-spec-harness/cmd/ai_spec_harness/metrics.go:10:				newMetricsCmd				38.7%
github.com/JailtonJunior94/ai-spec-harness/cmd/ai_spec_harness/prerequisites.go:12:			newPrerequisitesCmd			6.7%
github.com/JailtonJunior94/ai-spec-harness/cmd/ai_spec_harness/root.go:12:				newRootCmd				97.8%
github.com/JailtonJunior94/ai-spec-harness/cmd/ai_spec_harness/root.go:79:				newCommandEnv				100.0%
github.com/JailtonJunior94/ai-spec-harness/cmd/ai_spec_harness/root.go:83:				verbose					100.0%
github.com/JailtonJunior94/ai-spec-harness/cmd/ai_spec_harness/root.go:88:				Execute					0.0%
github.com/JailtonJunior94/ai-spec-harness/cmd/ai_spec_harness/scaffold.go:10:				newScaffoldCmd				60.0%
github.com/JailtonJunior94/ai-spec-harness/cmd/ai_spec_harness/sdd.go:15:				newApproveCmd				11.1%
github.com/JailtonJunior94/ai-spec-harness/cmd/ai_spec_harness/sdd.go:31:				newInvalidateCmd			30.0%
github.com/JailtonJunior94/ai-spec-harness/cmd/ai_spec_harness/sdd.go:47:				newOrchestrateCmd			10.3%
github.com/JailtonJunior94/ai-spec-harness/cmd/ai_spec_harness/sdd.go:88:				newValidateSDDCmd			16.7%
github.com/JailtonJunior94/ai-spec-harness/cmd/ai_spec_harness/sdd.go:99:				newMigrateSDDCmd			31.6%
github.com/JailtonJunior94/ai-spec-harness/cmd/ai_spec_harness/sdd.go:125:				newRollbackSDDCmd			38.5%
github.com/JailtonJunior94/ai-spec-harness/cmd/ai_spec_harness/sdd.go:144:				newRuntimeCapabilitiesCmd		14.3%
github.com/JailtonJunior94/ai-spec-harness/cmd/ai_spec_harness/sdd_result.go:13:			newValidateResultCmd			14.3%
github.com/JailtonJunior94/ai-spec-harness/cmd/ai_spec_harness/seal_evidence.go:15:			newSealEvidenceCmd			12.8%
github.com/JailtonJunior94/ai-spec-harness/cmd/ai_spec_harness/semver_next.go:12:			newSemverNextCmd			23.1%
github.com/JailtonJunior94/ai-spec-harness/cmd/ai_spec_harness/skill_bump.go:15:			newSkillBumpCmd				100.0%
github.com/JailtonJunior94/ai-spec-harness/cmd/ai_spec_harness/skill_bump.go:36:			run					0.0%
github.com/JailtonJunior94/ai-spec-harness/cmd/ai_spec_harness/skills.go:15:				newSkillsCmd				53.8%
github.com/JailtonJunior94/ai-spec-harness/cmd/ai_spec_harness/skills.go:43:				runSkillsVerify				0.0%
github.com/JailtonJunior94/ai-spec-harness/cmd/ai_spec_harness/skills.go:68:				newSkillsCheckCmd			18.2%
github.com/JailtonJunior94/ai-spec-harness/cmd/ai_spec_harness/skills.go:142:				statusIcon				0.0%
github.com/JailtonJunior94/ai-spec-harness/cmd/ai_spec_harness/spec_drift.go:13:			newCheckSpecDriftCmd			96.6%
github.com/JailtonJunior94/ai-spec-harness/cmd/ai_spec_harness/sync_spec_hash.go:11:			newSyncSpecHashCmd			15.4%
github.com/JailtonJunior94/ai-spec-harness/cmd/ai_spec_harness/task_loop.go:28:				newTaskLoopCmd				80.6%
github.com/JailtonJunior94/ai-spec-harness/cmd/ai_spec_harness/task_loop.go:256:			registerFlags				100.0%
github.com/JailtonJunior94/ai-spec-harness/cmd/ai_spec_harness/telemetry.go:13:				newTelemetryCmd				100.0%
github.com/JailtonJunior94/ai-spec-harness/cmd/ai_spec_harness/telemetry.go:25:				newTelemetryLogCmd			28.6%
github.com/JailtonJunior94/ai-spec-harness/cmd/ai_spec_harness/telemetry.go:42:				newTelemetrySummaryCmd			35.3%
github.com/JailtonJunior94/ai-spec-harness/cmd/ai_spec_harness/telemetry.go:70:				newTelemetryReportCmd			26.5%
github.com/JailtonJunior94/ai-spec-harness/cmd/ai_spec_harness/uninstall.go:10:				newUninstallCmd				60.0%
github.com/JailtonJunior94/ai-spec-harness/cmd/ai_spec_harness/update_version.go:14:			newUpdateVersionCmd			94.4%
github.com/JailtonJunior94/ai-spec-harness/cmd/ai_spec_harness/upgrade.go:20:				newUpgradeCmd				100.0%
github.com/JailtonJunior94/ai-spec-harness/cmd/ai_spec_harness/upgrade.go:48:				run					27.1%
github.com/JailtonJunior94/ai-spec-harness/cmd/ai_spec_harness/validate.go:15:				newValidateCmd				4.5%
github.com/JailtonJunior94/ai-spec-harness/cmd/ai_spec_harness/validate.go:111:				isValidSemver				0.0%
github.com/JailtonJunior94/ai-spec-harness/cmd/ai_spec_harness/validate_bugs.go:8:			newValidateBugsCmd			60.0%
github.com/JailtonJunior94/ai-spec-harness/cmd/ai_spec_harness/validate_evidence.go:11:			newValidateEvidenceCmd			17.6%
github.com/JailtonJunior94/ai-spec-harness/cmd/ai_spec_harness/verify.go:19:				newVerifyCmd				100.0%
github.com/JailtonJunior94/ai-spec-harness/cmd/ai_spec_harness/verify.go:52:				run					0.0%
github.com/JailtonJunior94/ai-spec-harness/cmd/ai_spec_harness/verify.go:200:				stateEmoji				0.0%
github.com/JailtonJunior94/ai-spec-harness/cmd/ai_spec_harness/version.go:18:				newVersionCmd				90.0%
github.com/JailtonJunior94/ai-spec-harness/cmd/ai_spec_harness/version.go:38:				run					83.8%
github.com/JailtonJunior94/ai-spec-harness/cmd/ai_spec_harness/version.go:92:				resolveInstalledDir			33.3%
github.com/JailtonJunior94/ai-spec-harness/cmd/ai_spec_harness/version.go:108:				listEmbeddedSkills			80.0%
github.com/JailtonJunior94/ai-spec-harness/cmd/ai_spec_harness/version.go:142:				listInstalledSkillsFromPath		75.0%
github.com/JailtonJunior94/ai-spec-harness/cmd/ai_spec_harness/version.go:179:				fprintSkills				100.0%
github.com/JailtonJunior94/ai-spec-harness/cmd/ai_spec_harness/wrapper.go:12:				newWrapperCmd				9.1%
github.com/JailtonJunior94/ai-spec-harness/internal/adapters/adapters.go:19:				NewGenerator				100.0%
github.com/JailtonJunior94/ai-spec-harness/internal/adapters/adapters.go:86:				GenerateClaude				90.0%
github.com/JailtonJunior94/ai-spec-harness/internal/adapters/adapters.go:134:				GenerateGitHub				90.0%
github.com/JailtonJunior94/ai-spec-harness/internal/adapters/adapters.go:182:				GenerateCodexAgents			91.2%
github.com/JailtonJunior94/ai-spec-harness/internal/adapters/adapters.go:234:				collectSkillAssets			0.0%
github.com/JailtonJunior94/ai-spec-harness/internal/adapters/adapters.go:250:				BuildCodexConfig			100.0%
github.com/JailtonJunior94/ai-spec-harness/internal/adapters/adapters.go:258:				truncateAtSentence			60.0%
github.com/JailtonJunior94/ai-spec-harness/internal/adapters/r1_receiver.go:6:				NewHelper				100.0%
github.com/JailtonJunior94/ai-spec-harness/internal/agents/agent.go:14:					String					100.0%
github.com/JailtonJunior94/ai-spec-harness/internal/agents/discovery.go:24:				discoverAgents				84.6%
github.com/JailtonJunior94/ai-spec-harness/internal/agents/discovery.go:90:				mergeWithShadowing			100.0%
github.com/JailtonJunior94/ai-spec-harness/internal/agents/precedence.go:29:				ApplyRuntimePrecedence			0.0%
github.com/JailtonJunior94/ai-spec-harness/internal/agents/precedence.go:38:				applyRuntimePrecedence			100.0%
github.com/JailtonJunior94/ai-spec-harness/internal/agents/prompt.go:18:				BuildAgentBlocks			100.0%
github.com/JailtonJunior94/ai-spec-harness/internal/agents/prompt.go:26:				buildMetadataBlock			100.0%
github.com/JailtonJunior94/ai-spec-harness/internal/agents/prompt.go:43:				buildRuntimeLine			83.3%
github.com/JailtonJunior94/ai-spec-harness/internal/agents/prompt.go:65:				buildCatalogBlock			100.0%
github.com/JailtonJunior94/ai-spec-harness/internal/agents/r1_catalog.go:6:				NewCatalog				100.0%
github.com/JailtonJunior94/ai-spec-harness/internal/agents/registry.go:38:				NewDefaultRegistry			100.0%
github.com/JailtonJunior94/ai-spec-harness/internal/agents/registry.go:48:				load					60.0%
github.com/JailtonJunior94/ai-spec-harness/internal/agents/registry.go:72:				Discover				75.0%
github.com/JailtonJunior94/ai-spec-harness/internal/agents/registry.go:83:				Resolve					100.0%
github.com/JailtonJunior94/ai-spec-harness/internal/agents/schema.go:57:				ValidateAgentFrontmatter		89.7%
github.com/JailtonJunior94/ai-spec-harness/internal/agents/schema.go:126:				extractPromptBody			92.3%
github.com/JailtonJunior94/ai-spec-harness/internal/agents/schema.go:146:				formatAgentSchemaError			25.0%
github.com/JailtonJunior94/ai-spec-harness/internal/approval/cycle.go:29:				NewCycle				58.3%
github.com/JailtonJunior94/ai-spec-harness/internal/approval/cycle.go:69:				Run					88.7%
github.com/JailtonJunior94/ai-spec-harness/internal/approval/cycle.go:136:				State					100.0%
github.com/JailtonJunior94/ai-spec-harness/internal/approval/cycle.go:140:				RoundCount				0.0%
github.com/JailtonJunior94/ai-spec-harness/internal/approval/cycle.go:144:				CurrentVerdict				0.0%
github.com/JailtonJunior94/ai-spec-harness/internal/approval/cycle.go:151:				Closed					0.0%
github.com/JailtonJunior94/ai-spec-harness/internal/approval/cycle.go:155:				Rounds					0.0%
github.com/JailtonJunior94/ai-spec-harness/internal/approval/cycle.go:159:				Events					0.0%
github.com/JailtonJunior94/ai-spec-harness/internal/approval/cycle.go:163:				roundTarget				77.8%
github.com/JailtonJunior94/ai-spec-harness/internal/approval/cycle.go:178:				reviewRound				81.0%
github.com/JailtonJunior94/ai-spec-harness/internal/approval/cycle.go:203:				fixRound				70.6%
github.com/JailtonJunior94/ai-spec-harness/internal/approval/cycle.go:227:				approve					85.7%
github.com/JailtonJunior94/ai-spec-harness/internal/approval/cycle.go:239:				closeBlocked				80.0%
github.com/JailtonJunior94/ai-spec-harness/internal/approval/cycle.go:248:				emit					100.0%
github.com/JailtonJunior94/ai-spec-harness/internal/approval/errors.go:38:				Error					100.0%
github.com/JailtonJunior94/ai-spec-harness/internal/approval/errors.go:42:				Error					100.0%
github.com/JailtonJunior94/ai-spec-harness/internal/approval/errors.go:46:				Is					100.0%
github.com/JailtonJunior94/ai-spec-harness/internal/approval/events.go:32:				EventName				100.0%
github.com/JailtonJunior94/ai-spec-harness/internal/approval/events.go:36:				EventName				100.0%
github.com/JailtonJunior94/ai-spec-harness/internal/approval/events.go:40:				EventName				100.0%
github.com/JailtonJunior94/ai-spec-harness/internal/approval/events.go:44:				EventName				100.0%
github.com/JailtonJunior94/ai-spec-harness/internal/approval/events.go:48:				EventName				100.0%
github.com/JailtonJunior94/ai-spec-harness/internal/approval/evidence.go:43:				NewCommandEvidence			100.0%
github.com/JailtonJunior94/ai-spec-harness/internal/approval/evidence.go:52:				NewFileLineEvidence			100.0%
github.com/JailtonJunior94/ai-spec-harness/internal/approval/evidence.go:63:				NewTestEvidence				100.0%
github.com/JailtonJunior94/ai-spec-harness/internal/approval/evidence.go:72:				NewAcceptanceCriterion			75.0%
github.com/JailtonJunior94/ai-spec-harness/internal/approval/evidence.go:80:				NewCriteriaMap				91.7%
github.com/JailtonJunior94/ai-spec-harness/internal/approval/evidence.go:99:				wellFormed				90.0%
github.com/JailtonJunior94/ai-spec-harness/internal/approval/evidence.go:116:				Form					100.0%
github.com/JailtonJunior94/ai-spec-harness/internal/approval/evidence.go:120:				Reference				100.0%
github.com/JailtonJunior94/ai-spec-harness/internal/approval/evidence.go:124:				Record					100.0%
github.com/JailtonJunior94/ai-spec-harness/internal/approval/evidence.go:128:				Valid					100.0%
github.com/JailtonJunior94/ai-spec-harness/internal/approval/evidence.go:132:				Description				0.0%
github.com/JailtonJunior94/ai-spec-harness/internal/approval/evidence.go:136:				Zero					100.0%
github.com/JailtonJunior94/ai-spec-harness/internal/approval/evidence.go:140:				WithEvidence				100.0%
github.com/JailtonJunior94/ai-spec-harness/internal/approval/evidence.go:150:				AsUnverifiable				100.0%
github.com/JailtonJunior94/ai-spec-harness/internal/approval/evidence.go:157:				Complete				100.0%
github.com/JailtonJunior94/ai-spec-harness/internal/approval/evidence.go:161:				Bound					100.0%
github.com/JailtonJunior94/ai-spec-harness/internal/approval/evidence.go:171:				Total					100.0%
github.com/JailtonJunior94/ai-spec-harness/internal/approval/evidence.go:175:				Criteria				75.0%
github.com/JailtonJunior94/ai-spec-harness/internal/approval/evidence.go:185:				Unverifiable				75.0%
github.com/JailtonJunior94/ai-spec-harness/internal/approval/evidence.go:195:				Pending					75.0%
github.com/JailtonJunior94/ai-spec-harness/internal/approval/evidence.go:205:				update					100.0%
github.com/JailtonJunior94/ai-spec-harness/internal/approval/finding.go:34:				NewFinding				100.0%
github.com/JailtonJunior94/ai-spec-harness/internal/approval/finding.go:54:				String					66.7%
github.com/JailtonJunior94/ai-spec-harness/internal/approval/finding.go:69:				BugLevel				100.0%
github.com/JailtonJunior94/ai-spec-harness/internal/approval/finding.go:82:				Blocks					100.0%
github.com/JailtonJunior94/ai-spec-harness/internal/approval/finding.go:86:				valid					100.0%
github.com/JailtonJunior94/ai-spec-harness/internal/approval/finding.go:90:				String					60.0%
github.com/JailtonJunior94/ai-spec-harness/internal/approval/finding.go:103:				Severity				100.0%
github.com/JailtonJunior94/ai-spec-harness/internal/approval/finding.go:107:				File					100.0%
github.com/JailtonJunior94/ai-spec-harness/internal/approval/finding.go:111:				Rule					100.0%
github.com/JailtonJunior94/ai-spec-harness/internal/approval/finding.go:115:				Description				100.0%
github.com/JailtonJunior94/ai-spec-harness/internal/approval/finding.go:119:				identityKey				100.0%
github.com/JailtonJunior94/ai-spec-harness/internal/approval/fingerprint.go:19:				NewFingerprintCalculator		100.0%
github.com/JailtonJunior94/ai-spec-harness/internal/approval/fingerprint.go:23:				Compute					100.0%
github.com/JailtonJunior94/ai-spec-harness/internal/approval/fingerprint.go:35:				Equal					100.0%
github.com/JailtonJunior94/ai-spec-harness/internal/approval/fingerprint.go:42:				Computed				0.0%
github.com/JailtonJunior94/ai-spec-harness/internal/approval/fingerprint.go:46:				String					0.0%
github.com/JailtonJunior94/ai-spec-harness/internal/approval/identities.go:16:				NewTaskIdentity				100.0%
github.com/JailtonJunior94/ai-spec-harness/internal/approval/identities.go:24:				NewAgentIdentity			100.0%
github.com/JailtonJunior94/ai-spec-harness/internal/approval/identities.go:32:				String					100.0%
github.com/JailtonJunior94/ai-spec-harness/internal/approval/identities.go:36:				Zero					100.0%
github.com/JailtonJunior94/ai-spec-harness/internal/approval/identities.go:40:				String					100.0%
github.com/JailtonJunior94/ai-spec-harness/internal/approval/identities.go:44:				Zero					100.0%
github.com/JailtonJunior94/ai-spec-harness/internal/approval/policy.go:23:				NewApprovalPolicy			100.0%
github.com/JailtonJunior94/ai-spec-harness/internal/approval/policy.go:34:				WithMaxRounds				100.0%
github.com/JailtonJunior94/ai-spec-harness/internal/approval/policy.go:40:				MaxRounds				100.0%
github.com/JailtonJunior94/ai-spec-harness/internal/approval/policy.go:44:				Decide					100.0%
github.com/JailtonJunior94/ai-spec-harness/internal/approval/ports.go:55:				NewReviewRequest			100.0%
github.com/JailtonJunior94/ai-spec-harness/internal/approval/ports.go:74:				NewFixRequest				71.4%
github.com/JailtonJunior94/ai-spec-harness/internal/approval/ports.go:93:				NewReviewerOutput			100.0%
github.com/JailtonJunior94/ai-spec-harness/internal/approval/ports.go:101:				NewCheckpoint				100.0%
github.com/JailtonJunior94/ai-spec-harness/internal/approval/ports.go:109:				NewReviewTarget				100.0%
github.com/JailtonJunior94/ai-spec-harness/internal/approval/ports.go:113:				Task					100.0%
github.com/JailtonJunior94/ai-spec-harness/internal/approval/ports.go:117:				Agent					100.0%
github.com/JailtonJunior94/ai-spec-harness/internal/approval/ports.go:121:				Round					100.0%
github.com/JailtonJunior94/ai-spec-harness/internal/approval/ports.go:125:				Target					100.0%
github.com/JailtonJunior94/ai-spec-harness/internal/approval/ports.go:129:				Criteria				100.0%
github.com/JailtonJunior94/ai-spec-harness/internal/approval/ports.go:133:				Task					100.0%
github.com/JailtonJunior94/ai-spec-harness/internal/approval/ports.go:137:				Agent					100.0%
github.com/JailtonJunior94/ai-spec-harness/internal/approval/ports.go:141:				Round					100.0%
github.com/JailtonJunior94/ai-spec-harness/internal/approval/ports.go:145:				Target					100.0%
github.com/JailtonJunior94/ai-spec-harness/internal/approval/ports.go:149:				Findings				100.0%
github.com/JailtonJunior94/ai-spec-harness/internal/approval/ports.go:153:				RawText					100.0%
github.com/JailtonJunior94/ai-spec-harness/internal/approval/ports.go:157:				Findings				100.0%
github.com/JailtonJunior94/ai-spec-harness/internal/approval/ports.go:161:				FindingsList				100.0%
github.com/JailtonJunior94/ai-spec-harness/internal/approval/ports.go:165:				CriteriaMap				100.0%
github.com/JailtonJunior94/ai-spec-harness/internal/approval/ports.go:169:				String					100.0%
github.com/JailtonJunior94/ai-spec-harness/internal/approval/ports.go:173:				Zero					100.0%
github.com/JailtonJunior94/ai-spec-harness/internal/approval/ports.go:177:				String					100.0%
github.com/JailtonJunior94/ai-spec-harness/internal/approval/ports.go:181:				Empty					100.0%
github.com/JailtonJunior94/ai-spec-harness/internal/approval/proof.go:11:				NewApprovalProof			100.0%
github.com/JailtonJunior94/ai-spec-harness/internal/approval/proof.go:21:				Verdict					100.0%
github.com/JailtonJunior94/ai-spec-harness/internal/approval/proof.go:25:				CriteriaMap				0.0%
github.com/JailtonJunior94/ai-spec-harness/internal/approval/proof.go:29:				Valid					100.0%
github.com/JailtonJunior94/ai-spec-harness/internal/approval/result.go:16:				NewApprovedResult			100.0%
github.com/JailtonJunior94/ai-spec-harness/internal/approval/result.go:28:				NewClosedResult				100.0%
github.com/JailtonJunior94/ai-spec-harness/internal/approval/result.go:42:				Approved				100.0%
github.com/JailtonJunior94/ai-spec-harness/internal/approval/result.go:46:				Reason					100.0%
github.com/JailtonJunior94/ai-spec-harness/internal/approval/result.go:50:				Proof					100.0%
github.com/JailtonJunior94/ai-spec-harness/internal/approval/result.go:54:				RoundCount				100.0%
github.com/JailtonJunior94/ai-spec-harness/internal/approval/result.go:58:				Rounds					100.0%
github.com/JailtonJunior94/ai-spec-harness/internal/approval/round.go:17:				NewRound				100.0%
github.com/JailtonJunior94/ai-spec-harness/internal/approval/round.go:24:				Complete				100.0%
github.com/JailtonJunior94/ai-spec-harness/internal/approval/round.go:40:				Number					100.0%
github.com/JailtonJunior94/ai-spec-harness/internal/approval/round.go:44:				Verdict					100.0%
github.com/JailtonJunior94/ai-spec-harness/internal/approval/round.go:48:				Fingerprint				100.0%
github.com/JailtonJunior94/ai-spec-harness/internal/approval/round.go:52:				Concluded				100.0%
github.com/JailtonJunior94/ai-spec-harness/internal/approval/round.go:56:				Findings				100.0%
github.com/JailtonJunior94/ai-spec-harness/internal/approval/round.go:60:				CountBySeverity				100.0%
github.com/JailtonJunior94/ai-spec-harness/internal/approval/state.go:26:				NewState				100.0%
github.com/JailtonJunior94/ai-spec-harness/internal/approval/state.go:33:				String					83.3%
github.com/JailtonJunior94/ai-spec-harness/internal/approval/state.go:48:				Terminal				100.0%
github.com/JailtonJunior94/ai-spec-harness/internal/approval/state.go:53:				currentState				100.0%
github.com/JailtonJunior94/ai-spec-harness/internal/approval/state.go:57:				transition				83.3%
github.com/JailtonJunior94/ai-spec-harness/internal/approval/stop_reason.go:16:				NewStopReason				100.0%
github.com/JailtonJunior94/ai-spec-harness/internal/approval/stop_reason.go:23:				String					100.0%
github.com/JailtonJunior94/ai-spec-harness/internal/approval/stop_reason.go:40:				valid					100.0%
github.com/JailtonJunior94/ai-spec-harness/internal/approval/translator.go:9:				NewTranslator				100.0%
github.com/JailtonJunior94/ai-spec-harness/internal/approval/translator.go:13:				Translate				100.0%
github.com/JailtonJunior94/ai-spec-harness/internal/approval/translator.go:22:				fromLine				100.0%
github.com/JailtonJunior94/ai-spec-harness/internal/approval/translator.go:37:				fromToken				100.0%
github.com/JailtonJunior94/ai-spec-harness/internal/approval/verdict.go:15:				NewVerdict				100.0%
github.com/JailtonJunior94/ai-spec-harness/internal/approval/verdict.go:22:				Approves				100.0%
github.com/JailtonJunior94/ai-spec-harness/internal/approval/verdict.go:26:				String					83.3%
github.com/JailtonJunior94/ai-spec-harness/internal/approval/verdict.go:41:				valid					100.0%
github.com/JailtonJunior94/ai-spec-harness/internal/bugschema/validator.go:16:				NewValidator				100.0%
github.com/JailtonJunior94/ai-spec-harness/internal/bugschema/validator.go:24:				Validate				90.5%
github.com/JailtonJunior94/ai-spec-harness/internal/bugschema/validator.go:62:				formatValidationError			33.3%
github.com/JailtonJunior94/ai-spec-harness/internal/bugschema/validator.go:77:				asValidationError			75.0%
github.com/JailtonJunior94/ai-spec-harness/internal/changelog/changelog.go:15:				NewGenerator				100.0%
github.com/JailtonJunior94/ai-spec-harness/internal/changelog/changelog.go:45:				GroupByType				100.0%
github.com/JailtonJunior94/ai-spec-harness/internal/changelog/changelog.go:76:				shortHash				66.7%
github.com/JailtonJunior94/ai-spec-harness/internal/changelog/changelog.go:84:				RenderSection				97.0%
github.com/JailtonJunior94/ai-spec-harness/internal/changelog/changelog.go:129:				renderLine				100.0%
github.com/JailtonJunior94/ai-spec-harness/internal/changelog/changelog.go:140:				UpdateChangelog				91.7%
github.com/JailtonJunior94/ai-spec-harness/internal/changelog/changelog.go:162:				GenerateChangelog			0.0%
github.com/JailtonJunior94/ai-spec-harness/internal/config/config.go:17:				SourceDir				100.0%
github.com/JailtonJunior94/ai-spec-harness/internal/config/resolver.go:47:				NewDefaultResolver			100.0%
github.com/JailtonJunior94/ai-spec-harness/internal/config/resolver.go:61:				Resolve					95.8%
github.com/JailtonJunior94/ai-spec-harness/internal/config/resolver.go:102:				loadFile				80.0%
github.com/JailtonJunior94/ai-spec-harness/internal/config/resolver.go:122:				findProjectConfig			90.9%
github.com/JailtonJunior94/ai-spec-harness/internal/config/resolver.go:166:				mergeInto				96.4%
github.com/JailtonJunior94/ai-spec-harness/internal/config/runtime.go:44:				NewRuntimeProvider			100.0%
github.com/JailtonJunior94/ai-spec-harness/internal/config/runtime.go:49:				DefaultRuntime				100.0%
github.com/JailtonJunior94/ai-spec-harness/internal/config/runtime.go:63:				LoadRuntime				100.0%
github.com/JailtonJunior94/ai-spec-harness/internal/config/runtime.go:72:				EnvVars					100.0%
github.com/JailtonJunior94/ai-spec-harness/internal/contextgen/contextgen.go:23:			NewGenerator				100.0%
github.com/JailtonJunior94/ai-spec-harness/internal/contextgen/contextgen.go:30:			Generate				92.4%
github.com/JailtonJunior94/ai-spec-harness/internal/contextgen/contextgen.go:159:			buildDirectoryTree			100.0%
github.com/JailtonJunior94/ai-spec-harness/internal/contextgen/contextgen.go:175:			walkTree				85.0%
github.com/JailtonJunior94/ai-spec-harness/internal/contextgen/contextgen.go:207:			buildDependencyFlow			100.0%
github.com/JailtonJunior94/ai-spec-harness/internal/contextgen/contextgen.go:251:			buildLanguageRules			94.4%
github.com/JailtonJunior94/ai-spec-harness/internal/contextgen/contextgen.go:289:			hasDotNet				75.0%
github.com/JailtonJunior94/ai-spec-harness/internal/contextgen/contextgen.go:310:			buildValidationCommands			100.0%
github.com/JailtonJunior94/ai-spec-harness/internal/contextgen/contextgen.go:340:			buildStackSection			88.9%
github.com/JailtonJunior94/ai-spec-harness/internal/contextgen/contextgen.go:373:			buildCodexConfig			76.5%
github.com/JailtonJunior94/ai-spec-harness/internal/contextgen/contextgen.go:462:			buildToolNotes				100.0%
github.com/JailtonJunior94/ai-spec-harness/internal/contextgen/contextgen.go:480:			buildEnforcementMatrix			96.7%
github.com/JailtonJunior94/ai-spec-harness/internal/contextgen/contextgen.go:523:			renderAgentsTemplate			100.0%
github.com/JailtonJunior94/ai-spec-harness/internal/contextgen/contextgen.go:654:			renderAIToolTemplate			100.0%
github.com/JailtonJunior94/ai-spec-harness/internal/contextgen/contextgen.go:693:			stripCompactSections			100.0%
github.com/JailtonJunior94/ai-spec-harness/internal/contextgen/contextgen.go:701:			stripSection				66.7%
github.com/JailtonJunior94/ai-spec-harness/internal/contextgen/loader.go:55:				NewLoader				100.0%
github.com/JailtonJunior94/ai-spec-harness/internal/contextgen/loader.go:61:				LoadReference				88.9%
github.com/JailtonJunior94/ai-spec-harness/internal/contextgen/loader.go:76:				LoadSkillReferences			78.3%
github.com/JailtonJunior94/ai-spec-harness/internal/contextgen/loader.go:118:				extractTLDR				100.0%
github.com/JailtonJunior94/ai-spec-harness/internal/detect/agent.go:24:					LookPath				0.0%
github.com/JailtonJunior94/ai-spec-harness/internal/detect/agent.go:37:					UserHomeDir				0.0%
github.com/JailtonJunior94/ai-spec-harness/internal/detect/agent.go:63:					allEntries				100.0%
github.com/JailtonJunior94/ai-spec-harness/internal/detect/agent.go:83:					isDirOnDisk				100.0%
github.com/JailtonJunior94/ai-spec-harness/internal/detect/agent.go:99:					NewBinaryAgentDetector			100.0%
github.com/JailtonJunior94/ai-spec-harness/internal/detect/agent.go:115:				Detect					97.1%
github.com/JailtonJunior94/ai-spec-harness/internal/detect/architecture.go:31:				NewArchitectureDetector			100.0%
github.com/JailtonJunior94/ai-spec-harness/internal/detect/architecture.go:35:				Detect					100.0%
github.com/JailtonJunior94/ai-spec-harness/internal/detect/architecture.go:42:				detectType				86.7%
github.com/JailtonJunior94/ai-spec-harness/internal/detect/architecture.go:96:				detectPattern				92.3%
github.com/JailtonJunior94/ai-spec-harness/internal/detect/architecture.go:122:				hasAnyFiles				85.7%
github.com/JailtonJunior94/ai-spec-harness/internal/detect/architecture.go:135:				DescribeArchitecture			0.0%
github.com/JailtonJunior94/ai-spec-harness/internal/detect/architecture.go:161:				ArchitectureRules			0.0%
github.com/JailtonJunior94/ai-spec-harness/internal/detect/architecture.go:191:				ArchitectureRestrictions		0.0%
github.com/JailtonJunior94/ai-spec-harness/internal/detect/detect.go:24:				NewFileDetector				100.0%
github.com/JailtonJunior94/ai-spec-harness/internal/detect/detect.go:28:				DetectLangs				100.0%
github.com/JailtonJunior94/ai-spec-harness/internal/detect/detect.go:32:				DetectLangsIn				63.2%
github.com/JailtonJunior94/ai-spec-harness/internal/detect/detect.go:63:				detectLangsAt				95.5%
github.com/JailtonJunior94/ai-spec-harness/internal/detect/detect.go:100:				hasDotNet				75.0%
github.com/JailtonJunior94/ai-spec-harness/internal/detect/detect.go:121:				DetectTools				91.7%
github.com/JailtonJunior94/ai-spec-harness/internal/detect/framework.go:15:				NewFrameworkDetector			100.0%
github.com/JailtonJunior94/ai-spec-harness/internal/detect/framework.go:19:				Detect					68.9%
github.com/JailtonJunior94/ai-spec-harness/internal/detect/framework.go:125:				DetectPrimaryStack			88.5%
github.com/JailtonJunior94/ai-spec-harness/internal/detect/framework.go:169:				JoinFrameworks				100.0%
github.com/JailtonJunior94/ai-spec-harness/internal/detect/r1_receiver.go:6:				NewCatalog				100.0%
github.com/JailtonJunior94/ai-spec-harness/internal/detect/scoring.go:9:				commonPrefixDepth			93.3%
github.com/JailtonJunior94/ai-spec-harness/internal/detect/scoring.go:32:				scoreManifest				100.0%
github.com/JailtonJunior94/ai-spec-harness/internal/detect/toolchain.go:35:				NewToolchainDetector			100.0%
github.com/JailtonJunior94/ai-spec-harness/internal/detect/toolchain.go:41:				NewToolchainDetectorStrict		100.0%
github.com/JailtonJunior94/ai-spec-harness/internal/detect/toolchain.go:45:				Detect					100.0%
github.com/JailtonJunior94/ai-spec-harness/internal/detect/toolchain.go:52:				detectDefault				100.0%
github.com/JailtonJunior94/ai-spec-harness/internal/detect/toolchain.go:92:				detectWithFocusPaths			81.8%
github.com/JailtonJunior94/ai-spec-harness/internal/detect/toolchain.go:177:				warnMissingBinary			60.0%
github.com/JailtonJunior94/ai-spec-harness/internal/detect/toolchain.go:187:				detectGo				100.0%
github.com/JailtonJunior94/ai-spec-harness/internal/detect/toolchain.go:193:				detectNode				86.5%
github.com/JailtonJunior94/ai-spec-harness/internal/detect/toolchain.go:241:				detectNodeFromManifest			75.9%
github.com/JailtonJunior94/ai-spec-harness/internal/detect/toolchain.go:275:				detectPython				88.6%
github.com/JailtonJunior94/ai-spec-harness/internal/detect/toolchain.go:321:				detectPackageManager			85.7%
github.com/JailtonJunior94/ai-spec-harness/internal/detect/toolchain.go:335:				parsePackageScripts			83.3%
github.com/JailtonJunior94/ai-spec-harness/internal/detect/toolchain.go:355:				parsePackageName			77.8%
github.com/JailtonJunior94/ai-spec-harness/internal/detect/toolchain.go:370:				relativeDir				100.0%
github.com/JailtonJunior94/ai-spec-harness/internal/detect/toolchain.go:379:				hasPyDep				100.0%
github.com/JailtonJunior94/ai-spec-harness/internal/detect/toolchain.go:383:				detectMakefileFallback			93.3%
github.com/JailtonJunior94/ai-spec-harness/internal/detect/toolchain.go:406:				parseMakefileTargets			100.0%
github.com/JailtonJunior94/ai-spec-harness/internal/detect/toolchain.go:418:				findManifest				100.0%
github.com/JailtonJunior94/ai-spec-harness/internal/detect/toolchain.go:423:				findManifests				100.0%
github.com/JailtonJunior94/ai-spec-harness/internal/detect/toolchain.go:428:				findManifestsRecursive			100.0%
github.com/JailtonJunior94/ai-spec-harness/internal/detect/toolchain.go:434:				findManifestsHelper			83.3%
github.com/JailtonJunior94/ai-spec-harness/internal/detect/toolchain.go:467:				ToJSON					0.0%
github.com/JailtonJunior94/ai-spec-harness/internal/doctor/doctor.go:35:				NewService				100.0%
github.com/JailtonJunior94/ai-spec-harness/internal/doctor/doctor.go:39:				Execute					100.0%
github.com/JailtonJunior94/ai-spec-harness/internal/doctor/doctor.go:43:				ExecuteWithOptions			13.8%
github.com/JailtonJunior94/ai-spec-harness/internal/doctor/doctor.go:84:				runChecks				100.0%
github.com/JailtonJunior94/ai-spec-harness/internal/doctor/doctor.go:108:				checkGit				100.0%
github.com/JailtonJunior94/ai-spec-harness/internal/doctor/doctor.go:115:				checkSkillsDir				100.0%
github.com/JailtonJunior94/ai-spec-harness/internal/doctor/doctor.go:132:				checkManifest				100.0%
github.com/JailtonJunior94/ai-spec-harness/internal/doctor/doctor.go:143:				checkSymlinks				82.4%
github.com/JailtonJunior94/ai-spec-harness/internal/doctor/doctor.go:182:				checkPermissions			100.0%
github.com/JailtonJunior94/ai-spec-harness/internal/doctor/doctor.go:189:				checkGitBinary				66.7%
github.com/JailtonJunior94/ai-spec-harness/internal/doctor/doctor.go:196:				checkCodexTrustedHash			0.0%
github.com/JailtonJunior94/ai-spec-harness/internal/embedded/embedded.go:15:				ExtractToTempDir			0.0%
github.com/JailtonJunior94/ai-spec-harness/internal/embedded/embedded.go:30:				copyFS					0.0%
github.com/JailtonJunior94/ai-spec-harness/internal/embedded/r1_receiver.go:6:				NewExtractor				0.0%
github.com/JailtonJunior94/ai-spec-harness/internal/evidence/evidence.go:33:				Validate				100.0%
github.com/JailtonJunior94/ai-spec-harness/internal/evidence/evidence.go:55:				hasHeading				100.0%
github.com/JailtonJunior94/ai-spec-harness/internal/evidence/evidence.go:71:				matchesRegex				100.0%
github.com/JailtonJunior94/ai-spec-harness/internal/evidence/evidence.go:76:				validateTask				100.0%
github.com/JailtonJunior94/ai-spec-harness/internal/evidence/evidence.go:125:				validateBugfix				100.0%
github.com/JailtonJunior94/ai-spec-harness/internal/evidence/evidence.go:194:				bugBlocks				95.7%
github.com/JailtonJunior94/ai-spec-harness/internal/evidence/evidence.go:227:				reconcileBugfixTotals			80.0%
github.com/JailtonJunior94/ai-spec-harness/internal/evidence/evidence.go:250:				validateReview				83.3%
github.com/JailtonJunior94/ai-spec-harness/internal/evidence/evidence.go:286:				validateCriteriaMap			92.1%
github.com/JailtonJunior94/ai-spec-harness/internal/evidence/evidence.go:349:				validateRefactor			100.0%
github.com/JailtonJunior94/ai-spec-harness/internal/evidence/r1_receiver.go:6:				NewValidator				100.0%
github.com/JailtonJunior94/ai-spec-harness/internal/fs/fake.go:20:					NewFakeFileSystem			100.0%
github.com/JailtonJunior94/ai-spec-harness/internal/fs/fake.go:29:					MkdirAll				100.0%
github.com/JailtonJunior94/ai-spec-harness/internal/fs/fake.go:35:					CopyFile				100.0%
github.com/JailtonJunior94/ai-spec-harness/internal/fs/fake.go:45:					CopyDir					100.0%
github.com/JailtonJunior94/ai-spec-harness/internal/fs/fake.go:59:					Symlink					100.0%
github.com/JailtonJunior94/ai-spec-harness/internal/fs/fake.go:64:					Remove					100.0%
github.com/JailtonJunior94/ai-spec-harness/internal/fs/fake.go:70:					RemoveAll				81.8%
github.com/JailtonJunior94/ai-spec-harness/internal/fs/fake.go:89:					Exists					90.9%
github.com/JailtonJunior94/ai-spec-harness/internal/fs/fake.go:109:					IsDir					100.0%
github.com/JailtonJunior94/ai-spec-harness/internal/fs/fake.go:122:					IsSymlink				100.0%
github.com/JailtonJunior94/ai-spec-harness/internal/fs/fake.go:127:					EvalSymlinks				100.0%
github.com/JailtonJunior94/ai-spec-harness/internal/fs/fake.go:131:					ReadFile				100.0%
github.com/JailtonJunior94/ai-spec-harness/internal/fs/fake.go:140:					WriteFile				100.0%
github.com/JailtonJunior94/ai-spec-harness/internal/fs/fake.go:145:					WriteFileAtomic				100.0%
github.com/JailtonJunior94/ai-spec-harness/internal/fs/fake.go:150:					ReadDir					67.7%
github.com/JailtonJunior94/ai-spec-harness/internal/fs/fake.go:188:					FileHash				100.0%
github.com/JailtonJunior94/ai-spec-harness/internal/fs/fake.go:198:					DirHash					100.0%
github.com/JailtonJunior94/ai-spec-harness/internal/fs/fake.go:219:					Writable				100.0%
github.com/JailtonJunior94/ai-spec-harness/internal/fs/fake.go:223:					resolvePath				91.7%
github.com/JailtonJunior94/ai-spec-harness/internal/fs/fake.go:260:					Name					100.0%
github.com/JailtonJunior94/ai-spec-harness/internal/fs/fake.go:261:					IsDir					100.0%
github.com/JailtonJunior94/ai-spec-harness/internal/fs/fake.go:262:					Type					0.0%
github.com/JailtonJunior94/ai-spec-harness/internal/fs/fake.go:268:					Info					0.0%
github.com/JailtonJunior94/ai-spec-harness/internal/fs/fake.go:277:					relativeWithin				100.0%
github.com/JailtonJunior94/ai-spec-harness/internal/fs/fake.go:288:					withinDir				100.0%
github.com/JailtonJunior94/ai-spec-harness/internal/fs/fake.go:302:					toSlash					100.0%
github.com/JailtonJunior94/ai-spec-harness/internal/fs/fs.go:39:					NewOSFileSystem				100.0%
github.com/JailtonJunior94/ai-spec-harness/internal/fs/fs.go:41:					MkdirAll				100.0%
github.com/JailtonJunior94/ai-spec-harness/internal/fs/fs.go:45:					CopyFile				81.8%
github.com/JailtonJunior94/ai-spec-harness/internal/fs/fs.go:77:					CopyDir					80.0%
github.com/JailtonJunior94/ai-spec-harness/internal/fs/fs.go:100:					Symlink					75.0%
github.com/JailtonJunior94/ai-spec-harness/internal/fs/fs.go:108:					Remove					100.0%
github.com/JailtonJunior94/ai-spec-harness/internal/fs/fs.go:112:					RemoveAll				86.7%
github.com/JailtonJunior94/ai-spec-harness/internal/fs/fs.go:136:					Exists					100.0%
github.com/JailtonJunior94/ai-spec-harness/internal/fs/fs.go:141:					IsDir					100.0%
github.com/JailtonJunior94/ai-spec-harness/internal/fs/fs.go:146:					IsSymlink				100.0%
github.com/JailtonJunior94/ai-spec-harness/internal/fs/fs.go:151:					EvalSymlinks				0.0%
github.com/JailtonJunior94/ai-spec-harness/internal/fs/fs.go:159:					ReadFile				100.0%
github.com/JailtonJunior94/ai-spec-harness/internal/fs/fs.go:163:					WriteFile				80.0%
github.com/JailtonJunior94/ai-spec-harness/internal/fs/fs.go:173:					WriteFileAtomic				68.2%
github.com/JailtonJunior94/ai-spec-harness/internal/fs/fs.go:206:					ReadDir					100.0%
github.com/JailtonJunior94/ai-spec-harness/internal/fs/fs.go:210:					FileHash				90.9%
github.com/JailtonJunior94/ai-spec-harness/internal/fs/fs.go:224:					DirHash					90.5%
github.com/JailtonJunior94/ai-spec-harness/internal/fs/fs.go:256:					Writable				100.0%
github.com/JailtonJunior94/ai-spec-harness/internal/fs/fs.go:264:					chmodTreeWritable			76.2%
github.com/JailtonJunior94/ai-spec-harness/internal/fs/fs.go:298:					writableDirMode				100.0%
github.com/JailtonJunior94/ai-spec-harness/internal/fs/fs.go:302:					writableFileMode			100.0%
github.com/JailtonJunior94/ai-spec-harness/internal/fs/symlink_guard.go:10:				RefuseExternalSymlink			0.0%
github.com/JailtonJunior94/ai-spec-harness/internal/fs/symlink_guard.go:53:				symlinkAncestors			0.0%
github.com/JailtonJunior94/ai-spec-harness/internal/fs/symlink_guard.go:70:				pathInsideRoot				0.0%
github.com/JailtonJunior94/ai-spec-harness/internal/git/git.go:21:					NewCLIRepository			100.0%
github.com/JailtonJunior94/ai-spec-harness/internal/git/git.go:23:					IsRepo					100.0%
github.com/JailtonJunior94/ai-spec-harness/internal/git/git.go:29:					Root					100.0%
github.com/JailtonJunior94/ai-spec-harness/internal/git/git.go:38:					RemoteURL				0.0%
github.com/JailtonJunior94/ai-spec-harness/internal/gitref/gitref.go:23:				NewResolver				100.0%
github.com/JailtonJunior94/ai-spec-harness/internal/gitref/gitref.go:29:				Resolve					69.6%
github.com/JailtonJunior94/ai-spec-harness/internal/inspect/inspect.go:22:				NewService				100.0%
github.com/JailtonJunior94/ai-spec-harness/internal/inspect/inspect.go:26:				Execute					96.7%
github.com/JailtonJunior94/ai-spec-harness/internal/inspect/inspect.go:103:				toolNames				100.0%
github.com/JailtonJunior94/ai-spec-harness/internal/inspect/inspect.go:111:				langNames				100.0%
github.com/JailtonJunior94/ai-spec-harness/internal/install/install.go:85:				NewService				100.0%
github.com/JailtonJunior94/ai-spec-harness/internal/install/install.go:105:				NewServiceWithDetector			100.0%
github.com/JailtonJunior94/ai-spec-harness/internal/install/install.go:120:				NewServiceWithOptions			100.0%
github.com/JailtonJunior94/ai-spec-harness/internal/install/install.go:137:				Execute					86.1%
github.com/JailtonJunior94/ai-spec-harness/internal/install/install.go:316:				globalInstallDir			75.0%
github.com/JailtonJunior94/ai-spec-harness/internal/install/install.go:330:				Verify					83.6%
github.com/JailtonJunior94/ai-spec-harness/internal/install/install.go:446:				detectLangs				100.0%
github.com/JailtonJunior94/ai-spec-harness/internal/install/install.go:455:				sourceSkills				83.3%
github.com/JailtonJunior94/ai-spec-harness/internal/install/install.go:478:				verifyToolSkills			100.0%
github.com/JailtonJunior94/ai-spec-harness/internal/install/install.go:497:				specForTool				100.0%
github.com/JailtonJunior94/ai-spec-harness/internal/install/install.go:508:				probeBinaryAvailable			90.0%
github.com/JailtonJunior94/ai-spec-harness/internal/install/install.go:526:				verifyPreconditions			72.0%
github.com/JailtonJunior94/ai-spec-harness/internal/install/install.go:568:				probeBinariesWarn			90.9%
github.com/JailtonJunior94/ai-spec-harness/internal/install/install.go:590:				verifySkillFile				84.6%
github.com/JailtonJunior94/ai-spec-harness/internal/install/install.go:622:				compareSkillChecksum			91.7%
github.com/JailtonJunior94/ai-spec-harness/internal/install/install.go:641:				validate				66.7%
github.com/JailtonJunior94/ai-spec-harness/internal/install/install.go:666:				installBaseSkills			92.6%
github.com/JailtonJunior94/ai-spec-harness/internal/install/install.go:704:				installTool				88.9%
github.com/JailtonJunior94/ai-spec-harness/internal/install/install.go:720:				installClaude				80.8%
github.com/JailtonJunior94/ai-spec-harness/internal/install/install.go:904:				copyAgentsScripts			90.5%
github.com/JailtonJunior94/ai-spec-harness/internal/install/install.go:942:				copyAgentsLib				88.2%
github.com/JailtonJunior94/ai-spec-harness/internal/install/install.go:978:				copyToolValidationHooks			88.2%
github.com/JailtonJunior94/ai-spec-harness/internal/install/install.go:1004:				copyOrchestratorHooks			82.4%
github.com/JailtonJunior94/ai-spec-harness/internal/install/install.go:1037:				filterCodexSkills			100.0%
github.com/JailtonJunior94/ai-spec-harness/internal/install/install.go:1047:				installCodex				61.5%
github.com/JailtonJunior94/ai-spec-harness/internal/install/install.go:1089:				installCopilot				80.5%
github.com/JailtonJunior94/ai-spec-harness/internal/install/install.go:1159:				installOpenCode				75.0%
github.com/JailtonJunior94/ai-spec-harness/internal/install/install.go:1208:				decodeWrittenPermission			80.0%
github.com/JailtonJunior94/ai-spec-harness/internal/install/install.go:1217:				shouldProcessSkill			100.0%
github.com/JailtonJunior94/ai-spec-harness/internal/install/install.go:1242:				defaultClaudeSettings			100.0%
github.com/JailtonJunior94/ai-spec-harness/internal/install/install.go:1294:				defaultCopilotHooks			100.0%
github.com/JailtonJunior94/ai-spec-harness/internal/install/install.go:1329:				defaultCodexHooks			100.0%
github.com/JailtonJunior94/ai-spec-harness/internal/install/install.go:1372:				codexGovernanceTOML			100.0%
github.com/JailtonJunior94/ai-spec-harness/internal/install/install.go:1397:				linkOrCopy				100.0%
github.com/JailtonJunior94/ai-spec-harness/internal/install/install.go:1405:				computeChecksums			100.0%
github.com/JailtonJunior94/ai-spec-harness/internal/install/install.go:1418:				collectSkillVersions			100.0%
github.com/JailtonJunior94/ai-spec-harness/internal/install/install.go:1436:				toolNames				100.0%
github.com/JailtonJunior94/ai-spec-harness/internal/install/install.go:1444:				langNames				100.0%
github.com/JailtonJunior94/ai-spec-harness/internal/install/install.go:1463:				expectedInstalledPaths			100.0%
github.com/JailtonJunior94/ai-spec-harness/internal/install/r1_receiver.go:6:				NewHelper				100.0%
github.com/JailtonJunior94/ai-spec-harness/internal/invocation/invocation.go:19:			NewGuard				100.0%
github.com/JailtonJunior94/ai-spec-harness/internal/invocation/invocation.go:25:			CheckDepth				100.0%
github.com/JailtonJunior94/ai-spec-harness/internal/invocation/invocation.go:36:			IncrementDepth				100.0%
github.com/JailtonJunior94/ai-spec-harness/internal/invocation/invocation.go:41:			ResetDepth				100.0%
github.com/JailtonJunior94/ai-spec-harness/internal/invocation/invocation.go:53:			readInt					85.7%
github.com/JailtonJunior94/ai-spec-harness/internal/lint/lint.go:24:					String					0.0%
github.com/JailtonJunior94/ai-spec-harness/internal/lint/lint.go:47:					NewService				66.7%
github.com/JailtonJunior94/ai-spec-harness/internal/lint/lint.go:56:					Execute					100.0%
github.com/JailtonJunior94/ai-spec-harness/internal/lint/lint.go:101:					CountChecks				0.0%
github.com/JailtonJunior94/ai-spec-harness/internal/lint/lint.go:135:					checkPlaceholders			100.0%
github.com/JailtonJunior94/ai-spec-harness/internal/lint/lint.go:157:					extractPlaceholder			71.4%
github.com/JailtonJunior94/ai-spec-harness/internal/lint/lint.go:169:					checkSchemaVersion			87.5%
github.com/JailtonJunior94/ai-spec-harness/internal/lint/lint.go:185:					checkSkillFrontmatters			90.5%
github.com/JailtonJunior94/ai-spec-harness/internal/lint/lint.go:221:					thirdPartySkills			91.7%
github.com/JailtonJunior94/ai-spec-harness/internal/lint/lint.go:242:					isThirdPartySourceType			66.7%
github.com/JailtonJunior94/ai-spec-harness/internal/lint/lint.go:251:					frontmatterSchemaContent		87.5%
github.com/JailtonJunior94/ai-spec-harness/internal/manifest/manifest.go:37:				HasFileTracking				0.0%
github.com/JailtonJunior94/ai-spec-harness/internal/manifest/manifest.go:46:				NewStore				100.0%
github.com/JailtonJunior94/ai-spec-harness/internal/manifest/manifest.go:50:				Load					100.0%
github.com/JailtonJunior94/ai-spec-harness/internal/manifest/manifest.go:63:				Save					75.0%
github.com/JailtonJunior94/ai-spec-harness/internal/manifest/manifest.go:71:				Exists					100.0%
github.com/JailtonJunior94/ai-spec-harness/internal/metrics/flow.go:106:				FlowBudget				100.0%
github.com/JailtonJunior94/ai-spec-harness/internal/metrics/flow.go:115:				MeasureFlow				100.0%
github.com/JailtonJunior94/ai-spec-harness/internal/metrics/metrics.go:55:				NewService				100.0%
github.com/JailtonJunior94/ai-spec-harness/internal/metrics/metrics.go:63:				Execute					85.2%
github.com/JailtonJunior94/ai-spec-harness/internal/metrics/metrics.go:102:				gather					91.7%
github.com/JailtonJunior94/ai-spec-harness/internal/metrics/metrics.go:187:				fileMetric				80.0%
github.com/JailtonJunior94/ai-spec-harness/internal/metrics/metrics.go:201:				estimateTokens				100.0%
github.com/JailtonJunior94/ai-spec-harness/internal/metrics/metrics.go:209:				toolBudgets				100.0%
github.com/JailtonJunior94/ai-spec-harness/internal/metrics/metrics.go:218:				toolBudgetsLarge			100.0%
github.com/JailtonJunior94/ai-spec-harness/internal/metrics/metrics.go:231:				checkToolBudgetsLargeCoverage		90.0%
github.com/JailtonJunior94/ai-spec-harness/internal/metrics/metrics.go:249:				CheckToolBudgetsLargeCoverage		100.0%
github.com/JailtonJunior94/ai-spec-harness/internal/metrics/metrics.go:256:				CheckBudgetForClass			0.0%
github.com/JailtonJunior94/ai-spec-harness/internal/metrics/metrics.go:273:				CheckBudget				100.0%
github.com/JailtonJunior94/ai-spec-harness/internal/metrics/metrics.go:283:				FormatReport				88.9%
github.com/JailtonJunior94/ai-spec-harness/internal/metrics/r1_catalog.go:6:				NewCatalog				100.0%
github.com/JailtonJunior94/ai-spec-harness/internal/metrics/tokenizer.go:20:				EstimateTokens				100.0%
github.com/JailtonJunior94/ai-spec-harness/internal/metrics/tokenizer.go:24:				Name					100.0%
github.com/JailtonJunior94/ai-spec-harness/internal/metrics/tokenizer.go:27:				NewCharEstimator			100.0%
github.com/JailtonJunior94/ai-spec-harness/internal/metrics/tokenizer.go:36:				NewTiktokenEstimator			75.0%
github.com/JailtonJunior94/ai-spec-harness/internal/metrics/tokenizer.go:44:				EstimateTokens				100.0%
github.com/JailtonJunior94/ai-spec-harness/internal/metrics/tokenizer.go:48:				Name					100.0%
github.com/JailtonJunior94/ai-spec-harness/internal/metrics/tokenizer.go:53:				NewPreciseTokenizer			75.0%
github.com/JailtonJunior94/ai-spec-harness/internal/output/output.go:16:				New					100.0%
github.com/JailtonJunior94/ai-spec-harness/internal/output/output.go:20:				Info					100.0%
github.com/JailtonJunior94/ai-spec-harness/internal/output/output.go:24:				Step					100.0%
github.com/JailtonJunior94/ai-spec-harness/internal/output/output.go:28:				Debug					100.0%
github.com/JailtonJunior94/ai-spec-harness/internal/output/output.go:34:				Warn					100.0%
github.com/JailtonJunior94/ai-spec-harness/internal/output/output.go:38:				Error					100.0%
github.com/JailtonJunior94/ai-spec-harness/internal/output/output.go:42:				DryRun					100.0%
github.com/JailtonJunior94/ai-spec-harness/internal/output/output.go:47:				Status					100.0%
github.com/JailtonJunior94/ai-spec-harness/internal/parity/parity.go:79:				File					100.0%
github.com/JailtonJunior94/ai-spec-harness/internal/parity/parity.go:88:				hasTool					75.0%
github.com/JailtonJunior94/ai-spec-harness/internal/parity/parity.go:103:				pass					100.0%
github.com/JailtonJunior94/ai-spec-harness/internal/parity/parity.go:104:				fail					100.0%
github.com/JailtonJunior94/ai-spec-harness/internal/parity/parity.go:105:				failf					100.0%
github.com/JailtonJunior94/ai-spec-harness/internal/parity/parity.go:124:				Run					100.0%
github.com/JailtonJunior94/ai-spec-harness/internal/parity/parity.go:153:				Warnings				0.0%
github.com/JailtonJunior94/ai-spec-harness/internal/parity/parity.go:164:				Failures				0.0%
github.com/JailtonJunior94/ai-spec-harness/internal/parity/parity.go:178:				Generate				96.2%
github.com/JailtonJunior94/ai-spec-harness/internal/parity/parity.go:222:				Invariants				100.0%
github.com/JailtonJunior94/ai-spec-harness/internal/parity/parity.go:563:				parseEventsJSONL			88.9%
github.com/JailtonJunior94/ai-spec-harness/internal/parity/parity.go:582:				maxAgentDepth				50.0%
github.com/JailtonJunior94/ai-spec-harness/internal/parity/r1_receiver.go:6:				NewChecker				100.0%
github.com/JailtonJunior94/ai-spec-harness/internal/platform/platform.go:15:				NewDetector				100.0%
github.com/JailtonJunior94/ai-spec-harness/internal/platform/platform.go:20:				Current					100.0%
github.com/JailtonJunior94/ai-spec-harness/internal/platform/platform.go:26:				SupportsSymlinks			100.0%
github.com/JailtonJunior94/ai-spec-harness/internal/prerequisites/prerequisites.go:89:			Verify					95.0%
github.com/JailtonJunior94/ai-spec-harness/internal/prerequisites/prerequisites.go:122:			KnownSkills				100.0%
github.com/JailtonJunior94/ai-spec-harness/internal/prerequisites/prerequisites.go:130:			anyExists				100.0%
github.com/JailtonJunior94/ai-spec-harness/internal/prerequisites/r1_receiver.go:6:			NewVerifier				100.0%
github.com/JailtonJunior94/ai-spec-harness/internal/runtime/acpfake/r1_catalog.go:6:			NewCatalog				100.0%
github.com/JailtonJunior94/ai-spec-harness/internal/runtime/acpfake/script.go:29:			NewScript				100.0%
github.com/JailtonJunior94/ai-spec-harness/internal/runtime/acpfake/script.go:34:			append					100.0%
github.com/JailtonJunior94/ai-spec-harness/internal/runtime/acpfake/script.go:40:			AppendAgentMessage			100.0%
github.com/JailtonJunior94/ai-spec-harness/internal/runtime/acpfake/script.go:45:			AppendAgentMessageWithDelay		100.0%
github.com/JailtonJunior94/ai-spec-harness/internal/runtime/acpfake/script.go:50:			AppendAgentThought			100.0%
github.com/JailtonJunior94/ai-spec-harness/internal/runtime/acpfake/script.go:55:			AppendToolCall				100.0%
github.com/JailtonJunior94/ai-spec-harness/internal/runtime/acpfake/script.go:64:			AppendToolCallUpdate			100.0%
github.com/JailtonJunior94/ai-spec-harness/internal/runtime/acpfake/script.go:83:			AppendSessionEnd			100.0%
github.com/JailtonJunior94/ai-spec-harness/internal/runtime/acpfake/script.go:94:			AppendUnknown				100.0%
github.com/JailtonJunior94/ai-spec-harness/internal/runtime/acpfake/script.go:101:			AppendRequestPermission			100.0%
github.com/JailtonJunior94/ai-spec-harness/internal/runtime/acpfake/script.go:116:			Updates					100.0%
github.com/JailtonJunior94/ai-spec-harness/internal/runtime/acpfake/server.go:23:			NewServer				100.0%
github.com/JailtonJunior94/ai-spec-harness/internal/runtime/acpfake/server.go:37:			Start					100.0%
github.com/JailtonJunior94/ai-spec-harness/internal/runtime/acpfake/server.go:72:			setConn					100.0%
github.com/JailtonJunior94/ai-spec-harness/internal/runtime/acpfake/server.go:78:			getConn					100.0%
github.com/JailtonJunior94/ai-spec-harness/internal/runtime/acpfake/server.go:90:			Initialize				100.0%
github.com/JailtonJunior94/ai-spec-harness/internal/runtime/acpfake/server.go:97:			Authenticate				0.0%
github.com/JailtonJunior94/ai-spec-harness/internal/runtime/acpfake/server.go:101:			Cancel					0.0%
github.com/JailtonJunior94/ai-spec-harness/internal/runtime/acpfake/server.go:105:			NewSession				100.0%
github.com/JailtonJunior94/ai-spec-harness/internal/runtime/acpfake/server.go:109:			ListSessions				0.0%
github.com/JailtonJunior94/ai-spec-harness/internal/runtime/acpfake/server.go:113:			ResumeSession				0.0%
github.com/JailtonJunior94/ai-spec-harness/internal/runtime/acpfake/server.go:117:			CloseSession				0.0%
github.com/JailtonJunior94/ai-spec-harness/internal/runtime/acpfake/server.go:121:			SetSessionConfigOption			0.0%
github.com/JailtonJunior94/ai-spec-harness/internal/runtime/acpfake/server.go:125:			SetSessionMode				0.0%
github.com/JailtonJunior94/ai-spec-harness/internal/runtime/acpfake/server.go:130:			Prompt					87.5%
github.com/JailtonJunior94/ai-spec-harness/internal/runtime/acpfake/server.go:189:			isSessionEnd				100.0%
github.com/JailtonJunior94/ai-spec-harness/internal/runtime/acpfake/server.go:199:			isRequestPermission			83.3%
github.com/JailtonJunior94/ai-spec-harness/internal/runtime/approval_adapters.go:55:			NewRepositoryAdapter			100.0%
github.com/JailtonJunior94/ai-spec-harness/internal/runtime/approval_adapters.go:59:			Checkpoint				75.0%
github.com/JailtonJunior94/ai-spec-harness/internal/runtime/approval_adapters.go:67:			FullTarget				100.0%
github.com/JailtonJunior94/ai-spec-harness/internal/runtime/approval_adapters.go:71:			Delta					75.0%
github.com/JailtonJunior94/ai-spec-harness/internal/runtime/approval_adapters.go:79:			revParseHead				87.5%
github.com/JailtonJunior94/ai-spec-harness/internal/runtime/approval_adapters.go:97:			NewReviewerAdapter			100.0%
github.com/JailtonJunior94/ai-spec-harness/internal/runtime/approval_adapters.go:101:			Review					84.0%
github.com/JailtonJunior94/ai-spec-harness/internal/runtime/approval_adapters.go:129:			parseCycleFindings			92.3%
github.com/JailtonJunior94/ai-spec-harness/internal/runtime/approval_adapters.go:149:			severityFromLine			100.0%
github.com/JailtonJunior94/ai-spec-harness/internal/runtime/approval_adapters.go:158:			parityCriteriaMap			78.6%
github.com/JailtonJunior94/ai-spec-harness/internal/runtime/approval_adapters.go:183:			priorCutPoint				83.3%
github.com/JailtonJunior94/ai-spec-harness/internal/runtime/approval_adapters.go:199:			NewFixerAdapter				100.0%
github.com/JailtonJunior94/ai-spec-harness/internal/runtime/approval_adapters.go:203:			Fix					100.0%
github.com/JailtonJunior94/ai-spec-harness/internal/runtime/approval_adapters.go:212:			buildFixPrompt				100.0%
github.com/JailtonJunior94/ai-spec-harness/internal/runtime/client/client.go:68:			NewDefaultClientFactory			100.0%
github.com/JailtonJunior94/ai-spec-harness/internal/runtime/client/client.go:72:			New					100.0%
github.com/JailtonJunior94/ai-spec-harness/internal/runtime/client/client.go:80:			SetBypassPermissions			100.0%
github.com/JailtonJunior94/ai-spec-harness/internal/runtime/client/client.go:88:			SetChildEnv				100.0%
github.com/JailtonJunior94/ai-spec-harness/internal/runtime/client/client.go:92:			SetHandshakeWaiter			100.0%
github.com/JailtonJunior94/ai-spec-harness/internal/runtime/client/client.go:151:			newACPClient				66.7%
github.com/JailtonJunior94/ai-spec-harness/internal/runtime/client/client.go:166:			Open					95.6%
github.com/JailtonJunior94/ai-spec-harness/internal/runtime/client/client.go:228:			startProcess				91.3%
github.com/JailtonJunior94/ai-spec-harness/internal/runtime/client/client.go:260:			negotiate				94.4%
github.com/JailtonJunior94/ai-spec-harness/internal/runtime/client/client.go:301:			readLoop				88.9%
github.com/JailtonJunior94/ai-spec-harness/internal/runtime/client/client.go:336:			sessionEndEventFromPromptResponse	75.0%
github.com/JailtonJunior94/ai-spec-harness/internal/runtime/client/client.go:352:			closeChannel				100.0%
github.com/JailtonJunior94/ai-spec-harness/internal/runtime/client/client.go:376:			trySend					35.7%
github.com/JailtonJunior94/ai-spec-harness/internal/runtime/client/client.go:410:			SlowPublishes				100.0%
github.com/JailtonJunior94/ai-spec-harness/internal/runtime/client/client.go:416:			DroppedUpdates				100.0%
github.com/JailtonJunior94/ai-spec-harness/internal/runtime/client/client.go:421:			Updates					100.0%
github.com/JailtonJunior94/ai-spec-harness/internal/runtime/client/client.go:426:			Err					100.0%
github.com/JailtonJunior94/ai-spec-harness/internal/runtime/client/client.go:433:			Close					100.0%
github.com/JailtonJunior94/ai-spec-harness/internal/runtime/client/client.go:443:			killProcess				88.9%
github.com/JailtonJunior94/ai-spec-harness/internal/runtime/client/client.go:474:			SessionUpdate				100.0%
github.com/JailtonJunior94/ai-spec-harness/internal/runtime/client/client.go:483:			RequestPermission			100.0%
github.com/JailtonJunior94/ai-spec-harness/internal/runtime/client/client.go:504:			ReadTextFile				100.0%
github.com/JailtonJunior94/ai-spec-harness/internal/runtime/client/client.go:508:			WriteTextFile				100.0%
github.com/JailtonJunior94/ai-spec-harness/internal/runtime/client/client.go:512:			CreateTerminal				0.0%
github.com/JailtonJunior94/ai-spec-harness/internal/runtime/client/client.go:516:			KillTerminal				100.0%
github.com/JailtonJunior94/ai-spec-harness/internal/runtime/client/client.go:520:			ReleaseTerminal				100.0%
github.com/JailtonJunior94/ai-spec-harness/internal/runtime/client/client.go:524:			TerminalOutput				100.0%
github.com/JailtonJunior94/ai-spec-harness/internal/runtime/client/client.go:528:			WaitForTerminalExit			100.0%
github.com/JailtonJunior94/ai-spec-harness/internal/runtime/client/process_unix.go:17:			configureProcessGroup			83.3%
github.com/JailtonJunior94/ai-spec-harness/internal/runtime/client/process_unix.go:30:			interruptProcess			100.0%
github.com/JailtonJunior94/ai-spec-harness/internal/runtime/client/process_unix.go:35:			killProcessHard				0.0%
github.com/JailtonJunior94/ai-spec-harness/internal/runtime/client/r1_catalog.go:6:			NewCatalog				100.0%
github.com/JailtonJunior94/ai-spec-harness/internal/runtime/client/testing.go:17:			Provide					100.0%
github.com/JailtonJunior94/ai-spec-harness/internal/runtime/client/testing.go:24:			NewTestClient				100.0%
github.com/JailtonJunior94/ai-spec-harness/internal/runtime/client/testing.go:30:			NewTestClientWithBackpressure		100.0%
github.com/JailtonJunior94/ai-spec-harness/internal/runtime/clock.go:16:				RealClock				100.0%
github.com/JailtonJunior94/ai-spec-harness/internal/runtime/clock.go:20:				Now					100.0%
github.com/JailtonJunior94/ai-spec-harness/internal/runtime/events/cancel_reason.go:30:			ParseCancelReason			100.0%
github.com/JailtonJunior94/ai-spec-harness/internal/runtime/events/convert.go:18:			rawDiscriminator			90.0%
github.com/JailtonJunior94/ai-spec-harness/internal/runtime/events/convert.go:36:			extractExitCode				70.0%
github.com/JailtonJunior94/ai-spec-harness/internal/runtime/events/convert.go:53:			extractErrorReason			88.9%
github.com/JailtonJunior94/ai-spec-harness/internal/runtime/events/convert.go:71:			contentBlockText			100.0%
github.com/JailtonJunior94/ai-spec-harness/internal/runtime/events/convert.go:79:			isFinalStatus				100.0%
github.com/JailtonJunior94/ai-spec-harness/internal/runtime/events/convert.go:89:			FromACPRaw				100.0%
github.com/JailtonJunior94/ai-spec-harness/internal/runtime/events/convert.go:117:			FromACPUpdate				96.7%
github.com/JailtonJunior94/ai-spec-harness/internal/runtime/events/convert.go:243:			ExtractClaudeMetrics			100.0%
github.com/JailtonJunior94/ai-spec-harness/internal/runtime/events/counters.go:39:			NewToolCallCounters			100.0%
github.com/JailtonJunior94/ai-spec-harness/internal/runtime/events/counters.go:48:			Record					88.0%
github.com/JailtonJunior94/ai-spec-harness/internal/runtime/events/counters.go:96:			ToolCalls				100.0%
github.com/JailtonJunior94/ai-spec-harness/internal/runtime/events/counters.go:114:			MappedCount				100.0%
github.com/JailtonJunior94/ai-spec-harness/internal/runtime/events/counters.go:119:			UnknownKinds				100.0%
github.com/JailtonJunior94/ai-spec-harness/internal/runtime/events/event.go:49:				WithNormalization			0.0%
github.com/JailtonJunior94/ai-spec-harness/internal/runtime/events/event.go:58:				NormalizedName				0.0%
github.com/JailtonJunior94/ai-spec-harness/internal/runtime/events/event.go:66:				RawToolName				0.0%
github.com/JailtonJunior94/ai-spec-harness/internal/runtime/events/event.go:74:				NewAgentMessage				100.0%
github.com/JailtonJunior94/ai-spec-harness/internal/runtime/events/event.go:87:				NewAgentThought				100.0%
github.com/JailtonJunior94/ai-spec-harness/internal/runtime/events/event.go:100:			NewToolCallStart			100.0%
github.com/JailtonJunior94/ai-spec-harness/internal/runtime/events/event.go:114:			NewToolCallUpdate			100.0%
github.com/JailtonJunior94/ai-spec-harness/internal/runtime/events/event.go:125:			NewSessionEnd				100.0%
github.com/JailtonJunior94/ai-spec-harness/internal/runtime/events/event.go:136:			NewRuntimeInit				100.0%
github.com/JailtonJunior94/ai-spec-harness/internal/runtime/events/event.go:158:			NewUnknown				100.0%
github.com/JailtonJunior94/ai-spec-harness/internal/runtime/events/event.go:168:			Kind					100.0%
github.com/JailtonJunior94/ai-spec-harness/internal/runtime/events/event.go:171:			Timestamp				100.0%
github.com/JailtonJunior94/ai-spec-harness/internal/runtime/events/event.go:174:			ToolCallID				100.0%
github.com/JailtonJunior94/ai-spec-harness/internal/runtime/events/event.go:177:			Launcher				100.0%
github.com/JailtonJunior94/ai-spec-harness/internal/runtime/events/event.go:180:			IsTerminal				100.0%
github.com/JailtonJunior94/ai-spec-harness/internal/runtime/events/event.go:183:			AgentMessage				100.0%
github.com/JailtonJunior94/ai-spec-harness/internal/runtime/events/event.go:186:			AgentThought				100.0%
github.com/JailtonJunior94/ai-spec-harness/internal/runtime/events/event.go:189:			ToolCallStart				100.0%
github.com/JailtonJunior94/ai-spec-harness/internal/runtime/events/event.go:192:			ToolCallUpdate				100.0%
github.com/JailtonJunior94/ai-spec-harness/internal/runtime/events/event.go:195:			SessionEnd				100.0%
github.com/JailtonJunior94/ai-spec-harness/internal/runtime/events/event.go:198:			RuntimeInit				100.0%
github.com/JailtonJunior94/ai-spec-harness/internal/runtime/events/event.go:201:			Unknown					100.0%
github.com/JailtonJunior94/ai-spec-harness/internal/runtime/events/event.go:205:			Raw					0.0%
github.com/JailtonJunior94/ai-spec-harness/internal/runtime/events/event.go:220:			MarshalJSON				71.4%
github.com/JailtonJunior94/ai-spec-harness/internal/runtime/events/extractor.go:23:			ExtractorFor				100.0%
github.com/JailtonJunior94/ai-spec-harness/internal/runtime/events/extractor.go:41:			Extract					100.0%
github.com/JailtonJunior94/ai-spec-harness/internal/runtime/events/extractor.go:60:			Extract					100.0%
github.com/JailtonJunior94/ai-spec-harness/internal/runtime/events/kinds.go:37:				ParseEventKind				100.0%
github.com/JailtonJunior94/ai-spec-harness/internal/runtime/events/metricset.go:31:			NewMetricSet				100.0%
github.com/JailtonJunior94/ai-spec-harness/internal/runtime/events/metricset.go:47:			max0					100.0%
github.com/JailtonJunior94/ai-spec-harness/internal/runtime/events/metricset.go:55:			TotalTokens				100.0%
github.com/JailtonJunior94/ai-spec-harness/internal/runtime/events/metricset.go:58:			CacheReadTokens				100.0%
github.com/JailtonJunior94/ai-spec-harness/internal/runtime/events/metricset.go:61:			ThinkingTokens				100.0%
github.com/JailtonJunior94/ai-spec-harness/internal/runtime/events/metricset.go:65:			Extra					100.0%
github.com/JailtonJunior94/ai-spec-harness/internal/runtime/events/metricset.go:74:			Merge					100.0%
github.com/JailtonJunior94/ai-spec-harness/internal/runtime/events/metricset.go:96:			IsZero					100.0%
github.com/JailtonJunior94/ai-spec-harness/internal/runtime/events/metricset.go:112:			Fields					100.0%
github.com/JailtonJunior94/ai-spec-harness/internal/runtime/events/normalize.go:61:			loadRules				95.8%
github.com/JailtonJunior94/ai-spec-harness/internal/runtime/events/normalize.go:96:			resolveInherit				90.0%
github.com/JailtonJunior94/ai-spec-harness/internal/runtime/events/normalize.go:124:			BuildNormalizedToolCall			100.0%
github.com/JailtonJunior94/ai-spec-harness/internal/runtime/events/normalize.go:143:			BuildNormalizedToolCallByDriver		83.3%
github.com/JailtonJunior94/ai-spec-harness/internal/runtime/events/normalize.go:155:			buildNormalized				87.5%
github.com/JailtonJunior94/ai-spec-harness/internal/runtime/events/normalize.go:183:			normalizeInput				95.8%
github.com/JailtonJunior94/ai-spec-harness/internal/runtime/events/payloads.go:9:			Text					100.0%
github.com/JailtonJunior94/ai-spec-harness/internal/runtime/events/payloads.go:19:			Text					100.0%
github.com/JailtonJunior94/ai-spec-harness/internal/runtime/events/payloads.go:30:			Name					100.0%
github.com/JailtonJunior94/ai-spec-harness/internal/runtime/events/payloads.go:35:			Input					100.0%
github.com/JailtonJunior94/ai-spec-harness/internal/runtime/events/payloads.go:47:			Output					100.0%
github.com/JailtonJunior94/ai-spec-harness/internal/runtime/events/payloads.go:52:			Status					100.0%
github.com/JailtonJunior94/ai-spec-harness/internal/runtime/events/payloads.go:57:			Final					100.0%
github.com/JailtonJunior94/ai-spec-harness/internal/runtime/events/payloads.go:68:			ExitCode				100.0%
github.com/JailtonJunior94/ai-spec-harness/internal/runtime/events/payloads.go:73:			Reason					100.0%
github.com/JailtonJunior94/ai-spec-harness/internal/runtime/events/payloads.go:87:			Launcher				100.0%
github.com/JailtonJunior94/ai-spec-harness/internal/runtime/events/payloads.go:92:			Command					100.0%
github.com/JailtonJunior94/ai-spec-harness/internal/runtime/events/payloads.go:97:			Args					100.0%
github.com/JailtonJunior94/ai-spec-harness/internal/runtime/events/payloads.go:104:			SDKVersion				100.0%
github.com/JailtonJunior94/ai-spec-harness/internal/runtime/events/payloads.go:109:			NpmVersion				100.0%
github.com/JailtonJunior94/ai-spec-harness/internal/runtime/events/payloads.go:119:			RawKind					100.0%
github.com/JailtonJunior94/ai-spec-harness/internal/runtime/events/r1_catalog.go:6:			NewCatalog				100.0%
github.com/JailtonJunior94/ai-spec-harness/internal/runtime/events/state.go:33:				Transition				100.0%
github.com/JailtonJunior94/ai-spec-harness/internal/runtime/events/timeout.go:14:			NewActivityTimeout			100.0%
github.com/JailtonJunior94/ai-spec-harness/internal/runtime/events/timeout.go:22:			Disabled				100.0%
github.com/JailtonJunior94/ai-spec-harness/internal/runtime/events/timeout.go:27:			Duration				100.0%
github.com/JailtonJunior94/ai-spec-harness/internal/runtime/events/toolcallid.go:13:			NewToolCallID				100.0%
github.com/JailtonJunior94/ai-spec-harness/internal/runtime/events/toolcallid.go:18:			IsZero					100.0%
github.com/JailtonJunior94/ai-spec-harness/internal/runtime/events/toolcallid.go:23:			String					100.0%
github.com/JailtonJunior94/ai-spec-harness/internal/runtime/events/toolcallid.go:28:			MarshalJSON				100.0%
github.com/JailtonJunior94/ai-spec-harness/internal/runtime/handshake/catalog.go:5:			NewCatalog				100.0%
github.com/JailtonJunior94/ai-spec-harness/internal/runtime/handshake/waiter.go:26:			NewWaiter				73.7%
github.com/JailtonJunior94/ai-spec-harness/internal/runtime/handshake/waiter.go:54:			Close					66.7%
github.com/JailtonJunior94/ai-spec-harness/internal/runtime/handshake/waiter.go:61:			removeStale				75.0%
github.com/JailtonJunior94/ai-spec-harness/internal/runtime/handshake/waiter.go:69:			Path					100.0%
github.com/JailtonJunior94/ai-spec-harness/internal/runtime/handshake/waiter.go:71:			Wait					100.0%
github.com/JailtonJunior94/ai-spec-harness/internal/runtime/hooks/dispatcher.go:68:			Kind					0.0%
github.com/JailtonJunior94/ai-spec-harness/internal/runtime/hooks/dispatcher.go:77:			Kind					0.0%
github.com/JailtonJunior94/ai-spec-harness/internal/runtime/hooks/dispatcher.go:85:			Kind					0.0%
github.com/JailtonJunior94/ai-spec-harness/internal/runtime/hooks/dispatcher.go:93:			Kind					0.0%
github.com/JailtonJunior94/ai-spec-harness/internal/runtime/hooks/dispatcher.go:102:			Kind					0.0%
github.com/JailtonJunior94/ai-spec-harness/internal/runtime/hooks/dispatcher.go:113:			New					100.0%
github.com/JailtonJunior94/ai-spec-harness/internal/runtime/hooks/dispatcher.go:120:			Register				100.0%
github.com/JailtonJunior94/ai-spec-harness/internal/runtime/hooks/dispatcher.go:129:			Dispatch				100.0%
github.com/JailtonJunior94/ai-spec-harness/internal/runtime/hooks/governance.go:34:			NewGovernanceHook			100.0%
github.com/JailtonJunior94/ai-spec-harness/internal/runtime/hooks/governance.go:39:			Name					100.0%
github.com/JailtonJunior94/ai-spec-harness/internal/runtime/hooks/governance.go:43:			Run					88.9%
github.com/JailtonJunior94/ai-spec-harness/internal/runtime/hooks/memory_events.go:20:			Kind					100.0%
github.com/JailtonJunior94/ai-spec-harness/internal/runtime/hooks/memory_events.go:29:			Kind					100.0%
github.com/JailtonJunior94/ai-spec-harness/internal/runtime/hooks/memory_events.go:38:			Kind					100.0%
github.com/JailtonJunior94/ai-spec-harness/internal/runtime/hooks/memory_events.go:47:			Kind					100.0%
github.com/JailtonJunior94/ai-spec-harness/internal/runtime/hooks/memory_events.go:56:			Kind					100.0%
github.com/JailtonJunior94/ai-spec-harness/internal/runtime/hooks/memory_events.go:65:			Kind					100.0%
github.com/JailtonJunior94/ai-spec-harness/internal/runtime/hooks/memory_events.go:74:			Kind					100.0%
github.com/JailtonJunior94/ai-spec-harness/internal/runtime/hooks/memory_evidence.go:20:		NewMemoryEvidenceRecorder		100.0%
github.com/JailtonJunior94/ai-spec-harness/internal/runtime/hooks/memory_evidence.go:24:		record					100.0%
github.com/JailtonJunior94/ai-spec-harness/internal/runtime/hooks/memory_evidence.go:30:		recordError				100.0%
github.com/JailtonJunior94/ai-spec-harness/internal/runtime/hooks/memory_evidence.go:36:		Entries					100.0%
github.com/JailtonJunior94/ai-spec-harness/internal/runtime/hooks/memory_evidence.go:44:		Errors					100.0%
github.com/JailtonJunior94/ai-spec-harness/internal/runtime/hooks/memory_evidence.go:58:		NewMemoryEvidenceHook			100.0%
github.com/JailtonJunior94/ai-spec-harness/internal/runtime/hooks/memory_evidence.go:62:		Name					100.0%
github.com/JailtonJunior94/ai-spec-harness/internal/runtime/hooks/memory_evidence.go:64:		Run					40.0%
github.com/JailtonJunior94/ai-spec-harness/internal/runtime/hooks/memory_persist.go:41:			NewMemoryPersistHook			100.0%
github.com/JailtonJunior94/ai-spec-harness/internal/runtime/hooks/memory_persist.go:46:			Name					100.0%
github.com/JailtonJunior94/ai-spec-harness/internal/runtime/hooks/memory_persist.go:51:			Run					95.0%
github.com/JailtonJunior94/ai-spec-harness/internal/runtime/hooks/memory_persist.go:82:			buildMemoryContent			100.0%
github.com/JailtonJunior94/ai-spec-harness/internal/runtime/hooks/spec_drift.go:40:			NewSpecDriftHook			100.0%
github.com/JailtonJunior94/ai-spec-harness/internal/runtime/hooks/spec_drift.go:45:			Name					0.0%
github.com/JailtonJunior94/ai-spec-harness/internal/runtime/hooks/spec_drift.go:55:			Run					100.0%
github.com/JailtonJunior94/ai-spec-harness/internal/runtime/hooks/token_budget.go:49:			NewTokenBudgetHook			100.0%
github.com/JailtonJunior94/ai-spec-harness/internal/runtime/hooks/token_budget.go:56:			NewTokenBudgetHookWithClass		100.0%
github.com/JailtonJunior94/ai-spec-harness/internal/runtime/hooks/token_budget.go:64:			Name					100.0%
github.com/JailtonJunior94/ai-spec-harness/internal/runtime/hooks/token_budget.go:69:			Run					100.0%
github.com/JailtonJunior94/ai-spec-harness/internal/runtime/mcpserver/engine.go:34:			spawnNestedSession			87.2%
github.com/JailtonJunior94/ai-spec-harness/internal/runtime/mcpserver/engine.go:112:			resolveAgentSpec			100.0%
github.com/JailtonJunior94/ai-spec-harness/internal/runtime/mcpserver/engine.go:122:			generateSessionID			100.0%
github.com/JailtonJunior94/ai-spec-harness/internal/runtime/mcpserver/engine.go:129:			resolveParentEvidenceDir		100.0%
github.com/JailtonJunior94/ai-spec-harness/internal/runtime/mcpserver/engine.go:138:			buildChildPrompt			100.0%
github.com/JailtonJunior94/ai-spec-harness/internal/runtime/mcpserver/engine.go:146:			buildSummaryText			0.0%
github.com/JailtonJunior94/ai-spec-harness/internal/runtime/mcpserver/r1_catalog.go:6:			NewCatalog				100.0%
github.com/JailtonJunior94/ai-spec-harness/internal/runtime/mcpserver/server.go:80:			New					100.0%
github.com/JailtonJunior94/ai-spec-harness/internal/runtime/mcpserver/server.go:92:			resolveMaxDepth				50.0%
github.com/JailtonJunior94/ai-spec-harness/internal/runtime/mcpserver/server.go:102:			Serve					84.2%
github.com/JailtonJunior94/ai-spec-harness/internal/runtime/mcpserver/server.go:133:			handleRequest				83.3%
github.com/JailtonJunior94/ai-spec-harness/internal/runtime/mcpserver/server.go:156:			handleInitialize			100.0%
github.com/JailtonJunior94/ai-spec-harness/internal/runtime/mcpserver/server.go:171:			handleToolsList				100.0%
github.com/JailtonJunior94/ai-spec-harness/internal/runtime/mcpserver/server.go:185:			handleToolsCall				72.9%
github.com/JailtonJunior94/ai-spec-harness/internal/runtime/mcpserver/server.go:278:			loadNestedContext			100.0%
github.com/JailtonJunior94/ai-spec-harness/internal/runtime/mcpserver/server.go:291:			runAgentInputSchema			100.0%
github.com/JailtonJunior94/ai-spec-harness/internal/runtime/mcpserver/wire/wire.go:120:			NewCodec				100.0%
github.com/JailtonJunior94/ai-spec-harness/internal/runtime/mcpserver/wire/wire.go:132:			ReadRequest				87.5%
github.com/JailtonJunior94/ai-spec-harness/internal/runtime/mcpserver/wire/wire.go:147:			WriteResponse				66.7%
github.com/JailtonJunior94/ai-spec-harness/internal/runtime/mcpserver/wire/wire.go:155:			WriteError				100.0%
github.com/JailtonJunior94/ai-spec-harness/internal/runtime/mcpserver/wire/wire.go:164:			WriteResult				100.0%
github.com/JailtonJunior94/ai-spec-harness/internal/runtime/memory/durable/budget_policy.go:50:		Resolve					100.0%
github.com/JailtonJunior94/ai-spec-harness/internal/runtime/memory/durable/budget_policy.go:70:		Allocate				95.8%
github.com/JailtonJunior94/ai-spec-harness/internal/runtime/memory/durable/budget_policy.go:133:	estimateTokens				100.0%
github.com/JailtonJunior94/ai-spec-harness/internal/runtime/memory/durable/compaction_policy.go:23:	Compact					95.7%
github.com/JailtonJunior94/ai-spec-harness/internal/runtime/memory/durable/facade.go:98:		NewFacade				100.0%
github.com/JailtonJunior94/ai-spec-harness/internal/runtime/memory/durable/facade.go:106:		NewFacadeWithLayer			100.0%
github.com/JailtonJunior94/ai-spec-harness/internal/runtime/memory/durable/facade.go:119:		scopeForLayer				100.0%
github.com/JailtonJunior94/ai-spec-harness/internal/runtime/memory/durable/facade.go:135:		BuildContext				95.0%
github.com/JailtonJunior94/ai-spec-harness/internal/runtime/memory/durable/facade.go:186:		renderBlock				81.8%
github.com/JailtonJunior94/ai-spec-harness/internal/runtime/memory/durable/facade.go:207:		RecordSession				79.7%
github.com/JailtonJunior94/ai-spec-harness/internal/runtime/memory/durable/facade.go:309:		resolveCompactionConfig			100.0%
github.com/JailtonJunior94/ai-spec-harness/internal/runtime/memory/durable/facade.go:324:		claimBaton				100.0%
github.com/JailtonJunior94/ai-spec-harness/internal/runtime/memory/durable/facade.go:334:		deriveFacts				91.7%
github.com/JailtonJunior94/ai-spec-harness/internal/runtime/memory/durable/fact.go:30:			String					80.0%
github.com/JailtonJunior94/ai-spec-harness/internal/runtime/memory/durable/fact.go:43:			durabilityFromString			66.7%
github.com/JailtonJunior94/ai-spec-harness/internal/runtime/memory/durable/fact.go:58:			MarshalYAML				100.0%
github.com/JailtonJunior94/ai-spec-harness/internal/runtime/memory/durable/fact.go:62:			UnmarshalYAML				75.0%
github.com/JailtonJunior94/ai-spec-harness/internal/runtime/memory/durable/fact.go:86:			String					100.0%
github.com/JailtonJunior94/ai-spec-harness/internal/runtime/memory/durable/fact.go:103:			factStateFromString			87.5%
github.com/JailtonJunior94/ai-spec-harness/internal/runtime/memory/durable/fact.go:122:			MarshalYAML				100.0%
github.com/JailtonJunior94/ai-spec-harness/internal/runtime/memory/durable/fact.go:126:			UnmarshalYAML				75.0%
github.com/JailtonJunior94/ai-spec-harness/internal/runtime/memory/durable/fact.go:149:			String					50.0%
github.com/JailtonJunior94/ai-spec-harness/internal/runtime/memory/durable/fact.go:164:			linkTypeFromString			42.9%
github.com/JailtonJunior94/ai-spec-harness/internal/runtime/memory/durable/fact.go:181:			MarshalYAML				100.0%
github.com/JailtonJunior94/ai-spec-harness/internal/runtime/memory/durable/fact.go:185:			UnmarshalYAML				75.0%
github.com/JailtonJunior94/ai-spec-harness/internal/runtime/memory/durable/fact.go:228:			String					100.0%
github.com/JailtonJunior94/ai-spec-harness/internal/runtime/memory/durable/fact.go:241:			targetLayerFromString			33.3%
github.com/JailtonJunior94/ai-spec-harness/internal/runtime/memory/durable/fact.go:256:			MarshalYAML				100.0%
github.com/JailtonJunior94/ai-spec-harness/internal/runtime/memory/durable/fact.go:260:			UnmarshalYAML				75.0%
github.com/JailtonJunior94/ai-spec-harness/internal/runtime/memory/durable/fact.go:273:			ValidateFact				100.0%
github.com/JailtonJunior94/ai-spec-harness/internal/runtime/memory/durable/fact.go:283:			ResolveLayer				100.0%
github.com/JailtonJunior94/ai-spec-harness/internal/runtime/memory/durable/fact.go:296:			HashContent				100.0%
github.com/JailtonJunior94/ai-spec-harness/internal/runtime/memory/durable/fact.go:310:			DetectCollision				100.0%
github.com/JailtonJunior94/ai-spec-harness/internal/runtime/memory/durable/fact.go:326:			DeriveSemanticKey			100.0%
github.com/JailtonJunior94/ai-spec-harness/internal/runtime/memory/durable/fact.go:340:			normalizeToken				100.0%
github.com/JailtonJunior94/ai-spec-harness/internal/runtime/memory/durable/handoff_lease.go:26:		String					0.0%
github.com/JailtonJunior94/ai-spec-harness/internal/runtime/memory/durable/handoff_lease.go:49:		String					0.0%
github.com/JailtonJunior94/ai-spec-harness/internal/runtime/memory/durable/handoff_lease.go:76:		NewContinuityHandoff			100.0%
github.com/JailtonJunior94/ai-spec-harness/internal/runtime/memory/durable/handoff_lease.go:80:		Current					100.0%
github.com/JailtonJunior94/ai-spec-harness/internal/runtime/memory/durable/handoff_lease.go:87:		Claim					80.0%
github.com/JailtonJunior94/ai-spec-harness/internal/runtime/memory/durable/handoff_lease.go:96:		Renew					85.7%
github.com/JailtonJunior94/ai-spec-harness/internal/runtime/memory/durable/layer.go:27:			directory				100.0%
github.com/JailtonJunior94/ai-spec-harness/internal/runtime/memory/durable/layer.go:44:			fileName				85.7%
github.com/JailtonJunior94/ai-spec-harness/internal/runtime/memory/durable/layer.go:60:			activePath				100.0%
github.com/JailtonJunior94/ai-spec-harness/internal/runtime/memory/durable/layer.go:72:			sidecarPath				100.0%
github.com/JailtonJunior94/ai-spec-harness/internal/runtime/memory/durable/layer.go:85:			ActivePath				0.0%
github.com/JailtonJunior94/ai-spec-harness/internal/runtime/memory/durable/layer.go:93:			SidecarPath				0.0%
github.com/JailtonJunior94/ai-spec-harness/internal/runtime/memory/durable/layer.go:97:			lockPath				100.0%
github.com/JailtonJunior94/ai-spec-harness/internal/runtime/memory/durable/layer.go:124:		NewLayer				100.0%
github.com/JailtonJunior94/ai-spec-harness/internal/runtime/memory/durable/layer.go:128:		NewLayerWithLocker			100.0%
github.com/JailtonJunior94/ai-spec-harness/internal/runtime/memory/durable/layer.go:137:		Read					100.0%
github.com/JailtonJunior94/ai-spec-harness/internal/runtime/memory/durable/layer.go:158:		Consolidate				87.0%
github.com/JailtonJunior94/ai-spec-harness/internal/runtime/memory/durable/layer.go:194:		Archive					80.0%
github.com/JailtonJunior94/ai-spec-harness/internal/runtime/memory/durable/layer.go:235:		Promote					82.6%
github.com/JailtonJunior94/ai-spec-harness/internal/runtime/memory/durable/layer.go:300:		lockInOrder				69.2%
github.com/JailtonJunior94/ai-spec-harness/internal/runtime/memory/durable/layer.go:322:		mergeFacts				100.0%
github.com/JailtonJunior94/ai-spec-harness/internal/runtime/memory/durable/layer.go:374:		readPage				88.9%
github.com/JailtonJunior94/ai-spec-harness/internal/runtime/memory/durable/layer.go:389:		writePage				75.0%
github.com/JailtonJunior94/ai-spec-harness/internal/runtime/memory/durable/layer_lock.go:9:		Lock					100.0%
github.com/JailtonJunior94/ai-spec-harness/internal/runtime/memory/durable/layer_lock_unix.go:12:	acquireLayerLock			46.7%
github.com/JailtonJunior94/ai-spec-harness/internal/runtime/memory/durable/lease_policy.go:16:		probe					66.7%
github.com/JailtonJunior94/ai-spec-harness/internal/runtime/memory/durable/lease_policy.go:23:		resolveTTL				66.7%
github.com/JailtonJunior94/ai-spec-harness/internal/runtime/memory/durable/lease_policy.go:30:		Claim					100.0%
github.com/JailtonJunior94/ai-spec-harness/internal/runtime/memory/durable/lease_policy.go:77:		Renew					100.0%
github.com/JailtonJunior94/ai-spec-harness/internal/runtime/memory/durable/liveness.go:14:		CurrentProcessRef			100.0%
github.com/JailtonJunior94/ai-spec-harness/internal/runtime/memory/durable/liveness.go:34:		Probe					100.0%
github.com/JailtonJunior94/ai-spec-harness/internal/runtime/memory/durable/page.go:48:			NewMarkdownPage				100.0%
github.com/JailtonJunior94/ai-spec-harness/internal/runtime/memory/durable/page.go:52:			Parse					100.0%
github.com/JailtonJunior94/ai-spec-harness/internal/runtime/memory/durable/page.go:100:			Serialize				93.4%
github.com/JailtonJunior94/ai-spec-harness/internal/runtime/memory/durable/process_unix.go:11:		checkProcessLiveness			72.7%
github.com/JailtonJunior94/ai-spec-harness/internal/runtime/memory/durable/r1_catalog.go:5:		NewCatalog				100.0%
github.com/JailtonJunior94/ai-spec-harness/internal/runtime/memory/durable/relevance_policy.go:9:	Rank					100.0%
github.com/JailtonJunior94/ai-spec-harness/internal/runtime/memory/durable/relevance_policy.go:20:	less					100.0%
github.com/JailtonJunior94/ai-spec-harness/internal/runtime/memory/durable/relevance_policy.go:29:	score					100.0%
github.com/JailtonJunior94/ai-spec-harness/internal/runtime/memory/durable/sanitization_policy.go:14:	NewSanitizationPattern			75.0%
github.com/JailtonJunior94/ai-spec-harness/internal/runtime/memory/durable/sanitization_policy.go:68:	Sanitize				100.0%
github.com/JailtonJunior94/ai-spec-harness/internal/runtime/memory/durable/sanitization_policy.go:88:	catalog					100.0%
github.com/JailtonJunior94/ai-spec-harness/internal/runtime/memory/durable/sanitization_policy.go:95:	applyPattern				100.0%
github.com/JailtonJunior94/ai-spec-harness/internal/runtime/memory/durable/search_policy.go:12:		Text					100.0%
github.com/JailtonJunior94/ai-spec-harness/internal/runtime/memory/durable/search_policy.go:27:		Entity					100.0%
github.com/JailtonJunior94/ai-spec-harness/internal/runtime/memory/durable/search_policy.go:44:		sorted					100.0%
github.com/JailtonJunior94/ai-spec-harness/internal/runtime/memory/r1_catalog.go:6:			NewCatalog				100.0%
github.com/JailtonJunior94/ai-spec-harness/internal/runtime/memory/store.go:29:				DefaultLimits				100.0%
github.com/JailtonJunior94/ai-spec-harness/internal/runtime/memory/store.go:79:				New					100.0%
github.com/JailtonJunior94/ai-spec-harness/internal/runtime/memory/store.go:87:				directory				100.0%
github.com/JailtonJunior94/ai-spec-harness/internal/runtime/memory/store.go:92:				workflowPath				100.0%
github.com/JailtonJunior94/ai-spec-harness/internal/runtime/memory/store.go:98:				taskPath				100.0%
github.com/JailtonJunior94/ai-spec-harness/internal/runtime/memory/store.go:103:			ensureDir				100.0%
github.com/JailtonJunior94/ai-spec-harness/internal/runtime/memory/store.go:109:			countLines				100.0%
github.com/JailtonJunior94/ai-spec-harness/internal/runtime/memory/store.go:120:			readFile				93.3%
github.com/JailtonJunior94/ai-spec-harness/internal/runtime/memory/store.go:150:			writeFile				80.0%
github.com/JailtonJunior94/ai-spec-harness/internal/runtime/memory/store.go:170:			ReadWorkflow				100.0%
github.com/JailtonJunior94/ai-spec-harness/internal/runtime/memory/store.go:175:			ReadTask				100.0%
github.com/JailtonJunior94/ai-spec-harness/internal/runtime/memory/store.go:180:			WriteWorkflow				66.7%
github.com/JailtonJunior94/ai-spec-harness/internal/runtime/memory/store.go:188:			WriteTask				66.7%
github.com/JailtonJunior94/ai-spec-harness/internal/runtime/memory/window_policy.go:31:			LimitsFor				100.0%
github.com/JailtonJunior94/ai-spec-harness/internal/runtime/memory/window_policy.go:37:			LimitsForWithOverride			100.0%
github.com/JailtonJunior94/ai-spec-harness/internal/runtime/memory/window_policy.go:61:			applyDefaultsToLimits			100.0%
github.com/JailtonJunior94/ai-spec-harness/internal/runtime/memory_metrics.go:22:			buildDurableMemoryMetrics		100.0%
github.com/JailtonJunior94/ai-spec-harness/internal/runtime/options.go:12:				WithClock				100.0%
github.com/JailtonJunior94/ai-spec-harness/internal/runtime/options.go:19:				WithProber				100.0%
github.com/JailtonJunior94/ai-spec-harness/internal/runtime/options.go:26:				WithClientFactory			100.0%
github.com/JailtonJunior94/ai-spec-harness/internal/runtime/options.go:33:				WithPersistenceFactory			100.0%
github.com/JailtonJunior94/ai-spec-harness/internal/runtime/options.go:40:				WithRenderer				100.0%
github.com/JailtonJunior94/ai-spec-harness/internal/runtime/options.go:48:				WithMCPServer				0.0%
github.com/JailtonJunior94/ai-spec-harness/internal/runtime/options.go:57:				WithReviewOutputFn			100.0%
github.com/JailtonJunior94/ai-spec-harness/internal/runtime/options.go:66:				WithHandshakeWaiterFactory		100.0%
github.com/JailtonJunior94/ai-spec-harness/internal/runtime/options.go:72:				WithPromptPostBuildTestHook		100.0%
github.com/JailtonJunior94/ai-spec-harness/internal/runtime/persistence/jsonl.go:28:			NewJSONLWriter				100.0%
github.com/JailtonJunior94/ai-spec-harness/internal/runtime/persistence/jsonl.go:47:			Append					95.2%
github.com/JailtonJunior94/ai-spec-harness/internal/runtime/persistence/r1_catalog.go:6:		NewCatalog				100.0%
github.com/JailtonJunior94/ai-spec-harness/internal/runtime/persistence/report.go:44:			EnrichReport				95.0%
github.com/JailtonJunior94/ai-spec-harness/internal/runtime/persistence/report.go:80:			RenderMetricsSection			100.0%
github.com/JailtonJunior94/ai-spec-harness/internal/runtime/persistence/report.go:97:			RenderClaudeMetricsSection		100.0%
github.com/JailtonJunior94/ai-spec-harness/internal/runtime/persistence/report.go:101:			RenderMemoryEvidenceSection		100.0%
github.com/JailtonJunior94/ai-spec-harness/internal/runtime/persistence/report.go:127:			formatLayerCounts			90.0%
github.com/JailtonJunior94/ai-spec-harness/internal/runtime/persistence/report.go:145:			injectMetricsSection			87.5%
github.com/JailtonJunior94/ai-spec-harness/internal/runtime/persistence/report.go:161:			renderSection				75.0%
github.com/JailtonJunior94/ai-spec-harness/internal/runtime/persistence/report.go:170:			injectSection				100.0%
github.com/JailtonJunior94/ai-spec-harness/internal/runtime/persistence/report.go:174:			injectBoundedSection			93.8%
github.com/JailtonJunior94/ai-spec-harness/internal/runtime/persistence/session.go:22:			NewSessionPersistence			0.0%
github.com/JailtonJunior94/ai-spec-harness/internal/runtime/persistence/session.go:36:			AppendEvent				0.0%
github.com/JailtonJunior94/ai-spec-harness/internal/runtime/persistence/session.go:41:			WriteToolCalls				0.0%
github.com/JailtonJunior94/ai-spec-harness/internal/runtime/persistence/session.go:47:			EnrichReport				0.0%
github.com/JailtonJunior94/ai-spec-harness/internal/runtime/persistence/session.go:60:			NewSessionPersistenceFactory		0.0%
github.com/JailtonJunior94/ai-spec-harness/internal/runtime/persistence/session.go:65:			New					0.0%
github.com/JailtonJunior94/ai-spec-harness/internal/runtime/persistence/toolcalls.go:15:		WriteToolCalls				100.0%
github.com/JailtonJunior94/ai-spec-harness/internal/runtime/persistence/toolcalls.go:30:		buildToolCallsContent			100.0%
github.com/JailtonJunior94/ai-spec-harness/internal/runtime/precondition/codex.go:34:			NewCodexAppServerClient			0.0%
github.com/JailtonJunior94/ai-spec-harness/internal/runtime/precondition/codex.go:46:			HooksList				0.0%
github.com/JailtonJunior94/ai-spec-harness/internal/runtime/precondition/codex.go:119:			sendCodexRPCRequest			0.0%
github.com/JailtonJunior94/ai-spec-harness/internal/runtime/precondition/codex.go:135:			readCodexRPCResponse			0.0%
github.com/JailtonJunior94/ai-spec-harness/internal/runtime/precondition/codex.go:152:			EvaluateCodexTrustedHash		100.0%
github.com/JailtonJunior94/ai-spec-harness/internal/runtime/precondition/copilot.go:21:			NewFileCopilotConfigReader		100.0%
github.com/JailtonJunior94/ai-spec-harness/internal/runtime/precondition/copilot.go:25:			ReadConfig				0.0%
github.com/JailtonJunior94/ai-spec-harness/internal/runtime/precondition/copilot.go:29:			DefaultCopilotConfigPath		0.0%
github.com/JailtonJunior94/ai-spec-harness/internal/runtime/precondition/copilot.go:37:			EvaluateCopilotTrustedFolder		89.7%
github.com/JailtonJunior94/ai-spec-harness/internal/runtime/precondition/copilot.go:74:			stripLineCommentsOutsideStrings		93.3%
github.com/JailtonJunior94/ai-spec-harness/internal/runtime/precondition/precondition.go:15:		Getenv					100.0%
github.com/JailtonJunior94/ai-spec-harness/internal/runtime/precondition/precondition.go:19:		EvaluateNoKillSwitch			100.0%
github.com/JailtonJunior94/ai-spec-harness/internal/runtime/precondition/precondition.go:28:		EvaluateHandshake			100.0%
github.com/JailtonJunior94/ai-spec-harness/internal/runtime/precondition/route.go:15:			Evaluate				65.0%
github.com/JailtonJunior94/ai-spec-harness/internal/runtime/probe/lookpath.go:17:			OsLookPather				0.0%
github.com/JailtonJunior94/ai-spec-harness/internal/runtime/probe/lookpath.go:21:			LookPath				0.0%
github.com/JailtonJunior94/ai-spec-harness/internal/runtime/probe/probe.go:19:				adrByID					100.0%
github.com/JailtonJunior94/ai-spec-harness/internal/runtime/probe/probe.go:30:				formatLauncherUnavailable		100.0%
github.com/JailtonJunior94/ai-spec-harness/internal/runtime/probe/probe.go:55:				EnsureAvailable				88.9%
github.com/JailtonJunior94/ai-spec-harness/internal/runtime/probe/probe.go:76:				resolve					100.0%
github.com/JailtonJunior94/ai-spec-harness/internal/runtime/probe/probe.go:105:				ResetCache				100.0%
github.com/JailtonJunior94/ai-spec-harness/internal/runtime/probe/r1_catalog.go:6:			NewCatalog				100.0%
github.com/JailtonJunior94/ai-spec-harness/internal/runtime/r1_catalog.go:6:				NewCatalog				100.0%
github.com/JailtonJunior94/ai-spec-harness/internal/runtime/render/human.go:20:				NewHumanRenderer			100.0%
github.com/JailtonJunior94/ai-spec-harness/internal/runtime/render/human.go:26:				Render					100.0%
github.com/JailtonJunior94/ai-spec-harness/internal/runtime/retry.go:23:				NewRetryClassifier			100.0%
github.com/JailtonJunior94/ai-spec-harness/internal/runtime/retry.go:36:				IsTransient				100.0%
github.com/JailtonJunior94/ai-spec-harness/internal/runtime/retry.go:57:				BackoffDuration				100.0%
github.com/JailtonJunior94/ai-spec-harness/internal/runtime/runner.go:73:				NewDefaultProber			100.0%
github.com/JailtonJunior94/ai-spec-harness/internal/runtime/runner.go:77:				EnsureAvailable				0.0%
github.com/JailtonJunior94/ai-spec-harness/internal/runtime/runner.go:107:				NewACPRunner				100.0%
github.com/JailtonJunior94/ai-spec-harness/internal/runtime/runner.go:138:				Run					95.9%
github.com/JailtonJunior94/ai-spec-harness/internal/runtime/runner.go:288:				createPersistence			66.7%
github.com/JailtonJunior94/ai-spec-harness/internal/runtime/runner.go:301:				buildArgv				100.0%
github.com/JailtonJunior94/ai-spec-harness/internal/runtime/runner.go:308:				emitRuntimeInit				100.0%
github.com/JailtonJunior94/ai-spec-harness/internal/runtime/runner.go:327:				dispatchPreOpenHooks			62.5%
github.com/JailtonJunior94/ai-spec-harness/internal/runtime/runner.go:356:				runEventLoop				100.0%
github.com/JailtonJunior94/ai-spec-harness/internal/runtime/runner.go:445:				buildSummary				100.0%
github.com/JailtonJunior94/ai-spec-harness/internal/runtime/runner.go:463:				persistSummary				75.0%
github.com/JailtonJunior94/ai-spec-harness/internal/runtime/runner.go:472:				emitUnknownWarnings			100.0%
github.com/JailtonJunior94/ai-spec-harness/internal/runtime/runner.go:481:				dispatchSessionPostEnd			100.0%
github.com/JailtonJunior94/ai-spec-harness/internal/runtime/runner.go:500:				mapRunError				100.0%
github.com/JailtonJunior94/ai-spec-harness/internal/runtime/runner.go:516:				prepareMemoryStore			100.0%
github.com/JailtonJunior94/ai-spec-harness/internal/runtime/runner.go:529:				prepareMemoryContext			100.0%
github.com/JailtonJunior94/ai-spec-harness/internal/runtime/runner.go:543:				injectMemoryContext			100.0%
github.com/JailtonJunior94/ai-spec-harness/internal/runtime/runner.go:581:				prepareHooksDispatcher			100.0%
github.com/JailtonJunior94/ai-spec-harness/internal/runtime/runner.go:633:				spawnMCPServer				8.8%
github.com/JailtonJunior94/ai-spec-harness/internal/runtime/runner.go:696:				normalizeEventInline			80.0%
github.com/JailtonJunior94/ai-spec-harness/internal/runtime/runner.go:728:				mapCancelReason				66.7%
github.com/JailtonJunior94/ai-spec-harness/internal/runtime/runner.go:748:				SetRenderer				100.0%
github.com/JailtonJunior94/ai-spec-harness/internal/runtime/runner.go:754:				InjectMemoryContextForTest		100.0%
github.com/JailtonJunior94/ai-spec-harness/internal/runtime/runner.go:761:				prepareDurableMemoryFacade		100.0%
github.com/JailtonJunior94/ai-spec-harness/internal/runtime/runner.go:769:				newSessionID				100.0%
github.com/JailtonJunior94/ai-spec-harness/internal/runtime/runner.go:773:				prepareDurableMemoryPromptContext	71.4%
github.com/JailtonJunior94/ai-spec-harness/internal/runtime/runner.go:788:				recordDurableMemorySession		88.9%
github.com/JailtonJunior94/ai-spec-harness/internal/runtime/runner.go:854:				dispatchDurableMemoryEvents		60.0%
github.com/JailtonJunior94/ai-spec-harness/internal/runtime/runner.go:909:				buildRuntimeInitRaw			100.0%
github.com/JailtonJunior94/ai-spec-harness/internal/runtime/runner.go:933:				performAutoReview			83.3%
github.com/JailtonJunior94/ai-spec-harness/internal/runtime/runner.go:944:				runApprovalCycle			85.4%
github.com/JailtonJunior94/ai-spec-harness/internal/runtime/runner.go:987:				buildCycleOutcome			100.0%
github.com/JailtonJunior94/ai-spec-harness/internal/runtime/runner.go:1010:				severityCounts				100.0%
github.com/JailtonJunior94/ai-spec-harness/internal/runtime/runner.go:1021:				criteriaFromTaskFile			80.0%
github.com/JailtonJunior94/ai-spec-harness/internal/runtime/runner_autoreview.go:49:			buildReviewPrompt			100.0%
github.com/JailtonJunior94/ai-spec-harness/internal/runtime/runner_autoreview.go:64:			parseReviewStatus			100.0%
github.com/JailtonJunior94/ai-spec-harness/internal/runtime/runner_autoreview.go:74:			extractHardIssues			100.0%
github.com/JailtonJunior94/ai-spec-harness/internal/runtime/runner_autoreview.go:89:			collectGitDiff				70.8%
github.com/JailtonJunior94/ai-spec-harness/internal/runtime/runner_autoreview.go:129:			runGitDiff				100.0%
github.com/JailtonJunior94/ai-spec-harness/internal/runtime/runner_autoreview.go:146:			runAutoReview				100.0%
github.com/JailtonJunior94/ai-spec-harness/internal/runtime/runner_autoreview.go:150:			runAutoReviewRound			97.3%
github.com/JailtonJunior94/ai-spec-harness/internal/runtime/runner_autoreview.go:200:			roundReviewEvidenceDir			100.0%
github.com/JailtonJunior94/ai-spec-harness/internal/runtime/runner_autoreview.go:204:			writeRoundReviewEvidence		81.8%
github.com/JailtonJunior94/ai-spec-harness/internal/runtime/runner_autoreview.go:220:			applyRoundReviewEnv			100.0%
github.com/JailtonJunior94/ai-spec-harness/internal/runtime/runner_autoreview.go:229:			applyPriorReviewSHA			100.0%
github.com/JailtonJunior94/ai-spec-harness/internal/runtime/runner_autoreview.go:246:			readReviewSkill				50.0%
github.com/JailtonJunior94/ai-spec-harness/internal/runtime/runner_autoreview.go:261:			spawnReviewSession			100.0%
github.com/JailtonJunior94/ai-spec-harness/internal/runtime/runner_autoreview.go:273:			translateReviewStatus			100.0%
github.com/JailtonJunior94/ai-spec-harness/internal/runtime/runner_autoreview.go:285:			AppendEvent				75.0%
github.com/JailtonJunior94/ai-spec-harness/internal/runtime/runner_autoreview.go:300:			WriteToolCalls				66.7%
github.com/JailtonJunior94/ai-spec-harness/internal/runtime/runner_autoreview.go:307:			EnrichReport				66.7%
github.com/JailtonJunior94/ai-spec-harness/internal/runtime/runner_autoreview.go:314:			String					100.0%
github.com/JailtonJunior94/ai-spec-harness/internal/runtime/runner_autoreview.go:323:			New					83.3%
github.com/JailtonJunior94/ai-spec-harness/internal/runtime/runner_autoreview.go:336:			mustReviewTimeout			100.0%
github.com/JailtonJunior94/ai-spec-harness/internal/runtime/runner_autoreview.go:343:			ParseReviewStatusForTest		100.0%
github.com/JailtonJunior94/ai-spec-harness/internal/runtime/runner_autoreview.go:349:			BuildReviewPromptForTest		100.0%
github.com/JailtonJunior94/ai-spec-harness/internal/runtime/runner_enforcement.go:19:			NewDefaultHandshakeWaiterFactory	100.0%
github.com/JailtonJunior94/ai-spec-harness/internal/runtime/runner_enforcement.go:23:			NewWaiter				0.0%
github.com/JailtonJunior94/ai-spec-harness/internal/runtime/runner_enforcement.go:35:			Wait					0.0%
github.com/JailtonJunior94/ai-spec-harness/internal/runtime/runner_enforcement.go:37:			Path					0.0%
github.com/JailtonJunior94/ai-spec-harness/internal/runtime/runner_enforcement.go:39:			applyEnforcement			96.4%
github.com/JailtonJunior94/ai-spec-harness/internal/runtime/specs/claude.go:34:				Claude					100.0%
github.com/JailtonJunior94/ai-spec-harness/internal/runtime/specs/codex.go:56:				Codex					100.0%
github.com/JailtonJunior94/ai-spec-harness/internal/runtime/specs/codex.go:90:				codexBootstrapArgs			100.0%
github.com/JailtonJunior94/ai-spec-harness/internal/runtime/specs/codex.go:114:				appendCodexOverrides			100.0%
github.com/JailtonJunior94/ai-spec-harness/internal/runtime/specs/copilot.go:37:			Copilot					100.0%
github.com/JailtonJunior94/ai-spec-harness/internal/runtime/specs/dispatch_proof.go:18:			DispatchProven				100.0%
github.com/JailtonJunior94/ai-spec-harness/internal/runtime/specs/driver.go:20:				ParseDriverID				100.0%
github.com/JailtonJunior94/ai-spec-harness/internal/runtime/specs/driver.go:30:				String					100.0%
github.com/JailtonJunior94/ai-spec-harness/internal/runtime/specs/enforcement.go:66:			CanonicalPoints				100.0%
github.com/JailtonJunior94/ai-spec-harness/internal/runtime/specs/enforcement.go:70:			ParseCanonicalPoint			100.0%
github.com/JailtonJunior94/ai-spec-harness/internal/runtime/specs/enforcement.go:83:			NewPointCoverage			57.1%
github.com/JailtonJunior94/ai-spec-harness/internal/runtime/specs/enforcement.go:96:			NewEnforcementPrecondition		100.0%
github.com/JailtonJunior94/ai-spec-harness/internal/runtime/specs/enforcement.go:106:			NewEnforcement				75.0%
github.com/JailtonJunior94/ai-spec-harness/internal/runtime/specs/enforcement.go:137:			Valid					100.0%
github.com/JailtonJunior94/ai-spec-harness/internal/runtime/specs/enforcement.go:141:			String					80.0%
github.com/JailtonJunior94/ai-spec-harness/internal/runtime/specs/enforcement.go:154:			String					0.0%
github.com/JailtonJunior94/ai-spec-harness/internal/runtime/specs/enforcement.go:169:			IsFailure				100.0%
github.com/JailtonJunior94/ai-spec-harness/internal/runtime/specs/enforcement.go:173:			String					80.0%
github.com/JailtonJunior94/ai-spec-harness/internal/runtime/specs/enforcement.go:186:			Point					100.0%
github.com/JailtonJunior94/ai-spec-harness/internal/runtime/specs/enforcement.go:188:			NativeKey				100.0%
github.com/JailtonJunior94/ai-spec-harness/internal/runtime/specs/enforcement.go:190:			ScriptPath				100.0%
github.com/JailtonJunior94/ai-spec-harness/internal/runtime/specs/enforcement.go:192:			Kind					0.0%
github.com/JailtonJunior94/ai-spec-harness/internal/runtime/specs/enforcement.go:194:			Remedy					100.0%
github.com/JailtonJunior94/ai-spec-harness/internal/runtime/specs/enforcement.go:196:			RequiresExec				100.0%
github.com/JailtonJunior94/ai-spec-harness/internal/runtime/specs/enforcement.go:198:			Valid					100.0%
github.com/JailtonJunior94/ai-spec-harness/internal/runtime/specs/enforcement.go:200:			Valid					100.0%
github.com/JailtonJunior94/ai-spec-harness/internal/runtime/specs/enforcement.go:202:			Coverage				100.0%
github.com/JailtonJunior94/ai-spec-harness/internal/runtime/specs/enforcement.go:204:			Preconditions				100.0%
github.com/JailtonJunior94/ai-spec-harness/internal/runtime/specs/enforcement.go:206:			CoverageFor				75.0%
github.com/JailtonJunior94/ai-spec-harness/internal/runtime/specs/envpolicy.go:12:			NewEnvPolicy				100.0%
github.com/JailtonJunior94/ai-spec-harness/internal/runtime/specs/envpolicy.go:16:			StripVars				100.0%
github.com/JailtonJunior94/ai-spec-harness/internal/runtime/specs/envpolicy.go:20:			IsZero					100.0%
github.com/JailtonJunior94/ai-spec-harness/internal/runtime/specs/envpolicy.go:24:			Apply					100.0%
github.com/JailtonJunior94/ai-spec-harness/internal/runtime/specs/launcher.go:20:			NewBinaryLauncher			100.0%
github.com/JailtonJunior94/ai-spec-harness/internal/runtime/specs/launcher.go:31:			NewNpxLauncher				100.0%
github.com/JailtonJunior94/ai-spec-harness/internal/runtime/specs/launcher.go:40:			Kind					100.0%
github.com/JailtonJunior94/ai-spec-harness/internal/runtime/specs/launcher.go:45:			Command					100.0%
github.com/JailtonJunior94/ai-spec-harness/internal/runtime/specs/opencode.go:40:			ValidatePermissionBlock			100.0%
github.com/JailtonJunior94/ai-spec-harness/internal/runtime/specs/opencode.go:62:			validatePermissionValue			100.0%
github.com/JailtonJunior94/ai-spec-harness/internal/runtime/specs/opencode.go:78:			DefaultOpenCodePermission		100.0%
github.com/JailtonJunior94/ai-spec-harness/internal/runtime/specs/opencode.go:88:			MergeOpenCodeConfig			83.3%
github.com/JailtonJunior94/ai-spec-harness/internal/runtime/specs/opencode.go:108:			OpenCode				100.0%
github.com/JailtonJunior94/ai-spec-harness/internal/runtime/specs/opencode.go:130:			openCodeBootstrapArgs			100.0%
github.com/JailtonJunior94/ai-spec-harness/internal/runtime/specs/opencode.go:153:			resolveOpenCodeWindow			100.0%
github.com/JailtonJunior94/ai-spec-harness/internal/runtime/specs/parity_gate.go:16:			String					0.0%
github.com/JailtonJunior94/ai-spec-harness/internal/runtime/specs/parity_gate.go:25:			ValidateParityMatrix			87.5%
github.com/JailtonJunior94/ai-spec-harness/internal/runtime/specs/r1_catalog.go:6:			NewCatalog				100.0%
github.com/JailtonJunior94/ai-spec-harness/internal/runtime/specs/registry.go:48:			NewAgentIdentity			100.0%
github.com/JailtonJunior94/ai-spec-harness/internal/runtime/specs/registry.go:58:			Registry				100.0%
github.com/JailtonJunior94/ai-spec-harness/internal/runtime/specs/registry.go:62:			CanonicalOrder				100.0%
github.com/JailtonJunior94/ai-spec-harness/internal/runtime/specs/registry.go:70:			AgentByID				100.0%
github.com/JailtonJunior94/ai-spec-harness/internal/runtime/specs/registry.go:79:			ACPSpecCatalog				88.9%
github.com/JailtonJunior94/ai-spec-harness/internal/runtime/specs/registry.go:92:			VerifyCatalogSync			0.0%
github.com/JailtonJunior94/ai-spec-harness/internal/runtime/specs/registry.go:109:			ResolveACPSpec				0.0%
github.com/JailtonJunior94/ai-spec-harness/internal/runtime/specs/registry.go:117:			SpecOf					83.3%
github.com/JailtonJunior94/ai-spec-harness/internal/runtime/specs/registry.go:132:			buildRegistry				100.0%
github.com/JailtonJunior94/ai-spec-harness/internal/runtime/specs/registry.go:170:			canonicalEnforcement			87.5%
github.com/JailtonJunior94/ai-spec-harness/internal/runtime/specs/registry.go:183:			mustCoverage				75.0%
github.com/JailtonJunior94/ai-spec-harness/internal/runtime/specs/registry.go:191:			mustPrecondition			75.0%
github.com/JailtonJunior94/ai-spec-harness/internal/runtime/specs/registry.go:199:			newAgent				100.0%
github.com/JailtonJunior94/ai-spec-harness/internal/runtime/specs/registry.go:210:			newAgentWithEnvPolicy			75.0%
github.com/JailtonJunior94/ai-spec-harness/internal/runtime/specs/registry.go:242:			ID					0.0%
github.com/JailtonJunior94/ai-spec-harness/internal/runtime/specs/registry.go:244:			DisplayName				100.0%
github.com/JailtonJunior94/ai-spec-harness/internal/runtime/specs/registry.go:246:			Valid					100.0%
github.com/JailtonJunior94/ai-spec-harness/internal/runtime/specs/registry.go:248:			String					100.0%
github.com/JailtonJunior94/ai-spec-harness/internal/runtime/specs/registry.go:250:			Command					100.0%
github.com/JailtonJunior94/ai-spec-harness/internal/runtime/specs/registry.go:252:			HomeDirs				100.0%
github.com/JailtonJunior94/ai-spec-harness/internal/runtime/specs/registry.go:254:			Identity				100.0%
github.com/JailtonJunior94/ai-spec-harness/internal/runtime/specs/registry.go:256:			ID					100.0%
github.com/JailtonJunior94/ai-spec-harness/internal/runtime/specs/registry.go:258:			SpecID					100.0%
github.com/JailtonJunior94/ai-spec-harness/internal/runtime/specs/registry.go:260:			Enforcement				100.0%
github.com/JailtonJunior94/ai-spec-harness/internal/runtime/specs/registry.go:262:			Signals					100.0%
github.com/JailtonJunior94/ai-spec-harness/internal/runtime/specs/registry.go:264:			InheritsEnv				100.0%
github.com/JailtonJunior94/ai-spec-harness/internal/runtime/specs/registry.go:266:			EnvPolicy				100.0%
github.com/JailtonJunior94/ai-spec-harness/internal/runtime/specs/registry.go:268:			RequiresHandshake			100.0%
github.com/JailtonJunior94/ai-spec-harness/internal/runtime/specs/registry.go:277:			ADRPath					100.0%
github.com/JailtonJunior94/ai-spec-harness/internal/runtime/specs/registry.go:279:			StandardBudget				100.0%
github.com/JailtonJunior94/ai-spec-harness/internal/runtime/specs/registry.go:281:			LargeBudget				100.0%
github.com/JailtonJunior94/ai-spec-harness/internal/runtime/specs/registry.go:283:			Valid					100.0%
github.com/JailtonJunior94/ai-spec-harness/internal/runtime/specs/registry.go:285:			Equal					83.3%
github.com/JailtonJunior94/ai-spec-harness/internal/runtime/specs/spec.go:57:				DriverID				100.0%
github.com/JailtonJunior94/ai-spec-harness/internal/runtime/specs/spec.go:64:				ContextWindow				100.0%
github.com/JailtonJunior94/ai-spec-harness/internal/runtime/specs/spec.go:66:				ResolveWindow				100.0%
github.com/JailtonJunior94/ai-spec-harness/internal/runtime/specs/spec.go:74:				SDKVersion				100.0%
github.com/JailtonJunior94/ai-spec-harness/internal/runtime/specs/spec.go:77:				NPMVersion				100.0%
github.com/JailtonJunior94/ai-spec-harness/internal/runtime/specs/spec.go:80:				NPMPackage				100.0%
github.com/JailtonJunior94/ai-spec-harness/internal/runtime/specs/spec.go:85:				BootstrapArgs				100.0%
github.com/JailtonJunior94/ai-spec-harness/internal/runtime/specs/spec.go:94:				ValidateFixedArgsFormat			100.0%
github.com/JailtonJunior94/ai-spec-harness/internal/runtime/specs/spec.go:112:				ValidateFallbackFixedArgsFormat		90.0%
github.com/JailtonJunior94/ai-spec-harness/internal/runtime/specs/spec.go:129:				validateFallbacksFormat			100.0%
github.com/JailtonJunior94/ai-spec-harness/internal/runtime/specs/spec.go:139:				newSpec					100.0%
github.com/JailtonJunior94/ai-spec-harness/internal/runtime/specs/spec.go:165:				newSpecWithBootstrap			100.0%
github.com/JailtonJunior94/ai-spec-harness/internal/runtime/specs/window.go:33:				Class					100.0%
github.com/JailtonJunior94/ai-spec-harness/internal/runtime/types.go:46:				ApplyDefaults				100.0%
github.com/JailtonJunior94/ai-spec-harness/internal/runtime/watchdog.go:47:				NewActivityWatchdog			100.0%
github.com/JailtonJunior94/ai-spec-harness/internal/runtime/watchdog.go:63:				Touch					100.0%
github.com/JailtonJunior94/ai-spec-harness/internal/runtime/watchdog.go:71:				Start					100.0%
github.com/JailtonJunior94/ai-spec-harness/internal/runtime/watchdog.go:113:				Stop					100.0%
github.com/JailtonJunior94/ai-spec-harness/internal/runtime/watchdog.go:120:				tickerInterval				100.0%
github.com/JailtonJunior94/ai-spec-harness/internal/scaffold/scaffold.go:18:				NewService				100.0%
github.com/JailtonJunior94/ai-spec-harness/internal/scaffold/scaffold.go:23:				Execute					94.0%
github.com/JailtonJunior94/ai-spec-harness/internal/scaffold/scaffold.go:124:				titleCase				100.0%
github.com/JailtonJunior94/ai-spec-harness/internal/sdd/result_schema.go:52:				NewResultValidator			100.0%
github.com/JailtonJunior94/ai-spec-harness/internal/sdd/result_schema.go:57:				ValidateExecutionJSON			81.8%
github.com/JailtonJunior94/ai-spec-harness/internal/sdd/result_schema.go:79:				ValidateCheckpointJSON			75.0%
github.com/JailtonJunior94/ai-spec-harness/internal/sdd/result_schema.go:88:				ValidateReviewJSON			62.5%
github.com/JailtonJunior94/ai-spec-harness/internal/sdd/result_schema.go:102:				validateEvidencePaths			85.7%
github.com/JailtonJunior94/ai-spec-harness/internal/sdd/result_schema.go:116:				validateEvidencePath			87.5%
github.com/JailtonJunior94/ai-spec-harness/internal/sdd/result_schema.go:133:				validateJSON				77.8%
github.com/JailtonJunior94/ai-spec-harness/internal/sdd/result_schema.go:148:				compileSchema				70.0%
github.com/JailtonJunior94/ai-spec-harness/internal/sdd/result_schema.go:164:				formatSchemaError			66.7%
github.com/JailtonJunior94/ai-spec-harness/internal/sdd/state.go:147:					NewStore				100.0%
github.com/JailtonJunior94/ai-spec-harness/internal/sdd/state.go:151:					StatePath				100.0%
github.com/JailtonJunior94/ai-spec-harness/internal/sdd/state.go:155:					Load					66.7%
github.com/JailtonJunior94/ai-spec-harness/internal/sdd/state.go:170:					Initialize				80.0%
github.com/JailtonJunior94/ai-spec-harness/internal/sdd/state.go:195:					Migrate					75.8%
github.com/JailtonJunior94/ai-spec-harness/internal/sdd/state.go:251:					RollbackMigration			75.0%
github.com/JailtonJunior94/ai-spec-harness/internal/sdd/state.go:271:					writeExclusive				66.7%
github.com/JailtonJunior94/ai-spec-harness/internal/sdd/state.go:286:					Save					61.5%
github.com/JailtonJunior94/ai-spec-harness/internal/sdd/state.go:324:					Approve					82.6%
github.com/JailtonJunior94/ai-spec-harness/internal/sdd/state.go:357:					Invalidate				82.4%
github.com/JailtonJunior94/ai-spec-harness/internal/sdd/state.go:382:					Validate				73.9%
github.com/JailtonJunior94/ai-spec-harness/internal/sdd/state.go:422:					ValidateDirectory			66.7%
github.com/JailtonJunior94/ai-spec-harness/internal/sdd/state.go:464:					ValidateExecutionResult			61.9%
github.com/JailtonJunior94/ai-spec-harness/internal/sdd/state.go:499:					populateOperationalModel		88.9%
github.com/JailtonJunior94/ai-spec-harness/internal/sdd/state.go:555:					importTaskCheckpoint			75.6%
github.com/JailtonJunior94/ai-spec-harness/internal/sdd/state.go:620:					compareOperationalModel			71.4%
github.com/JailtonJunior94/ai-spec-harness/internal/sdd/state.go:646:					importedTaskStatus			42.9%
github.com/JailtonJunior94/ai-spec-harness/internal/sdd/state.go:663:					resolveContainedFile			68.8%
github.com/JailtonJunior94/ai-spec-harness/internal/sdd/state.go:687:					evidenceRoot				80.0%
github.com/JailtonJunior94/ai-spec-harness/internal/sdd/state.go:704:					artifactPath				80.0%
github.com/JailtonJunior94/ai-spec-harness/internal/sdd/state.go:717:					validateApproval			84.0%
github.com/JailtonJunior94/ai-spec-harness/internal/sdd/state.go:760:					digestFile				75.0%
github.com/JailtonJunior94/ai-spec-harness/internal/sdd/state.go:769:					DigestFile				0.0%
github.com/JailtonJunior94/ai-spec-harness/internal/sdd/state.go:773:					downstream				75.0%
github.com/JailtonJunior94/ai-spec-harness/internal/sdd/state.go:784:					prerequisites				100.0%
github.com/JailtonJunior94/ai-spec-harness/internal/sdd/state.go:795:					validStatus				66.7%
github.com/JailtonJunior94/ai-spec-harness/internal/sdd/state.go:804:					validDigest				75.0%
github.com/JailtonJunior94/ai-spec-harness/internal/sdd/state.go:812:					validBaseSHA				100.0%
github.com/JailtonJunior94/ai-spec-harness/internal/sdd/tasks/parser.go:42:				NewParser				100.0%
github.com/JailtonJunior94/ai-spec-harness/internal/sdd/tasks/parser.go:47:				Parse					100.0%
github.com/JailtonJunior94/ai-spec-harness/internal/sdd/tasks/parser.go:52:				ParseAt					92.3%
github.com/JailtonJunior94/ai-spec-harness/internal/sdd/tasks/parser.go:72:				parseRequirements			85.7%
github.com/JailtonJunior94/ai-spec-harness/internal/sdd/tasks/parser.go:102:				parseTasks				90.7%
github.com/JailtonJunior94/ai-spec-harness/internal/sdd/tasks/parser.go:153:				firstTable				100.0%
github.com/JailtonJunior94/ai-spec-harness/internal/sdd/tasks/parser.go:171:				parseCoverage				72.7%
github.com/JailtonJunior94/ai-spec-harness/internal/sdd/tasks/parser.go:203:				validate				87.0%
github.com/JailtonJunior94/ai-spec-harness/internal/sdd/tasks/parser.go:239:				validateDependencies			93.9%
github.com/JailtonJunior94/ai-spec-harness/internal/sdd/tasks/parser.go:302:				validateCrossDependency			100.0%
github.com/JailtonJunior94/ai-spec-harness/internal/sdd/tasks/parser.go:308:				validateExternalTask			75.0%
github.com/JailtonJunior94/ai-spec-harness/internal/sdd/tasks/parser.go:360:				validateOwnership			100.0%
github.com/JailtonJunior94/ai-spec-harness/internal/sdd/tasks/parser.go:382:				overlaps				100.0%
github.com/JailtonJunior94/ai-spec-harness/internal/sdd/tasks/parser.go:386:				section					100.0%
github.com/JailtonJunior94/ai-spec-harness/internal/sdd/tasks/parser.go:406:				table					100.0%
github.com/JailtonJunior94/ai-spec-harness/internal/sdd/tasks/parser.go:417:				headers					100.0%
github.com/JailtonJunior94/ai-spec-harness/internal/sdd/tasks/parser.go:426:				columns					75.0%
github.com/JailtonJunior94/ai-spec-harness/internal/sdd/tasks/parser.go:434:				column					75.0%
github.com/JailtonJunior94/ai-spec-harness/internal/sdd/tasks/parser.go:443:				references				100.0%
github.com/JailtonJunior94/ai-spec-harness/internal/sdd/tasks/parser.go:458:				parallel				100.0%
github.com/JailtonJunior94/ai-spec-harness/internal/semver/semver.go:27:				NewService				100.0%
github.com/JailtonJunior94/ai-spec-harness/internal/semver/semver.go:54:				FindLastTag				100.0%
github.com/JailtonJunior94/ai-spec-harness/internal/semver/semver.go:73:				ParseConventionalCommits		83.3%
github.com/JailtonJunior94/ai-spec-harness/internal/semver/semver.go:104:				getCommitBody				80.0%
github.com/JailtonJunior94/ai-spec-harness/internal/semver/semver.go:113:				parseCommit				90.0%
github.com/JailtonJunior94/ai-spec-harness/internal/semver/semver.go:143:				DetermineBump				100.0%
github.com/JailtonJunior94/ai-spec-harness/internal/semver/semver.go:154:				bumpForCommit				100.0%
github.com/JailtonJunior94/ai-spec-harness/internal/semver/semver.go:167:				bumpRank				100.0%
github.com/JailtonJunior94/ai-spec-harness/internal/semver/semver.go:181:				ComputeNext				94.7%
github.com/JailtonJunior94/ai-spec-harness/internal/semver/semver.go:206:				readVersionFile				42.9%
github.com/JailtonJunior94/ai-spec-harness/internal/semver/semver.go:219:				Evaluate				97.6%
github.com/JailtonJunior94/ai-spec-harness/internal/skillbump/diff.go:14:				ChangedSkills				89.5%
github.com/JailtonJunior94/ai-spec-harness/internal/skillbump/diff.go:44:				CommitsForSkill				75.0%
github.com/JailtonJunior94/ai-spec-harness/internal/skillbump/diff.go:78:				readSkillFileAtRef			83.3%
github.com/JailtonJunior94/ai-spec-harness/internal/skillbump/diff.go:89:				parseCommit				80.0%
github.com/JailtonJunior94/ai-spec-harness/internal/skillbump/diff.go:127:				readCommitBody				80.0%
github.com/JailtonJunior94/ai-spec-harness/internal/skillbump/diff.go:136:				extractSkillName			78.6%
github.com/JailtonJunior94/ai-spec-harness/internal/skillbump/frontmatter.go:15:			UpdateFrontmatterVersion		83.3%
github.com/JailtonJunior94/ai-spec-harness/internal/skillbump/frontmatter.go:35:			joinFrontmatter				100.0%
github.com/JailtonJunior94/ai-spec-harness/internal/skillbump/frontmatter.go:43:			frontmatterBodyRange			81.8%
github.com/JailtonJunior94/ai-spec-harness/internal/skillbump/frontmatter.go:64:			validateFrontmatter			88.9%
github.com/JailtonJunior94/ai-spec-harness/internal/skillbump/frontmatter.go:81:			readLine				69.2%
github.com/JailtonJunior94/ai-spec-harness/internal/skillbump/r1_receiver.go:6:				NewPlanner				100.0%
github.com/JailtonJunior94/ai-spec-harness/internal/skillbump/skillbump.go:37:				NewService				100.0%
github.com/JailtonJunior94/ai-spec-harness/internal/skillbump/skillbump.go:42:				Execute					80.6%
github.com/JailtonJunior94/ai-spec-harness/internal/skillbump/skillbump.go:91:				bumpSkill				82.4%
github.com/JailtonJunior94/ai-spec-harness/internal/skillbump/skillbump.go:154:				plannedBump				100.0%
github.com/JailtonJunior94/ai-spec-harness/internal/skillbump/skillbump.go:161:				describeReason				50.0%
github.com/JailtonJunior94/ai-spec-harness/internal/skillbump/skillbump.go:173:				commitMatchesBump			60.0%
github.com/JailtonJunior94/ai-spec-harness/internal/skillbump/skillbump.go:186:				findLastTag				90.9%
github.com/JailtonJunior94/ai-spec-harness/internal/skills/catalog.go:6:				NewCatalog				100.0%
github.com/JailtonJunior94/ai-spec-harness/internal/skills/complexity.go:53:				ParseComplexity				100.0%
github.com/JailtonJunior94/ai-spec-harness/internal/skills/complexity.go:64:				Classify				100.0%
github.com/JailtonJunior94/ai-spec-harness/internal/skills/complexity.go:88:				ReferencesForComplexity			100.0%
github.com/JailtonJunior94/ai-spec-harness/internal/skills/frontmatter.go:28:				ParseFrontmatterFields			97.8%
github.com/JailtonJunior94/ai-spec-harness/internal/skills/frontmatter.go:87:				ParseFrontmatter			100.0%
github.com/JailtonJunior94/ai-spec-harness/internal/skills/frontmatter.go:112:				ParseFrontmatterName			0.0%
github.com/JailtonJunior94/ai-spec-harness/internal/skills/frontmatter.go:117:				SemverGreater				92.3%
github.com/JailtonJunior94/ai-spec-harness/internal/skills/frontmatter.go:135:				parseSemver				89.5%
github.com/JailtonJunior94/ai-spec-harness/internal/skills/frontmatter.go:162:				ValidateFrontmatter			100.0%
github.com/JailtonJunior94/ai-spec-harness/internal/skills/frontmatter.go:197:				hasFrontmatterBlock			100.0%
github.com/JailtonJunior94/ai-spec-harness/internal/skills/frontmatter.go:211:				IsValidSemver				100.0%
github.com/JailtonJunior94/ai-spec-harness/internal/skills/frontmatter.go:236:				isValidPrerelease			88.9%
github.com/JailtonJunior94/ai-spec-harness/internal/skills/frontmatter.go:260:				parseDependsOn				92.9%
github.com/JailtonJunior94/ai-spec-harness/internal/skills/schema.go:52:				ValidateFrontmatterSchema		85.0%
github.com/JailtonJunior94/ai-spec-harness/internal/skills/schema.go:80:				toFrontmatterDoc			90.0%
github.com/JailtonJunior94/ai-spec-harness/internal/skills/schema.go:100:				formatFrontmatterError			33.3%
github.com/JailtonJunior94/ai-spec-harness/internal/skills/schema.go:115:				asSchemaValidationError			75.0%
github.com/JailtonJunior94/ai-spec-harness/internal/skills/skills.go:31:				Error					100.0%
github.com/JailtonJunior94/ai-spec-harness/internal/skills/skills.go:47:				canonicalTools				100.0%
github.com/JailtonJunior94/ai-spec-harness/internal/skills/skills.go:56:				ParseTool				100.0%
github.com/JailtonJunior94/ai-spec-harness/internal/skills/skills.go:67:				ResolveTool				100.0%
github.com/JailtonJunior94/ai-spec-harness/internal/skills/skills.go:93:				ParseLang				100.0%
github.com/JailtonJunior94/ai-spec-harness/internal/skills/skills.go:109:				ParseLinkMode				0.0%
github.com/JailtonJunior94/ai-spec-harness/internal/skills/skills.go:147:				LangSkills				87.5%
github.com/JailtonJunior94/ai-spec-harness/internal/skills/skills.go:165:				AllSkills				100.0%
github.com/JailtonJunior94/ai-spec-harness/internal/skillscheck/skillscheck.go:63:			NewService				100.0%
github.com/JailtonJunior94/ai-spec-harness/internal/skillscheck/skillscheck.go:68:			Check					92.6%
github.com/JailtonJunior94/ai-spec-harness/internal/skillscheck/skillscheck.go:114:			hashOf					100.0%
github.com/JailtonJunior94/ai-spec-harness/internal/skillscheck/skillscheck.go:131:			Verify					90.0%
github.com/JailtonJunior94/ai-spec-harness/internal/skillscheck/skillscheck.go:152:			classifyDrift				90.9%
github.com/JailtonJunior94/ai-spec-harness/internal/skillscheck/skillscheck.go:172:			parseMajor				75.0%
github.com/JailtonJunior94/ai-spec-harness/internal/specdigest/specdigest.go:24:			Canonical				100.0%
github.com/JailtonJunior94/ai-spec-harness/internal/specdigest/specdigest.go:32:			Normalize				100.0%
github.com/JailtonJunior94/ai-spec-harness/internal/specdrift/r1_catalog.go:6:				NewCatalog				100.0%
github.com/JailtonJunior94/ai-spec-harness/internal/specdrift/specdrift.go:42:				CheckCoverage				100.0%
github.com/JailtonJunior94/ai-spec-harness/internal/specdrift/specdrift.go:72:				CheckStructuralCoverage			100.0%
github.com/JailtonJunior94/ai-spec-harness/internal/specdrift/specdrift.go:80:				coverageTableContent			93.3%
github.com/JailtonJunior94/ai-spec-harness/internal/specdrift/specdrift.go:105:				CheckHash				100.0%
github.com/JailtonJunior94/ai-spec-harness/internal/specdrift/specdrift.go:136:				CheckTechspecPRDConsistency		100.0%
github.com/JailtonJunior94/ai-spec-harness/internal/specdrift/specdrift.go:162:				CheckDrift				100.0%
github.com/JailtonJunior94/ai-spec-harness/internal/specdrift/sync.go:19:				SyncSpecHash				97.2%
github.com/JailtonJunior94/ai-spec-harness/internal/specdrift/sync.go:63:				guardApprovedState			22.2%
github.com/JailtonJunior94/ai-spec-harness/internal/taskcriteria/extract.go:5:				Extract					100.0%
github.com/JailtonJunior94/ai-spec-harness/internal/taskcriteria/extract.go:9:				Pending					100.0%
github.com/JailtonJunior94/ai-spec-harness/internal/taskcriteria/extract.go:13:				collect					100.0%
github.com/JailtonJunior94/ai-spec-harness/internal/taskcriteria/extract.go:45:				parseChecklistItem			90.9%
github.com/JailtonJunior94/ai-spec-harness/internal/taskcriteria/extract.go:65:				isAcceptanceSection			100.0%
github.com/JailtonJunior94/ai-spec-harness/internal/taskloop/acceptance.go:47:				NewAcceptanceGate			100.0%
github.com/JailtonJunior94/ai-spec-harness/internal/taskloop/acceptance.go:52:				Verify					98.7%
github.com/JailtonJunior94/ai-spec-harness/internal/taskloop/acceptance.go:96:				parseCriteriaFromTaskFile		100.0%
github.com/JailtonJunior94/ai-spec-harness/internal/taskloop/acpinvoker.go:66:				WithACPInvokerReasoningEffort		0.0%
github.com/JailtonJunior94/ai-spec-harness/internal/taskloop/acpinvoker.go:72:				WithACPInvokerAccessMode		0.0%
github.com/JailtonJunior94/ai-spec-harness/internal/taskloop/acpinvoker.go:78:				WithACPInvokerAddDirs			0.0%
github.com/JailtonJunior94/ai-spec-harness/internal/taskloop/acpinvoker.go:84:				WithACPInvokerMCPNested			0.0%
github.com/JailtonJunior94/ai-spec-harness/internal/taskloop/acpinvoker.go:90:				WithACPInvokerNoNormalize		0.0%
github.com/JailtonJunior94/ai-spec-harness/internal/taskloop/acpinvoker.go:96:				WithACPInvokerMemoryLimitLines		0.0%
github.com/JailtonJunior94/ai-spec-harness/internal/taskloop/acpinvoker.go:105:				WithACPInvokerMemoryLimitBytes		0.0%
github.com/JailtonJunior94/ai-spec-harness/internal/taskloop/acpinvoker.go:114:				WithACPInvokerMemoryLimitsExplicit	0.0%
github.com/JailtonJunior94/ai-spec-harness/internal/taskloop/acpinvoker.go:120:				WithACPInvokerDisableHooks		0.0%
github.com/JailtonJunior94/ai-spec-harness/internal/taskloop/acpinvoker.go:126:				WithACPInvokerTasksDir			100.0%
github.com/JailtonJunior94/ai-spec-harness/internal/taskloop/acpinvoker.go:132:				WithACPInvokerAutoReview		0.0%
github.com/JailtonJunior94/ai-spec-harness/internal/taskloop/acpinvoker.go:136:				WithACPInvokerMaxBugfixIterations	0.0%
github.com/JailtonJunior94/ai-spec-harness/internal/taskloop/acpinvoker.go:142:				WithACPInvokerDurableMemory		0.0%
github.com/JailtonJunior94/ai-spec-harness/internal/taskloop/acpinvoker.go:149:				WithACPInvokerHandoffLeaseTTL		0.0%
github.com/JailtonJunior94/ai-spec-harness/internal/taskloop/acpinvoker.go:156:				WithACPInvokerSkipDriftGuard		100.0%
github.com/JailtonJunior94/ai-spec-harness/internal/taskloop/acpinvoker.go:163:				WithACPInvokerMaxRetries		100.0%
github.com/JailtonJunior94/ai-spec-harness/internal/taskloop/acpinvoker.go:170:				WithACPInvokerRetryBackoffMultiplier	100.0%
github.com/JailtonJunior94/ai-spec-harness/internal/taskloop/acpinvoker.go:176:				WithACPInvokerRetryBaseDelay		100.0%
github.com/JailtonJunior94/ai-spec-harness/internal/taskloop/acpinvoker.go:182:				WithACPInvokerRetryClassifier		100.0%
github.com/JailtonJunior94/ai-spec-harness/internal/taskloop/acpinvoker.go:189:				acpInvokerSleepFnOption			100.0%
github.com/JailtonJunior94/ai-spec-harness/internal/taskloop/acpinvoker.go:196:				NewACPInvoker				100.0%
github.com/JailtonJunior94/ai-spec-harness/internal/taskloop/acpinvoker.go:214:				defaultSleepFn				0.0%
github.com/JailtonJunior94/ai-spec-harness/internal/taskloop/acpinvoker.go:227:				BinaryName				100.0%
github.com/JailtonJunior94/ai-spec-harness/internal/taskloop/acpinvoker.go:234:				Invoke					93.2%
github.com/JailtonJunior94/ai-spec-harness/internal/taskloop/acpinvoker.go:321:				SetLiveOutput				100.0%
github.com/JailtonJunior94/ai-spec-harness/internal/taskloop/acpinvoker.go:332:				MapExitCode				100.0%
github.com/JailtonJunior94/ai-spec-harness/internal/taskloop/acpinvoker.go:343:				deriveEvidenceDir			87.5%
github.com/JailtonJunior94/ai-spec-harness/internal/taskloop/agent.go:29:				NewAgentInvoker				100.0%
github.com/JailtonJunior94/ai-spec-harness/internal/taskloop/agent.go:50:				CheckAgentBinary			0.0%
github.com/JailtonJunior94/ai-spec-harness/internal/taskloop/agent.go:89:				BuildPromptContext			100.0%
github.com/JailtonJunior94/ai-spec-harness/internal/taskloop/agent.go:116:				extractArchitecture			94.4%
github.com/JailtonJunior94/ai-spec-harness/internal/taskloop/agent.go:151:				detectReferences			94.7%
github.com/JailtonJunior94/ai-spec-harness/internal/taskloop/agent.go:180:				containsAnyPattern			100.0%
github.com/JailtonJunior94/ai-spec-harness/internal/taskloop/agent.go:193:				BuildPrompt				81.8%
github.com/JailtonJunior94/ai-spec-harness/internal/taskloop/agent.go:225:				isAuthError				100.0%
github.com/JailtonJunior94/ai-spec-harness/internal/taskloop/agent.go:246:				authGuidance				100.0%
github.com/JailtonJunior94/ai-spec-harness/internal/taskloop/agent.go:264:				warnClaudeAuth				77.8%
github.com/JailtonJunior94/ai-spec-harness/internal/taskloop/agent.go:280:				cleanEnv				100.0%
github.com/JailtonJunior94/ai-spec-harness/internal/taskloop/agent.go:302:				BinaryName				66.7%
github.com/JailtonJunior94/ai-spec-harness/internal/taskloop/agent.go:309:				SetLiveOutput				0.0%
github.com/JailtonJunior94/ai-spec-harness/internal/taskloop/agent.go:311:				Invoke					90.0%
github.com/JailtonJunior94/ai-spec-harness/internal/taskloop/agent.go:349:				BinaryName				100.0%
github.com/JailtonJunior94/ai-spec-harness/internal/taskloop/agent.go:351:				SetLiveOutput				0.0%
github.com/JailtonJunior94/ai-spec-harness/internal/taskloop/agent.go:353:				Invoke					100.0%
github.com/JailtonJunior94/ai-spec-harness/internal/taskloop/agent.go:384:				BinaryName				100.0%
github.com/JailtonJunior94/ai-spec-harness/internal/taskloop/agent.go:386:				SetLiveOutput				0.0%
github.com/JailtonJunior94/ai-spec-harness/internal/taskloop/agent.go:388:				Invoke					100.0%
github.com/JailtonJunior94/ai-spec-harness/internal/taskloop/agent_livewriter.go:17:			Write					100.0%
github.com/JailtonJunior94/ai-spec-harness/internal/taskloop/agent_unix.go:14:				runCmd					88.2%
github.com/JailtonJunior94/ai-spec-harness/internal/taskloop/approval_adapters.go:32:			newReviewerPort				100.0%
github.com/JailtonJunior94/ai-spec-harness/internal/taskloop/approval_adapters.go:36:			Review					70.0%
github.com/JailtonJunior94/ai-spec-harness/internal/taskloop/approval_adapters.go:61:			newPrimedReviewerPort			100.0%
github.com/JailtonJunior94/ai-spec-harness/internal/taskloop/approval_adapters.go:65:			Review					84.6%
github.com/JailtonJunior94/ai-spec-harness/internal/taskloop/approval_adapters.go:82:			parityCriteriaMap			78.6%
github.com/JailtonJunior94/ai-spec-harness/internal/taskloop/approval_adapters.go:108:			translateReviewFindings			90.0%
github.com/JailtonJunior94/ai-spec-harness/internal/taskloop/approval_adapters.go:125:			translateSeverity			75.0%
github.com/JailtonJunior94/ai-spec-harness/internal/taskloop/approval_adapters.go:140:			newBugfixEvidenceRecorder		100.0%
github.com/JailtonJunior94/ai-spec-harness/internal/taskloop/approval_adapters.go:144:			record					100.0%
github.com/JailtonJunior94/ai-spec-harness/internal/taskloop/approval_adapters.go:148:			Entries					100.0%
github.com/JailtonJunior94/ai-spec-harness/internal/taskloop/approval_adapters.go:157:			newFixerPort				100.0%
github.com/JailtonJunior94/ai-spec-harness/internal/taskloop/approval_adapters.go:161:			Fix					92.9%
github.com/JailtonJunior94/ai-spec-harness/internal/taskloop/approval_adapters.go:178:			reverseFindings				100.0%
github.com/JailtonJunior94/ai-spec-harness/internal/taskloop/approval_adapters.go:182:			reverseApprovalFindings			100.0%
github.com/JailtonJunior94/ai-spec-harness/internal/taskloop/approval_adapters.go:194:			reverseVerdict				100.0%
github.com/JailtonJunior94/ai-spec-harness/internal/taskloop/approval_adapters.go:198:			reverseSeverity				75.0%
github.com/JailtonJunior94/ai-spec-harness/internal/taskloop/approval_adapters.go:214:			newRepositoryPort			100.0%
github.com/JailtonJunior94/ai-spec-harness/internal/taskloop/approval_adapters.go:218:			Checkpoint				100.0%
github.com/JailtonJunior94/ai-spec-harness/internal/taskloop/approval_adapters.go:226:			contentCheckpoint			80.0%
github.com/JailtonJunior94/ai-spec-harness/internal/taskloop/approval_adapters.go:235:			FullTarget				100.0%
github.com/JailtonJunior94/ai-spec-harness/internal/taskloop/approval_adapters.go:239:			Delta					100.0%
github.com/JailtonJunior94/ai-spec-harness/internal/taskloop/approval_adapters.go:243:			captureTarget				75.0%
github.com/JailtonJunior94/ai-spec-harness/internal/taskloop/approval_cycle.go:21:			ReviewConsolidated			83.3%
github.com/JailtonJunior94/ai-spec-harness/internal/taskloop/approval_cycle.go:40:			InvokeBugfix				88.2%
github.com/JailtonJunior94/ai-spec-harness/internal/taskloop/approval_cycle.go:59:			formatCycleFindings			70.0%
github.com/JailtonJunior94/ai-spec-harness/internal/taskloop/approval_cycle.go:79:			CaptureDiff				100.0%
github.com/JailtonJunior94/ai-spec-harness/internal/taskloop/approval_cycle.go:83:			acceptanceCriteriaFromTaskFile		83.3%
github.com/JailtonJunior94/ai-spec-harness/internal/taskloop/approval_cycle.go:101:			acceptanceCriteriaUnion			78.9%
github.com/JailtonJunior94/ai-spec-harness/internal/taskloop/approval_cycle.go:129:			runLoopAgentIdentity			66.7%
github.com/JailtonJunior94/ai-spec-harness/internal/taskloop/approval_cycle.go:136:			runLoopBugfixMaxIterations		100.0%
github.com/JailtonJunior94/ai-spec-harness/internal/taskloop/approval_cycle.go:143:			cycleApprovalPolicy			100.0%
github.com/JailtonJunior94/ai-spec-harness/internal/taskloop/approval_cycle.go:150:			runRejectedCycle			83.3%
github.com/JailtonJunior94/ai-spec-harness/internal/taskloop/approval_cycle.go:185:			cycleAgentIdentity			80.0%
github.com/JailtonJunior94/ai-spec-harness/internal/taskloop/approval_cycle.go:195:			bugfixResultFromCycle			60.0%
github.com/JailtonJunior94/ai-spec-harness/internal/taskloop/approval_cycle.go:213:			conductApprovalCycle			85.5%
github.com/JailtonJunior94/ai-spec-harness/internal/taskloop/bugfix.go:67:				NewBugfixLoop				100.0%
github.com/JailtonJunior94/ai-spec-harness/internal/taskloop/bugfix.go:85:				Run					98.0%
github.com/JailtonJunior94/ai-spec-harness/internal/taskloop/bugfix.go:160:				bugfixAttemptsFromCycle			87.5%
github.com/JailtonJunior94/ai-spec-harness/internal/taskloop/bugfix.go:193:				finalReviewFromCycleResult		87.5%
github.com/JailtonJunior94/ai-spec-harness/internal/taskloop/bugfix.go:212:				extractBugfixEvidence			100.0%
github.com/JailtonJunior94/ai-spec-harness/internal/taskloop/bugfix.go:223:				findEvidenceValue			100.0%
github.com/JailtonJunior94/ai-spec-harness/internal/taskloop/bugfix.go:239:				formatBugfixOrigin			100.0%
github.com/JailtonJunior94/ai-spec-harness/internal/taskloop/bugfix.go:257:				splitReviewContext			100.0%
github.com/JailtonJunior94/ai-spec-harness/internal/taskloop/bugfix.go:265:				attachReviewContext			80.0%
github.com/JailtonJunior94/ai-spec-harness/internal/taskloop/bugfix.go:275:				filterCritical				100.0%
github.com/JailtonJunior94/ai-spec-harness/internal/taskloop/bugfix.go:287:				extractRootCause			100.0%
github.com/JailtonJunior94/ai-spec-harness/internal/taskloop/compatibility.go:18:			NewCompatibilityTable			100.0%
github.com/JailtonJunior94/ai-spec-harness/internal/taskloop/compatibility.go:57:			IsSupported				100.0%
github.com/JailtonJunior94/ai-spec-harness/internal/taskloop/compatibility.go:80:			Models					100.0%
github.com/JailtonJunior94/ai-spec-harness/internal/taskloop/compatibility.go:86:			ValidateCombination			100.0%
github.com/JailtonJunior94/ai-spec-harness/internal/taskloop/compatibility.go:102:			ValidateModelForIDE			100.0%
github.com/JailtonJunior94/ai-spec-harness/internal/taskloop/evidence.go:32:				NewEvidenceRecorder			100.0%
github.com/JailtonJunior94/ai-spec-harness/internal/taskloop/evidence.go:38:				Append					90.9%
github.com/JailtonJunior94/ai-spec-harness/internal/taskloop/evidence.go:53:				buildEvidenceBlock			85.7%
github.com/JailtonJunior94/ai-spec-harness/internal/taskloop/evidence.go:73:				replaceEvidenceBlock			100.0%
github.com/JailtonJunior94/ai-spec-harness/internal/taskloop/isolation.go:29:				captureTaskIsolationSnapshot		100.0%
github.com/JailtonJunior94/ai-spec-harness/internal/taskloop/isolation.go:33:				captureTaskIsolationSnapshotWithMode	69.2%
github.com/JailtonJunior94/ai-spec-harness/internal/taskloop/isolation.go:62:				validateTaskIsolation			100.0%
github.com/JailtonJunior94/ai-spec-harness/internal/taskloop/isolation.go:66:				validateReviewerIsolation		100.0%
github.com/JailtonJunior94/ai-spec-harness/internal/taskloop/isolation.go:70:				validateTaskIsolationWithMode		76.2%
github.com/JailtonJunior94/ai-spec-harness/internal/taskloop/isolation.go:110:				restoreTaskIsolationSnapshotAt		72.0%
github.com/JailtonJunior94/ai-spec-harness/internal/taskloop/isolation.go:156:				validateTaskRowIsolation		83.3%
github.com/JailtonJunior94/ai-spec-harness/internal/taskloop/isolation.go:179:				validateTaskFileIsolation		92.9%
github.com/JailtonJunior94/ai-spec-harness/internal/taskloop/isolation.go:205:				validateProtectedPRDFileIsolation	90.0%
github.com/JailtonJunior94/ai-spec-harness/internal/taskloop/isolation.go:225:				readTaskFiles				87.5%
github.com/JailtonJunior94/ai-spec-harness/internal/taskloop/isolation.go:253:				readProtectedPRDFiles			81.8%
github.com/JailtonJunior94/ai-spec-harness/internal/taskloop/isolation.go:271:				walkFiles				75.0%
github.com/JailtonJunior94/ai-spec-harness/internal/taskloop/isolation.go:293:				isProtectedPRDFile			92.3%
github.com/JailtonJunior94/ai-spec-harness/internal/taskloop/isolation.go:321:				isHarnessManagedPRDDir			100.0%
github.com/JailtonJunior94/ai-spec-harness/internal/taskloop/isolation.go:330:				isAllowedExecutorArtifact		100.0%
github.com/JailtonJunior94/ai-spec-harness/internal/taskloop/isolation.go:336:				isTrackedTaskFile			100.0%
github.com/JailtonJunior94/ai-spec-harness/internal/taskloop/isolation.go:349:				extractTaskRows				88.0%
github.com/JailtonJunior94/ai-spec-harness/internal/taskloop/orchestrator.go:42:			DetectRuntimeCapabilities		78.6%
github.com/JailtonJunior94/ai-spec-harness/internal/taskloop/orchestrator.go:82:			Validate				76.5%
github.com/JailtonJunior94/ai-spec-harness/internal/taskloop/orchestrator.go:110:			pathsOverlap				100.0%
github.com/JailtonJunior94/ai-spec-harness/internal/taskloop/orchestrator.go:125:			NewSnapshot				100.0%
github.com/JailtonJunior94/ai-spec-harness/internal/taskloop/orchestrator.go:143:			NewOrchestrator				66.7%
github.com/JailtonJunior94/ai-spec-harness/internal/taskloop/orchestrator.go:151:			AcquireWriter				75.0%
github.com/JailtonJunior94/ai-spec-harness/internal/taskloop/orchestrator.go:161:			Start					77.8%
github.com/JailtonJunior94/ai-spec-harness/internal/taskloop/orchestrator.go:179:			StartNext				65.4%
github.com/JailtonJunior94/ai-spec-harness/internal/taskloop/orchestrator.go:218:			dependenciesDone			33.3%
github.com/JailtonJunior94/ai-spec-harness/internal/taskloop/orchestrator.go:230:			startLocked				66.7%
github.com/JailtonJunior94/ai-spec-harness/internal/taskloop/orchestrator.go:283:			Finish					66.7%
github.com/JailtonJunior94/ai-spec-harness/internal/taskloop/orchestrator.go:300:			finishLocked				78.3%
github.com/JailtonJunior94/ai-spec-harness/internal/taskloop/orchestrator.go:339:			ValidateExecutionEvidence		75.0%
github.com/JailtonJunior94/ai-spec-harness/internal/taskloop/orchestrator.go:374:			SealEvidence				84.0%
github.com/JailtonJunior94/ai-spec-harness/internal/taskloop/orchestrator.go:413:			VerifySealedEvidence			83.3%
github.com/JailtonJunior94/ai-spec-harness/internal/taskloop/orchestrator.go:432:			captureFinalSnapshot			72.7%
github.com/JailtonJunior94/ai-spec-harness/internal/taskloop/orchestrator.go:454:			buildExclusions				61.9%
github.com/JailtonJunior94/ai-spec-harness/internal/taskloop/orchestrator.go:517:			committedPatch				83.3%
github.com/JailtonJunior94/ai-spec-harness/internal/taskloop/orchestrator.go:528:			appendExclusions			100.0%
github.com/JailtonJunior94/ai-spec-harness/internal/taskloop/orchestrator.go:540:			semanticPatch				87.5%
github.com/JailtonJunior94/ai-spec-harness/internal/taskloop/orchestrator.go:573:			isExcluded				100.0%
github.com/JailtonJunior94/ai-spec-harness/internal/taskloop/orchestrator.go:592:			gitRun					100.0%
github.com/JailtonJunior94/ai-spec-harness/internal/taskloop/orchestrator.go:597:			gitOutput				100.0%
github.com/JailtonJunior94/ai-spec-harness/internal/taskloop/orchestrator.go:607:			validatePatchArtifact			69.2%
github.com/JailtonJunior94/ai-spec-harness/internal/taskloop/orchestrator.go:627:			validatePhysicalEvidence		84.6%
github.com/JailtonJunior94/ai-spec-harness/internal/taskloop/orchestrator.go:666:			repositoryRoot				83.3%
github.com/JailtonJunior94/ai-spec-harness/internal/taskloop/orchestrator.go:676:			resolveEvidence				80.0%
github.com/JailtonJunior94/ai-spec-harness/internal/taskloop/orchestrator.go:709:			validSnapshot				60.0%
github.com/JailtonJunior94/ai-spec-harness/internal/taskloop/orchestrator.go:727:			snapshotMatches				100.0%
github.com/JailtonJunior94/ai-spec-harness/internal/taskloop/orchestrator.go:732:			hasStartedEvent				100.0%
github.com/JailtonJunior94/ai-spec-harness/internal/taskloop/orchestrator.go:741:			hasTerminalEvent			100.0%
github.com/JailtonJunior94/ai-spec-harness/internal/taskloop/orchestrator.go:753:			CaptureSnapshotFromGit			66.7%
github.com/JailtonJunior94/ai-spec-harness/internal/taskloop/orchestrator.go:779:			SnapshotFromGit				0.0%
github.com/JailtonJunior94/ai-spec-harness/internal/taskloop/orchestrator_lock_unix.go:12:		acquireOrchestratorLock			66.7%
github.com/JailtonJunior94/ai-spec-harness/internal/taskloop/parser.go:34:				ParseTasksFile				100.0%
github.com/JailtonJunior94/ai-spec-harness/internal/taskloop/parser.go:93:				ReadTaskFileStatus			100.0%
github.com/JailtonJunior94/ai-spec-harness/internal/taskloop/parser.go:116:				FindEligible				100.0%
github.com/JailtonJunior94/ai-spec-harness/internal/taskloop/parser.go:146:				isResumableStatus			100.0%
github.com/JailtonJunior94/ai-spec-harness/internal/taskloop/parser.go:150:				reconcileTaskStatuses			100.0%
github.com/JailtonJunior94/ai-spec-harness/internal/taskloop/parser.go:168:				ResolveTaskFile				90.0%
github.com/JailtonJunior94/ai-spec-harness/internal/taskloop/parser.go:201:				matchesTaskPrefix			91.3%
github.com/JailtonJunior94/ai-spec-harness/internal/taskloop/parser.go:251:				detectColumnIndices			100.0%
github.com/JailtonJunior94/ai-spec-harness/internal/taskloop/parser.go:271:				parseDependencies			90.0%
github.com/JailtonJunior94/ai-spec-harness/internal/taskloop/parser.go:287:				normalizeStatus				88.9%
github.com/JailtonJunior94/ai-spec-harness/internal/taskloop/parser.go:307:				AllTerminal				100.0%
github.com/JailtonJunior94/ai-spec-harness/internal/taskloop/parser.go:320:				readTaskStatus				100.0%
github.com/JailtonJunior94/ai-spec-harness/internal/taskloop/profile.go:33:				inferProvider				100.0%
github.com/JailtonJunior94/ai-spec-harness/internal/taskloop/profile.go:49:				NewExecutionProfile			100.0%
github.com/JailtonJunior94/ai-spec-harness/internal/taskloop/profile.go:68:				Role					100.0%
github.com/JailtonJunior94/ai-spec-harness/internal/taskloop/profile.go:71:				Tool					100.0%
github.com/JailtonJunior94/ai-spec-harness/internal/taskloop/profile.go:74:				Provider				100.0%
github.com/JailtonJunior94/ai-spec-harness/internal/taskloop/profile.go:77:				Model					100.0%
github.com/JailtonJunior94/ai-spec-harness/internal/taskloop/profile.go:89:				mapIDEToSpec				66.7%
github.com/JailtonJunior94/ai-spec-harness/internal/taskloop/profile.go:103:				ResolveProfileFromAgent			86.4%
github.com/JailtonJunior94/ai-spec-harness/internal/taskloop/profile.go:145:				ResolveProfiles				95.5%
github.com/JailtonJunior94/ai-spec-harness/internal/taskloop/r1_catalog.go:6:				NewCatalog				100.0%
github.com/JailtonJunior94/ai-spec-harness/internal/taskloop/report.go:61:				Render					100.0%
github.com/JailtonJunior94/ai-spec-harness/internal/taskloop/report.go:68:				renderSimples				100.0%
github.com/JailtonJunior94/ai-spec-harness/internal/taskloop/report.go:180:				renderAvancado				98.7%
github.com/JailtonJunior94/ai-spec-harness/internal/taskloop/report.go:372:				modelOrDefault				100.0%
github.com/JailtonJunior94/ai-spec-harness/internal/taskloop/reservations.go:62:			NewReservationPlanner			100.0%
github.com/JailtonJunior94/ai-spec-harness/internal/taskloop/reservations.go:69:			Resolve					100.0%
github.com/JailtonJunior94/ai-spec-harness/internal/taskloop/reservations.go:108:			validateDecision			100.0%
github.com/JailtonJunior94/ai-spec-harness/internal/taskloop/reservations.go:129:			WriteActionPlanToTaskFile		81.8%
github.com/JailtonJunior94/ai-spec-harness/internal/taskloop/reservations.go:144:			buildActionPlanBlock			77.8%
github.com/JailtonJunior94/ai-spec-harness/internal/taskloop/reservations.go:170:			replaceActionPlanBlock			93.8%
github.com/JailtonJunior94/ai-spec-harness/internal/taskloop/reservations.go:204:			AppendFollowUpTasks			85.7%
github.com/JailtonJunior94/ai-spec-harness/internal/taskloop/reservations.go:234:			filterDocumentDecisions			100.0%
github.com/JailtonJunior94/ai-spec-harness/internal/taskloop/reservations.go:244:			nextFollowUpID				100.0%
github.com/JailtonJunior94/ai-spec-harness/internal/taskloop/reservations.go:262:			summarizeFinding			75.0%
github.com/JailtonJunior94/ai-spec-harness/internal/taskloop/reservations.go:276:			truncateText				66.7%
github.com/JailtonJunior94/ai-spec-harness/internal/taskloop/reservations.go:286:			appendRowsAfterTable			80.8%
github.com/JailtonJunior94/ai-spec-harness/internal/taskloop/reviewer.go:80:				NewFinalReviewer			100.0%
github.com/JailtonJunior94/ai-spec-harness/internal/taskloop/reviewer.go:92:				ReviewConsolidated			96.9%
github.com/JailtonJunior94/ai-spec-harness/internal/taskloop/reviewer.go:127:				verdictWeight				60.0%
github.com/JailtonJunior94/ai-spec-harness/internal/taskloop/reviewer.go:141:				buildConsolidatedReviewPrompt		100.0%
github.com/JailtonJunior94/ai-spec-harness/internal/taskloop/reviewer.go:173:				detectReviewLanguages			95.2%
github.com/JailtonJunior94/ai-spec-harness/internal/taskloop/reviewer.go:208:				hasBlockingFinding			100.0%
github.com/JailtonJunior94/ai-spec-harness/internal/taskloop/reviewer.go:218:				parseReviewOutput			100.0%
github.com/JailtonJunior94/ai-spec-harness/internal/taskloop/reviewer.go:233:				parseVerdict				100.0%
github.com/JailtonJunior94/ai-spec-harness/internal/taskloop/reviewer.go:273:				parseFindings				100.0%
github.com/JailtonJunior94/ai-spec-harness/internal/taskloop/reviewer.go:292:				extractSeverity				100.0%
github.com/JailtonJunior94/ai-spec-harness/internal/taskloop/reviewer.go:309:				extractFileLine				89.5%
github.com/JailtonJunior94/ai-spec-harness/internal/taskloop/reviewer.go:339:				partitionDiff				85.4%
github.com/JailtonJunior94/ai-spec-harness/internal/taskloop/reviewer.go:401:				splitFileSection			82.0%
github.com/JailtonJunior94/ai-spec-harness/internal/taskloop/reviewer.go:466:				truncateOversize			71.4%
github.com/JailtonJunior94/ai-spec-harness/internal/taskloop/reviewer.go:506:				BuildReviewPrompt			92.9%
github.com/JailtonJunior94/ai-spec-harness/internal/taskloop/reviewer.go:534:				captureGitDiff				78.3%
github.com/JailtonJunior94/ai-spec-harness/internal/taskloop/reviewer.go:571:				isGitWorkTree				100.0%
github.com/JailtonJunior94/ai-spec-harness/internal/taskloop/reviewer.go:576:				commandOutput				100.0%
github.com/JailtonJunior94/ai-spec-harness/internal/taskloop/reviewer.go:582:				commandOutputLines			85.7%
github.com/JailtonJunior94/ai-spec-harness/internal/taskloop/reviewer.go:594:				commandDiff				90.9%
github.com/JailtonJunior94/ai-spec-harness/internal/taskloop/reviewer.go:614:				detectRiskAreas				100.0%
github.com/JailtonJunior94/ai-spec-harness/internal/taskloop/reviewer.go:658:				BuildBugfixPrompt			71.4%
github.com/JailtonJunior94/ai-spec-harness/internal/taskloop/reviewer.go:674:				formatCompletedTasks			92.9%
github.com/JailtonJunior94/ai-spec-harness/internal/taskloop/runloop.go:46:				Execute					100.0%
github.com/JailtonJunior94/ai-spec-harness/internal/taskloop/runloop.go:68:				RunLoop					78.4%
github.com/JailtonJunior94/ai-spec-harness/internal/taskloop/runloop.go:308:				applyImplementDecisions			88.9%
github.com/JailtonJunior94/ai-spec-harness/internal/taskloop/runloop.go:400:				findingsForImplement			100.0%
github.com/JailtonJunior94/ai-spec-harness/internal/taskloop/runloop.go:412:				stopReasonForImplement			57.1%
github.com/JailtonJunior94/ai-spec-harness/internal/taskloop/runloop.go:425:				resolveActionPlan			63.6%
github.com/JailtonJunior94/ai-spec-harness/internal/taskloop/runloop.go:450:				blockedReviewReason			80.0%
github.com/JailtonJunior94/ai-spec-harness/internal/taskloop/runloop.go:466:				buildFinalReviewInput			100.0%
github.com/JailtonJunior94/ai-spec-harness/internal/taskloop/runloop.go:485:				finalizeReport				88.9%
github.com/JailtonJunior94/ai-spec-harness/internal/taskloop/runloop.go:503:				emitTelemetry				100.0%
github.com/JailtonJunior94/ai-spec-harness/internal/taskloop/runloop.go:516:				selectBatch				84.6%
github.com/JailtonJunior94/ai-spec-harness/internal/taskloop/runloop.go:549:				executeBatch				76.0%
github.com/JailtonJunior94/ai-spec-harness/internal/taskloop/runtimeconfig.go:28:			BuildRuntimeConfig			95.7%
github.com/JailtonJunior94/ai-spec-harness/internal/taskloop/runtimeconfig.go:74:			resolveRuntimeConfig			80.0%
github.com/JailtonJunior94/ai-spec-harness/internal/taskloop/runtimeconfig.go:92:			applyResolvedMaxBugfixIterations	100.0%
github.com/JailtonJunior94/ai-spec-harness/internal/taskloop/runtimeconfig.go:102:			optionsToConfigOverrides		100.0%
github.com/JailtonJunior94/ai-spec-harness/internal/taskloop/selector.go:34:				NewTaskSelector				100.0%
github.com/JailtonJunior94/ai-spec-harness/internal/taskloop/selector.go:41:				Next					95.8%
github.com/JailtonJunior94/ai-spec-harness/internal/taskloop/selector.go:79:				detectCycle				100.0%
github.com/JailtonJunior94/ai-spec-harness/internal/taskloop/taskloop.go:126:				NewService				100.0%
github.com/JailtonJunior94/ai-spec-harness/internal/taskloop/taskloop.go:137:				createInvokerWithFallback		57.1%
github.com/JailtonJunior94/ai-spec-harness/internal/taskloop/taskloop.go:153:				compatibilityStatusLabel		100.0%
github.com/JailtonJunior94/ai-spec-harness/internal/taskloop/taskloop.go:164:				printDryRunAdvancedHeader		84.3%
github.com/JailtonJunior94/ai-spec-harness/internal/taskloop/taskloop.go:255:				Execute					82.9%
github.com/JailtonJunior94/ai-spec-harness/internal/taskloop/taskloop.go:782:				invokeReviewer				90.6%
github.com/JailtonJunior94/ai-spec-harness/internal/taskloop/taskloop.go:841:				invokeBugfix				95.8%
github.com/JailtonJunior94/ai-spec-harness/internal/taskloop/taskloop.go:914:				classifyIterationOutcome		100.0%
github.com/JailtonJunior94/ai-spec-harness/internal/taskloop/taskloop.go:954:				resolveACPSpec				100.0%
github.com/JailtonJunior94/ai-spec-harness/internal/taskloop/taskloop.go:960:				resolveWorkDir				91.7%
github.com/JailtonJunior94/ai-spec-harness/internal/taskloop/taskloop.go:980:				truncate				66.7%
github.com/JailtonJunior94/ai-spec-harness/internal/taskloop/taskloop.go:987:				appendNote				100.0%
github.com/JailtonJunior94/ai-spec-harness/internal/telemetry/acp.go:39:				LogACPSession				82.8%
github.com/JailtonJunior94/ai-spec-harness/internal/telemetry/durable_memory.go:21:			LogDurableMemorySession			90.5%
github.com/JailtonJunior94/ai-spec-harness/internal/telemetry/parser.go:21:				parseLogEntries				93.9%
github.com/JailtonJunior94/ai-spec-harness/internal/telemetry/r1_catalog.go:6:				NewCatalog				100.0%
github.com/JailtonJunior94/ai-spec-harness/internal/telemetry/report.go:40:				Report					93.8%
github.com/JailtonJunior94/ai-spec-harness/internal/telemetry/report.go:101:				FormatText				96.9%
github.com/JailtonJunior94/ai-spec-harness/internal/telemetry/report.go:140:				FormatJSON				75.0%
github.com/JailtonJunior94/ai-spec-harness/internal/telemetry/report.go:148:				topSkills				100.0%
github.com/JailtonJunior94/ai-spec-harness/internal/telemetry/report.go:177:				topRefs					100.0%
github.com/JailtonJunior94/ai-spec-harness/internal/telemetry/report.go:202:				buildAlerts				100.0%
github.com/JailtonJunior94/ai-spec-harness/internal/telemetry/report.go:220:				max1					66.7%
github.com/JailtonJunior94/ai-spec-harness/internal/telemetry/summary.go:19:				Summary					94.0%
github.com/JailtonJunior94/ai-spec-harness/internal/telemetry/summary.go:82:				sortedKeys				100.0%
github.com/JailtonJunior94/ai-spec-harness/internal/telemetry/telemetry.go:12:				Log					89.5%
github.com/JailtonJunior94/ai-spec-harness/internal/telemetry/telemetry.go:55:				LogClaudeMetrics			87.5%
github.com/JailtonJunior94/ai-spec-harness/internal/telemetry/telemetry.go:87:				LogPreconditionRejection		0.0%
github.com/JailtonJunior94/ai-spec-harness/internal/telemetry/trend.go:25:				Trend					94.1%
github.com/JailtonJunior94/ai-spec-harness/internal/telemetry/trend.go:57:				FormatTrend				95.7%
github.com/JailtonJunior94/ai-spec-harness/internal/telemetry/trend.go:114:				BudgetCheck				91.7%
github.com/JailtonJunior94/ai-spec-harness/internal/telemetry/trend.go:156:				FormatBudgetCheck			0.0%
github.com/JailtonJunior94/ai-spec-harness/internal/telemetry/trend.go:169:				FormatTopSkills				100.0%
github.com/JailtonJunior94/ai-spec-harness/internal/traceability/traceability.go:13:			NewCatalog				100.0%
github.com/JailtonJunior94/ai-spec-harness/internal/traceability/traceability.go:23:			HasEvidence				100.0%
github.com/JailtonJunior94/ai-spec-harness/internal/traceability/traceability.go:42:			String					0.0%
github.com/JailtonJunior94/ai-spec-harness/internal/traceability/traceability.go:56:			ExtractRequirementIDs			100.0%
github.com/JailtonJunior94/ai-spec-harness/internal/traceability/traceability.go:71:			splitTableRow				100.0%
github.com/JailtonJunior94/ai-spec-harness/internal/traceability/traceability.go:81:			isSeparatorRow				100.0%
github.com/JailtonJunior94/ai-spec-harness/internal/traceability/traceability.go:91:			ParseCoverageTable			94.1%
github.com/JailtonJunior94/ai-spec-harness/internal/traceability/traceability.go:137:			ParseAcceptanceCriteria			90.0%
github.com/JailtonJunior94/ai-spec-harness/internal/traceability/traceability.go:173:			BuildMap				96.2%
github.com/JailtonJunior94/ai-spec-harness/internal/traceability/traceability.go:214:			Validate				100.0%
github.com/JailtonJunior94/ai-spec-harness/internal/triggers/triggers.go:34:				NewLoader				100.0%
github.com/JailtonJunior94/ai-spec-harness/internal/triggers/triggers.go:40:				Load					100.0%
github.com/JailtonJunior94/ai-spec-harness/internal/triggers/triggers.go:59:				normalizeLang				100.0%
github.com/JailtonJunior94/ai-spec-harness/internal/triggers/triggers.go:72:				NewDetector				100.0%
github.com/JailtonJunior94/ai-spec-harness/internal/triggers/triggers.go:78:				DetectLang				100.0%
github.com/JailtonJunior94/ai-spec-harness/internal/uninstall/uninstall.go:19:				NewService				100.0%
github.com/JailtonJunior94/ai-spec-harness/internal/uninstall/uninstall.go:32:				Execute					83.0%
github.com/JailtonJunior94/ai-spec-harness/internal/uninstall/uninstall.go:230:				legacyStaticRemoval			100.0%
github.com/JailtonJunior94/ai-spec-harness/internal/uninstall/uninstall.go:243:				isGeneratedClaudeSettings		100.0%
github.com/JailtonJunior94/ai-spec-harness/internal/uninstall/uninstall.go:250:				defaultClaudeSettings			100.0%
github.com/JailtonJunior94/ai-spec-harness/internal/upgrade/r1_receiver.go:6:				NewHelper				100.0%
github.com/JailtonJunior94/ai-spec-harness/internal/upgrade/upgrade.go:50:				NewService				100.0%
github.com/JailtonJunior94/ai-spec-harness/internal/upgrade/upgrade.go:66:				Execute					85.6%
github.com/JailtonJunior94/ai-spec-harness/internal/upgrade/upgrade.go:225:				printCheckVersionInfo			90.0%
github.com/JailtonJunior94/ai-spec-harness/internal/upgrade/upgrade.go:245:				checkSkills				81.8%
github.com/JailtonJunior94/ai-spec-harness/internal/upgrade/upgrade.go:345:				collectSkillVersions			100.0%
github.com/JailtonJunior94/ai-spec-harness/internal/upgrade/upgrade.go:363:				regenerateAdapters			94.7%
github.com/JailtonJunior94/ai-spec-harness/internal/upgrade/upgrade.go:414:				regenerateGovernance			73.3%
github.com/JailtonJunior94/ai-spec-harness/internal/upgrade/upgrade.go:440:				checkSchemaDivergence			87.5%
github.com/JailtonJunior94/ai-spec-harness/internal/upgrade/upgrade.go:471:				resolveSourceSchema			100.0%
github.com/JailtonJunior94/ai-spec-harness/internal/upgrade/upgrade.go:484:				extractSchemaVersion			85.7%
github.com/JailtonJunior94/ai-spec-harness/internal/upgrade/upgrade.go:496:				refsChangedFiles			96.9%
github.com/JailtonJunior94/ai-spec-harness/internal/upgrade/upgrade.go:539:				collectRelativeFiles			75.0%
github.com/JailtonJunior94/ai-spec-harness/internal/upgrade/upgrade.go:570:				syncFileIfPresent			100.0%
github.com/JailtonJunior94/ai-spec-harness/internal/upgrade/upgrade.go:584:				installedCodexSkills			71.4%
github.com/JailtonJunior94/ai-spec-harness/internal/upgrade/upgrade.go:607:				computeChecksums			100.0%
github.com/JailtonJunior94/ai-spec-harness/internal/upgrade/upgrade.go:620:				shouldProcessSkill			16.7%
github.com/JailtonJunior94/ai-spec-harness/internal/version/version.go:29:				NewProvider				100.0%
github.com/JailtonJunior94/ai-spec-harness/internal/version/version.go:35:				Get					100.0%
github.com/JailtonJunior94/ai-spec-harness/internal/version/version.go:51:				SetForTest				100.0%
github.com/JailtonJunior94/ai-spec-harness/internal/version/version.go:63:				ReadVersionFile				100.0%
github.com/JailtonJunior94/ai-spec-harness/internal/version/version.go:75:				Resolve					100.0%
github.com/JailtonJunior94/ai-spec-harness/internal/version/version.go:88:				ResolveFromExecutable			83.3%
github.com/JailtonJunior94/ai-spec-harness/internal/wrapper/r1_receiver.go:6:				NewExecutor				100.0%
github.com/JailtonJunior94/ai-spec-harness/internal/wrapper/wrapper.go:27:				Execute					96.4%
github.com/JailtonJunior94/ai-spec-harness/internal/wrapper/wrapper.go:78:				buildInstruction			85.7%
github.com/JailtonJunior94/ai-spec-harness/main.go:9:							main					0.0%
github.com/JailtonJunior94/ai-spec-harness/tests/integration/hooks_live/matrix.go:18:			LiveMatrix				100.0%
github.com/JailtonJunior94/ai-spec-harness/tests/integration/hooks_live/matrix.go:35:			AggregateCellResults			100.0%
total:													(statements)				81.7%
